user_id,month,year,total_kwh,bill_amount,billing_days,ac_kwh,geyser_kwh,washing_machine_kwh,microwave_kwh,kitchen_kwh,lighting_kwh,occupancy_hours,holiday_days
U203,Jan,2025,572,5168.2,28,154,42,26,26,33,291,8,8
U536,Oct,2023,677,6362.68,28,291,126,36,15,25,184,23,4
U449,Oct,2025,954,8928.41,30,428,106,41,20,88,271,9,7
U371,Aug,2023,678,6107.72,30,237,95,43,19,37,247,14,0
U207,Apr,2024,849,7932.6,28,176,209,26,22,99,317,13,3
U172,Apr,2023,790,7400.54,29,174,155,42,39,49,331,12,8
U289,Apr,2025,881,8053.59,28,282,151,52,31,87,278,11,0
U121,Jun,2025,834,7746.03,29,251,101,30,41,81,330,9,0
U203,Jul,2024,887,8139.86,30,311,177,32,27,39,301,17,3
U222,Jun,2023,499,4621.78,29,154,48,16,22,48,211,12,2
U567,Jan,2024,281,2567.25,31,121,18,16,10,17,99,17,6
U315,Dec,2024,286,2610.9,30,95,28,23,13,19,108,22,2
U431,Aug,2025,424,3887.98,28,158,44,29,10,30,153,16,0
U559,Oct,2023,215,1947.52,28,91,21,15,5,13,70,18,1
U188,Nov,2023,557,5198.18,30,131,114,41,23,49,199,24,3
U473,Jul,2023,362,3308.49,30,93,41,30,19,38,141,16,0
U200,Jun,2023,809,7410.49,31,183,168,49,40,55,314,23,0
U460,Jun,2024,867,8113.06,30,203,81,59,42,115,367,13,7
U252,May,2024,713,6558.64,28,233,65,37,22,85,271,18,6
U231,Jun,2025,549,5060.52,31,153,89,40,14,26,227,24,7
U250,Dec,2024,880,8256.69,28,269,201,27,37,35,311,11,3
U409,Sep,2024,663,6202.16,29,295,115,14,17,36,186,22,5
U358,Oct,2025,574,5204.91,30,137,149,41,14,43,190,8,2
U444,Sep,2025,291,2674.08,29,97,50,7,13,17,107,8,7
U592,Oct,2025,380,3567.64,28,85,79,31,10,24,151,16,3
U514,Aug,2024,942,8618.31,29,263,173,62,38,81,325,19,2
U394,Oct,2024,500,4574.31,29,165,85,20,18,40,172,11,3
U486,Sep,2025,859,7798.01,28,375,66,50,20,43,305,20,5
U292,Oct,2025,991,8964.32,28,295,164,70,30,100,332,14,6
U544,Aug,2025,388,3606.9,30,83,59,18,13,43,172,15,6
U377,Aug,2024,513,4775.01,29,152,76,36,19,35,195,20,3
U261,Jan,2024,692,6496.22,31,163,122,53,26,66,262,18,7
U560,Oct,2023,327,3044.16,31,84,32,15,9,21,166,16,6
U414,Nov,2024,718,6531.89,28,254,88,20,35,54,267,23,1
U122,May,2024,625,5635.03,28,135,56,30,27,47,330,17,7
U353,Apr,2024,758,7120.78,29,239,179,23,19,31,267,18,8
U336,Feb,2025,764,6980.04,28,269,64,24,24,57,326,19,4
U445,Aug,2024,386,3522.17,31,117,44,27,11,22,165,21,3
U149,Mar,2025,749,7012.42,30,153,192,35,36,64,269,19,3
U575,Apr,2023,652,6020.59,30,291,79,39,15,45,183,24,3
U159,Dec,2023,670,6087.59,29,195,63,30,26,43,313,10,5
U270,Jul,2025,937,8766.23,30,369,111,43,38,38,338,8,3
U576,Oct,2025,764,7179.57,28,214,70,54,34,85,307,11,6
U288,Sep,2025,423,3821.67,28,134,43,33,14,19,180,23,6
U564,Feb,2024,353,3298.75,28,104,28,22,18,27,154,19,4
U371,Mar,2023,759,6949.56,28,216,113,37,34,62,297,20,4
U290,Apr,2025,550,5065.3,29,113,131,41,16,55,194,24,7
U546,Oct,2024,346,3240.61,30,100,60,15,14,35,122,15,6
U275,Jan,2023,775,7276.75,31,327,112,19,30,59,228,20,6
U546,Jul,2024,548,4989.47,30,204,51,27,19,33,214,12,5
U151,Feb,2023,381,3461.44,28,90,54,30,17,39,151,22,6
U464,May,2024,836,7550.92,31,290,169,20,35,44,278,19,6
U155,Jan,2023,378,3486.94,29,159,26,20,14,21,138,24,1
U344,Mar,2023,238,2143.3,28,89,46,11,5,15,72,22,1
U420,Dec,2024,971,8898.98,28,230,163,82,30,94,372,9,6
U231,Feb,2025,202,1823.93,31,84,36,6,6,7,63,13,6
U585,Jan,2023,263,2409.63,29,72,34,12,9,14,122,24,6
U407,Jul,2025,228,2055.64,31,71,28,12,11,23,83,23,4
U235,May,2024,571,5329.76,29,189,109,23,17,53,180,24,0
U121,Jan,2025,722,6558.57,28,297,125,37,19,46,198,16,1
U429,Jun,2025,296,2702.87,30,128,26,16,10,19,97,12,8
U267,May,2025,641,5992.08,28,277,124,30,16,43,151,8,7
U374,Mar,2025,402,3738.0,30,81,38,37,17,47,182,13,7
U488,Dec,2025,610,5543.45,30,262,40,43,14,46,205,21,0
U189,Jul,2023,220,1986.33,29,46,43,12,9,16,94,24,5
U416,Nov,2023,750,6964.7,31,199,154,58,31,39,269,8,8
U114,Oct,2023,934,8551.97,29,307,213,29,32,57,296,8,7
U342,Sep,2024,301,2801.24,28,96,41,19,10,19,116,20,2
U365,Sep,2025,245,2248.64,31,86,16,14,7,18,104,21,3
U446,Sep,2023,265,2421.68,30,84,45,17,10,19,90,13,2
U153,Feb,2024,802,7362.75,30,347,78,36,33,38,270,13,5
U486,Mar,2023,363,3375.69,28,94,56,27,12,38,136,8,8
U440,Jul,2023,310,2901.88,31,83,50,25,13,16,123,21,7
U192,May,2025,537,4843.69,28,231,35,33,16,38,184,10,3
U467,Feb,2024,322,2965.51,28,70,55,25,12,33,127,17,1
U544,Mar,2025,904,8147.87,29,318,121,26,40,68,331,11,7
U555,Oct,2025,646,5935.04,28,239,113,20,14,40,220,17,7
U528,Jun,2023,810,7576.83,31,264,142,59,26,54,265,9,5
U364,Jul,2025,490,4480.87,28,183,44,31,14,49,169,11,7
U531,Sep,2024,870,8154.49,31,211,99,59,33,116,352,13,8
U135,Jan,2025,611,5653.12,30,252,58,26,22,49,204,14,0
U306,Nov,2025,814,7630.16,28,191,90,29,25,104,375,23,8
U181,Jul,2025,480,4465.38,31,144,88,21,18,21,188,14,1
U520,Aug,2023,242,2188.01,30,52,66,12,7,24,81,16,0
U150,Dec,2024,685,6228.34,31,230,119,23,26,69,218,17,7
U460,Mar,2023,795,7280.35,30,292,126,25,20,61,271,20,7
U488,Apr,2023,902,8179.37,29,392,103,41,31,71,264,23,3
U102,Oct,2023,250,2299.49,28,96,27,13,9,18,87,24,7
U490,Jun,2023,409,3758.12,28,137,89,13,16,22,132,20,6
U154,Oct,2023,325,3049.31,30,140,63,13,10,22,77,19,1
U206,Jul,2024,691,6338.88,29,220,105,51,20,55,240,17,4
U360,Apr,2025,708,6594.49,31,240,80,37,18,62,271,8,3
U410,Aug,2023,780,7313.88,29,272,148,48,25,57,230,15,2
U577,May,2023,976,9126.38,31,295,90,84,40,106,361,9,0
U291,Jan,2024,457,4151.14,31,187,78,11,9,36,136,23,4
U502,Apr,2024,387,3559.79,28,95,88,12,10,23,159,19,7
U318,Mar,2025,429,3920.67,30,145,37,24,17,35,171,16,8
U144,Sep,2024,388,3554.06,28,147,82,17,13,31,98,10,6
U262,Aug,2025,614,5614.61,28,261,122,21,20,34,156,11,0
U302,Jan,2023,209,1950.08,28,87,40,6,4,17,55,9,0
U546,Nov,2023,313,2873.61,31,102,47,18,10,30,106,15,0
U584,Jun,2025,275,2532.61,28,99,28,7,7,26,108,17,1
U370,Sep,2024,875,8218.86,31,261,150,68,29,55,312,23,0
U451,Jul,2025,701,6325.82,30,222,98,27,31,47,276,18,3
U404,Apr,2024,284,2611.43,31,121,24,19,10,21,89,21,8
U371,Jan,2023,248,2308.79,31,107,29,6,7,16,83,15,3
U556,Dec,2024,694,6287.96,29,294,106,21,14,56,203,22,3
U562,Feb,2025,888,8209.22,28,208,80,44,38,110,408,24,6
U315,Dec,2025,586,5330.13,28,241,63,42,23,31,186,13,8
U352,May,2023,588,5496.01,28,257,34,14,17,54,212,21,6
U290,Dec,2024,417,3807.56,28,121,85,24,12,30,145,10,0
U396,Nov,2024,900,8218.46,29,296,157,61,33,52,301,14,0
U313,May,2024,545,5035.41,29,215,38,34,22,38,198,22,3
U308,Aug,2023,429,3892.5,29,146,96,16,16,36,119,23,3
U337,Jun,2024,454,4137.74,29,203,26,32,13,27,153,23,0
U438,Aug,2025,435,3987.49,28,136,73,31,14,25,156,15,5
U467,Feb,2024,225,2056.83,31,85,41,9,6,12,72,14,1
U153,Mar,2023,783,7211.39,30,311,140,35,28,35,234,13,4
U380,Jun,2024,460,4250.33,29,148,33,40,21,39,179,9,7
U510,Dec,2024,965,8903.73,31,399,184,56,29,36,261,20,2
U317,Oct,2025,470,4352.98,29,158,102,19,10,40,141,19,8
U352,Mar,2024,322,2937.64,28,97,54,23,13,18,117,22,6
U288,Jun,2025,855,7738.24,28,194,145,41,34,83,358,16,8
U480,Jun,2025,456,4242.77,31,136,35,24,13,29,219,9,0
U593,Feb,2023,855,7985.97,31,327,126,26,19,88,269,24,4
U141,Jul,2025,620,5643.74,31,266,71,20,22,40,201,12,2
U257,Dec,2025,458,4196.58,28,120,99,27,14,44,154,18,3
U115,Feb,2023,246,2263.06,28,71,35,14,11,24,91,14,3
U401,Jun,2025,724,6670.45,30,172,149,29,32,70,272,9,6
U165,Jan,2023,407,3770.36,31,151,32,20,10,43,151,23,7
U445,Mar,2024,510,4598.49,30,224,38,21,19,23,185,19,4
U427,Feb,2023,946,8787.01,29,340,81,78,26,84,337,22,6
U109,Jul,2025,348,3140.63,30,123,25,27,12,22,139,8,2
U444,Apr,2023,637,5852.32,29,215,99,28,23,59,213,20,2
U229,Aug,2025,354,3303.2,29,78,82,27,15,37,115,13,2
U592,Jun,2024,877,8051.29,30,335,136,34,27,81,264,20,3
U236,Dec,2023,289,2618.23,31,101,45,16,11,13,103,10,5
U572,Oct,2024,897,8426.43,29,327,153,61,31,50,275,8,4
U163,Apr,2025,557,5211.13,31,236,59,23,16,34,189,22,7
U239,May,2025,373,3472.08,28,147,43,21,12,17,133,20,4
U599,Sep,2024,416,3812.48,29,164,44,16,16,20,156,12,4
U181,Jul,2023,655,5943.17,28,282,103,20,12,37,201,20,1
U492,Oct,2023,975,9142.15,30,436,75,49,39,93,283,12,4
U263,Sep,2025,808,7444.06,31,279,54,70,35,68,302,17,6
U519,Jul,2024,828,7734.3,30,188,159,45,27,79,330,15,1
U389,Dec,2024,398,3636.46,29,125,91,26,15,24,117,22,5
U479,Jan,2023,685,6256.87,28,271,104,43,15,50,202,11,6
U361,Dec,2023,732,6876.57,29,151,171,30,36,83,261,9,4
U590,Aug,2023,399,3674.28,30,85,84,20,13,37,160,13,8
U331,Apr,2024,570,5162.08,31,123,100,39,27,30,251,10,3
U141,Mar,2023,647,5879.85,31,247,111,29,18,42,200,14,0
U128,Jul,2023,447,4109.17,29,145,92,12,17,45,136,17,7
U235,Dec,2025,987,8899.77,29,288,109,88,29,74,399,13,7
U301,Mar,2023,463,4252.66,28,104,66,36,16,45,196,23,6
U428,Aug,2023,257,2356.07,30,98,24,12,6,13,104,9,7
U368,Jun,2024,501,4665.18,29,140,76,31,23,27,204,24,1
U518,May,2024,230,2102.65,28,61,54,6,7,23,79,20,2
U133,Apr,2025,697,6546.93,29,253,82,36,27,43,256,8,8
U148,Aug,2023,448,4064.39,31,152,57,34,18,27,160,13,0
U507,Aug,2025,804,7426.06,28,233,179,54,32,48,258,12,7
U162,Dec,2024,976,8819.02,28,351,143,40,24,102,316,20,7
U316,Jan,2025,470,4367.97,29,125,80,27,22,24,192,19,6
U393,Sep,2024,805,7565.31,30,320,152,39,17,61,216,14,4
U199,May,2025,865,8068.42,31,222,143,42,39,63,356,22,3
U272,Apr,2025,593,5468.81,30,142,121,18,26,65,221,10,5
U460,Jun,2023,996,9157.12,28,394,73,53,24,112,340,23,0
U314,Jun,2025,701,6543.14,30,264,63,41,20,47,266,8,4
U575,Feb,2023,791,7415.14,28,194,120,24,33,50,370,23,3
U135,Aug,2023,283,2658.98,30,64,48,10,11,18,132,19,3
U549,Jul,2023,564,5165.46,29,231,113,15,19,39,147,15,6
U327,Jan,2023,748,7028.48,30,294,155,25,18,31,225,19,8
U201,May,2025,541,4902.74,28,152,121,27,23,30,188,22,7
U531,Dec,2024,606,5515.46,31,220,69,25,21,35,236,9,7
U562,Jun,2024,624,5638.22,31,144,163,24,28,40,225,24,4
U231,Apr,2024,943,8589.5,31,308,172,63,34,40,326,14,5
U357,Feb,2025,292,2717.7,28,59,46,12,16,36,123,20,1
U105,Apr,2023,813,7594.37,30,242,157,41,20,80,273,8,2
U318,Jan,2024,611,5689.36,31,133,49,62,29,54,284,13,4
U355,Jul,2025,631,5838.28,31,201,58,41,18,60,253,20,1
U498,Feb,2023,877,8073.3,31,267,187,51,24,68,280,18,2
U459,Feb,2024,358,3323.49,29,111,64,17,13,32,121,17,3
U383,Sep,2023,213,1950.3,28,45,32,7,11,21,97,23,5
U493,May,2024,572,5340.49,28,166,91,36,14,46,219,24,4
U307,Feb,2024,424,3930.85,28,164,84,19,12,28,117,24,3
U115,Nov,2024,704,6532.5,28,205,128,22,27,66,256,11,1
U446,Sep,2023,272,2506.31,28,103,33,13,6,17,100,12,4
U142,Sep,2025,448,4190.63,29,130,41,39,17,33,188,21,4
U480,Jan,2023,710,6461.57,30,217,85,28,32,48,300,17,6
U561,Nov,2024,802,7340.27,29,273,182,33,16,54,244,21,0
U279,Mar,2023,415,3864.09,31,181,48,17,14,23,132,8,3
U163,Apr,2025,801,7366.88,29,181,135,63,33,70,319,18,4
U452,Jul,2023,740,6923.21,28,154,131,60,36,57,302,23,7
U331,Oct,2025,419,3829.06,29,147,87,23,9,34,119,15,7
U341,Apr,2025,926,8470.8,28,404,131,33,32,36,290,17,0
U152,Feb,2023,420,3929.31,29,187,63,9,8,28,125,17,4
U196,Jul,2024,588,5401.22,28,188,78,27,20,51,224,12,0
U488,Jun,2025,753,6932.46,31,238,55,54,24,60,322,17,0
U322,Mar,2023,846,7726.61,28,305,180,43,29,47,242,13,1
U585,Jun,2025,241,2195.67,29,81,53,15,7,18,67,10,1
U507,Nov,2024,875,8104.58,31,313,189,35,17,45,276,15,8
U331,Jun,2023,482,4361.11,29,201,94,21,8,36,122,16,3
U337,Dec,2023,257,2403.39,31,99,48,11,6,21,72,12,2
U243,May,2023,736,6853.4,30,238,135,23,19,63,258,9,0
U271,Apr,2024,272,2468.75,30,85,58,12,9,23,85,9,1
U129,Oct,2025,328,3043.06,30,118,52,16,11,25,106,14,5
U136,Dec,2023,798,7374.36,29,250,73,68,39,65,303,24,8
U113,Jan,2025,625,5671.13,29,196,84,29,30,70,216,17,4
U260,Oct,2025,864,7870.42,31,176,235,67,32,50,304,19,3
U427,Jun,2024,893,8183.09,31,217,126,57,24,57,412,9,4
U287,Feb,2023,324,3006.62,31,104,69,11,9,18,113,17,8
U343,Mar,2025,266,2461.96,31,107,19,9,9,23,99,8,6
U186,Aug,2023,205,1888.64,28,55,27,7,8,13,95,11,7
U384,Oct,2023,836,7780.96,30,276,105,43,33,89,290,20,3
U166,Jun,2024,513,4772.53,28,146,41,17,30,45,234,19,7
U270,Mar,2023,525,4854.75,28,118,52,33,30,66,226,18,5
U145,Jul,2023,764,7116.5,28,335,63,54,17,40,255,17,4
U162,Apr,2025,777,7096.89,28,321,141,36,17,38,224,22,6
U541,Sep,2024,705,6593.51,30,154,63,61,39,42,346,12,5
U234,May,2023,281,2598.12,28,106,30,8,12,17,108,24,2
U384,Mar,2025,798,7444.5,31,228,58,49,29,75,359,12,4
U128,Feb,2024,201,1852.92,29,90,30,6,6,16,53,9,8
U208,Nov,2024,403,3662.21,31,111,74,30,15,27,146,16,6
U144,Feb,2025,861,7935.81,29,223,166,32,32,79,329,13,3
U440,Mar,2025,603,5516.51,31,206,76,30,17,44,230,21,6
U386,Feb,2025,302,2802.26,31,123,27,16,12,13,111,21,4
U546,Apr,2025,735,6754.88,29,182,154,40,30,57,272,15,1
U431,Feb,2025,567,5292.63,30,213,107,32,12,22,181,24,5
U228,Oct,2023,411,3810.48,28,88,43,20,22,55,183,10,6
U448,Sep,2023,776,7196.48,31,333,98,30,27,61,227,17,7
U573,Feb,2024,408,3707.44,30,89,51,34,22,33,179,24,5
U331,Sep,2023,962,9036.74,28,412,78,48,25,78,321,18,7
U290,Jun,2023,316,2950.39,30,101,60,13,14,14,114,15,6
U325,Jan,2023,827,7704.0,30,258,133,23,23,80,310,8,1
U485,Apr,2025,948,8657.22,28,420,81,56,31,80,280,20,5
U477,Jan,2024,677,6238.05,31,303,66,45,21,54,188,11,8
U383,Jun,2024,304,2752.67,30,110,66,14,8,15,91,14,5
U546,Apr,2024,694,6395.48,31,160,166,49,23,41,255,21,3
U221,Mar,2024,970,8786.61,31,316,209,45,37,64,299,12,6
U216,Mar,2023,245,2259.2,31,81,35,9,9,27,84,18,2
U561,Sep,2023,530,4907.53,28,174,91,13,18,55,179,24,4
U333,Jun,2025,415,3799.77,29,142,53,25,11,28,156,12,0
U359,Sep,2024,691,6356.8,31,141,65,48,22,90,325,10,2
U459,May,2023,648,6058.97,29,244,80,41,15,63,205,12,7
U298,Feb,2023,735,6646.92,29,277,113,41,29,38,237,22,8
U556,Aug,2025,710,6614.85,30,162,94,67,34,79,274,23,8
U511,May,2025,657,5957.87,31,225,134,30,26,33,209,15,1
U237,Feb,2025,746,6724.95,31,255,67,39,19,55,311,20,3
U418,Apr,2023,735,6669.56,31,272,88,29,29,41,276,23,4
U265,Sep,2023,739,6877.15,29,163,75,48,23,75,355,10,2
U325,Apr,2025,683,6257.68,28,243,88,48,27,62,215,8,0
U407,Dec,2024,215,2010.04,29,58,17,7,9,22,102,16,5
U334,Dec,2025,770,7091.61,31,251,87,63,20,41,308,16,1
U272,Dec,2025,442,3981.93,31,173,53,32,14,23,147,24,8
U252,Apr,2025,406,3770.39,31,152,55,21,11,30,137,9,0
U563,Feb,2025,470,4250.72,29,107,85,23,21,43,191,16,8
U415,Dec,2023,960,8943.12,31,333,105,37,40,83,362,20,6
U474,Jun,2024,978,8867.76,30,432,125,32,33,39,317,12,1
U260,Nov,2025,904,8260.91,31,216,156,29,50,96,357,16,5
U196,Feb,2024,929,8643.89,28,383,97,43,28,89,289,20,7
U572,Dec,2024,314,2945.85,30,117,60,7,9,21,100,8,1
U333,Jul,2024,779,7126.74,31,306,111,44,28,60,230,22,4
U280,Mar,2025,498,4647.22,30,134,66,25,21,59,193,11,5
U213,Mar,2023,682,6190.05,31,185,167,23,15,57,235,11,2
U418,May,2025,596,5556.43,28,254,106,24,19,38,155,17,1
U597,Mar,2024,593,5492.96,31,171,145,40,12,46,179,13,5
U542,Feb,2024,274,2487.12,30,59,58,18,8,18,113,19,2
U152,Oct,2023,681,6211.4,28,238,86,35,17,57,248,23,1
U368,Sep,2025,302,2733.92,29,69,39,24,9,36,125,10,0
U395,Feb,2024,496,4539.98,28,197,79,27,9,26,158,21,7
U486,Nov,2023,377,3423.71,28,135,83,22,7,30,100,8,0
U487,Feb,2024,414,3832.65,28,173,61,12,12,30,126,17,4
U213,Aug,2023,514,4830.47,30,203,99,28,11,28,145,22,5
U201,Sep,2023,238,2143.14,28,54,33,12,7,25,107,14,2
U213,Jul,2025,458,4221.1,31,135,65,37,18,32,171,11,6
U540,Mar,2024,915,8444.96,28,360,181,29,21,73,251,21,1
U181,Sep,2025,206,1929.33,28,62,41,14,4,14,71,23,6
U287,Mar,2024,248,2282.2,31,109,48,13,5,17,56,21,1
U213,May,2025,737,6793.28,31,282,133,20,19,49,234,10,4
U102,Sep,2024,360,3307.92,29,73,60,33,12,36,146,24,6
U230,Dec,2025,375,3415.34,28,157,50,9,11,36,112,21,2
U320,Mar,2023,790,7127.71,30,177,199,29,32,43,310,10,3
U154,Jul,2024,201,1841.86,28,47,36,11,8,20,79,10,0
U443,Dec,2024,654,5899.76,28,250,66,50,27,31,230,19,2
U585,Jan,2023,843,7772.63,31,350,102,38,26,73,254,12,8
U324,Apr,2025,475,4333.39,29,158,72,25,16,38,166,17,4
U325,Apr,2024,697,6421.77,28,189,63,53,23,88,281,16,7
U485,Jul,2024,828,7496.48,30,238,168,61,31,75,255,8,1
U503,Aug,2025,875,8201.42,28,250,79,70,27,49,400,20,2
U226,Jan,2023,999,9348.45,30,281,144,41,39,59,435,10,6
U230,May,2025,227,2060.25,31,59,50,9,7,19,83,18,3
U153,Jul,2025,532,4861.08,29,187,74,16,21,41,193,23,8
U272,Dec,2025,200,1849.08,28,85,35,9,6,8,57,13,6
U318,Apr,2024,387,3497.81,29,107,51,15,20,23,171,10,0
U260,Apr,2023,255,2331.17,28,62,65,9,6,20,93,13,3
U298,Apr,2023,746,6788.93,30,305,67,51,20,32,271,15,5
U516,Dec,2025,311,2912.89,29,119,21,14,14,33,110,20,5
U347,Jun,2024,997,9312.98,28,431,180,41,26,70,249,19,5
U424,Jul,2025,509,4699.05,31,122,111,24,18,50,184,17,4
U539,Feb,2024,235,2163.91,30,55,28,8,12,13,119,10,2
U303,May,2024,638,5979.52,29,213,147,23,20,25,210,11,1
U284,Apr,2024,928,8698.12,28,328,135,42,41,69,313,8,2
U223,Mar,2024,791,7425.7,29,253,181,49,24,70,214,20,8
U501,Jul,2023,794,7185.82,28,277,116,33,26,51,291,11,2
U355,Nov,2024,776,7033.84,30,190,127,40,32,58,329,18,2
U394,Dec,2024,524,4857.84,31,167,75,36,22,26,198,18,0
U380,Jun,2025,839,7732.71,30,305,98,54,30,70,282,19,1
U425,Jul,2025,506,4557.74,29,155,81,35,19,42,174,18,2
U472,May,2023,733,6615.17,29,271,98,52,30,32,250,13,1
U198,Jun,2025,927,8672.3,28,289,69,73,40,77,379,19,7
U298,May,2024,818,7646.29,30,231,96,44,30,83,334,16,5
U570,Jul,2025,308,2816.02,28,84,34,25,13,26,126,17,6
U495,Feb,2023,571,5342.52,30,172,126,27,20,45,181,10,0
U340,Nov,2025,556,5136.03,29,114,110,25,15,64,228,10,5
U244,May,2025,380,3542.5,28,139,70,13,11,29,118,23,1
U197,Jun,2023,555,5089.89,28,228,110,15,17,35,150,10,5
U301,Jun,2023,875,7914.69,30,252,162,29,32,91,309,17,2
U224,May,2024,267,2449.32,31,56,72,9,11,27,92,18,6
U287,Oct,2025,491,4508.81,30,219,48,12,15,31,166,15,2
U426,Jul,2024,891,8215.36,31,236,96,77,47,54,381,13,8
U564,Oct,2025,380,3436.05,30,88,58,33,12,42,147,18,2
U449,Aug,2025,665,6248.71,29,194,102,40,17,41,271,19,6
U359,Jul,2024,633,5758.82,28,243,126,35,16,50,163,23,3
U248,May,2025,663,6019.66,30,181,115,25,26,32,284,20,7
U352,Jan,2025,880,8105.43,29,302,100,67,27,91,293,10,1
U543,May,2025,733,6754.51,30,222,145,36,20,58,252,22,7
U520,Oct,2023,265,2431.62,28,60,46,9,12,29,109,21,8
U503,Feb,2024,220,2047.93,30,62,22,8,8,19,101,21,7
U446,May,2023,811,7466.6,31,309,122,30,28,80,242,12,5
U551,May,2024,583,5389.18,28,205,123,13,21,29,192,21,0
U247,Feb,2024,814,7561.65,31,187,194,35,35,50,313,15,6
U248,May,2025,758,6829.59,29,182,142,24,28,41,341,22,0
U452,Apr,2024,238,2196.33,29,85,29,9,9,25,81,22,6
U299,Jan,2023,484,4527.18,30,195,35,19,17,36,182,13,1
U408,Mar,2023,801,7214.57,31,230,124,66,35,69,277,15,7
U589,Jan,2023,796,7293.01,31,277,149,27,32,63,248,13,1
U517,Dec,2024,984,9220.56,28,238,141,44,37,121,403,22,2
U524,Nov,2023,535,4890.58,31,148,61,38,15,54,219,10,2
U228,May,2024,387,3554.01,31,79,102,28,10,30,138,17,0
U139,Apr,2023,870,8171.58,28,341,161,32,22,64,250,22,4
U438,Jul,2023,442,4013.24,28,132,80,31,15,39,145,23,4
U460,May,2024,272,2455.1,31,109,21,11,10,15,106,24,4
U229,Oct,2023,678,6335.08,30,255,57,25,22,37,282,18,8
U367,Apr,2025,760,7104.01,28,309,56,32,30,37,296,23,5
U576,Feb,2024,300,2756.65,28,81,55,18,14,20,112,12,5
U541,Apr,2024,713,6563.65,31,175,69,40,35,68,326,12,2
U573,Dec,2024,955,8914.28,31,423,165,43,18,58,248,21,4
U534,Feb,2025,375,3485.78,28,142,81,11,11,31,99,15,6
U251,Aug,2024,437,3979.35,31,178,49,25,14,25,146,12,2
U515,Mar,2023,258,2323.74,28,52,43,13,14,29,107,14,1
U578,Sep,2023,298,2739.18,30,86,58,14,9,23,108,23,4
U398,Apr,2023,694,6484.43,30,267,142,30,18,31,206,21,2
U199,Jun,2024,713,6672.49,28,156,180,44,26,59,248,12,4
U363,Oct,2023,954,8950.9,28,326,71,41,39,116,361,16,8
U352,May,2024,496,4638.51,29,152,48,39,22,27,208,11,0
U244,Oct,2023,410,3785.13,29,83,94,28,10,34,161,11,3
U446,Jan,2025,322,2955.27,31,83,65,12,12,16,134,23,4
U212,Sep,2025,428,3984.65,31,116,41,39,13,32,187,24,1
U600,Jan,2025,793,7371.67,28,180,138,55,27,75,318,22,1
U160,Aug,2025,855,7879.05,28,305,162,36,29,73,250,11,0
U469,Sep,2024,587,5303.5,29,152,67,24,19,68,257,13,7
U102,Sep,2023,339,3176.58,29,91,78,17,10,24,119,23,1
U485,Jan,2025,740,6794.86,28,314,48,25,30,76,247,11,2
U404,Feb,2024,590,5395.75,30,186,119,26,21,34,204,13,1
U354,Dec,2025,469,4339.11,30,139,83,22,12,45,168,12,3
U240,Jan,2025,958,8880.21,31,364,106,59,33,67,329,23,0
U553,Oct,2024,211,1916.78,28,90,33,6,4,18,60,23,2
U137,Feb,2024,588,5488.85,28,121,138,43,17,59,210,17,4
U260,Oct,2023,536,4886.16,31,167,123,20,16,49,161,16,0
U109,Dec,2023,705,6397.64,29,248,87,34,18,42,276,11,3
U333,Aug,2025,305,2794.58,29,85,59,20,14,25,102,21,5
U199,May,2025,231,2146.5,30,90,35,11,5,18,72,11,3
U247,Dec,2023,273,2562.43,28,120,35,9,9,21,79,19,6
U404,Nov,2023,370,3449.77,29,161,67,12,11,20,99,17,6
U308,Jul,2024,268,2512.81,30,71,19,14,16,15,133,11,5
U231,Feb,2023,561,5080.55,30,143,71,37,22,40,248,20,8
U504,Aug,2023,848,7656.14,30,372,111,30,31,45,259,20,1
U252,Nov,2025,632,5828.99,29,198,62,45,32,67,228,21,7
U154,Jun,2023,299,2725.72,29,75,73,16,7,28,100,8,7
U220,Aug,2025,857,7996.86,28,322,140,25,27,39,304,23,3
U261,Jan,2023,208,1927.91,28,56,33,9,5,25,80,22,5
U508,Jan,2024,773,7257.15,30,206,172,28,29,43,295,12,5
U216,Dec,2023,896,8155.32,30,376,110,36,29,55,290,13,4
U175,Jul,2023,228,2096.3,29,54,41,13,7,14,99,13,0
U213,Aug,2023,313,2879.76,29,67,24,22,17,41,142,10,2
U556,Mar,2025,661,6012.24,28,176,92,49,17,69,258,23,6
U520,May,2024,342,3158.72,28,120,29,13,16,25,139,19,7
U522,Dec,2023,589,5405.44,31,135,123,47,14,54,216,11,1
U204,Jan,2025,831,7627.49,28,264,124,37,33,47,326,8,2
U440,Jul,2024,881,8056.83,29,314,99,37,23,64,344,11,3
U354,May,2025,356,3206.41,30,146,45,19,9,21,116,8,4
U327,Aug,2025,534,4917.52,31,137,60,43,25,36,233,15,2
U212,Aug,2024,459,4192.55,28,185,90,16,10,36,122,12,4
U573,Sep,2023,281,2529.15,28,72,23,23,12,30,121,9,7
U199,Jul,2025,953,8694.39,29,351,190,57,33,45,277,19,7
U253,Nov,2025,640,5831.33,31,196,101,43,15,38,247,24,1
U449,Jan,2023,371,3397.39,28,84,73,11,18,18,167,14,5
U502,Mar,2023,430,3892.68,30,162,47,29,10,27,155,18,3
U484,Aug,2024,919,8457.62,29,233,234,57,22,66,307,11,8
U466,Mar,2024,274,2541.89,31,66,35,20,8,20,125,12,1
U438,Aug,2024,469,4339.22,28,135,82,31,22,40,159,13,7
U294,Jan,2023,825,7690.24,28,299,183,50,17,44,232,18,0
U410,May,2025,261,2396.19,31,67,62,12,11,16,93,8,5
U263,Apr,2025,519,4778.76,29,127,91,17,28,61,195,17,0
U308,May,2024,301,2806.57,31,60,83,15,9,18,116,18,1
U545,Aug,2023,628,5759.44,31,199,118,16,24,43,228,24,2
U269,Oct,2025,921,8547.47,29,282,97,43,44,71,384,15,8
U584,Apr,2024,454,4164.92,28,117,67,29,16,30,195,20,4
U261,Nov,2025,731,6701.15,30,156,105,38,25,53,354,23,1
U168,Apr,2025,769,7154.84,29,236,99,51,27,51,305,9,4
U389,Mar,2023,311,2820.75,30,123,54,17,10,24,83,12,4
U498,Jul,2023,512,4677.34,28,193,78,22,19,43,157,10,0
U377,Mar,2025,660,5999.18,31,274,42,48,18,56,222,24,2
U404,Dec,2024,907,8293.29,30,183,231,28,27,73,365,23,4
U504,Mar,2023,661,6009.91,28,291,64,41,25,42,198,13,8
U484,Nov,2025,291,2686.44,28,83,72,18,6,15,97,14,0
U492,Oct,2023,251,2339.14,31,112,47,7,7,8,70,21,7
U235,May,2023,719,6697.23,31,189,177,28,17,46,262,13,0
U295,May,2023,297,2716.3,28,94,61,11,12,20,99,15,8
U501,Jun,2025,435,4087.04,28,125,48,34,21,22,185,22,5
U228,Aug,2024,573,5293.11,30,165,95,41,17,28,227,22,0
U133,Oct,2024,780,7144.61,28,320,71,32,19,47,291,22,7
U276,Jun,2024,756,7056.67,28,292,76,42,25,49,272,23,4
U560,Dec,2023,848,7879.57,30,379,118,22,21,48,260,8,6
U543,Jan,2025,433,4026.77,29,153,30,24,16,24,186,18,6
U471,Aug,2023,231,2097.12,30,72,54,15,7,11,72,12,6
U570,Aug,2024,488,4483.42,30,108,125,16,14,31,194,12,5
U475,Sep,2024,837,7821.54,31,375,90,53,21,32,266,13,7
U122,Sep,2025,778,7158.86,30,262,118,52,30,47,269,9,8
U338,Feb,2023,741,6871.58,28,277,100,53,25,31,255,13,1
U258,Feb,2024,313,2890.61,28,94,70,10,9,26,104,21,6
U138,Mar,2025,403,3762.79,28,135,72,13,15,26,142,18,1
U330,Jan,2023,228,2077.95,29,99,21,5,9,14,80,11,5
U465,Apr,2023,842,7771.82,28,203,135,61,35,48,360,16,1
U151,Apr,2024,673,6090.17,29,183,101,44,21,43,281,10,5
U538,Sep,2024,896,8311.37,28,213,232,30,21,53,347,23,1
U364,Sep,2023,452,4200.34,30,179,39,30,18,46,140,18,0
U383,Sep,2023,997,8990.08,31,214,95,54,57,129,448,11,6
U127,Oct,2024,585,5423.14,28,128,146,19,24,27,241,8,2
U326,Jul,2023,261,2392.29,29,71,61,11,6,21,91,23,3
U377,Feb,2024,714,6461.44,29,234,152,19,24,39,246,23,5
U386,Oct,2023,629,5766.65,31,189,100,25,28,33,254,18,4
U197,May,2024,779,7071.52,28,164,162,39,28,79,307,15,3
U384,Apr,2025,736,6746.34,30,323,99,42,16,30,226,8,8
U467,Dec,2024,890,8146.82,28,390,58,57,30,59,296,16,5
U548,Nov,2024,340,3160.42,28,91,61,17,15,30,126,19,5
U581,Aug,2025,942,8769.72,31,360,60,63,24,79,356,15,1
U553,Feb,2023,499,4612.16,28,171,59,28,19,54,168,24,5
U417,Jun,2025,874,7873.93,30,226,215,36,32,79,286,17,6
U404,May,2024,510,4779.93,29,135,66,37,21,54,197,14,7
U247,Dec,2023,670,6213.91,31,216,152,35,22,37,208,13,7
U104,Feb,2025,592,5336.1,30,180,66,38,25,28,255,22,8
U135,Nov,2023,841,7844.46,29,229,109,56,25,88,334,9,2
U292,Oct,2023,644,5847.59,31,258,99,33,15,59,180,21,6
U149,Jan,2025,957,8834.73,31,306,189,40,34,62,326,17,6
U117,Aug,2023,371,3408.25,29,134,53,25,8,37,114,23,0
U272,Feb,2025,775,7105.15,29,191,187,26,30,41,300,14,7
U320,Jul,2024,230,2151.85,30,76,16,19,9,15,95,15,3
U258,Sep,2023,246,2257.04,28,68,58,10,6,13,91,17,4
U577,Sep,2024,329,2970.92,28,109,32,11,14,27,136,22,5
U146,Aug,2024,551,5167.64,28,217,107,24,15,41,147,15,2
U473,Nov,2023,821,7691.3,28,322,99,35,23,51,291,20,4
U106,Dec,2025,780,7233.54,28,225,171,50,24,73,237,19,4
U199,Oct,2023,257,2361.1,30,96,43,10,10,17,81,15,0
U480,Sep,2024,305,2756.33,31,132,24,17,9,20,103,22,2
U333,Feb,2024,529,4928.32,30,188,112,18,17,42,152,19,2
U137,Jun,2025,967,8732.19,30,229,119,43,29,63,484,18,0
U380,Apr,2023,882,7962.2,30,326,89,41,22,87,317,21,6
U449,Apr,2024,582,5363.1,31,131,136,34,15,36,230,20,0
U597,May,2024,361,3272.12,30,150,26,21,14,21,129,11,6
U402,Dec,2024,485,4366.5,30,159,50,29,16,43,188,24,3
U281,Mar,2025,270,2475.7,31,79,43,22,7,27,92,16,8
U195,Jan,2024,966,8747.02,30,206,233,62,40,79,346,14,6
U199,Aug,2024,653,5918.93,28,192,63,56,20,63,259,8,4
U288,May,2023,766,6917.57,29,326,104,20,19,64,233,14,6
U581,Mar,2023,596,5412.89,30,122,131,19,23,41,260,14,8
U216,Oct,2024,714,6630.34,29,227,153,27,20,64,223,14,5
U291,Jul,2024,225,2097.8,30,97,42,5,6,12,63,15,0
U353,Jul,2023,512,4700.68,30,152,106,26,15,26,187,23,5
U569,Jan,2025,325,2990.85,28,99,59,17,10,21,119,10,0
U516,Dec,2025,607,5470.93,31,209,82,33,26,35,222,20,3
U571,Sep,2025,764,6897.18,29,241,66,56,37,48,316,17,7
U261,Feb,2025,397,3613.9,31,96,83,32,16,24,146,14,4
U356,May,2025,387,3567.2,28,79,107,27,16,20,138,12,4
U423,May,2025,897,8338.35,28,316,165,25,30,72,289,14,7
U228,Aug,2025,915,8456.43,29,393,54,39,35,73,321,24,7
U118,Aug,2025,683,6254.13,31,154,118,31,29,69,282,11,0
U381,Jul,2023,649,5871.72,28,164,123,24,30,46,262,23,4
U590,Jul,2025,722,6723.49,30,211,139,38,25,66,243,17,4
U323,Dec,2025,553,5057.47,30,222,92,25,11,24,179,10,7
U154,Nov,2025,857,7965.32,30,229,150,34,40,75,329,10,0
U158,Jun,2024,796,7327.33,31,334,71,47,30,44,270,24,6
U423,Jun,2023,299,2779.34,30,63,79,19,12,22,104,17,6
U460,Nov,2023,815,7630.78,30,354,126,17,18,44,256,24,8
U274,Sep,2023,757,7091.89,28,257,79,37,24,78,282,24,1
U380,Jun,2025,755,6956.6,28,275,86,54,22,74,244,11,2
U214,Dec,2025,477,4390.6,30,139,111,23,15,39,150,13,3
U388,Feb,2024,892,8122.79,30,352,173,31,19,40,277,19,0
U531,Feb,2023,898,8418.14,28,216,137,41,34,66,404,24,6
U442,May,2025,825,7576.11,29,175,71,43,31,120,385,24,2
U251,Apr,2023,690,6245.22,31,206,54,25,25,62,318,17,2
U550,Nov,2024,454,4164.58,31,187,45,29,16,42,135,14,2
U227,Feb,2024,580,5249.48,28,225,91,15,23,35,191,23,7
U255,Mar,2024,741,6817.95,31,244,122,29,17,79,250,20,8
U590,Jul,2023,463,4270.95,28,158,78,12,16,47,152,10,1
U486,Aug,2025,809,7390.3,28,188,173,57,20,73,298,9,0
U574,Dec,2025,528,4767.13,28,216,32,15,14,25,226,23,8
U373,Jun,2024,314,2944.5,28,124,23,13,13,22,119,13,5
U204,Nov,2025,475,4421.94,29,172,57,26,19,47,154,13,8
U517,May,2024,687,6413.52,30,217,65,36,33,78,258,20,5
U493,Jan,2023,480,4390.44,30,211,31,18,16,26,178,14,1
U399,Aug,2024,474,4410.25,29,198,71,15,17,27,146,12,0
U346,Mar,2023,972,8936.71,31,350,188,56,22,80,276,14,7
U276,Jun,2024,918,8335.84,31,268,187,68,24,69,302,9,2
U139,Mar,2025,527,4769.23,30,186,103,20,12,46,160,24,0
U577,Jul,2025,410,3746.59,31,140,71,10,16,38,135,20,7
U270,Jul,2024,926,8384.95,30,276,184,25,27,97,317,23,0
U347,Dec,2025,751,7058.88,30,207,91,57,22,43,331,9,7
U126,Sep,2025,225,2029.43,29,67,55,10,7,10,76,12,0
U455,May,2025,226,2073.88,31,77,21,16,6,11,95,14,8
U406,Aug,2023,901,8271.93,29,276,96,63,24,106,336,18,8
U509,Oct,2025,282,2571.91,30,74,35,24,8,24,117,18,8
U508,Oct,2023,881,8130.34,30,343,184,49,15,31,259,24,2
U113,Aug,2024,612,5544.71,30,203,141,34,19,31,184,23,3
U416,Jan,2025,366,3408.76,28,79,85,19,14,25,144,20,4
U491,Dec,2025,899,8210.55,28,262,163,38,26,90,320,12,5
U413,May,2025,368,3399.05,28,155,48,16,9,29,111,23,8
U136,Mar,2024,428,3974.52,29,166,89,17,14,28,114,23,3
U273,Jan,2023,808,7559.34,30,226,159,46,28,36,313,23,5
U120,Apr,2023,566,5283.22,31,245,107,14,16,43,141,21,0
U421,Aug,2025,727,6719.9,29,159,101,53,30,50,334,13,1
U364,Mar,2024,990,9063.8,29,435,101,43,25,75,311,9,7
U594,Oct,2024,846,7784.28,29,221,196,48,37,37,307,21,3
U500,Feb,2024,737,6859.62,31,149,80,37,36,48,387,23,6
U242,Nov,2024,723,6760.79,30,223,168,31,17,28,256,20,3
U560,Sep,2024,271,2450.25,28,78,43,10,9,24,107,22,8
U471,Oct,2023,844,7725.93,30,282,186,51,21,59,245,19,8
U571,May,2023,305,2839.69,30,121,33,14,8,13,116,16,3
U243,Jul,2023,931,8539.75,29,382,153,28,35,47,286,21,7
U192,Nov,2025,888,8110.01,29,266,137,26,43,94,322,11,5
U454,Nov,2024,481,4408.14,29,147,85,29,13,23,184,15,0
U422,Feb,2025,332,3068.06,28,78,57,14,12,22,149,15,6
U388,Sep,2024,733,6890.14,28,155,197,56,28,48,249,23,0
U315,Sep,2023,468,4304.29,28,168,81,22,11,42,144,17,2
U547,Apr,2025,611,5549.96,30,132,77,31,29,47,295,24,7
U442,Apr,2023,872,7904.8,29,334,176,41,27,73,221,8,8
U151,Jun,2024,818,7375.86,31,273,94,34,34,58,325,17,2
U253,Oct,2024,990,9131.29,30,247,143,79,44,75,402,11,0
U286,Oct,2024,946,8720.07,28,316,79,44,43,54,410,8,0
U163,Oct,2023,217,1970.81,31,53,53,16,9,17,69,11,6
U290,Jun,2024,953,8842.06,31,295,112,60,32,61,393,11,4
U225,Dec,2023,316,2937.68,29,126,31,21,12,24,102,11,0
U250,Jan,2025,997,9076.33,31,314,225,26,22,54,356,24,5
U414,Sep,2024,993,9073.68,28,235,228,44,31,71,384,16,5
U158,Feb,2024,343,3222.89,29,130,28,22,8,35,120,20,3
U442,May,2024,916,8381.13,31,225,202,56,35,83,315,11,6
U405,Sep,2025,750,6978.24,29,288,151,21,15,33,242,12,6
U280,Apr,2024,865,7941.64,31,276,70,44,43,82,350,20,8
U270,Nov,2023,887,8264.48,30,278,186,32,32,69,290,23,0
U426,Mar,2023,952,8860.84,30,393,132,47,19,41,320,12,4
U371,Jul,2024,621,5754.87,28,234,103,23,22,40,199,15,2
U154,Jun,2024,568,5306.21,30,118,100,28,29,40,253,23,6
U591,Aug,2025,845,7922.46,30,231,168,31,34,64,317,8,3
U544,Mar,2025,757,6988.62,30,316,47,35,18,73,268,13,3
U201,May,2025,249,2264.65,31,50,57,9,12,14,107,18,0
U581,Oct,2024,877,8032.84,31,294,63,76,38,48,358,23,0
U364,Apr,2025,305,2837.51,29,116,40,9,9,18,113,12,1
U153,Apr,2025,415,3843.05,31,147,36,32,13,45,142,23,1
U160,Apr,2023,857,7773.95,30,334,159,33,24,65,242,14,0
U592,Oct,2025,624,5628.79,31,238,68,27,27,27,237,8,7
U208,Aug,2023,271,2513.03,28,101,36,9,7,18,100,16,5
U105,Jun,2023,984,8954.82,29,398,121,52,22,54,337,20,5
U203,Mar,2025,958,8813.47,29,346,179,51,35,67,280,22,8
U296,Oct,2023,645,5997.66,31,193,99,34,16,51,252,10,4
U362,May,2024,385,3551.65,30,122,78,10,16,38,121,17,3
U465,Jun,2024,269,2429.96,29,101,19,21,8,15,105,16,5
U580,May,2025,349,3166.91,28,146,30,25,11,25,112,20,7
U472,Jun,2024,445,4044.04,28,119,77,23,12,43,171,23,0
U450,Aug,2023,973,8857.36,29,277,234,51,39,83,289,10,6
U147,Jul,2024,737,6799.68,30,318,49,35,29,49,257,22,7
U455,May,2025,851,7830.55,30,293,61,40,43,84,330,24,8
U411,Oct,2025,298,2706.22,31,72,31,11,15,24,145,21,7
U524,Jun,2023,477,4305.89,31,174,78,21,12,31,161,14,6
U408,Apr,2025,762,6910.25,29,341,84,44,19,64,210,23,2
U244,Dec,2024,862,8097.41,31,349,157,18,25,75,238,15,1
U369,Sep,2025,654,6008.57,31,252,47,38,25,60,232,11,2
U470,Apr,2023,303,2832.12,31,76,33,26,16,23,129,22,3
U224,Jan,2025,800,7471.6,28,335,81,27,24,74,259,12,3
U206,Jul,2024,852,7842.33,31,282,146,28,33,37,326,20,5
U258,Jul,2023,924,8577.19,29,390,144,49,33,35,273,13,6
U247,Apr,2024,432,3921.31,30,122,40,20,14,47,189,12,3
U245,Mar,2023,593,5500.29,31,127,156,21,26,37,226,24,5
U220,Aug,2025,700,6376.27,30,223,88,34,25,80,250,14,8
U419,May,2023,894,8343.55,31,239,182,42,37,65,329,13,5
U375,Oct,2023,450,4065.07,29,170,64,29,12,28,147,9,2
U192,Jul,2025,720,6702.66,28,316,62,38,20,57,227,18,0
U158,Apr,2024,278,2513.11,29,103,54,10,5,22,84,14,4
U539,Apr,2025,251,2347.47,28,105,44,10,9,14,69,15,2
U446,Aug,2023,980,8939.25,31,306,134,78,41,55,366,12,7
U329,Aug,2025,425,3936.25,31,166,64,11,10,37,137,23,0
U574,Feb,2023,250,2298.75,28,102,24,8,11,15,90,21,1
U217,Feb,2025,385,3521.41,29,145,65,25,12,17,121,19,2
U418,Mar,2025,233,2157.16,29,76,27,18,10,19,83,24,2
U379,Dec,2024,941,8825.65,28,335,188,28,20,42,328,12,7
U227,Dec,2023,330,2975.45,31,123,31,11,11,37,117,21,4
U493,Mar,2024,831,7784.43,28,218,63,50,41,89,370,13,7
U496,Jan,2023,642,5934.41,31,258,64,17,16,71,216,22,5
U229,Mar,2025,958,8931.36,28,419,79,53,30,56,321,14,1
U158,Jun,2023,631,5775.89,31,199,98,19,22,71,222,21,3
U222,Aug,2024,903,8297.43,28,338,85,26,27,52,375,8,8
U101,Dec,2024,696,6505.89,30,267,124,30,17,27,231,13,3
U339,Oct,2024,602,5517.9,31,220,61,46,27,26,222,10,4
U390,Jun,2023,522,4809.64,29,175,96,23,14,36,178,12,4
U196,May,2024,409,3684.3,28,171,58,15,10,17,138,19,7
U226,Apr,2024,814,7377.64,29,254,194,54,23,51,238,18,5
U218,Mar,2024,528,4887.52,28,113,145,27,20,33,190,20,6
U148,Apr,2025,571,5302.76,29,234,106,20,18,29,164,23,5
U189,Jul,2025,659,6084.57,29,242,120,26,23,48,200,24,4
U588,Jan,2023,332,3007.03,28,136,38,10,7,17,124,24,4
U337,Jul,2023,850,7801.44,28,199,187,46,29,83,306,18,2
U473,Jan,2024,320,2925.45,29,66,86,15,13,26,114,17,6
U485,Feb,2025,805,7404.6,29,349,48,31,35,81,261,23,4
U372,Apr,2024,651,6085.63,29,154,116,25,28,50,278,9,6
U289,Jan,2024,328,3053.79,31,131,30,13,8,36,110,24,1
U587,Nov,2025,290,2619.74,31,117,41,13,8,20,91,17,8
U292,Dec,2025,803,7512.97,30,302,108,21,19,86,267,20,7
U547,Nov,2025,774,7112.06,31,180,144,29,36,40,345,19,4
U169,Nov,2023,228,2119.84,31,83,34,16,5,18,72,22,1
U378,Sep,2023,921,8340.59,28,388,181,36,18,66,232,14,5
U449,Dec,2024,723,6700.97,30,221,119,21,25,36,301,20,7
U347,Jun,2023,532,4838.29,30,161,115,30,16,39,171,19,6
U551,Jan,2025,496,4550.97,31,154,61,15,18,54,194,19,7
U176,Jan,2025,329,2963.22,28,72,53,25,13,30,136,9,3
U254,Jun,2023,492,4457.84,28,208,61,27,16,19,161,12,2
U244,Apr,2024,372,3361.7,30,155,36,20,11,30,120,9,6
U535,Apr,2024,919,8359.13,28,413,98,50,27,36,295,20,1
U585,Nov,2023,223,2015.92,29,77,36,6,6,21,77,10,4
U186,Jun,2024,298,2764.48,31,115,44,17,8,12,102,18,6
U285,Dec,2024,605,5452.03,29,151,117,21,25,35,256,23,0
U385,Nov,2024,555,5132.14,30,203,66,24,19,34,209,8,3
U562,Jul,2025,338,3061.02,30,122,38,25,13,27,113,18,1
U320,Sep,2025,702,6583.4,28,298,102,30,21,61,190,16,5
U169,Oct,2023,373,3496.22,28,152,29,28,14,17,133,21,0
U147,May,2025,228,2072.57,30,99,21,6,7,11,84,16,6
U597,Sep,2024,695,6425.81,30,289,44,35,24,47,256,14,2
U194,Apr,2025,854,7695.57,29,356,58,24,34,86,296,23,0
U338,Oct,2023,550,5154.99,29,118,69,41,19,51,252,10,7
U546,Feb,2025,753,6934.52,28,309,46,23,25,51,299,11,6
U600,Mar,2024,498,4490.61,29,175,52,18,20,42,191,14,1
U553,Nov,2024,919,8396.9,28,271,170,36,22,58,362,19,6
U304,Jan,2023,391,3531.02,28,83,35,34,17,35,187,12,2
U500,Jun,2025,871,7975.9,31,321,115,28,32,56,319,17,8
U318,Jun,2025,263,2437.48,28,74,62,17,10,22,78,19,7
U574,Jan,2025,954,8765.31,29,302,194,28,40,93,297,15,4
U532,Nov,2024,969,8869.73,30,358,107,26,30,95,353,22,6
U441,Mar,2023,863,7808.13,30,369,163,29,22,46,234,8,2
U139,May,2025,414,3766.56,29,168,44,29,9,28,136,10,0
U200,Mar,2024,365,3299.62,30,114,29,13,12,23,174,9,0
U389,Oct,2024,742,6917.67,28,220,181,20,28,62,231,12,1
U354,Mar,2024,431,3902.32,30,112,101,27,10,34,147,8,7
U322,Oct,2025,993,9173.48,29,291,151,44,31,112,364,17,0
U457,Mar,2025,740,6761.45,30,168,152,51,35,43,291,17,4
U123,May,2025,394,3581.61,28,174,58,11,13,29,109,12,8
U350,May,2025,705,6525.33,28,242,68,37,31,66,261,22,8
U110,Apr,2025,533,4894.43,29,123,61,26,30,40,253,15,1
U346,Jan,2025,967,8857.78,29,278,149,51,42,89,358,24,6
U425,May,2025,992,9163.24,29,334,215,56,21,87,279,19,0
U200,Oct,2025,503,4625.84,31,167,34,38,20,58,186,19,2
U390,May,2025,636,5801.21,31,132,148,36,23,61,236,8,5
U280,Apr,2024,522,4814.73,28,228,33,37,14,22,188,11,8
U323,Jun,2025,701,6496.73,31,188,112,30,34,77,260,15,1
U494,Oct,2023,592,5334.32,31,120,122,25,23,59,243,8,6
U350,Apr,2024,798,7330.71,30,174,169,50,21,56,328,22,3
U247,Jul,2025,348,3140.03,31,120,26,22,11,21,148,8,1
U542,Jul,2023,960,8711.58,30,225,150,31,34,61,459,18,2
U196,Feb,2025,604,5571.42,29,127,117,39,30,31,260,9,5
U357,Mar,2023,482,4505.0,30,142,39,26,22,53,200,8,8
U425,Jan,2023,561,5247.1,30,199,48,39,21,34,220,19,7
U593,Aug,2023,578,5218.17,29,131,118,43,21,27,238,23,8
U104,Sep,2023,397,3639.55,29,110,66,23,16,29,153,17,3
U116,Apr,2024,755,6971.07,28,229,73,22,37,67,327,22,3
U380,Jun,2024,555,5027.65,28,133,98,36,22,33,233,24,8
U436,Sep,2023,739,6877.26,28,241,163,41,28,28,238,17,7
U347,Jun,2025,628,5838.95,28,138,50,32,40,47,321,10,1
U358,Dec,2023,216,2022.05,30,45,44,12,11,20,84,23,7
U597,Dec,2024,838,7544.84,30,276,66,72,35,43,346,13,0
U576,Dec,2025,578,5252.1,28,151,43,30,34,58,262,10,8
U484,Sep,2024,879,8201.84,31,196,94,42,38,62,447,16,8
U260,Apr,2024,705,6534.1,28,215,100,27,33,42,288,18,7
U575,Aug,2025,955,8936.66,31,409,164,40,32,49,261,20,4
U440,Sep,2023,275,2481.29,29,104,29,20,11,12,99,11,4
U252,Apr,2023,430,3972.68,30,173,65,21,15,19,137,15,2
U496,May,2023,915,8443.27,30,382,108,34,27,55,309,20,4
U278,Aug,2023,447,4029.38,31,198,39,23,10,26,151,17,3
U263,Dec,2025,501,4611.91,28,195,69,26,14,41,156,9,0
U480,Oct,2025,925,8550.52,30,325,179,46,33,38,304,15,8
U133,Jun,2025,414,3757.68,31,120,90,13,11,41,139,13,3
U517,Dec,2024,357,3252.03,29,87,84,21,12,34,119,23,2
U545,Jul,2025,268,2480.65,29,99,31,12,9,25,92,24,5
U279,Mar,2023,592,5438.89,30,265,97,11,17,29,173,13,0
U527,Jul,2024,284,2653.47,28,89,29,17,14,30,105,20,4
U201,Dec,2023,466,4257.82,31,177,82,30,14,20,143,21,6
U368,Aug,2023,268,2440.59,30,86,61,10,9,12,90,17,1
U423,Oct,2025,810,7609.1,29,249,58,73,34,42,354,18,8
U165,Jun,2025,546,5112.99,28,165,80,17,26,62,196,20,5
U517,Oct,2023,927,8353.75,31,302,163,56,25,55,326,19,1
U268,Sep,2023,872,8116.83,30,254,170,27,25,94,302,16,7
U430,Jun,2024,622,5625.45,31,240,55,25,29,38,235,11,7
U143,Dec,2025,805,7253.85,28,336,160,33,23,59,194,14,0
U144,Sep,2024,373,3397.84,28,156,55,17,12,31,102,9,0
U385,Apr,2024,876,7978.38,29,225,91,71,35,108,346,14,0
U497,Aug,2024,314,2928.91,28,133,19,18,9,23,112,16,3
U112,Nov,2023,419,3890.11,30,119,88,23,14,40,135,12,3
U195,Apr,2024,230,2160.31,31,63,20,20,7,29,91,22,7
U402,Feb,2024,722,6703.48,28,275,60,36,25,48,278,11,0
U486,Oct,2023,542,4968.68,28,149,95,21,20,41,216,14,2
U353,Nov,2025,576,5345.03,30,122,113,22,24,61,234,15,0
U599,Sep,2025,329,3092.53,31,96,63,15,12,20,123,24,8
U342,May,2024,816,7575.79,31,310,100,49,34,68,255,20,8
U135,Apr,2023,738,6866.85,29,207,155,20,29,36,291,18,6
U315,Feb,2025,938,8794.07,29,335,207,24,35,60,277,8,7
U437,Jan,2024,201,1818.14,31,73,21,6,7,11,83,9,0
U190,Nov,2024,300,2784.57,30,115,51,14,9,15,96,24,4
U364,Jul,2023,732,6837.12,30,310,140,20,14,34,214,12,1
U193,Jun,2024,257,2411.11,29,79,48,8,6,26,90,13,0
U510,Feb,2025,588,5341.62,28,142,120,35,22,34,235,14,2
U558,Aug,2023,891,8198.6,30,249,100,68,33,97,344,22,6
U190,Nov,2025,540,5007.0,28,166,87,23,23,52,189,23,0
U518,Apr,2025,219,1992.68,30,82,32,11,7,15,72,20,1
U215,Aug,2025,454,4195.05,31,92,99,15,23,30,195,12,1
U205,Jul,2024,516,4697.16,29,143,130,34,20,25,164,10,3
U491,May,2024,237,2164.61,28,93,15,10,6,19,94,10,2
U296,Oct,2025,859,7882.71,28,315,63,72,28,38,343,21,2
U414,Oct,2025,736,6779.79,31,281,54,59,28,56,258,23,4
U214,Dec,2023,585,5370.15,30,235,100,31,14,49,156,24,2
U593,Aug,2023,832,7652.14,28,329,67,22,26,47,341,11,6
U175,Sep,2024,225,2051.87,30,83,36,11,8,16,71,20,4
U513,May,2024,653,5918.52,31,202,81,21,34,76,239,15,3
U476,Oct,2023,880,7936.67,29,392,104,53,29,69,233,12,2
U520,May,2025,522,4738.92,28,178,52,37,19,53,183,9,3
U317,Feb,2024,936,8641.88,30,234,222,70,29,85,296,22,1
U377,May,2025,712,6631.89,28,194,127,43,26,47,275,9,0
U349,Mar,2023,972,8813.8,30,362,205,41,26,78,260,18,2
U264,Jul,2024,212,1917.21,30,91,29,9,6,18,59,20,1
U494,Oct,2024,759,7058.48,30,185,75,44,27,74,354,17,0
U457,May,2023,570,5199.58,31,125,63,37,32,47,266,10,0
U557,Aug,2024,490,4596.49,29,205,98,21,14,24,128,12,1
U508,Jan,2023,531,4930.72,28,227,85,31,15,25,148,10,8
U292,Mar,2024,805,7350.22,29,216,66,57,45,55,366,13,4
U327,Mar,2023,460,4193.28,30,135,89,32,13,36,155,20,8
U277,Sep,2024,989,9108.18,30,361,127,68,23,75,335,17,7
U199,May,2025,404,3648.79,29,114,51,24,19,33,163,15,5
U596,Dec,2025,896,8106.18,29,375,72,38,41,42,328,10,0
U136,Sep,2025,886,8036.32,28,201,212,53,33,84,303,24,4
U566,Sep,2024,586,5455.6,30,122,53,38,19,44,310,15,0
U597,Jan,2024,667,6140.1,29,168,86,24,34,41,314,17,6
U587,Feb,2025,614,5528.6,31,166,79,32,18,61,258,9,7
U196,May,2025,268,2484.2,30,61,29,26,11,22,119,19,7
U252,Apr,2023,671,6152.72,30,145,119,22,24,39,322,13,6
U251,Oct,2023,303,2788.92,28,117,19,19,14,20,114,9,1
U290,Sep,2023,957,8694.96,31,230,127,80,37,104,379,10,4
U324,Jul,2025,360,3319.46,28,154,68,15,11,21,91,24,3
U137,Jun,2025,399,3747.27,31,116,50,24,13,30,166,14,4
U368,Jul,2025,415,3747.19,28,152,50,25,13,22,153,12,8
U469,Jan,2023,411,3745.68,31,105,66,22,21,38,159,8,3
U283,Jan,2024,707,6431.72,31,183,125,23,22,82,272,15,7
U113,Aug,2025,215,1956.38,31,73,42,14,6,15,65,19,7
U379,Feb,2024,697,6378.58,29,237,67,36,24,73,260,21,1
U317,Dec,2024,531,4952.77,30,208,102,25,17,31,148,23,5
U455,Oct,2024,916,8578.47,31,356,162,41,20,69,268,17,4
U461,Nov,2023,750,6810.66,29,275,133,18,23,70,231,22,1
U386,Sep,2024,800,7373.74,29,249,67,70,35,81,298,22,3
U373,Jul,2025,455,4210.92,28,192,27,30,14,45,147,17,6
U469,Jun,2023,965,8886.43,30,343,154,30,23,68,347,14,0
U162,Jan,2025,927,8503.96,30,414,161,52,25,64,211,10,8
U184,Jan,2025,371,3367.49,28,150,54,20,11,26,110,9,0
U468,Feb,2023,848,7797.6,30,178,102,55,25,112,376,13,4
U317,Jun,2025,697,6384.86,28,195,61,49,31,38,323,16,6
U442,Jun,2025,670,6243.21,29,229,121,19,28,54,219,17,7
U497,Feb,2023,583,5425.07,29,221,101,27,12,50,172,11,1
U287,Jan,2025,889,8048.65,31,300,84,28,37,55,385,10,3
U119,Oct,2024,788,7119.9,28,312,50,44,33,69,280,16,1
U277,May,2025,899,8417.57,29,243,132,55,25,99,345,24,3
U200,May,2024,706,6505.23,29,173,130,55,17,47,284,21,5
U496,Feb,2025,726,6783.11,28,154,158,50,26,54,284,17,5
U545,Jun,2023,524,4728.19,29,179,104,18,19,37,167,20,1
U333,Sep,2023,413,3803.98,30,153,65,27,9,28,131,19,3
U503,Feb,2025,407,3750.82,29,114,37,27,21,22,186,8,3
U176,Oct,2023,368,3438.7,28,130,64,19,12,16,127,13,0
U365,Feb,2025,529,4781.65,30,112,144,18,16,27,212,20,1
U555,Mar,2023,479,4357.07,30,107,121,34,16,28,173,20,2
U384,Jul,2024,504,4617.96,29,189,100,30,18,22,145,11,4
U306,Jun,2025,345,3224.49,31,100,43,25,10,35,132,9,7
U323,Dec,2024,974,9131.79,30,358,177,63,28,64,284,22,5
U484,Aug,2024,715,6718.92,28,291,132,23,21,53,195,19,2
U152,Aug,2025,289,2711.88,31,119,45,17,6,11,91,14,5
U439,Jun,2024,652,5869.55,31,158,80,40,19,61,294,20,6
U467,Dec,2025,259,2335.94,30,83,59,7,5,15,90,24,5
U244,Nov,2024,510,4620.11,29,195,67,28,14,46,160,11,5
U473,Oct,2025,727,6644.45,31,286,58,45,18,65,255,21,0
U169,Mar,2025,426,3975.42,29,168,32,17,18,44,147,20,2
U199,Mar,2023,673,6297.3,30,172,131,19,35,33,283,10,6
U496,Jan,2025,740,6715.3,28,183,116,30,21,81,309,21,3
U125,Jul,2025,862,7971.66,31,299,69,44,32,75,343,22,3
U536,May,2024,956,8954.8,28,368,167,28,20,83,290,10,6
U479,Apr,2025,981,9010.97,29,274,211,34,26,76,360,8,8
U569,Oct,2023,278,2513.51,29,62,60,13,9,24,110,24,1
U584,Apr,2024,632,5803.74,28,239,59,48,19,28,239,10,8
U153,Apr,2024,352,3220.91,30,96,69,23,15,29,120,21,2
U251,Jun,2023,988,9120.29,30,238,77,55,43,81,494,10,5
U244,Aug,2024,600,5505.28,31,142,80,54,24,30,270,20,3
U157,Aug,2024,478,4305.32,31,133,68,31,15,25,206,22,0
U139,May,2024,256,2405.79,30,89,51,11,5,24,76,21,8
U209,Jun,2024,385,3548.71,30,111,54,21,18,27,154,10,5
U281,Apr,2023,597,5486.1,28,122,48,38,21,84,284,15,7
U142,Dec,2023,804,7543.0,29,180,117,37,46,103,321,11,1
U286,Nov,2024,987,8944.53,29,269,161,49,28,115,365,11,6
U523,Sep,2024,357,3240.02,31,130,76,15,10,29,97,18,5
U498,Aug,2023,986,9192.68,30,221,256,52,45,96,316,8,1
U323,Oct,2023,892,8121.06,28,303,85,63,25,59,357,15,1
U222,Dec,2023,558,5200.39,31,128,62,31,23,38,276,22,3
U233,Oct,2024,639,5820.4,28,161,67,50,32,64,265,8,3
U263,Jan,2024,788,7102.46,30,191,177,45,19,61,295,14,2
U315,Feb,2025,665,6122.53,30,144,52,68,33,42,326,18,7
U321,Sep,2023,862,7825.82,30,317,71,41,23,82,328,21,6
U335,Aug,2024,645,6000.52,29,203,103,47,18,50,224,23,1
U431,Mar,2023,949,8784.4,30,386,91,62,23,88,299,21,2
U246,Aug,2024,942,8826.01,31,211,89,73,54,98,417,19,8
U339,Dec,2023,687,6398.17,29,162,99,49,22,66,289,24,4
U176,Jan,2024,729,6613.71,28,201,88,25,21,65,329,21,1
U109,Oct,2025,272,2535.06,31,106,37,18,8,17,86,17,2
U174,Apr,2025,900,8331.03,31,248,224,25,27,91,285,21,7
U542,Mar,2023,216,2001.8,28,65,19,14,8,13,97,16,3
U592,Jun,2024,730,6813.02,29,201,102,35,21,61,310,24,1
U501,Jul,2024,930,8583.46,31,204,241,45,38,79,323,13,1
U353,Apr,2023,525,4822.86,31,228,94,22,14,27,140,15,5
U330,Jul,2024,831,7690.62,31,280,109,62,25,50,305,20,7
U107,Sep,2023,812,7404.78,29,322,134,34,18,43,261,12,6
U274,Nov,2024,745,6759.41,29,271,57,62,28,44,283,13,3
U241,Feb,2023,795,7351.07,29,261,148,42,30,47,267,11,1
U268,Nov,2024,907,8247.84,31,201,242,30,28,93,313,14,8
U270,Mar,2023,401,3621.82,30,144,60,13,9,30,145,11,3
U493,May,2024,543,4887.12,28,129,92,39,17,36,230,18,8
U534,Mar,2025,722,6673.68,30,219,73,23,34,58,315,19,4
U383,Nov,2024,599,5477.77,29,214,99,28,25,26,207,21,6
U222,Aug,2023,417,3878.49,31,164,62,12,9,40,130,20,4
U294,Dec,2025,644,5892.65,31,239,106,27,17,41,214,17,1
U105,Oct,2024,964,8863.4,30,354,64,68,25,111,342,23,5
U129,Aug,2025,421,3857.55,30,99,76,23,14,31,178,12,6
U265,Aug,2024,582,5389.45,28,166,103,20,20,61,212,15,5
U522,Dec,2025,791,7231.68,31,166,94,39,47,61,384,21,2
U439,Dec,2023,206,1933.41,30,78,19,9,5,10,85,12,7
U236,Sep,2024,471,4415.37,28,206,44,12,18,20,171,15,2
U596,Apr,2024,938,8760.18,29,249,191,54,30,79,335,13,4
U465,May,2023,215,2014.15,30,47,42,13,10,15,88,23,8
U421,May,2025,623,5718.93,29,198,132,16,20,42,215,11,4
U442,Aug,2023,723,6662.14,28,299,73,31,16,67,237,19,6
U600,Jul,2023,952,8850.59,29,321,206,38,37,48,302,18,6
U245,Sep,2025,220,2041.26,31,46,49,10,6,15,94,10,4
U427,Aug,2023,889,8317.73,31,394,98,41,28,74,254,19,1
U317,Feb,2024,427,3965.35,29,173,31,18,19,32,154,12,4
U401,Oct,2024,984,9248.77,31,229,124,57,30,121,423,13,6
U232,Dec,2024,487,4450.89,28,209,94,23,12,23,126,23,6
U392,Apr,2023,333,3107.96,31,104,40,12,16,25,136,18,3
U170,Jun,2024,482,4472.5,29,141,62,31,24,28,196,12,0
U352,Dec,2024,603,5593.76,29,190,60,35,27,69,222,16,5
U515,Feb,2024,864,7888.61,29,353,154,28,21,72,236,10,2
U375,Jul,2024,265,2468.27,30,96,28,17,10,28,86,15,4
U545,Mar,2024,848,7937.41,29,182,121,57,41,71,376,13,3
U464,Mar,2024,803,7297.2,28,352,91,35,27,66,232,11,1
U282,Nov,2023,636,5883.13,31,150,101,44,31,50,260,19,6
U267,Feb,2024,458,4193.84,31,176,57,29,10,31,155,19,4
U191,Nov,2024,302,2837.54,30,108,43,22,7,27,95,23,6
U302,Aug,2025,766,7040.71,30,189,175,45,29,41,287,17,8
U446,Jun,2023,968,8800.41,28,234,223,70,43,52,346,21,3
U119,Jan,2023,300,2745.82,29,125,52,6,8,16,93,20,4
U139,Dec,2023,397,3676.83,30,121,34,24,21,42,155,16,8
U226,Jan,2023,425,3837.94,31,154,81,13,17,24,136,14,3
U551,Jul,2024,662,6117.83,30,215,58,23,34,51,281,19,4
U273,Aug,2024,436,4086.41,30,166,35,24,20,47,144,12,4
U241,May,2025,225,2101.53,29,71,51,12,8,13,70,11,7
U342,Dec,2025,320,2888.66,30,86,71,14,13,18,118,9,3
U320,Nov,2023,705,6625.14,28,205,119,44,28,59,250,10,3
U226,May,2025,381,3535.49,31,158,71,15,7,28,102,19,6
U158,Apr,2025,910,8249.07,29,288,216,38,20,38,310,10,4
U248,Jun,2023,966,8698.8,31,244,182,42,28,90,380,11,5
U576,Jun,2023,833,7554.07,28,361,119,31,16,32,274,13,5
U556,Mar,2025,742,6926.77,28,296,128,27,16,49,226,19,5
U417,Sep,2024,514,4630.45,30,109,64,39,28,37,237,17,4
U483,Dec,2025,996,9056.89,30,447,77,29,36,59,348,8,4
U461,Nov,2025,817,7600.49,30,305,148,21,22,54,267,24,8
U523,Jul,2024,935,8634.21,31,224,132,67,45,111,356,23,7
U101,Jan,2024,472,4395.78,28,122,46,31,20,52,201,16,3
U487,Jul,2023,431,4007.64,29,160,48,20,11,46,146,16,6
U561,May,2023,619,5583.53,30,244,71,19,26,51,208,16,7
U448,May,2025,967,9048.22,31,251,244,43,28,40,361,19,8
U290,Feb,2024,641,5827.21,30,169,129,44,25,38,236,16,4
U291,Apr,2023,695,6408.84,28,192,117,53,21,73,239,22,2
U469,Dec,2025,223,2064.47,29,77,49,11,6,15,65,9,3
U509,Jun,2024,308,2792.77,28,74,76,8,13,33,104,18,5
U412,Oct,2025,902,8470.22,31,203,159,63,27,55,395,18,4
U517,Nov,2023,701,6445.88,30,259,144,22,27,35,214,15,8
U522,Jul,2023,224,2021.16,28,88,27,8,5,14,82,13,2
U217,Nov,2024,386,3618.71,31,125,41,15,15,28,162,14,1
U234,May,2025,487,4497.2,30,141,54,37,24,31,200,10,5
U158,Sep,2024,827,7674.29,29,254,152,48,36,56,281,15,6
U144,Mar,2023,537,4945.81,28,159,85,32,16,48,197,24,4
U273,Jan,2023,236,2202.8,30,103,35,11,4,12,71,18,0
U260,Apr,2025,993,8950.16,30,389,163,32,35,41,333,9,2
U273,Sep,2025,336,3060.07,30,84,26,21,10,40,155,14,2
U417,Apr,2025,707,6495.82,30,209,56,50,29,61,302,15,3
U403,Feb,2024,426,3847.05,28,143,65,24,17,32,145,21,5
U249,Oct,2025,519,4817.55,30,183,49,37,19,38,193,14,4
U180,May,2025,381,3488.99,31,120,67,15,10,39,130,11,0
U474,Mar,2023,285,2596.08,28,114,40,16,8,19,88,24,5
U313,Dec,2023,666,5994.9,30,261,99,28,26,60,192,12,8
U303,Sep,2025,252,2340.56,28,82,29,16,10,20,95,19,0
U352,Apr,2025,434,4050.75,31,179,66,18,14,22,135,16,7
U329,Jun,2023,978,8956.54,31,379,184,60,23,50,282,20,7
U264,Feb,2025,998,9207.24,28,393,211,26,21,61,286,16,2
U327,Jun,2024,632,5745.56,30,277,109,28,13,36,169,11,8
U247,Mar,2024,695,6427.97,30,185,122,41,26,65,256,15,7
U120,Dec,2024,299,2692.45,31,79,32,12,11,22,143,8,2
U541,Dec,2025,798,7337.98,30,336,124,19,24,58,237,24,4
U502,Sep,2023,602,5573.12,31,236,122,31,18,42,153,16,2
U147,Nov,2025,595,5573.53,30,256,51,18,23,49,198,20,4
U333,Feb,2025,726,6644.74,31,156,93,32,25,72,348,9,8
U405,Dec,2023,614,5713.93,29,219,54,50,25,66,200,20,3
U114,Dec,2023,812,7502.13,30,191,176,54,32,57,302,16,5
U243,Sep,2023,876,8208.83,30,285,119,35,22,48,367,13,2
U515,May,2024,662,6063.49,30,158,58,48,21,84,293,8,2
U101,Aug,2025,740,6754.45,28,171,181,40,28,42,278,12,4
U473,Feb,2023,825,7717.76,30,167,157,67,30,83,321,10,7
U154,Jun,2025,818,7378.11,28,292,96,52,21,45,312,11,7
U474,Mar,2024,563,5097.71,28,163,74,43,14,27,242,8,2
U359,Dec,2024,329,2971.84,31,74,44,15,11,22,163,21,7
U244,Dec,2023,283,2642.44,28,79,43,18,13,20,110,16,7
U571,Oct,2023,470,4231.99,28,113,65,15,23,29,225,11,2
U541,May,2025,443,4139.69,29,192,59,10,13,21,148,21,1
U559,Dec,2023,587,5388.96,30,164,124,36,25,51,187,11,1
U112,Aug,2025,413,3717.66,28,117,79,11,16,40,150,17,8
U430,Oct,2023,365,3343.64,30,149,37,19,13,32,115,10,6
U324,Jan,2025,990,8983.97,28,358,146,65,26,89,306,14,5
U372,May,2025,258,2386.44,31,97,49,9,8,15,80,17,6
U556,Mar,2025,801,7426.67,29,287,60,24,24,93,313,20,7
U458,Apr,2025,703,6464.09,28,306,47,42,21,51,236,11,0
U560,Feb,2024,905,8159.67,30,227,162,73,22,71,350,18,7
U508,Sep,2025,322,2982.51,31,144,46,16,7,22,87,11,2
U256,Mar,2023,847,7908.28,30,345,76,45,20,47,314,21,2
U473,Feb,2024,612,5684.34,31,212,114,20,18,54,194,15,5
U108,Oct,2024,338,3154.21,29,123,56,8,13,22,116,17,3
U222,Nov,2025,428,3886.33,31,155,90,21,11,17,134,12,3
U448,Sep,2024,473,4425.18,30,101,52,23,27,31,239,14,3
U264,Jul,2025,638,5824.22,30,162,137,46,24,33,236,19,8
U190,Jun,2023,761,6853.08,28,335,51,36,25,73,241,10,7
U236,Jan,2025,317,2959.94,31,105,51,16,8,34,103,11,2
U286,May,2024,913,8560.95,30,268,153,61,41,59,331,17,0
U416,Dec,2023,682,6316.84,28,266,81,42,15,39,239,11,0
U278,Nov,2025,594,5400.99,29,196,123,31,20,29,195,22,0
U128,Nov,2023,902,8208.83,30,183,72,93,44,114,396,17,3
U320,Mar,2023,659,6053.99,28,253,93,46,19,32,216,23,5
U457,Jan,2024,892,8348.35,30,341,85,67,24,89,286,22,3
U141,Apr,2023,277,2509.58,31,66,60,19,9,24,99,19,2
U328,Feb,2024,611,5700.87,28,268,37,36,25,57,188,23,7
U292,Feb,2023,274,2497.93,31,70,62,16,11,21,94,8,7
U511,Mar,2025,494,4605.78,29,155,104,14,21,40,160,23,5
U547,Aug,2023,992,9293.16,31,226,236,40,32,88,370,9,8
U245,Aug,2025,220,2017.62,28,77,19,6,8,24,86,22,0
U301,Dec,2025,370,3384.03,30,108,67,12,9,39,135,14,7
U517,Jul,2023,214,1994.67,28,61,15,12,12,21,93,8,5
U312,Jun,2025,410,3776.84,31,166,76,10,10,28,120,12,0
U561,Sep,2023,759,7038.8,31,153,170,61,26,83,266,17,3
U320,Apr,2023,285,2636.0,30,113,40,17,10,25,80,11,4
U340,Dec,2025,348,3153.28,29,119,64,9,11,28,117,21,6
U513,Jan,2025,899,8394.79,28,401,61,32,31,37,337,20,7
U497,Aug,2024,571,5183.72,30,198,86,37,14,27,209,8,8
U146,Jul,2025,679,6364.21,30,145,92,57,28,81,276,23,5
U135,Jul,2024,350,3185.08,30,74,94,26,14,16,126,16,8
U353,Mar,2025,340,3159.81,28,143,61,20,9,14,93,23,3
U490,Apr,2023,268,2442.52,28,109,45,16,6,12,80,22,7
U182,Oct,2025,459,4189.35,28,131,109,19,10,36,154,21,2
U471,Sep,2023,720,6569.28,29,255,86,28,23,61,267,17,3
U356,Jun,2023,832,7736.9,30,268,183,47,26,44,264,19,3
U297,May,2023,570,5256.95,31,251,57,20,12,30,200,8,5
U403,Mar,2024,618,5780.27,31,270,98,32,17,43,158,24,8
U509,Sep,2025,300,2736.88,30,133,47,12,8,24,76,16,5
U550,May,2023,860,7978.05,31,358,52,58,34,38,320,14,0
U110,May,2023,857,7971.11,29,366,93,30,18,41,309,16,4
U412,Apr,2024,442,4004.78,29,112,34,29,23,47,197,19,8
U386,Apr,2025,952,8720.54,28,388,196,39,25,67,237,14,4
U342,Dec,2025,711,6536.31,28,268,57,55,22,67,242,21,5
U351,Jan,2024,754,6893.28,28,332,99,24,29,56,214,22,2
U465,Jul,2024,294,2683.88,28,100,57,19,6,26,86,22,7
U105,Sep,2025,425,3941.69,28,94,49,36,18,30,198,13,3
U219,Mar,2024,717,6514.91,31,250,103,44,21,34,265,21,3
U389,Dec,2025,413,3834.19,31,153,65,25,12,30,128,9,4
U474,Feb,2025,917,8595.97,28,233,95,65,40,108,376,15,8
U165,Mar,2023,266,2454.14,29,79,55,9,6,21,96,20,7
U246,Jan,2023,595,5500.52,31,208,67,22,24,66,208,13,6
U324,Jun,2025,811,7321.36,29,238,87,66,34,84,302,12,4
U339,Nov,2025,211,1971.96,29,61,35,14,8,19,74,12,8
U277,Nov,2025,436,3973.78,30,101,67,19,13,25,211,8,8
U367,Jul,2025,969,8959.39,30,421,180,41,21,35,271,16,1
U441,Nov,2025,598,5616.2,28,231,117,23,18,45,164,13,3
U382,Nov,2025,606,5598.35,29,121,107,24,20,43,291,14,7
U163,Feb,2024,679,6307.83,31,265,78,34,25,28,249,16,0
U317,Aug,2025,846,7764.7,30,325,94,33,20,88,286,12,4
U442,Jun,2024,421,3799.17,30,85,56,16,17,57,190,21,7
U415,Apr,2024,355,3308.26,29,103,59,18,16,21,138,12,1
U383,May,2025,853,7688.94,30,299,166,42,30,68,248,15,1
U277,Aug,2025,627,5818.72,30,196,76,19,27,33,276,14,7
U561,Mar,2024,357,3216.27,31,140,32,16,15,21,133,20,8
U517,Mar,2024,615,5747.13,29,188,93,25,26,54,229,20,6
U198,Nov,2025,525,4758.1,30,125,46,18,25,66,245,15,7
U205,Apr,2025,570,5247.25,29,253,87,14,21,19,176,18,4
U199,Jan,2024,543,5016.7,30,141,92,19,24,39,228,13,0
U485,Sep,2024,461,4233.37,31,174,64,15,16,25,167,9,3
U505,Aug,2024,482,4403.7,29,113,64,39,18,61,187,20,1
U596,Aug,2023,428,3932.09,30,120,100,19,17,34,138,18,2
U411,Oct,2024,479,4370.67,31,148,40,18,17,41,215,8,2
U106,Jun,2023,489,4486.7,30,121,116,15,11,25,201,9,8
U576,Jul,2025,879,8037.19,29,274,117,38,26,80,344,24,3
U565,Jun,2025,246,2269.71,30,58,60,16,6,20,86,15,1
U297,Sep,2024,914,8312.99,29,310,170,37,26,82,289,9,2
U451,Mar,2025,413,3880.33,29,151,33,15,19,27,168,13,2
U233,Mar,2025,957,8804.73,30,206,231,47,39,107,327,12,6
U458,Mar,2025,223,2024.32,31,93,35,10,4,13,68,23,7
U359,Oct,2025,520,4779.23,28,128,42,18,29,43,260,15,5
U537,Mar,2023,473,4420.93,31,121,46,34,20,38,214,23,3
U123,Sep,2023,755,6801.59,31,275,124,31,24,53,248,20,5
U585,Dec,2024,512,4747.17,30,162,92,13,16,55,174,14,0
U153,Apr,2024,562,5181.18,31,182,108,31,22,46,173,23,7
U265,Jul,2024,867,7861.8,31,201,186,58,27,73,322,23,0
U302,Sep,2025,579,5400.33,28,232,91,28,12,26,190,19,4
U558,Nov,2025,910,8324.27,31,322,171,35,24,43,315,21,1
U183,Dec,2023,873,7959.6,28,204,163,52,38,72,344,23,5
U245,Jul,2023,669,6242.61,30,196,78,35,29,69,262,23,8
U185,Sep,2024,945,8746.36,28,380,185,45,19,67,249,20,4
U178,Dec,2023,874,8180.03,29,298,60,55,25,58,378,16,3
U557,Mar,2023,315,2914.37,29,71,46,11,15,19,153,16,1
U466,Apr,2023,804,7474.25,28,235,160,46,30,52,281,20,2
U101,Aug,2023,241,2249.63,29,62,37,16,8,28,90,11,5
U151,Jun,2023,995,8976.79,30,327,70,52,50,90,406,16,7
U273,May,2024,578,5381.42,29,237,39,41,25,34,202,22,7
U305,Apr,2024,921,8515.09,28,284,166,63,24,57,327,21,4
U360,Aug,2023,405,3656.26,30,124,95,12,13,19,142,19,4
U546,Jan,2024,665,6120.28,29,283,90,41,12,40,199,13,2
U549,Sep,2025,931,8409.71,30,320,138,44,36,85,308,10,6
U469,Jan,2023,479,4452.01,28,163,56,31,16,52,161,23,5
U588,Aug,2025,847,7808.15,29,224,102,68,27,74,352,24,0
U388,Apr,2024,817,7664.63,30,287,55,47,37,48,343,23,3
U134,Sep,2024,317,2876.22,30,109,34,15,14,29,116,13,5
U448,Nov,2025,436,4029.69,29,130,64,34,11,42,155,15,5
U195,May,2024,508,4614.99,30,227,42,17,11,23,188,9,2
U172,Mar,2023,655,6055.89,30,275,46,25,20,65,224,21,5
U139,Sep,2025,674,6260.83,28,261,115,25,22,56,195,19,5
U254,Nov,2023,299,2777.39,28,99,64,18,10,18,90,24,8
U350,Sep,2025,460,4289.97,28,145,105,30,13,30,137,22,8
U262,Apr,2024,504,4708.08,28,124,96,20,20,50,194,23,1
U538,Nov,2025,553,4994.09,28,152,45,48,27,56,225,20,3
U218,Apr,2025,485,4431.59,28,190,84,15,14,18,164,24,8
U359,Dec,2023,527,4887.85,29,165,46,46,21,29,220,15,3
U479,Aug,2024,302,2778.23,28,127,46,14,8,13,94,8,7
U406,Feb,2023,262,2377.98,30,62,58,7,12,26,97,10,2
U368,Sep,2024,886,8169.88,29,289,168,22,25,63,319,23,2
U549,Jun,2023,481,4407.39,30,173,104,13,12,32,147,9,8
U154,Sep,2025,640,5859.85,28,210,122,21,16,58,213,22,7
U336,Aug,2023,492,4587.36,28,207,77,26,16,25,141,8,0
U489,Jul,2024,937,8585.77,30,419,85,31,28,79,295,16,1
U578,Jan,2024,206,1856.18,30,47,52,15,6,14,72,23,2
U322,Dec,2025,838,7561.46,30,194,93,62,48,69,372,11,1
U351,Mar,2024,291,2718.67,31,67,73,18,12,18,103,19,2
U413,Nov,2023,389,3650.47,31,144,43,14,18,41,129,8,7
U501,Feb,2025,675,6260.87,31,197,63,57,20,72,266,8,5
U212,May,2024,710,6493.48,31,272,134,35,25,25,219,14,6
U355,May,2024,661,6197.17,29,199,46,56,23,82,255,22,5
U403,May,2023,252,2334.81,28,89,50,16,4,20,73,20,0
U507,Apr,2023,953,8898.86,30,374,95,30,31,51,372,23,2
U307,May,2025,685,6374.84,28,230,146,18,21,30,240,14,0
U329,Mar,2024,843,7714.85,30,282,153,53,19,49,287,23,8
U441,Dec,2023,689,6332.93,28,152,143,53,26,60,255,20,8
U498,Jan,2025,563,5108.92,29,170,75,34,25,49,210,21,4
U166,May,2024,311,2835.33,31,104,23,15,11,22,136,24,3
U175,Sep,2024,608,5661.24,28,191,128,33,17,39,200,19,8
U535,Sep,2025,206,1927.66,30,87,16,8,6,11,78,20,8
U203,Apr,2025,941,8741.69,28,401,104,32,38,39,327,22,2
U522,Mar,2023,867,7964.32,29,351,129,38,18,58,273,11,4
U292,Jan,2024,396,3577.7,29,116,61,15,14,28,162,9,2
U352,Feb,2024,934,8427.28,28,354,86,48,28,75,343,9,1
U326,Aug,2024,566,5178.75,31,169,53,50,27,64,203,22,0
U394,Jan,2025,449,4124.3,30,115,43,38,13,29,211,22,1
U406,Aug,2023,794,7339.46,29,226,179,56,23,31,279,17,7
U198,Jul,2024,439,3952.14,29,95,37,40,18,27,222,18,7
U438,Aug,2025,579,5440.22,28,163,143,23,23,38,189,17,2
U386,Dec,2024,670,6127.54,29,211,68,51,20,65,255,12,6
U435,Jun,2023,974,9096.42,29,427,69,68,33,70,307,16,6
U447,Dec,2024,900,8292.59,30,250,158,71,23,69,329,20,1
U535,Sep,2023,654,5920.12,31,278,45,39,28,40,224,24,8
U547,Mar,2023,565,5265.25,30,145,105,22,23,39,231,13,2
U582,Oct,2024,489,4539.84,31,121,115,13,19,34,187,17,1
U408,Apr,2024,602,5545.01,30,198,45,23,24,59,253,9,2
U349,Jun,2023,257,2365.9,28,94,48,16,6,11,82,13,1
U266,Aug,2025,720,6505.19,29,151,113,43,25,83,305,20,7
U581,May,2023,503,4658.96,31,128,52,43,22,48,210,14,4
U572,Mar,2024,314,2940.45,28,98,31,17,16,21,131,9,2
U435,Jun,2024,409,3696.25,29,115,96,22,11,28,137,21,4
U130,Apr,2025,240,2185.3,29,90,19,6,11,27,87,12,7
U347,Sep,2023,372,3482.26,29,121,79,12,9,15,136,18,6
U206,Mar,2023,433,3946.25,30,103,77,23,22,27,181,17,5
U151,Apr,2023,992,9187.48,28,420,62,57,30,70,353,18,0
U181,Jul,2024,789,7269.79,28,215,124,30,28,76,316,9,0
U233,Jul,2023,819,7566.36,29,313,154,44,22,37,249,22,0
U385,Dec,2025,992,9092.99,31,391,169,37,33,86,276,14,7
U488,Dec,2024,602,5490.24,28,265,74,34,19,41,169,16,7
U238,Apr,2024,238,2146.62,30,77,50,6,7,22,76,12,6
U284,Jun,2023,318,2956.67,31,112,26,21,12,21,126,14,5
U501,Dec,2025,534,4965.37,31,151,125,20,12,50,176,9,3
U430,Mar,2024,535,4958.54,31,197,105,30,13,29,161,10,0
U373,Jun,2024,738,6832.0,31,233,139,33,22,42,269,9,8
U440,Dec,2023,815,7414.45,28,252,171,45,27,75,245,11,0
U572,Feb,2023,273,2459.44,29,112,37,17,8,11,88,14,3
U169,Aug,2025,390,3636.16,31,82,82,11,18,47,150,14,2
U134,Feb,2023,523,4809.75,30,219,73,11,18,34,168,24,6
U362,Nov,2025,346,3156.47,30,142,38,21,8,34,103,23,4
U153,Jul,2024,966,8733.39,29,315,157,56,38,72,328,10,4
U550,Sep,2025,483,4359.12,28,155,53,21,12,51,191,22,3
U305,Jan,2025,412,3765.49,29,119,61,23,17,19,173,21,0
U226,Aug,2025,834,7774.46,31,374,78,20,19,59,284,22,4
U335,Jul,2024,917,8589.99,28,208,92,42,49,110,416,21,3
U143,Jun,2023,951,8900.12,28,330,112,47,35,92,335,14,7
U340,Jun,2024,593,5555.22,31,219,117,34,16,25,182,10,1
U559,Jun,2023,538,5037.34,30,233,59,24,18,33,171,24,7
U471,Sep,2025,997,9183.26,31,393,173,46,19,59,307,17,0
U211,Feb,2025,221,2008.4,29,79,20,16,6,11,89,22,3
U349,Jan,2025,970,9039.64,31,222,154,48,44,83,419,13,2
U251,Dec,2025,304,2761.99,30,89,27,22,15,33,118,24,4
U283,Jun,2025,665,6056.08,31,156,68,60,26,51,304,24,4
U436,Oct,2023,658,5983.39,29,276,97,20,16,41,208,21,4
U195,Nov,2023,631,5808.98,29,244,97,24,20,60,186,12,3
U559,Aug,2025,969,8845.74,30,377,90,74,34,41,353,15,7
U474,Mar,2024,915,8291.42,29,332,127,67,27,68,294,14,2
U500,Dec,2024,973,8933.38,29,317,207,32,39,79,299,11,3
U108,Oct,2025,818,7647.94,31,194,89,30,38,99,368,12,0
U488,Jan,2023,962,8877.55,28,271,72,47,29,112,431,23,6
U460,Sep,2024,420,3927.56,29,98,84,21,13,42,162,21,0
U488,Jan,2024,578,5247.29,29,220,40,29,20,29,240,21,1
U284,Mar,2024,421,3817.12,30,101,110,23,15,30,142,16,6
U381,Aug,2025,457,4218.22,30,171,72,29,11,37,137,13,0
U295,Mar,2024,912,8377.02,31,340,124,37,40,42,329,24,2
U452,Apr,2024,566,5243.46,31,178,80,41,17,25,225,19,5
U295,Aug,2024,969,9029.0,29,226,180,33,40,108,382,11,5
U255,Jan,2024,548,5096.69,28,152,48,18,16,64,250,23,5
U193,Jun,2023,424,3975.81,28,118,101,20,17,27,141,18,1
U260,Jan,2025,913,8362.44,31,342,146,23,35,88,279,11,1
U534,Jan,2025,937,8510.35,30,214,105,55,33,113,417,24,5
U161,Aug,2023,435,4010.86,29,177,62,27,16,37,116,15,4
U222,Nov,2023,382,3454.92,29,149,31,14,12,42,134,21,6
U151,Apr,2025,911,8304.26,28,224,71,74,45,85,412,9,6
U503,Dec,2024,957,8692.58,31,363,153,35,36,78,292,18,4
U377,Jan,2024,643,5889.0,28,236,106,16,24,52,209,18,7
U105,Oct,2025,822,7434.57,28,318,123,40,32,68,241,13,5
U566,Jul,2024,205,1847.61,31,50,22,17,10,23,83,21,4
U192,May,2023,435,4029.28,30,104,83,22,22,25,179,17,3
U270,May,2024,326,3013.58,29,84,27,24,11,24,156,15,6
U417,Jan,2024,303,2812.85,30,88,54,22,9,18,112,14,3
U122,Oct,2024,948,8782.42,31,377,136,56,31,77,271,15,4
U505,Nov,2025,679,6142.04,31,261,110,21,24,58,205,15,4
U426,Jun,2023,354,3227.22,29,152,65,16,9,19,93,9,0
U101,Sep,2024,456,4127.63,30,97,112,24,11,39,173,23,0
U233,Sep,2025,434,4052.34,29,88,119,28,18,40,141,16,2
U333,Aug,2024,699,6499.83,28,261,150,28,25,34,201,20,2
U112,May,2023,488,4431.34,28,131,104,15,16,23,199,19,1
U446,Jan,2024,709,6477.8,28,201,172,35,18,48,235,24,1
U146,Sep,2023,751,7049.37,30,252,158,33,15,69,224,9,5
U134,Jan,2024,999,9228.43,28,225,218,56,30,102,368,20,0
U533,Aug,2023,908,8462.98,29,327,69,70,37,62,343,8,5
U178,May,2024,984,8960.14,30,276,79,87,51,53,438,18,4
U318,Mar,2023,975,8856.92,29,349,193,41,21,72,299,12,5
U401,Nov,2024,768,7152.82,31,313,101,33,24,66,231,8,4
U511,Jul,2024,497,4609.35,30,120,114,26,20,43,174,20,6
U173,Jul,2025,809,7501.36,29,350,81,38,21,52,267,15,0
U382,Sep,2025,336,3098.27,29,111,44,26,12,16,127,13,2
U349,Jul,2023,575,5304.62,30,247,90,27,18,45,148,24,5
U147,Nov,2024,286,2658.16,31,72,70,11,12,17,104,19,0
U221,Mar,2023,618,5628.74,30,217,48,36,23,39,255,8,6
U314,Nov,2025,953,8711.48,28,286,210,51,35,82,289,10,3
U339,Jan,2023,398,3720.76,28,156,72,19,9,35,107,21,2
U156,Aug,2023,662,6039.79,31,232,76,38,19,59,238,15,8
U450,Dec,2025,636,5862.98,29,205,81,23,19,59,249,18,0
U207,Mar,2024,509,4724.06,29,217,32,13,16,34,197,21,7
U419,Dec,2023,795,7472.98,29,233,58,42,23,45,394,15,0
U148,Aug,2025,953,8742.93,30,243,155,51,32,60,412,10,4
U161,Aug,2024,480,4402.19,30,168,38,15,21,44,194,14,7
U437,May,2025,522,4873.93,31,185,50,37,20,28,202,11,5
U126,Dec,2023,963,8977.28,28,298,207,38,22,92,306,23,6
U392,Jan,2024,901,8372.48,29,289,148,65,25,47,327,20,7
U357,Oct,2024,351,3224.04,28,154,50,9,10,22,106,12,5
U108,Jul,2025,501,4573.92,30,191,45,14,16,41,194,12,5
U213,Dec,2025,477,4409.15,30,108,113,25,16,40,175,11,5
U455,Oct,2025,850,7947.92,30,215,201,29,34,55,316,9,4
U353,May,2024,887,8296.56,28,393,114,54,16,71,239,20,7
U280,Aug,2024,207,1871.98,31,78,42,4,5,12,66,23,1
U307,Sep,2023,434,3980.36,31,186,77,15,8,30,118,9,6
U403,Nov,2024,874,8028.47,30,241,179,64,21,72,297,24,3
U227,Jul,2023,760,7137.2,29,292,132,29,30,32,245,12,0
U156,Jul,2025,501,4644.87,28,189,39,16,17,46,194,15,4
U314,Jan,2025,237,2171.61,30,64,29,11,10,22,101,22,2
U114,Apr,2024,335,3018.49,28,113,25,19,15,38,125,20,3
U574,Feb,2025,620,5720.22,28,221,40,24,17,73,245,20,6
U128,Feb,2025,418,3778.06,31,133,39,23,13,25,185,23,4
U571,Feb,2024,547,5105.58,30,222,104,29,17,19,156,20,3
U178,Apr,2023,745,6929.25,31,304,70,50,29,42,250,9,0
U316,Jan,2024,278,2553.21,30,114,56,5,7,23,73,10,5
U486,Apr,2023,947,8685.59,28,379,141,28,27,38,334,22,5
U465,Feb,2024,472,4417.42,31,151,51,20,21,46,183,20,6
U254,May,2024,360,3281.54,28,106,56,21,11,31,135,12,0
U114,Mar,2025,886,8062.25,30,361,81,38,22,75,309,13,3
U287,Dec,2024,507,4753.47,29,163,119,30,12,24,159,21,8
U412,Aug,2024,573,5342.48,31,149,132,35,17,32,208,11,5
U471,Apr,2023,932,8693.93,31,304,66,33,27,82,420,14,1
U107,Jan,2025,208,1888.24,28,48,53,12,7,10,78,11,3
U103,Jan,2023,643,5823.86,28,239,113,17,23,27,224,9,5
U211,Dec,2023,312,2811.25,29,88,27,14,13,19,151,14,3
U507,Oct,2025,404,3674.31,31,107,79,14,10,36,158,10,6
U338,Mar,2025,604,5623.04,30,265,88,16,16,34,185,22,2
U463,Sep,2025,897,8159.13,30,353,84,51,34,54,321,8,5
U339,Jul,2024,396,3679.49,31,157,69,18,8,21,123,9,3
U593,Feb,2025,977,8891.45,31,347,76,37,27,64,426,17,2
U374,Sep,2025,973,8910.85,31,398,127,66,26,57,299,23,2
U394,Oct,2025,959,9008.14,29,373,60,48,28,58,392,22,1
U327,Feb,2023,314,2856.75,30,109,70,8,12,23,92,22,2
U471,Mar,2023,320,2928.18,30,140,51,8,9,13,99,21,0
U115,Nov,2024,852,7770.61,28,211,89,59,31,111,351,21,2
U292,Oct,2023,264,2387.58,28,115,27,18,8,10,86,13,8
U573,Feb,2024,475,4368.08,31,142,46,30,17,57,183,21,3
U219,Mar,2023,438,4008.35,28,145,85,30,10,37,131,24,2
U585,Jun,2025,501,4648.26,29,115,44,32,19,58,233,24,7
U128,Sep,2023,591,5512.28,30,198,121,25,20,53,174,23,0
U302,Sep,2024,721,6645.96,30,254,156,31,14,32,234,15,4
U139,Jul,2023,568,5119.32,28,255,84,27,12,24,166,14,0
U541,Dec,2025,432,3994.95,31,191,36,17,11,24,153,19,6
U373,Mar,2024,394,3554.73,28,173,41,24,9,20,127,16,4
U331,Apr,2025,211,1951.02,31,60,33,6,9,15,88,21,1
U186,Jun,2025,888,8235.32,29,397,123,34,30,56,248,8,0
U574,Nov,2024,376,3413.74,30,118,68,19,14,16,141,17,6
U226,May,2025,416,3880.34,29,171,58,20,13,24,130,24,0
U400,Feb,2025,210,1966.53,30,53,29,9,11,14,94,24,2
U125,Jun,2023,645,6014.78,29,210,140,27,14,48,206,24,5
U245,Mar,2025,829,7562.17,28,366,55,40,21,85,262,11,5
U113,Aug,2025,363,3352.18,29,158,44,19,10,23,109,24,6
U312,Feb,2025,750,7024.44,29,278,138,42,20,44,228,9,0
U125,Jan,2025,252,2300.32,28,100,17,16,8,17,94,15,6
U168,Sep,2024,417,3889.78,30,101,87,19,12,43,155,20,1
U494,Dec,2023,917,8256.48,30,348,173,59,19,35,283,22,5
U167,Mar,2025,559,5031.82,28,198,95,35,17,52,162,16,7
U333,Nov,2025,584,5433.47,29,130,46,31,36,55,286,10,4
U209,Jan,2024,255,2372.67,29,58,28,11,10,21,127,10,2
U246,Jul,2025,317,2953.04,29,71,45,16,9,43,133,9,7
U211,Oct,2024,452,4236.15,31,172,44,22,18,47,149,8,7
U328,May,2023,997,9020.02,30,234,259,68,28,80,328,21,3
U211,May,2023,979,8901.85,29,310,175,63,26,41,364,24,7
U570,Jan,2025,379,3548.0,30,109,47,30,12,38,143,20,4
U134,Sep,2025,614,5569.53,29,207,135,20,21,34,197,22,4
U211,Jul,2025,434,4024.44,28,163,77,21,15,25,133,21,2
U364,Aug,2024,907,8355.45,28,336,97,37,34,49,354,9,6
U524,Sep,2025,279,2520.28,30,91,36,9,9,23,111,14,8
U469,Jun,2025,846,7710.53,30,267,86,58,28,86,321,24,8
U336,Dec,2023,221,2035.0,28,66,53,6,5,12,79,13,0
U183,May,2025,676,6314.48,31,280,90,35,26,58,187,15,0
U142,Jun,2023,639,5931.85,28,180,148,35,22,32,222,9,4
U525,Nov,2025,936,8656.83,29,247,128,73,25,50,413,8,0
U201,Feb,2023,769,7073.58,31,296,149,20,25,54,225,23,3
U106,Apr,2025,292,2662.89,28,84,23,23,11,34,117,14,0
U280,Mar,2023,391,3537.65,31,160,79,22,12,28,90,18,1
U382,Jul,2024,302,2767.42,31,85,71,19,11,24,92,22,1
U420,Sep,2023,595,5361.79,31,223,70,37,15,32,218,20,3
U326,May,2023,206,1871.39,30,43,47,13,8,23,72,9,7
U543,Jun,2023,839,7696.14,28,248,170,38,28,84,271,21,1
U540,Oct,2025,766,7022.26,30,218,178,45,19,38,268,13,8
U415,Dec,2025,430,3877.62,30,173,45,25,15,31,141,16,8
U465,Dec,2025,773,7139.14,29,341,93,38,23,50,228,14,1
U554,Feb,2024,439,4047.52,29,138,95,26,9,28,143,16,0
U329,Mar,2024,289,2610.03,31,117,50,11,9,25,77,11,8
U477,Mar,2023,431,4041.6,31,161,53,13,16,20,168,16,1
U389,Dec,2024,656,5930.08,29,289,114,26,12,41,174,11,7
U537,Dec,2023,432,4035.72,29,173,28,17,14,26,174,19,2
U250,Sep,2023,553,4977.07,28,121,127,26,22,46,211,11,0
U377,Jul,2023,532,4975.75,31,201,50,14,15,54,198,21,0
U298,Aug,2024,638,5747.03,31,213,72,31,29,40,253,14,1
U170,Nov,2025,574,5339.99,29,117,102,46,15,46,248,20,6
U212,Oct,2024,491,4490.04,28,129,76,29,14,58,185,15,5
U104,Nov,2023,544,5056.64,29,234,71,12,12,46,169,12,1
U450,Sep,2023,863,7905.68,29,372,115,36,25,58,257,19,3
U431,Jun,2024,627,5660.78,30,250,68,24,23,34,228,20,1
U546,Apr,2023,856,7966.79,31,381,68,39,25,56,287,21,0
U418,Dec,2023,329,2970.38,28,132,57,12,8,25,95,11,2
U450,Jan,2024,340,3185.41,30,68,54,31,16,38,133,14,3
U195,Aug,2024,614,5538.52,31,166,101,18,17,42,270,22,4
U252,Jul,2024,292,2683.99,29,60,60,20,9,28,115,13,4
U411,Feb,2023,825,7663.6,28,184,209,58,19,40,315,23,6
U237,Aug,2023,483,4422.98,31,123,99,38,11,21,191,15,7
U347,Dec,2025,854,7760.21,29,278,64,34,32,81,365,23,8
U487,May,2025,422,3926.13,30,173,77,17,9,19,127,23,6
U343,Jul,2024,943,8782.84,28,391,191,19,21,35,286,10,4
U131,Apr,2025,662,6202.33,31,234,93,33,27,57,218,24,8
U140,May,2023,744,6807.95,30,321,144,17,15,43,204,16,7
U329,Aug,2025,475,4371.19,29,154,76,32,18,42,153,10,8
U136,Jan,2023,881,8056.97,29,372,109,24,31,68,277,14,7
U508,Jan,2024,339,3085.86,31,106,42,19,11,33,128,19,5
U323,Apr,2024,556,5171.03,29,149,107,30,20,36,214,23,3
U106,Mar,2023,912,8331.9,28,391,82,64,27,48,300,24,8
U422,Oct,2025,222,2036.02,31,65,19,15,6,22,95,22,8
U568,Dec,2024,935,8565.97,30,304,67,44,49,61,410,8,8
U320,Feb,2024,469,4354.7,31,132,58,20,20,53,186,9,2
U175,Dec,2025,864,8093.19,31,315,109,27,38,66,309,15,2
U104,Mar,2025,532,4929.89,30,238,69,28,17,24,156,9,5
U435,Nov,2023,284,2609.57,29,58,39,22,8,30,127,16,5
U234,Nov,2025,820,7635.58,30,348,163,34,16,62,197,16,5
U218,Nov,2025,230,2128.97,28,46,31,8,8,15,122,20,4
U469,Jan,2025,940,8482.79,29,273,140,66,42,48,371,13,4
U194,Jan,2023,439,3967.8,31,106,41,33,24,53,182,22,1
U586,Jun,2023,562,5066.52,29,218,56,42,18,26,202,22,6
U535,May,2024,588,5399.44,29,125,51,44,20,36,312,14,3
U162,Aug,2023,852,7949.45,28,288,135,34,22,56,317,18,2
U541,Feb,2024,867,7911.58,29,237,181,39,37,63,310,15,7
U294,Apr,2025,498,4558.52,29,116,56,22,29,50,225,13,3
U435,Aug,2024,570,5337.36,29,223,66,34,14,41,192,15,3
U303,Dec,2024,298,2781.76,31,75,23,24,8,39,129,9,7
U492,Jun,2025,246,2279.44,29,62,57,8,7,24,88,23,0
U126,Jan,2024,621,5655.27,30,166,134,21,15,70,215,14,8
U535,Apr,2023,679,6142.79,29,235,51,22,33,57,281,17,6
U273,Jan,2023,778,7007.0,28,283,94,56,25,36,284,19,1
U400,Feb,2023,261,2360.17,29,53,70,10,10,28,90,24,5
U233,May,2023,308,2808.05,29,80,45,15,11,15,142,14,7
U426,Aug,2024,878,8095.79,31,270,140,36,29,87,316,15,4
U510,Aug,2024,748,6751.15,30,211,101,39,24,39,334,14,5
U218,Nov,2025,318,2879.33,29,133,46,16,10,24,89,11,7
U424,Mar,2024,797,7230.73,30,316,165,43,23,60,190,10,5
U375,Nov,2024,581,5375.87,28,207,130,16,15,33,180,22,8
U312,Apr,2024,591,5464.57,31,168,124,35,17,33,214,11,8
U325,Oct,2025,251,2314.3,30,94,31,10,5,14,97,16,8
U120,Nov,2023,802,7298.36,31,329,105,54,16,51,247,20,5
U213,Jun,2024,488,4464.44,29,170,60,20,19,27,192,23,8
U240,Nov,2025,536,4844.73,28,212,112,10,15,37,150,8,2
U147,Nov,2025,403,3663.51,31,156,68,18,11,23,127,11,4
U101,Oct,2025,437,4089.92,29,149,61,14,19,28,166,15,1
U190,Mar,2023,581,5456.68,30,161,43,20,26,56,275,23,7
U242,Feb,2024,866,8018.35,28,334,122,49,24,61,276,18,3
U420,Jun,2025,951,8907.76,28,239,246,57,23,46,340,18,5
U138,Nov,2023,335,3101.13,30,132,46,15,12,26,104,10,5
U393,May,2025,606,5462.05,30,243,52,36,21,59,195,15,4
U482,Oct,2025,707,6644.88,28,286,44,39,18,45,275,17,0
U239,May,2025,561,5071.2,31,178,72,35,22,32,222,23,6
U456,Oct,2025,580,5378.37,28,143,144,32,18,52,191,12,7
U433,May,2025,775,7053.38,30,174,209,45,31,40,276,16,0
U591,Oct,2023,834,7636.76,31,321,172,23,30,30,258,15,6
U359,Dec,2024,453,4194.04,29,190,74,14,14,31,130,18,3
U261,May,2024,676,6202.03,28,245,103,30,25,37,236,23,5
U490,Mar,2024,313,2848.37,30,73,59,17,8,19,137,14,8
U278,Jul,2024,219,2000.3,29,94,29,12,6,19,59,22,4
U110,Jun,2023,727,6642.32,28,325,111,25,23,34,209,24,7
U361,Apr,2023,344,3228.0,28,106,48,12,13,38,127,13,4
U507,Feb,2023,407,3793.01,31,141,71,14,14,21,146,22,1
U238,Dec,2025,730,6703.9,30,287,57,27,34,72,253,15,3
U272,Sep,2025,575,5220.96,29,220,59,36,15,42,203,14,1
U486,Jan,2025,703,6555.06,28,310,121,26,13,26,207,9,6
U113,Nov,2024,365,3307.95,31,83,91,23,14,32,122,20,6
U268,Apr,2025,749,6804.05,29,258,115,34,31,72,239,13,2
U230,Jan,2024,380,3475.63,29,141,25,29,17,20,148,12,6
U184,Jun,2025,816,7631.35,28,344,156,46,22,51,197,8,0
U421,Apr,2024,811,7341.75,29,339,130,40,27,45,230,22,0
U419,May,2025,801,7248.16,28,356,90,48,26,59,222,17,8
U201,May,2025,643,5914.05,31,210,108,32,15,57,221,10,5
U429,Sep,2023,531,4837.71,31,216,65,35,18,20,177,12,4
U373,Jan,2025,702,6477.7,29,215,105,50,19,39,274,20,5
U365,Feb,2025,278,2552.22,28,84,62,19,6,18,89,15,5
U559,Jun,2023,784,7192.4,30,206,81,55,30,98,314,9,0
U499,May,2024,887,8022.73,31,358,66,59,26,57,321,16,4
U508,Nov,2023,595,5388.57,28,265,33,30,17,48,202,24,8
U138,Jul,2023,807,7528.04,28,213,106,37,26,43,382,20,3
U519,Mar,2024,302,2825.01,28,64,32,17,12,36,141,8,2
U194,Mar,2025,601,5465.42,29,242,55,42,13,47,202,19,0
U195,Oct,2024,423,3826.2,30,150,28,13,17,44,171,12,1
U405,Feb,2025,717,6468.32,29,315,63,37,26,65,211,15,2
U169,Mar,2025,833,7699.68,31,219,112,43,42,50,367,22,3
U418,Oct,2024,435,4039.47,29,94,36,27,25,35,218,10,6
U544,Jan,2023,626,5727.35,28,202,106,44,19,63,192,13,5
U336,May,2024,315,2920.64,29,69,59,25,14,18,130,20,7
U534,Dec,2025,362,3361.24,28,96,33,25,13,40,155,19,8
U434,May,2024,425,3984.01,30,98,81,19,11,45,171,8,5
U473,Dec,2024,429,3872.13,29,109,111,20,15,35,139,14,6
U476,Nov,2025,381,3458.31,29,86,99,17,14,22,143,19,3
U559,Jul,2023,448,4044.28,29,196,25,19,18,25,165,17,1
U237,Apr,2024,517,4832.5,28,139,112,16,20,45,185,19,8
U518,Mar,2025,409,3810.67,28,127,53,23,11,24,171,18,8
U176,Jan,2025,855,7891.53,29,363,57,34,37,72,292,11,3
U583,Dec,2024,591,5338.78,29,218,64,35,22,43,209,13,2
U135,Aug,2023,295,2687.25,30,104,34,12,13,20,112,16,5
U101,Mar,2024,955,8708.73,30,359,137,42,36,55,326,17,2
U396,Feb,2023,285,2628.92,31,116,44,6,7,27,85,12,0
U420,Nov,2023,614,5589.38,30,257,102,38,11,36,170,20,3
U506,Apr,2023,593,5354.31,30,213,61,32,16,49,222,16,0
U160,Mar,2023,895,8316.61,30,378,93,22,21,92,289,9,1
U420,Jan,2024,832,7587.53,28,277,98,47,25,76,309,8,2
U449,Mar,2025,700,6426.66,30,188,97,56,26,81,252,19,7
U428,Dec,2025,803,7268.01,30,337,163,38,25,27,213,17,3
U367,Feb,2025,781,7279.72,29,261,153,44,30,66,227,9,3
U461,Aug,2025,332,3063.1,28,141,65,8,10,16,92,16,8
U329,Jun,2025,990,9267.03,31,207,213,65,25,106,374,9,6
U370,Sep,2025,848,7800.06,31,253,119,60,27,88,301,21,1
U416,Aug,2024,513,4810.18,30,224,57,24,17,26,165,18,2
U386,Oct,2023,898,8402.36,31,235,147,71,25,67,353,18,3
U391,Mar,2025,420,3876.85,31,182,48,14,15,33,128,24,3
U313,May,2024,637,5970.96,31,279,109,18,22,24,185,11,7
U265,Jul,2025,245,2236.66,30,103,30,15,6,19,72,20,5
U105,May,2025,989,9045.65,31,337,113,60,40,51,388,14,2
U439,Aug,2023,391,3526.11,30,141,73,8,9,37,123,23,8
U479,Dec,2023,719,6640.45,29,300,131,24,22,34,208,8,7
U178,May,2023,578,5368.91,29,227,71,38,12,42,188,20,8
U510,Jan,2025,987,9188.39,31,352,169,24,25,49,368,8,4
U162,May,2025,890,8063.33,29,396,56,22,35,53,328,18,2
U232,Apr,2025,533,4891.69,30,197,78,20,20,35,183,13,3
U189,Jun,2023,238,2158.84,29,105,14,16,8,16,79,10,4
U337,Mar,2024,492,4558.31,31,105,41,48,22,27,249,19,8
U142,Nov,2025,889,8057.17,30,208,172,51,38,97,323,12,8
U189,May,2025,361,3379.56,28,112,43,21,16,17,152,16,2
U502,Feb,2025,530,4818.89,30,156,106,22,24,47,175,19,6
U396,Nov,2024,303,2762.32,29,119,59,9,10,18,88,17,5
U428,Jun,2025,360,3362.53,28,86,36,31,18,33,156,12,3
U395,Dec,2024,998,9165.02,30,443,156,24,31,45,299,12,4
U204,Jun,2025,834,7514.01,28,232,137,45,33,73,314,16,1
U114,May,2024,253,2327.05,28,77,22,17,7,23,107,24,6
U388,Jun,2025,233,2104.88,28,62,44,7,6,14,100,17,3
U279,Nov,2023,441,4142.81,30,152,72,22,17,24,154,8,1
U225,Jul,2023,312,2881.4,29,66,56,20,15,17,138,23,5
U522,Dec,2023,517,4706.05,30,122,130,32,18,23,192,22,1
U453,May,2023,222,2048.06,29,85,31,7,7,9,83,24,1
U123,Jan,2025,757,6836.28,30,186,198,29,17,43,284,20,6
U163,Aug,2023,846,7884.68,30,219,142,51,28,81,325,8,0
U243,Apr,2024,317,2970.33,30,126,24,24,10,19,114,15,6
U581,Sep,2023,900,8414.8,29,200,152,39,37,71,401,12,4
U253,Oct,2023,842,7693.1,30,260,84,73,40,46,339,13,0
U245,Dec,2023,411,3752.56,28,84,81,29,12,38,167,21,5
U325,Jun,2025,617,5561.66,30,176,120,42,21,39,219,18,6
U595,Jan,2023,312,2889.29,28,116,42,9,9,27,109,13,0
U550,Mar,2024,243,2238.99,31,54,23,13,15,29,109,18,8
U562,Mar,2023,327,3003.08,31,138,41,8,13,23,104,20,6
U409,Oct,2023,357,3342.61,29,152,24,15,11,21,134,19,0
U204,Dec,2023,984,8922.08,29,222,206,82,47,75,352,9,2
U204,Dec,2024,593,5339.29,31,265,97,13,16,27,175,10,4
U535,Apr,2023,711,6419.85,30,195,175,36,17,67,221,11,3
U139,Jun,2024,244,2217.8,30,53,26,8,12,31,114,24,1
U535,Jul,2024,307,2767.09,30,61,57,22,10,27,130,13,0
U298,Oct,2023,418,3846.08,31,126,70,15,16,46,145,14,3
U234,Apr,2024,642,5858.66,28,229,136,17,25,42,193,22,6
U167,Jun,2025,514,4663.11,29,145,94,23,22,34,196,18,3
U491,Nov,2023,376,3496.81,28,153,30,24,10,18,141,10,8
U279,Jan,2023,427,3877.92,31,161,55,12,12,33,154,13,7
U556,Aug,2024,902,8366.09,28,259,169,34,23,95,322,9,7
U142,Jul,2024,871,7960.68,30,334,147,19,23,80,268,21,4
U548,Nov,2023,466,4289.4,30,202,83,26,8,28,119,16,0
U600,Nov,2025,578,5417.91,28,129,65,41,25,50,268,19,8
U115,Sep,2024,688,6202.28,31,190,168,40,24,52,214,20,1
U211,Mar,2024,901,8289.3,28,284,70,62,42,94,349,19,5
U257,Feb,2025,886,8276.81,30,287,207,25,19,56,292,19,4
U389,Jan,2025,489,4516.01,30,164,102,24,13,31,155,16,7
U600,Mar,2023,556,5065.58,31,152,107,18,17,52,210,24,2
U578,May,2025,856,7840.17,28,313,154,35,19,77,258,23,5
U331,Nov,2023,943,8743.6,30,340,71,56,32,97,347,24,5
U511,Feb,2025,403,3770.6,30,138,29,24,13,20,179,15,2
U520,Dec,2024,412,3714.77,28,94,39,17,21,28,213,18,6
U257,Mar,2023,751,6780.49,28,239,62,24,40,87,299,9,3
U138,Apr,2023,986,9002.2,29,285,166,69,33,97,336,15,4
U541,Jul,2023,522,4746.6,31,168,54,36,23,38,203,19,8
U197,Mar,2025,793,7221.04,31,341,142,18,16,51,225,8,5
U585,Sep,2024,380,3453.63,28,121,54,12,18,41,134,20,3
U511,Aug,2023,698,6336.67,31,142,152,56,20,77,251,24,7
U539,Apr,2023,519,4698.12,30,160,94,33,13,47,172,21,8
U389,Jan,2023,282,2643.35,28,114,30,20,6,14,98,21,4
U354,Jan,2023,502,4546.95,28,198,48,19,15,46,176,23,1
U296,Jan,2024,461,4186.69,28,151,57,24,17,24,188,24,5
U186,Jan,2025,983,8943.83,29,257,217,37,46,99,327,13,7
U422,Aug,2024,399,3739.91,31,126,67,23,16,20,147,14,4
U110,Mar,2023,439,4083.7,29,149,47,14,15,42,172,8,0
U105,Jun,2024,891,8300.45,30,400,149,21,25,56,240,22,7
U223,Mar,2023,882,7974.96,31,318,64,28,38,93,341,20,8
U430,Nov,2025,494,4611.25,29,184,85,26,18,33,148,9,0
U453,May,2025,711,6515.09,28,229,101,37,29,34,281,22,7
U218,Jul,2025,888,8085.35,29,256,178,50,31,76,297,19,1
U394,Feb,2023,595,5492.03,28,239,118,32,17,29,160,22,3
U497,Jun,2024,948,8843.77,29,306,184,56,35,54,313,21,1
U259,Jun,2025,337,3137.96,29,151,39,14,7,31,95,13,1
U403,Nov,2023,328,3068.77,29,103,30,28,10,29,128,19,2
U328,Mar,2023,248,2324.07,28,53,58,13,10,23,91,13,7
U465,Jun,2024,875,7958.34,29,324,118,26,37,66,304,16,3
U316,Oct,2025,988,9059.51,31,209,92,102,41,117,427,11,6
U536,Oct,2023,492,4430.88,31,129,101,13,24,47,178,24,2
U284,May,2024,827,7733.88,31,238,101,51,26,81,330,9,2
U115,Dec,2025,735,6660.44,28,282,50,32,26,86,259,23,1
U257,Feb,2024,510,4765.74,28,165,112,23,14,33,163,21,5
U236,Sep,2024,736,6720.97,31,152,128,48,39,75,294,15,5
U361,Aug,2023,838,7665.4,31,296,92,33,26,85,306,21,0
U257,Mar,2023,433,3903.78,31,131,84,23,14,28,153,9,6
U147,Aug,2023,408,3725.35,30,175,74,19,8,22,110,23,3
U424,Sep,2024,804,7521.7,31,261,54,37,34,102,316,11,2
U432,Mar,2023,293,2639.99,29,110,49,11,11,11,101,8,7
U273,Mar,2024,526,4819.49,30,133,114,21,16,36,206,21,1
U230,Feb,2024,424,3821.33,30,165,39,29,17,30,144,15,8
U511,Aug,2023,991,9066.03,28,376,136,58,40,38,343,10,7
U195,Oct,2025,210,1904.5,29,89,14,14,4,20,69,12,7
U215,Jan,2025,528,4805.27,28,110,119,20,24,36,219,13,2
U343,Aug,2025,211,1973.07,28,65,45,5,6,12,78,15,3
U520,Jul,2024,234,2146.81,29,86,18,8,7,25,90,13,1
U392,Jul,2024,646,5884.75,28,144,152,23,26,42,259,13,1
U382,Mar,2024,651,6012.46,29,197,132,33,24,52,213,11,3
U399,Jan,2023,939,8504.38,29,408,99,63,25,76,268,14,5
U383,Apr,2024,419,3814.47,28,129,79,18,10,40,143,14,4
U169,Sep,2023,640,5899.84,31,285,35,46,26,53,195,10,0
U248,May,2023,852,7748.95,28,182,223,24,36,43,344,15,0
U111,Jan,2025,734,6805.39,30,278,108,49,19,31,249,8,5
U354,May,2025,794,7302.1,28,274,132,26,27,48,287,8,2
U430,Aug,2025,428,3984.16,29,139,76,30,9,18,156,21,2
U460,Aug,2023,543,5092.96,30,240,72,12,14,35,170,13,6
U138,May,2023,279,2523.92,29,64,67,21,9,18,100,17,0
U234,Dec,2023,552,5041.89,31,234,80,16,16,37,169,21,0
U300,Sep,2024,595,5431.05,31,221,122,20,14,31,187,11,2
U123,Jan,2023,489,4430.57,30,129,88,26,21,38,187,13,7
U403,Apr,2025,654,6097.98,31,278,53,28,19,41,235,23,0
U446,Mar,2025,870,8094.44,31,267,198,47,28,42,288,8,3
U402,Feb,2023,327,3006.36,28,131,52,21,7,22,94,13,8
U463,Aug,2023,901,8302.81,28,267,174,50,29,76,305,16,3
U496,Jul,2025,742,6695.67,31,306,151,34,15,52,184,22,7
U318,Sep,2023,558,5145.99,31,200,42,18,24,63,211,19,6
U241,Feb,2025,726,6763.81,28,170,115,49,27,75,290,10,2
U204,Apr,2024,512,4725.52,31,185,52,26,12,48,189,18,6
U546,Jun,2025,274,2495.08,31,67,53,21,6,13,114,22,6
U310,Nov,2024,745,6903.93,29,225,156,32,24,35,273,10,2
U573,Mar,2023,395,3612.12,31,95,102,23,10,36,129,21,1
U581,Aug,2023,228,2101.69,30,46,38,10,10,16,108,9,8
U211,Mar,2024,905,8321.5,29,228,200,36,31,62,348,11,0
U204,Dec,2023,215,1967.78,30,71,47,8,7,9,73,19,6
U416,Feb,2024,622,5776.86,31,199,114,24,27,33,225,9,3
U271,Mar,2023,788,7370.6,28,256,85,33,31,82,301,24,1
U560,Nov,2025,792,7129.65,29,207,147,24,36,52,326,10,1
U592,Jun,2023,604,5661.56,28,224,130,33,19,33,165,17,7
U456,Feb,2025,835,7685.85,29,314,180,19,30,35,257,23,6
U596,Aug,2025,730,6774.61,28,211,135,53,20,62,249,16,6
U424,Jan,2024,813,7595.25,29,341,151,20,27,57,217,18,4
U233,Jul,2023,276,2535.57,29,99,26,8,13,20,110,22,7
U476,Feb,2024,428,3994.95,30,161,43,23,13,40,148,10,1
U393,Oct,2023,496,4499.24,28,133,122,24,14,27,176,23,1
U428,Dec,2025,709,6426.14,30,141,76,48,43,81,320,19,4
U227,Jun,2025,914,8466.37,30,380,78,48,33,78,297,12,0
U206,Dec,2023,772,7216.7,28,313,94,28,23,77,237,14,5
U597,Feb,2023,737,6896.09,29,170,140,49,33,46,299,16,3
U192,Feb,2024,782,7239.36,30,229,138,41,24,39,311,15,5
U387,Oct,2023,814,7497.1,28,297,89,35,23,51,319,19,6
U478,Aug,2023,525,4794.59,29,190,110,29,15,21,160,9,2
U493,Dec,2023,562,5278.3,30,233,108,27,15,22,157,17,7
U151,Feb,2024,868,7923.0,30,204,131,47,44,66,376,16,6
U129,Jul,2023,558,5188.1,30,171,80,41,19,40,207,15,0
U562,Mar,2025,905,8337.58,29,202,193,72,39,93,306,8,5
U396,Aug,2024,986,9114.0,30,293,184,52,29,55,373,13,6
U397,Jul,2024,523,4789.32,29,106,81,24,24,70,218,19,3
U314,Aug,2025,897,8419.18,31,380,105,58,21,73,260,24,1
U367,Jul,2025,525,4845.05,30,174,65,19,18,57,192,9,8
U507,Nov,2025,824,7725.09,31,339,77,22,35,84,267,18,6
U357,Jun,2023,364,3277.11,28,78,61,18,12,41,154,18,0
U402,Jul,2025,772,7124.84,30,198,155,51,33,73,262,15,7
U201,May,2023,803,7457.36,28,212,168,60,23,56,284,22,2
U505,Jul,2024,997,9270.14,28,295,206,56,22,73,345,16,3
U446,Jan,2024,654,6122.74,28,262,75,46,15,61,195,22,4
U210,Jan,2025,352,3168.62,31,104,72,10,14,23,129,14,0
U520,Sep,2023,936,8424.12,29,235,71,35,37,59,499,20,5
U282,May,2025,326,2995.58,31,70,56,22,14,35,129,20,5
U571,May,2025,392,3532.59,31,86,91,31,15,31,138,8,1
U413,Mar,2023,826,7755.99,28,322,129,37,22,70,246,11,5
U101,May,2025,973,8843.43,30,302,146,28,36,51,410,11,7
U419,Mar,2024,729,6698.83,29,278,117,24,21,55,234,11,5
U538,Sep,2025,209,1886.11,28,77,43,6,8,10,65,20,3
U155,Sep,2023,291,2679.77,29,68,53,14,10,34,112,9,3
U471,Jun,2023,338,3093.37,31,79,77,9,10,18,145,22,8
U524,Jan,2024,680,6132.15,29,264,143,38,16,49,170,11,5
U499,Jul,2023,648,5918.86,29,246,111,29,21,27,214,13,7
U249,Jul,2023,532,4871.3,30,156,91,33,21,23,208,10,7
U531,Oct,2024,539,5064.43,28,118,46,21,34,43,277,14,6
U557,Oct,2025,251,2279.87,29,50,38,9,14,20,120,13,2
U409,Apr,2024,906,8351.43,29,246,159,54,28,81,338,10,0
U237,Aug,2025,665,6247.63,31,134,158,51,23,35,264,11,4
U302,Jun,2024,917,8543.51,31,236,142,55,42,73,369,17,1
U536,Apr,2025,998,9378.55,29,304,235,63,37,46,313,16,1
U413,Apr,2024,674,6327.05,28,155,87,56,25,80,271,13,6
U217,Feb,2025,600,5517.49,29,135,133,19,22,31,260,18,2
U254,Feb,2024,638,5919.72,29,270,75,20,25,38,210,14,7
U525,Dec,2025,804,7271.52,30,278,116,47,24,66,273,11,8
U391,Apr,2024,856,7855.05,28,371,145,32,22,67,219,12,7
U163,May,2023,797,7430.92,30,228,99,37,41,90,302,11,5
U344,Aug,2025,708,6515.11,28,261,55,36,32,75,249,11,4
U125,Jun,2024,352,3266.94,28,88,60,19,11,19,155,20,2
U190,Apr,2025,713,6629.69,28,252,107,49,20,64,221,23,2
U175,Nov,2025,702,6389.17,30,163,161,22,24,72,260,21,6
U394,Jul,2024,971,9079.12,30,194,265,39,45,100,328,18,4
U486,Aug,2025,875,8035.94,30,378,56,45,39,52,305,9,5
U491,Feb,2024,205,1862.24,31,69,33,12,8,19,64,21,5
U310,Dec,2023,699,6532.97,30,301,107,32,19,38,202,14,8
U575,Jul,2025,860,7883.73,31,243,213,58,17,64,265,18,0
U518,Feb,2023,916,8518.91,31,258,220,56,32,57,293,11,7
U447,Feb,2025,317,2922.49,31,95,61,17,10,21,113,14,4
U117,Aug,2025,684,6260.48,29,257,98,23,24,51,231,23,5
U228,Feb,2025,800,7459.16,29,273,73,43,33,57,321,13,5
U527,Nov,2024,865,7987.23,29,373,96,47,25,70,254,13,0
U543,Sep,2023,878,8039.17,31,181,171,70,44,80,332,9,2
U464,Dec,2025,667,6032.24,31,251,117,43,13,49,194,15,5
U351,Jan,2024,360,3368.94,28,101,67,21,14,21,136,14,8
U279,Sep,2025,469,4227.65,31,114,98,26,16,52,163,21,5
U282,Jan,2024,255,2383.05,29,83,35,7,11,23,96,16,5
U252,Oct,2025,427,3904.48,31,139,81,11,16,23,157,22,0
U125,Oct,2023,348,3221.0,31,81,36,15,10,43,163,19,8
U555,Feb,2023,245,2295.38,28,61,25,8,9,17,125,20,3
U280,Jun,2025,343,3107.81,31,103,33,18,11,19,159,14,1
U298,Jun,2024,949,8756.21,30,286,213,37,24,69,320,17,0
U444,Jan,2025,983,9147.58,28,274,84,71,47,92,415,17,2
U261,Jul,2024,831,7730.82,31,197,190,45,24,48,327,9,2
U277,Aug,2025,539,4964.33,31,108,68,39,23,45,256,21,4
U385,Feb,2024,612,5660.94,28,270,74,26,15,54,173,20,0
U163,Aug,2023,931,8661.1,31,405,173,27,25,42,259,13,6
U591,Sep,2025,719,6712.88,29,230,120,53,27,35,254,16,0
U250,Jun,2023,543,5052.47,30,243,45,14,16,55,170,20,3
U254,May,2023,586,5356.98,30,215,63,44,21,35,208,16,5
U256,Dec,2025,672,6315.92,29,145,173,28,29,60,237,20,0
U470,Sep,2025,474,4348.38,31,108,75,29,14,33,215,12,6
U569,Dec,2024,552,4973.4,31,236,77,14,19,37,169,21,6
U149,Nov,2024,265,2423.44,30,94,36,7,8,18,102,12,2
U555,Sep,2023,278,2516.21,31,114,31,12,6,28,87,16,3
U437,Jan,2024,797,7211.72,30,338,71,48,26,51,263,15,5
U184,Nov,2024,835,7609.03,30,260,156,32,23,68,296,14,6
U461,Mar,2025,401,3617.56,29,85,88,24,18,44,142,15,3
U277,Sep,2024,861,7986.12,30,212,109,42,25,117,356,10,8
U248,Nov,2023,757,6835.4,31,163,176,37,20,41,320,22,8
U218,Feb,2024,312,2833.37,31,77,73,22,10,29,101,15,8
U442,Dec,2023,290,2620.78,28,87,67,18,9,17,92,8,5
U576,Apr,2025,340,3068.59,31,78,36,22,17,35,152,14,1
U163,Apr,2023,488,4444.27,28,117,65,22,17,41,226,9,1
U289,Feb,2024,929,8573.52,30,289,201,30,37,59,313,21,3
U460,Mar,2025,788,7396.07,31,224,84,69,40,45,326,22,8
U149,Mar,2024,610,5703.64,29,193,42,26,26,60,263,21,2
U427,Jan,2025,576,5385.82,29,177,126,35,20,39,179,24,5
U357,Jun,2025,583,5288.06,29,210,67,26,21,33,226,23,1
U324,Aug,2024,351,3196.19,30,152,40,23,7,23,106,8,0
U241,Dec,2024,950,8579.03,30,215,155,50,35,121,374,14,4
U578,Mar,2025,826,7691.21,28,185,200,37,21,79,304,18,7
U315,May,2025,518,4676.47,29,214,56,28,21,34,165,12,1
U535,Jan,2024,568,5238.48,28,185,123,37,13,49,161,24,8
U479,Oct,2023,805,7324.82,28,315,124,54,25,53,234,18,7
U540,Jul,2024,759,6904.91,31,192,131,52,24,43,317,15,2
U311,Oct,2025,902,8475.45,31,367,97,54,31,64,289,17,0
U418,Jan,2024,661,6149.09,29,284,60,33,17,33,234,19,3
U132,Dec,2023,211,1969.64,30,75,34,12,8,17,65,17,7
U258,Nov,2024,355,3276.22,31,80,58,29,10,43,135,20,2
U385,Sep,2025,883,8254.64,30,374,166,33,29,43,238,17,1
U405,Aug,2024,676,6258.54,28,269,90,35,25,42,215,24,6
U529,Jul,2025,600,5627.08,28,232,83,29,21,38,197,23,3
U577,Oct,2025,376,3426.31,28,78,60,25,11,28,174,12,5
U386,Jul,2024,540,4988.59,28,215,96,31,11,40,147,10,4
U244,May,2025,256,2374.67,29,60,40,13,13,25,105,22,1
U524,May,2025,647,5924.69,28,165,80,28,20,38,316,9,1
U119,Nov,2023,402,3759.46,31,138,83,17,9,35,120,20,8
U118,May,2023,896,8415.16,28,238,163,35,35,54,371,15,1
U357,Jan,2023,832,7652.33,30,303,131,39,22,83,254,24,7
U178,Aug,2023,937,8579.41,31,329,153,63,23,57,312,11,7
U471,Dec,2025,401,3684.7,30,91,86,25,15,35,149,16,0
U275,Nov,2024,529,4941.44,30,192,60,37,16,25,199,22,0
U598,Jan,2025,562,5203.1,29,242,34,19,15,38,214,16,3
U294,Apr,2025,653,5888.69,29,156,150,48,22,61,216,16,1
U576,Sep,2025,555,5115.36,30,193,47,34,19,44,218,21,0
U213,Sep,2024,415,3737.87,30,118,83,11,17,43,143,23,8
U214,May,2023,754,7020.81,28,237,62,51,22,71,311,24,2
U322,Apr,2025,222,2027.15,31,60,31,19,9,24,79,20,0
U266,Mar,2025,354,3252.84,28,102,29,12,15,48,148,16,1
U535,Mar,2023,385,3588.0,29,79,70,25,14,33,164,22,7
U419,Dec,2025,448,4040.32,29,199,65,26,9,27,122,14,4
U232,May,2024,948,8592.12,28,337,87,26,25,106,367,8,6
U485,Oct,2025,333,3050.01,31,108,43,20,14,19,129,8,5
U364,Jan,2025,520,4727.82,30,153,122,23,14,47,161,12,0
U513,May,2023,589,5380.61,28,197,82,26,23,49,212,16,5
U155,Jun,2025,633,5949.74,29,186,134,35,27,52,199,19,6
U459,Jul,2025,221,2061.97,31,64,52,5,7,10,83,13,3
U231,Dec,2024,799,7473.5,29,252,187,45,22,62,231,20,7
U388,Sep,2023,864,8099.85,31,232,205,21,25,55,326,15,7
U366,Mar,2023,324,2960.19,31,79,43,16,17,37,132,22,6
U558,Feb,2024,278,2535.03,31,94,62,12,9,17,84,13,1
U567,Mar,2025,250,2273.41,28,102,44,9,7,12,76,13,5
U466,Dec,2023,927,8650.81,28,220,218,39,32,101,317,11,5
U262,Sep,2023,375,3476.93,28,78,30,35,21,45,166,18,6
U480,Dec,2025,452,4110.7,31,118,113,31,16,43,131,10,5
U581,Jul,2025,445,4072.1,31,197,73,24,9,21,121,10,1
U187,Sep,2023,938,8632.12,29,381,162,40,28,64,263,19,7
U155,Feb,2025,305,2809.43,30,106,23,24,10,27,115,13,3
U576,May,2023,392,3667.35,28,169,35,26,8,31,123,13,8
U388,Apr,2025,515,4713.4,31,160,120,21,19,20,175,15,7
U278,Feb,2025,501,4691.07,29,223,62,16,11,27,162,22,2
U491,Sep,2024,747,6854.88,29,204,108,26,30,89,290,23,2
U449,Sep,2025,915,8508.17,29,237,210,45,28,64,331,13,7
U108,Jun,2024,978,9165.92,28,351,76,79,31,107,334,24,1
U421,Nov,2025,467,4372.54,28,137,67,27,17,28,191,16,8
U413,Jun,2023,369,3329.41,30,131,46,22,16,38,116,12,3
U347,Aug,2023,750,6811.71,29,207,101,27,29,78,308,13,5
U423,Jun,2025,654,6010.76,28,231,74,22,19,66,242,19,2
U572,Jan,2025,850,7796.73,29,228,94,50,38,70,370,18,2
U571,Apr,2023,491,4544.87,31,104,55,48,17,63,204,23,2
U543,Jul,2025,763,7155.33,29,326,113,27,16,51,230,24,1
U355,Feb,2024,998,9026.87,30,419,190,53,17,64,255,16,7
U428,Sep,2024,340,3121.45,28,150,43,9,7,14,117,8,8
U154,Aug,2024,345,3131.55,31,130,37,19,11,28,120,10,7
U349,Aug,2024,624,5839.17,28,231,54,37,21,65,216,16,2
U339,Jul,2024,513,4814.93,31,174,104,31,12,24,168,20,6
U329,Apr,2025,383,3520.34,29,88,101,9,16,35,134,21,1
U167,Feb,2025,863,7802.9,29,213,121,36,27,48,418,14,3
U151,Mar,2024,912,8494.48,30,248,114,39,48,110,353,11,5
U197,Dec,2025,327,3034.19,30,138,47,20,9,27,86,19,4
U192,Jun,2025,486,4442.95,31,118,108,16,12,35,197,21,8
U595,Dec,2024,452,4228.44,30,194,55,10,18,20,155,9,3
U364,Dec,2025,977,9174.36,30,323,168,50,28,81,327,8,4
U518,May,2025,899,8291.6,30,340,156,41,26,35,301,15,3
U391,Dec,2025,585,5397.38,30,133,153,40,16,41,202,10,7
U196,Aug,2024,429,3912.05,29,114,44,39,20,29,183,13,7
U188,Jun,2025,470,4339.89,30,206,92,17,11,24,120,20,2
U178,Jun,2023,970,8900.58,29,258,141,81,27,47,416,16,0
U388,Jan,2023,614,5600.22,29,168,125,39,15,28,239,16,5
U220,Apr,2024,397,3583.67,28,99,72,17,18,19,172,16,1
U402,May,2023,522,4750.77,29,121,88,44,16,48,205,22,1
U591,Dec,2024,255,2315.18,29,65,52,16,6,21,95,20,2
U500,Nov,2023,402,3705.16,30,144,51,18,14,23,152,23,7
U552,Mar,2023,982,9074.34,29,308,88,69,46,92,379,9,2
U600,Sep,2023,820,7579.61,31,277,120,38,24,83,278,21,6
U265,Jan,2024,827,7571.41,30,190,146,30,29,61,371,13,8
U282,Jun,2024,803,7362.3,30,321,72,49,33,73,255,9,7
U569,Jun,2025,337,3145.46,30,133,68,18,6,22,90,15,0
U498,Oct,2024,621,5707.3,28,127,77,51,29,35,302,11,6
U323,May,2023,256,2405.15,30,75,36,10,13,19,103,21,6
U411,Dec,2023,761,6982.82,29,165,82,74,40,70,330,18,7
U532,May,2024,270,2500.15,31,107,38,6,6,23,90,21,4
U566,Oct,2024,793,7152.98,30,304,86,33,24,49,297,19,8
U107,May,2024,571,5288.22,30,242,73,19,13,55,169,23,8
U430,Jun,2025,816,7621.91,31,211,94,28,47,88,348,13,7
U363,Aug,2023,799,7492.21,30,250,62,44,43,62,338,8,5
U261,Feb,2025,713,6701.44,28,175,158,42,20,36,282,19,5
U251,Jun,2025,283,2578.94,29,82,52,20,10,15,104,14,0
U185,Jan,2023,242,2233.7,31,79,30,19,10,18,86,15,5
U247,Apr,2023,865,7940.95,31,184,76,79,32,86,408,16,3
U212,Oct,2024,805,7426.55,28,304,158,33,18,62,230,9,3
U481,Mar,2024,332,3008.91,29,111,31,23,8,33,126,24,1
U503,Sep,2025,594,5549.42,28,241,117,31,14,24,167,20,3
U136,Mar,2024,264,2472.05,29,70,42,14,13,23,102,12,4
U385,Jun,2024,489,4488.95,28,208,52,29,19,18,163,17,4
U288,Jan,2023,575,5239.5,30,258,90,22,11,30,164,19,4
U182,Dec,2023,968,8766.53,28,416,176,33,20,69,254,24,3
U102,Jun,2024,666,6176.15,31,262,77,33,20,43,231,13,0
U485,Apr,2023,412,3759.46,31,166,49,23,15,35,124,10,7
U403,Aug,2024,347,3249.24,31,119,47,22,12,36,111,22,2
U297,Nov,2023,772,7155.21,28,191,192,33,26,63,267,14,1
U504,Sep,2023,670,6203.04,31,247,115,32,21,31,224,13,8
U111,Apr,2023,348,3209.87,31,131,35,25,8,23,126,11,6
U334,Oct,2023,287,2588.26,30,128,23,20,8,10,98,12,8
U486,Dec,2024,523,4901.96,30,175,54,21,27,46,200,10,1
U295,Oct,2025,595,5504.45,29,159,72,25,18,71,250,16,8
U571,Jun,2023,989,9294.25,29,366,98,61,35,83,346,13,8
U219,Jan,2024,603,5556.61,29,268,88,22,14,45,166,20,8
U496,Apr,2024,281,2608.82,28,68,27,9,13,36,128,11,3
U120,Jul,2023,840,7578.89,29,236,118,41,35,93,317,9,2
U361,Dec,2025,485,4487.56,28,162,82,31,16,27,167,11,5
U393,Jan,2023,581,5406.7,28,140,76,47,29,66,223,15,2
U522,Aug,2024,991,9227.6,29,203,91,69,43,115,470,20,8
U356,Dec,2025,469,4365.47,29,133,40,28,20,35,213,17,2
U322,Oct,2024,491,4463.44,28,204,37,26,11,52,161,16,1
U493,Dec,2023,652,6122.38,30,137,159,25,29,73,229,8,7
U326,Nov,2025,914,8589.84,31,280,167,47,26,73,321,20,5
U153,Jun,2024,223,2013.74,31,87,15,6,10,23,82,22,7
U528,May,2024,510,4781.04,31,223,56,22,13,27,169,9,6
U455,Oct,2024,660,6016.41,30,294,62,25,14,43,222,18,2
U600,Nov,2023,407,3775.22,28,124,69,25,10,22,157,21,7
U442,Sep,2025,991,9053.03,29,433,128,48,37,61,284,22,0
U464,Feb,2023,916,8598.59,28,191,159,49,34,84,399,21,0
U380,May,2023,863,7802.04,28,333,94,22,22,51,341,23,7
U181,Jun,2023,637,5859.83,29,229,54,26,18,62,248,22,8
U302,Jul,2025,737,6759.19,30,193,155,44,22,38,285,16,5
U258,May,2023,905,8263.02,31,295,195,23,20,40,332,12,4
U220,Sep,2023,535,4953.14,31,124,138,16,19,37,201,12,1
U159,Jan,2023,621,5621.55,28,259,41,36,17,43,225,18,8
U594,Jul,2023,949,8813.05,30,274,192,60,32,57,334,11,5
U315,Oct,2024,520,4883.96,31,185,94,19,12,29,181,10,7
U228,Jul,2023,696,6487.99,30,166,178,34,22,44,252,11,8
U324,Apr,2024,786,7344.39,29,197,96,71,33,48,341,21,8
U309,Sep,2023,362,3310.08,28,162,57,20,6,18,99,14,7
U470,Dec,2025,740,6756.17,28,287,51,32,25,81,264,15,7
U215,Nov,2024,364,3351.28,30,160,52,19,8,16,109,23,2
U309,May,2024,897,8089.41,31,245,122,57,29,89,355,22,2
U114,Apr,2024,765,7174.28,30,184,169,60,28,39,285,14,1
U109,Jul,2024,494,4474.41,29,160,105,22,16,29,162,24,0
U140,Apr,2025,241,2256.05,31,78,31,16,9,15,92,19,3
U550,Mar,2023,484,4372.18,31,117,84,35,14,56,178,21,1
U337,Sep,2024,586,5466.82,30,224,46,31,18,43,224,22,1
U381,Nov,2025,337,3053.48,29,97,49,24,10,31,126,22,4
U459,Aug,2024,386,3479.89,31,95,55,17,16,38,165,12,3
U301,Jan,2023,915,8498.33,28,258,95,34,38,59,431,23,0
U346,Jul,2024,630,5740.63,29,214,134,26,17,57,182,12,8
U378,Sep,2025,753,6992.21,31,287,63,58,30,47,268,9,3
U335,Aug,2023,615,5671.55,30,197,108,31,15,28,236,16,4
U594,Aug,2025,999,9034.48,31,331,215,51,39,52,311,16,6
U104,Jun,2023,625,5858.03,28,146,157,36,15,40,231,11,1
U254,Nov,2023,615,5646.27,29,263,105,15,20,24,188,22,7
U542,Apr,2023,225,2091.1,31,97,18,9,6,18,77,18,1
U129,Aug,2024,570,5244.23,28,211,109,30,20,30,170,8,4
U209,Mar,2025,584,5397.18,31,119,78,56,17,61,253,8,1
U198,Sep,2025,255,2325.88,31,85,56,7,7,10,90,15,1
U315,Feb,2025,452,4104.23,29,161,80,19,12,44,136,23,3
U393,Feb,2023,833,7677.78,30,373,136,19,30,34,241,16,3
U175,Dec,2024,305,2798.71,30,136,20,11,13,24,101,19,7
U426,Dec,2023,329,3012.34,28,136,47,12,7,26,101,12,5
U246,Jul,2025,869,8054.78,28,187,208,49,34,49,342,9,7
U228,Dec,2024,575,5333.82,28,252,101,16,15,22,169,14,6
U441,Oct,2024,942,8495.3,29,332,65,39,29,58,419,17,3
U142,Apr,2024,507,4631.7,30,202,102,25,10,23,145,22,1
U456,Oct,2025,290,2657.76,28,87,22,26,15,17,123,14,8
U141,Aug,2024,592,5350.94,28,165,108,26,21,54,218,12,1
U522,Sep,2024,733,6666.17,31,231,137,43,18,49,255,22,0
U134,Jul,2023,309,2787.38,31,73,29,15,11,32,149,22,7
U117,May,2023,760,7142.86,28,219,60,68,26,41,346,17,8
U265,Aug,2024,840,7807.48,31,348,145,40,23,65,219,21,0
U253,Apr,2024,784,7083.42,31,164,121,65,28,50,356,17,6
U586,Feb,2023,539,4855.37,31,128,52,19,24,48,268,24,1
U478,Nov,2023,764,7095.81,29,176,170,45,21,38,314,21,5
U176,Dec,2023,555,5092.5,28,166,121,27,15,27,199,9,4
U187,Jun,2025,367,3418.5,28,164,50,12,7,26,108,23,0
U217,Sep,2025,756,7083.26,31,183,80,37,43,84,329,20,1
U462,Jan,2023,651,6015.06,29,153,51,48,23,75,301,16,1
U442,Nov,2024,304,2758.75,31,130,47,15,9,18,85,14,5
U569,Oct,2023,349,3250.19,29,146,48,8,9,33,105,23,0
U127,Dec,2025,345,3236.9,28,71,71,21,13,29,140,17,3
U413,Jul,2024,915,8447.36,31,354,170,26,23,57,285,16,4
U387,Oct,2025,498,4617.85,28,181,66,16,19,29,187,14,1
U234,Sep,2024,366,3343.41,29,143,29,21,15,18,140,23,1
U319,Oct,2025,912,8347.18,30,295,206,33,24,64,290,16,6
U268,Sep,2024,845,7853.31,29,378,110,33,20,44,260,24,6
U198,Oct,2024,922,8640.16,30,194,184,46,41,81,376,14,5
U368,Nov,2024,247,2285.14,28,63,61,14,6,13,90,18,0
U337,Mar,2024,837,7797.44,28,250,195,38,29,73,252,15,2
U409,Nov,2025,438,3972.07,31,136,73,33,10,46,140,14,8
U555,May,2025,206,1871.47,30,88,20,8,7,12,71,19,0
U494,Aug,2024,663,6108.1,29,225,152,35,18,52,181,14,1
U273,Aug,2024,652,5914.05,28,137,139,28,19,75,254,15,7
U501,Apr,2025,983,9096.68,30,296,138,55,40,113,341,14,6
U510,Dec,2024,570,5196.5,29,173,95,31,19,38,214,13,8
U569,Nov,2024,748,6968.83,30,330,85,27,18,61,227,16,3
U576,Nov,2024,686,6395.75,29,239,143,29,18,34,223,20,3
U290,Jan,2023,410,3766.06,29,147,58,15,14,34,142,14,6
U222,Jan,2024,364,3302.33,29,137,69,7,8,29,114,15,0
U146,Apr,2023,324,2999.82,29,127,61,9,12,24,91,24,8
U164,Jun,2024,536,5036.85,30,192,105,28,17,25,169,24,1
U230,Aug,2025,391,3616.37,30,101,81,26,10,39,134,23,0
U410,Jun,2023,929,8374.29,31,388,169,29,31,50,262,9,6
U463,Dec,2023,413,3719.86,30,158,50,18,12,23,152,15,5
U293,Sep,2024,773,7056.06,30,297,61,22,31,65,297,24,2
U407,Sep,2024,527,4784.27,31,236,90,14,11,40,136,20,0
U281,Feb,2023,580,5408.63,30,232,78,34,20,52,164,17,4
U392,Oct,2025,872,8142.67,29,355,68,49,34,77,289,9,3
U471,Jan,2025,777,7073.38,28,340,56,26,27,33,295,9,4
U382,Feb,2024,997,9102.87,28,237,106,49,37,68,500,21,0
U129,May,2025,438,3983.39,31,142,85,27,11,19,154,23,0
U249,Apr,2025,731,6844.61,30,252,133,24,22,34,266,14,4
U367,Apr,2024,899,8271.75,30,253,97,45,28,74,402,19,5
U396,Sep,2025,281,2602.75,31,115,51,13,6,14,82,21,4
U111,Nov,2024,562,5151.4,28,219,58,30,21,27,207,11,1
U264,Aug,2023,704,6513.69,29,267,130,29,25,58,195,11,8
U213,Jun,2024,401,3670.89,30,180,49,24,9,26,113,10,4
U287,Jan,2023,703,6422.52,31,186,146,26,21,71,253,8,4
U395,Feb,2023,843,7800.95,29,323,101,52,33,52,282,24,8
U332,Jun,2025,236,2179.8,31,79,29,8,11,17,92,14,2
U327,Nov,2025,843,7685.98,31,234,188,46,26,51,298,23,4
U410,Feb,2025,788,7139.07,31,189,65,73,23,72,366,12,4
U198,Oct,2024,800,7317.94,28,339,158,29,23,48,203,14,1
U155,May,2025,601,5508.81,28,209,102,35,22,40,193,21,3
U211,May,2023,964,8918.42,31,391,119,59,20,84,291,9,1
U252,Jun,2025,905,8476.06,30,304,154,28,33,90,296,10,4
U346,Jun,2025,375,3380.43,29,95,36,29,17,33,165,24,1
U506,Jun,2024,744,6768.51,30,211,121,58,24,44,286,23,8
U169,Feb,2024,769,6980.59,28,227,187,38,27,70,220,15,5
U412,Oct,2023,666,6127.81,29,295,58,21,20,57,215,22,7
U389,Mar,2024,400,3668.75,31,80,89,14,18,39,160,14,8
U350,Jun,2025,739,6866.5,30,329,85,24,22,59,220,16,7
U136,Aug,2024,746,6786.34,30,332,108,18,17,30,241,13,4
U339,Dec,2023,836,7722.8,31,375,69,39,28,35,290,21,4
U248,Nov,2025,593,5546.65,30,189,87,18,25,33,241,21,5
U567,Dec,2023,241,2256.79,28,106,46,6,8,9,66,21,0
U327,Jan,2024,796,7469.28,31,237,83,44,29,65,338,11,7
U344,Jan,2024,592,5511.11,30,122,121,33,16,37,263,11,1
U591,Nov,2023,899,8416.79,31,230,163,53,45,93,315,22,5
U437,Feb,2025,822,7475.11,29,358,111,42,25,53,233,22,8
U546,Nov,2024,982,8915.61,31,199,198,32,53,77,423,21,2
U465,Dec,2024,640,5761.66,30,215,95,19,17,32,262,8,1
U591,Dec,2025,816,7574.71,28,178,66,32,36,95,409,17,4
U582,Jun,2024,705,6609.37,31,191,167,32,17,35,263,17,8
U301,Sep,2023,519,4709.81,31,115,123,15,24,51,191,17,5
U254,Apr,2024,752,6959.59,30,311,63,47,31,66,234,9,7
U550,Mar,2024,414,3849.61,28,143,55,15,15,33,153,15,7
U173,Dec,2025,270,2530.18,28,114,45,15,5,11,80,8,6
U301,Aug,2023,767,7101.46,29,285,166,31,16,58,211,8,4
U396,Nov,2025,435,4083.83,29,192,82,15,11,19,116,11,1
U117,Oct,2024,480,4386.18,30,157,104,28,14,23,154,14,4
U229,Sep,2024,816,7458.22,28,293,73,54,33,61,302,16,6
U317,Dec,2025,361,3327.41,28,124,77,17,9,31,103,23,6
U161,Nov,2025,390,3569.83,29,125,84,25,10,21,125,12,1
U527,May,2025,208,1872.12,29,85,23,9,4,20,67,9,6
U204,Sep,2023,259,2406.81,30,93,32,17,9,11,97,18,5
U142,Feb,2024,424,3943.49,28,169,54,17,13,19,152,20,6
U125,Mar,2025,899,8359.61,31,356,143,53,33,64,250,18,7
U139,Jul,2024,781,7136.78,29,193,97,37,37,53,364,24,3
U391,Jul,2023,486,4475.53,30,176,32,21,17,35,205,12,0
U231,Jun,2023,368,3364.99,28,91,37,28,13,23,176,20,7
U598,Jun,2023,261,2350.67,28,90,35,9,12,17,98,8,7
U329,Feb,2023,548,5055.29,29,202,58,20,13,36,219,17,2
U208,Oct,2024,641,5800.73,30,288,102,20,15,45,171,15,2
U272,Jun,2023,213,1923.82,31,44,21,17,12,24,95,15,4
U535,Apr,2023,363,3376.7,29,80,93,26,13,36,115,13,2
U578,Dec,2025,619,5573.35,30,135,156,38,22,55,213,19,4
U202,Mar,2023,956,8970.72,28,286,219,59,23,75,294,14,7
U454,Nov,2025,719,6619.19,31,291,121,32,25,51,199,23,0
U112,Feb,2023,865,8125.12,30,355,64,25,25,92,304,16,1
U375,Jan,2023,747,6740.33,31,287,96,21,21,46,276,17,1
U201,Nov,2025,759,7008.16,30,321,58,40,20,46,274,17,3
U144,Nov,2023,796,7275.23,30,223,198,31,19,68,257,17,8
U543,May,2024,227,2119.59,30,50,32,10,13,16,106,23,1
U405,Feb,2024,907,8294.05,30,194,175,51,39,106,342,8,8
U545,Feb,2023,645,5872.21,31,266,111,31,19,39,179,24,6
U117,Jul,2024,407,3802.61,29,155,83,14,15,20,120,21,7
U430,Aug,2025,669,6121.26,31,250,121,38,15,53,192,24,0
U157,Oct,2023,915,8241.16,30,260,175,59,21,58,342,21,4
U411,Aug,2023,303,2774.3,31,89,46,20,11,33,104,15,8
U597,Apr,2025,941,8715.36,31,413,132,58,25,77,236,16,3
U403,Jan,2025,625,5688.59,31,134,60,34,29,73,295,15,1
U112,Nov,2025,300,2751.84,30,118,58,14,5,12,93,20,5
U418,Jul,2023,740,6676.79,31,205,126,55,25,45,284,24,1
U180,Jan,2025,838,7739.13,28,175,72,63,33,87,408,14,2
U316,Nov,2025,721,6707.12,30,278,146,38,16,55,188,24,7
U439,Apr,2024,305,2795.42,31,86,48,15,9,18,129,8,2
U364,Aug,2024,878,8049.59,28,334,172,40,22,35,275,12,1
U579,Feb,2023,968,8746.18,31,364,189,23,26,40,326,13,5
U249,Jun,2024,476,4322.45,29,158,96,32,12,31,147,9,2
U181,Jun,2024,264,2392.33,31,104,18,18,12,26,86,23,0
U315,Dec,2025,982,9027.21,31,339,104,73,45,44,377,12,2
U585,Sep,2025,387,3564.93,29,105,89,23,13,20,137,12,5
U474,May,2024,516,4839.86,30,197,103,14,20,37,145,19,2
U564,Oct,2024,337,3042.87,29,117,47,9,16,33,115,10,8
U298,Apr,2024,542,5008.05,30,110,90,46,20,61,215,23,6
U300,May,2023,304,2800.02,29,129,25,13,9,27,101,13,4
U125,Dec,2023,745,6858.84,31,250,169,24,29,32,241,22,1
U566,Dec,2023,579,5413.22,31,241,51,30,20,37,200,22,8
U189,Oct,2024,309,2806.4,30,129,26,14,8,32,100,23,4
U368,Nov,2024,744,6708.13,30,231,136,43,28,75,231,20,6
U243,May,2023,553,5125.71,28,180,59,30,17,50,217,19,8
U159,Aug,2023,942,8608.06,28,286,219,52,25,74,286,17,3
U510,Oct,2024,516,4647.63,31,161,36,43,16,63,197,21,8
U589,Dec,2025,465,4231.76,31,197,27,16,14,35,176,9,0
U465,Aug,2023,893,8147.49,28,354,121,34,19,43,322,10,5
U126,Feb,2024,264,2441.14,28,61,45,14,13,26,105,16,1
U147,Jul,2024,532,4824.73,30,187,48,43,16,58,180,18,7
U388,Aug,2025,712,6525.64,29,319,87,26,15,54,211,18,4
U366,Nov,2024,332,3052.07,30,115,44,15,8,33,117,17,2
U116,Jun,2024,791,7264.3,28,313,154,37,22,43,222,21,1
U299,May,2023,982,9220.56,31,385,61,49,48,50,389,16,7
U501,Nov,2023,952,8585.33,28,273,233,64,21,45,316,17,6
U507,Sep,2025,739,6932.11,31,216,133,54,18,78,240,16,8
U382,Mar,2025,934,8623.41,31,355,79,50,32,72,346,12,7
U569,Dec,2024,734,6839.63,31,238,55,50,30,36,325,15,3
U186,Oct,2023,695,6374.65,31,238,107,19,21,75,235,18,1
U350,Apr,2025,820,7528.86,29,310,80,51,24,62,293,8,1
U491,Sep,2025,818,7649.72,28,322,86,49,25,75,261,17,1
U370,Jun,2025,856,8010.77,30,229,101,45,31,82,368,8,5
U435,Aug,2024,568,5166.23,31,134,113,23,28,31,239,14,6
U217,Jul,2023,850,7717.74,31,232,147,66,21,73,311,21,5
U107,Nov,2025,995,9152.5,30,325,80,54,33,125,378,12,1
U237,Feb,2023,298,2789.31,30,85,49,18,13,13,120,24,3
U471,Mar,2025,516,4710.53,31,176,101,12,20,46,161,13,2
U276,Jan,2025,322,2981.98,30,68,30,20,11,26,167,23,3
U428,Sep,2023,519,4818.01,30,169,112,31,20,29,158,18,4
U598,Jul,2023,998,9292.85,29,291,172,47,41,69,378,17,6
U415,Jan,2023,792,7306.65,30,264,178,38,19,68,225,22,8
U315,Mar,2024,694,6357.72,28,212,66,29,28,63,296,14,1
U577,Apr,2025,656,6157.74,28,177,166,28,18,44,223,9,7
U182,Apr,2024,721,6665.31,28,307,108,43,15,55,193,19,2
U323,May,2023,719,6680.54,31,177,131,43,23,37,308,19,8
U578,Mar,2025,916,8370.4,28,339,132,62,30,39,314,23,3
U472,Mar,2024,514,4763.74,29,221,31,36,20,21,185,13,2
U523,Jan,2025,908,8265.63,28,303,202,58,23,65,257,10,5
U583,Jul,2024,909,8270.12,31,380,138,54,22,56,259,9,8
U502,Nov,2023,741,6880.84,29,171,70,25,34,102,339,12,6
U543,Oct,2024,678,6243.4,28,219,48,58,29,56,268,18,3
U590,Jan,2025,219,2030.86,29,68,17,8,11,15,100,10,2
U203,Feb,2025,759,6912.8,29,153,152,24,28,88,314,10,3
U373,Apr,2025,329,3039.79,31,102,57,9,12,21,128,12,2
U114,Apr,2025,492,4515.37,31,143,78,23,17,55,176,18,2
U259,May,2023,331,3058.04,29,121,37,19,13,19,122,10,8
U252,Nov,2024,555,5059.58,28,241,73,21,12,26,182,20,3
U583,Feb,2023,253,2349.4,31,56,45,7,9,23,113,15,8
U208,Apr,2023,992,9247.79,29,279,74,62,41,57,479,17,4
U288,Jan,2023,586,5334.92,30,182,68,31,28,29,248,9,6
U401,Feb,2025,464,4231.8,30,145,36,35,19,39,190,11,4
U198,Jan,2025,414,3835.49,31,162,81,13,15,18,125,11,0
U231,Oct,2025,659,6114.36,28,204,127,23,16,29,260,16,1
U393,Oct,2024,657,6098.04,30,135,182,25,22,42,251,23,4
U271,Apr,2025,242,2244.09,30,91,26,10,8,18,89,13,5
U524,Apr,2024,785,7188.34,30,330,145,34,22,40,214,11,6
U574,Jul,2025,477,4368.34,28,156,80,23,19,23,176,16,1
U283,Oct,2025,953,8674.14,28,329,133,41,41,76,333,20,8
U571,Nov,2023,329,2981.64,31,79,38,18,16,36,142,16,5
U464,Nov,2023,549,5093.09,31,140,116,25,21,49,198,13,1
U139,Sep,2023,905,8178.73,30,234,218,66,37,55,295,21,1
U115,Sep,2024,743,6965.71,28,228,81,31,27,45,331,22,2
U476,May,2024,305,2845.86,29,131,25,19,11,20,99,10,0
U597,Oct,2025,915,8548.85,30,302,167,53,37,83,273,12,8
U104,Jan,2024,200,1872.53,31,49,51,5,7,14,74,21,3
U449,Jan,2025,956,8760.25,28,254,201,74,36,50,341,23,4
U570,Jun,2024,783,7312.19,31,231,94,57,27,42,332,21,6
U509,Feb,2024,631,5718.89,31,224,83,38,16,65,205,16,0
U497,Aug,2024,505,4549.37,28,156,68,25,20,49,187,22,2
U310,Sep,2023,726,6761.93,30,216,159,37,18,43,253,14,2
U261,Apr,2024,252,2275.54,28,85,48,8,8,14,89,21,1
U116,May,2023,719,6755.3,30,187,131,21,35,80,265,13,7
U593,Nov,2023,529,4903.79,31,116,69,45,16,35,248,22,4
U526,Aug,2024,757,7041.14,28,156,201,55,17,59,269,15,0
U208,Mar,2025,524,4767.52,29,137,101,18,21,51,196,9,1
U482,May,2025,313,2901.37,30,69,83,20,9,21,111,15,0
U550,Mar,2025,346,3119.98,29,98,60,23,11,16,138,8,5
U411,Dec,2024,365,3407.32,30,143,67,10,10,18,117,24,8
U327,Oct,2025,578,5241.22,28,219,108,23,12,50,166,12,6
U270,Mar,2023,338,3136.28,29,119,40,16,8,27,128,23,4
U134,Mar,2025,828,7526.35,28,342,165,40,26,56,199,14,2
U514,Dec,2024,498,4495.64,30,134,38,43,17,48,218,14,7
U351,Jul,2025,475,4366.48,30,200,80,11,13,41,130,9,3
U347,Jul,2023,988,8958.9,30,296,236,48,40,86,282,22,8
U369,Jul,2024,377,3503.0,30,113,48,27,17,29,143,21,4
U241,Oct,2025,553,5029.55,31,166,101,36,13,35,202,16,5
U374,Aug,2024,353,3225.36,30,79,65,13,14,34,148,21,4
U516,May,2024,400,3690.79,29,177,64,16,12,26,105,12,6
U196,May,2024,314,2861.79,30,73,76,22,12,22,109,18,6
U327,Apr,2025,870,7961.54,28,248,155,38,37,87,305,15,0
U479,Jul,2024,753,7022.67,31,210,165,34,25,40,279,12,1
U139,Oct,2025,958,8690.67,29,209,133,80,31,75,430,18,6
U402,Apr,2023,267,2411.78,31,63,32,10,11,30,121,12,7
U600,Feb,2025,644,5880.58,31,136,105,54,28,43,278,24,3
U129,Apr,2023,644,5905.32,31,175,126,27,25,48,243,11,5
U546,Aug,2025,525,4838.96,28,218,45,13,13,57,179,22,2
U597,Sep,2024,907,8298.12,31,258,175,34,23,80,337,9,6
U577,Mar,2025,801,7462.09,31,184,122,29,45,102,319,24,2
U418,Jul,2024,822,7410.93,30,297,156,21,20,68,260,19,6
U345,Dec,2023,558,5118.37,28,250,33,32,15,47,181,24,7
U336,Sep,2025,344,3148.6,29,88,68,13,15,30,130,17,2
U285,Nov,2024,474,4388.78,29,127,91,36,15,24,181,20,1
U372,Apr,2023,708,6645.65,29,313,132,26,14,39,184,21,5
U540,Oct,2023,378,3479.17,28,92,79,19,13,24,151,23,3
U336,Mar,2025,952,8943.8,29,312,191,41,32,93,283,23,7
U339,May,2023,676,6165.73,28,175,163,40,21,38,239,24,1
U477,Jan,2024,613,5524.57,30,265,93,24,22,28,181,14,3
U366,Mar,2023,352,3191.33,30,156,33,10,9,27,117,19,1
U514,Aug,2023,303,2774.89,28,122,57,17,8,17,82,9,1
U509,Nov,2024,274,2500.67,29,76,56,13,7,12,110,17,1
U459,Aug,2023,327,2955.69,28,98,47,10,11,19,142,12,0
U440,Apr,2023,910,8347.49,28,237,186,50,38,88,311,10,3
U489,Feb,2023,865,7901.99,31,365,158,39,18,49,236,20,1
U165,Aug,2023,767,6940.62,28,328,150,22,21,29,217,19,8
U578,Aug,2024,989,9018.14,31,301,232,59,22,63,312,10,8
U277,Oct,2023,544,5088.89,30,198,62,33,13,32,206,13,6
U103,Apr,2024,730,6658.2,31,176,113,50,29,48,314,21,5
U529,Mar,2023,358,3324.24,28,110,31,19,16,44,138,11,2
U242,Feb,2023,737,6813.43,30,263,76,58,18,49,273,20,6
U476,Sep,2023,625,5731.8,31,185,141,23,26,26,224,10,0
U258,Jan,2023,880,8004.14,28,254,119,54,27,104,322,13,8
U598,Jul,2024,222,2030.77,30,44,45,10,6,25,92,23,3
U424,May,2024,246,2272.26,31,98,39,13,5,12,79,10,5
U246,Aug,2024,724,6617.58,28,305,123,16,16,42,222,19,5
U546,Apr,2025,928,8431.77,28,410,75,24,22,91,306,11,2
U393,Jul,2023,905,8187.16,29,343,99,60,36,56,311,8,3
U253,May,2023,343,3207.7,29,115,48,16,12,28,124,9,2
U532,May,2024,784,7194.08,31,209,109,39,29,71,327,20,5
U293,Sep,2025,867,8019.82,31,389,165,34,27,40,212,20,0
U537,Sep,2023,788,7246.58,31,273,158,42,21,57,237,9,7
U594,Sep,2024,618,5777.7,28,228,85,21,16,45,223,23,7
U563,Dec,2023,880,8112.52,31,326,177,25,22,34,296,19,8
U173,Jun,2023,998,9173.93,28,410,109,69,25,85,300,8,5
U499,Jun,2024,284,2661.03,31,57,67,17,10,15,118,16,0
U405,May,2024,615,5712.04,28,156,71,34,22,56,276,24,2
U477,Sep,2023,893,8076.85,28,327,165,52,26,60,263,17,0
U444,Oct,2023,681,6177.41,29,288,84,31,23,52,203,14,4
U552,Aug,2024,655,6101.23,30,243,52,26,29,49,256,22,2
U240,Jul,2023,496,4629.83,28,150,58,20,22,51,195,16,1
U287,Jul,2023,311,2866.82,31,90,44,15,9,18,135,17,2
U393,Jun,2024,429,3956.14,29,164,76,25,9,30,125,11,8
U161,May,2023,295,2729.57,31,113,21,9,11,31,110,13,7
U585,Apr,2023,879,8065.39,31,309,150,30,23,85,282,11,2
U527,Mar,2025,577,5349.99,28,157,117,42,14,46,201,12,1
U480,Mar,2024,355,3210.4,28,153,53,9,10,19,111,16,4
U298,Jun,2025,620,5818.4,30,209,119,32,17,30,213,19,0
U395,Apr,2025,304,2827.22,28,120,26,11,12,20,115,15,3
U540,Dec,2025,904,8364.23,28,229,166,56,29,76,348,12,7
U419,Dec,2023,529,4827.93,30,151,126,22,22,26,182,18,0
U402,Jun,2023,638,5783.08,31,267,93,16,23,58,181,18,4
U444,Mar,2025,331,3033.2,30,70,65,21,9,38,128,20,3
U111,Apr,2025,581,5382.75,30,190,111,33,18,24,205,21,5
U162,Sep,2025,337,3118.42,30,107,42,22,12,28,126,15,6
U433,May,2023,469,4292.78,29,181,79,23,15,37,134,19,8
U326,Jul,2025,749,6924.74,31,202,179,36,24,42,266,19,0
U253,Oct,2025,595,5548.67,29,151,45,40,26,59,274,17,3
U299,Feb,2024,756,6811.95,29,326,136,33,17,39,205,14,5
U152,May,2024,663,6086.5,28,227,67,43,20,39,267,19,6
U360,Sep,2023,874,8131.19,30,197,144,61,45,82,345,21,6
U159,Nov,2024,649,5982.78,30,161,152,36,19,69,212,22,7
U172,Mar,2024,530,4908.11,29,238,89,13,10,27,153,23,7
U248,Sep,2024,452,4161.42,28,112,109,16,12,37,166,9,7
U449,Nov,2023,880,8269.14,28,310,191,28,32,47,272,19,7
U163,Jun,2024,484,4366.57,28,147,71,37,18,48,163,23,7
U410,Apr,2023,473,4349.91,31,199,72,25,15,37,125,20,5
U473,Jul,2025,219,1979.01,29,85,26,11,8,11,78,24,8
U343,Aug,2024,438,3969.99,31,152,53,17,19,46,151,10,2
U593,Jun,2023,469,4292.86,28,95,77,18,21,31,227,17,5
U466,May,2024,617,5591.39,28,259,102,35,13,23,185,8,4
U430,Jun,2025,509,4777.21,28,158,79,37,13,43,179,13,7
U207,May,2023,230,2157.1,30,99,39,5,6,12,69,10,3
U326,Aug,2023,303,2767.74,29,98,58,19,8,21,99,11,3
U413,Jan,2023,881,8154.45,30,329,58,46,34,81,333,10,4
U318,Nov,2025,385,3547.2,31,83,77,18,15,20,172,15,5
U525,Jul,2025,327,3049.68,30,126,42,19,11,18,111,15,3
U341,Oct,2025,409,3783.65,29,116,62,25,10,33,163,14,1
U359,Oct,2023,613,5517.06,30,176,133,38,13,35,218,9,1
U476,Nov,2025,480,4466.53,28,110,87,16,22,26,219,13,2
U362,Feb,2024,452,4203.03,31,106,111,19,12,23,181,23,1
U105,Sep,2025,218,2006.45,31,53,45,9,9,22,80,17,0
U361,Jan,2023,911,8528.02,28,256,156,41,35,100,323,11,7
U154,Nov,2024,931,8717.31,28,393,155,38,34,38,273,20,4
U147,Oct,2025,335,3085.2,28,97,26,16,17,24,155,17,0
U315,Jun,2024,422,3900.63,29,160,27,22,15,39,159,21,8
U277,Sep,2024,202,1898.52,30,44,19,12,10,28,89,16,7
U109,Jan,2023,435,3966.99,31,151,59,27,11,27,160,18,3
U199,Apr,2024,664,6062.22,30,212,71,42,23,72,244,18,7
U120,Apr,2024,427,3874.22,28,189,82,17,12,22,105,24,6
U478,Sep,2023,853,7982.67,28,351,118,27,28,80,249,9,6
U341,Nov,2023,698,6489.86,30,218,127,29,24,36,264,10,0
U161,May,2023,720,6510.43,31,283,74,18,20,79,246,18,5
U479,May,2024,901,8462.83,29,223,122,33,47,79,397,10,3
U590,Jun,2024,876,8140.13,30,298,106,36,27,99,310,22,1
U519,Jan,2024,338,3156.99,28,73,72,10,16,28,139,18,6
U278,Jan,2023,475,4284.15,28,136,74,29,19,38,179,18,8
U438,Sep,2025,490,4508.97,29,125,83,42,16,49,175,18,4
U162,Mar,2024,252,2338.42,30,95,38,7,5,22,85,8,7
U245,Apr,2025,886,8166.42,29,285,175,56,22,67,281,12,4
U316,Jan,2023,309,2863.4,29,119,23,10,14,23,120,17,6
U103,Sep,2024,914,8525.01,31,300,180,50,34,76,274,17,6
U260,Aug,2025,847,7749.83,31,187,158,57,35,99,311,21,8
U327,Feb,2024,203,1895.91,28,77,33,13,5,7,68,9,2
U586,Aug,2024,866,7850.43,30,353,93,25,32,68,295,11,0
U369,Jul,2024,883,8042.68,31,376,102,33,27,79,266,9,1
U220,Nov,2025,246,2218.27,28,84,25,8,10,23,96,20,5
U481,Jun,2023,293,2679.71,30,113,62,10,7,22,79,12,8
U595,Jan,2024,759,6946.34,28,294,104,50,28,66,217,9,2
U189,Jul,2023,951,8865.32,31,227,252,60,35,80,297,18,1
U429,Oct,2023,412,3815.64,28,99,69,29,14,41,160,13,0
U168,Jul,2025,635,5825.93,30,138,77,43,34,83,260,17,1
U498,Sep,2025,707,6547.42,30,197,115,54,25,72,244,24,2
U457,Jan,2023,850,7667.95,28,270,63,49,27,98,343,18,6
U198,Feb,2024,404,3665.13,30,181,72,9,7,15,120,24,1
U367,Nov,2025,580,5365.45,28,178,122,37,20,30,193,11,4
U205,Sep,2024,272,2517.78,30,103,47,9,10,18,85,21,1
U540,Sep,2024,715,6656.4,28,266,113,18,28,59,231,11,6
U423,Jun,2024,275,2519.33,28,69,50,9,12,19,116,21,7
U223,Jun,2023,276,2563.77,28,59,75,15,7,13,107,11,7
U576,Apr,2024,967,8967.56,29,325,108,59,25,65,385,13,7
U129,Apr,2023,609,5715.68,30,228,112,20,16,50,183,16,8
U237,May,2023,813,7386.96,31,365,109,41,27,62,209,19,0
U295,Mar,2024,305,2812.3,28,88,74,18,12,26,87,15,0
U509,Jan,2024,750,6930.53,29,318,132,42,16,37,205,11,1
U326,Jan,2024,675,6344.63,31,199,166,33,24,39,214,12,5
U432,Dec,2024,474,4304.14,28,176,73,28,15,29,153,13,0
U270,Jul,2023,287,2643.07,31,100,28,19,7,20,113,12,4
U109,Jan,2024,922,8425.67,29,196,164,42,40,95,385,15,4
U563,Jan,2024,276,2542.06,31,60,60,12,13,20,111,16,3
U140,Mar,2023,276,2509.63,28,56,64,15,8,13,120,22,4
U125,Oct,2025,641,5781.21,31,187,45,21,36,58,294,11,0
U361,Apr,2025,739,6820.25,31,285,102,28,20,40,264,16,5
U495,Apr,2023,444,4055.65,28,107,53,27,13,25,219,14,6
U543,Feb,2025,777,7049.55,29,273,160,20,18,52,254,15,7
U326,Jan,2023,977,8919.59,29,265,98,38,52,68,456,22,1
U572,Mar,2024,581,5240.45,31,231,93,24,16,36,181,22,6
U224,Nov,2024,916,8592.24,30,366,91,56,36,51,316,12,5
U563,Apr,2025,769,7099.76,31,302,88,50,25,57,247,14,8
U138,Mar,2024,912,8505.23,30,302,204,42,26,84,254,13,7
U428,Aug,2025,936,8582.42,31,253,109,55,46,86,387,24,3
U351,Oct,2025,341,3192.21,29,137,25,15,11,30,123,17,8
U489,Jan,2024,567,5212.62,31,139,50,26,31,76,245,18,0
U276,Feb,2024,283,2611.97,31,77,46,10,8,22,120,22,5
U190,Jul,2025,342,3145.28,30,84,67,24,13,19,135,17,7
U502,Apr,2024,551,5120.61,29,203,63,27,21,33,204,18,3
U554,Aug,2023,744,6864.64,30,276,127,43,28,43,227,10,1
U137,Nov,2024,351,3197.13,31,127,25,23,10,32,134,10,1
U416,Mar,2024,357,3233.78,28,108,78,11,12,14,134,18,0
U276,Jun,2023,645,5961.38,31,145,152,35,22,66,225,22,4
U561,Sep,2024,852,7834.71,31,364,169,30,19,30,240,14,5
U384,Jan,2024,962,8694.93,30,314,216,39,21,87,285,17,3
U553,Jan,2025,502,4597.44,28,151,66,29,14,58,184,17,3
U561,Aug,2024,823,7576.46,28,285,107,63,33,83,252,20,4
U181,Mar,2024,855,7977.8,30,212,184,60,34,80,285,22,4
U214,May,2023,649,5860.76,29,151,66,60,25,42,305,11,8
U140,Jan,2025,920,8408.25,28,277,114,28,45,93,363,24,7
U401,May,2025,423,3946.19,28,108,40,17,13,31,214,10,8
U324,Nov,2025,242,2240.77,30,63,38,8,10,28,95,9,2
U418,Jun,2024,463,4220.7,29,195,63,15,17,25,148,11,2
U449,Aug,2025,955,8917.92,29,317,97,50,45,66,380,8,0
U215,Mar,2023,202,1857.86,31,64,14,14,7,24,79,22,5
U286,Mar,2025,836,7690.65,31,311,146,37,29,31,282,8,3
U423,Dec,2023,467,4385.43,30,204,27,33,14,24,165,13,7
U156,Nov,2025,795,7456.18,29,181,210,58,31,51,264,14,1
U140,Nov,2025,215,1965.83,30,87,19,7,7,19,76,19,1
U454,Oct,2023,533,4826.97,31,184,92,34,19,40,164,8,6
U140,Sep,2025,663,6053.37,30,156,105,39,19,68,276,14,4
U447,Apr,2025,258,2325.15,30,70,21,15,12,32,108,20,0
U561,Apr,2025,376,3387.12,28,120,55,25,13,19,144,19,6
U337,Dec,2024,262,2399.45,28,97,37,7,9,19,93,19,6
U389,Jul,2023,760,7126.07,28,198,176,53,28,63,242,20,5
U362,Feb,2025,506,4730.36,31,168,95,28,20,38,157,21,3
U316,Aug,2023,445,4096.04,30,165,33,33,19,32,163,19,7
U247,Jun,2023,488,4502.33,28,152,51,42,14,23,206,19,1
U436,Mar,2023,997,8975.37,28,414,103,48,39,42,351,13,1
U268,Sep,2025,531,4824.77,28,221,40,16,14,28,212,17,1
U192,May,2025,726,6541.19,31,230,106,25,29,50,286,16,2
U453,Aug,2023,454,4223.02,31,201,87,13,14,16,123,9,5
U159,Jul,2024,803,7273.78,30,175,143,29,25,70,361,14,0
U159,Aug,2023,709,6627.46,30,142,161,53,32,40,281,16,1
U404,Jul,2024,990,9164.76,30,292,188,40,42,92,336,19,1
U269,Mar,2023,917,8337.15,28,321,186,60,26,74,250,12,0
U369,Feb,2023,805,7295.79,29,287,79,52,25,57,305,8,2
U463,Jul,2023,936,8658.98,31,298,184,30,29,69,326,22,6
U145,Mar,2025,662,6196.54,28,153,163,33,30,68,215,15,0
U445,Mar,2024,398,3696.36,28,96,43,25,14,39,181,8,6
U281,Feb,2024,470,4295.53,30,194,51,22,16,46,141,20,4
U270,Apr,2023,945,8727.03,30,394,188,37,17,37,272,8,8
U456,Aug,2025,757,6907.1,28,278,141,17,19,69,233,12,1
U291,Dec,2025,263,2472.11,31,96,28,16,10,19,94,23,0
U255,Jan,2024,429,3989.5,31,149,67,21,12,18,162,17,8
U522,Jan,2025,448,4142.1,28,112,67,34,23,52,160,11,7
U288,Dec,2024,445,4080.34,29,136,68,31,15,47,148,8,5
U107,May,2024,786,7268.35,29,293,93,29,28,54,289,15,4
U233,Nov,2024,356,3252.65,31,119,40,10,9,43,135,12,7
U335,May,2025,934,8416.78,30,191,199,65,46,52,381,9,7
U145,Nov,2024,901,8251.39,29,394,149,52,17,58,231,24,4
U414,Dec,2024,763,7150.98,29,313,143,29,21,33,224,14,6
U349,Jan,2023,287,2654.9,30,76,29,13,11,21,137,24,0
U599,Jun,2024,512,4625.19,29,181,101,15,15,43,157,13,3
U131,Jan,2024,265,2478.81,28,114,24,10,9,16,92,22,1
U123,May,2023,861,7841.6,29,192,138,43,40,45,403,12,2
U526,Sep,2023,219,1992.35,30,71,48,9,5,13,73,22,0
U494,Dec,2025,232,2115.57,28,72,34,14,8,13,91,13,1
U260,May,2024,992,9157.03,29,300,103,45,48,100,396,9,0
U463,Jun,2025,757,6977.93,31,309,62,21,26,43,296,24,7
U537,Aug,2025,272,2501.47,28,80,41,13,8,29,101,11,3
U258,Nov,2023,542,5033.56,28,117,123,40,17,34,211,19,2
U139,Jan,2025,332,3030.04,31,71,91,16,9,23,122,9,0
U515,Feb,2024,254,2365.46,31,53,59,20,6,16,100,9,1
U182,Sep,2023,260,2358.23,29,78,58,12,7,20,85,21,2
U456,Mar,2024,719,6696.08,29,272,128,24,22,31,242,22,2
U358,Jun,2024,471,4364.06,30,118,114,16,11,36,176,9,5
U306,May,2023,445,4126.61,30,160,33,30,17,30,175,11,7
U177,Nov,2024,375,3447.23,28,139,78,16,14,29,99,16,5
U577,Feb,2023,827,7663.64,31,218,121,53,42,43,350,14,1
U112,Jul,2024,516,4660.47,31,180,111,28,18,40,139,20,1
U395,Apr,2023,982,9172.49,30,364,73,66,30,56,393,19,6
U550,Jan,2025,904,8156.09,28,286,172,24,21,45,356,10,0
U324,Apr,2024,861,7800.23,28,244,175,57,35,45,305,20,0
U113,Jun,2023,330,3046.14,30,117,74,14,6,13,106,22,6
U146,Jul,2024,301,2798.03,30,133,49,10,6,18,85,21,8
U255,Jul,2024,509,4596.52,30,156,69,29,19,58,178,16,4
U213,Jul,2024,981,9190.31,29,292,164,58,27,46,394,20,0
U333,Mar,2023,491,4610.22,28,155,64,17,23,39,193,11,4
U117,Jun,2025,921,8512.23,28,201,107,56,49,80,428,15,0
U460,Aug,2025,694,6379.59,28,234,74,32,31,48,275,10,8
U323,Apr,2025,560,5206.07,30,158,62,28,28,42,242,9,3
U454,Aug,2023,537,4903.53,30,123,98,18,18,65,215,15,8
U288,Feb,2025,778,7155.5,30,246,173,23,29,31,276,24,1
U548,Oct,2023,209,1957.59,30,41,55,7,7,21,78,20,6
U444,Sep,2024,248,2326.8,31,74,19,13,11,18,113,14,1
U465,Sep,2024,686,6428.39,30,155,63,65,22,60,321,16,3
U263,Aug,2025,822,7484.29,29,169,105,38,43,76,391,19,5
U596,Oct,2023,520,4728.35,31,211,50,23,23,31,182,21,1
U426,Oct,2024,930,8480.73,31,399,65,37,22,46,361,21,1
U567,Jan,2023,768,7047.57,30,193,113,59,22,44,337,22,1
U514,Feb,2023,994,9070.91,28,332,163,27,26,64,382,10,2
U555,Jun,2024,824,7539.34,30,222,147,31,30,87,307,22,4
U174,Oct,2023,332,3070.42,28,107,53,12,10,18,132,21,8
U333,May,2024,782,7276.52,30,241,99,65,34,72,271,15,5
U324,Dec,2024,282,2620.97,30,75,57,16,9,17,108,12,8
U582,Sep,2024,256,2387.4,28,96,49,7,7,22,75,11,4
U419,May,2023,575,5182.4,28,133,82,27,28,50,255,21,5
U512,Feb,2024,548,4942.46,28,116,52,25,24,41,290,23,7
U160,Oct,2023,470,4378.4,28,184,49,14,15,51,157,13,2
U435,Apr,2024,682,6283.42,29,249,58,48,28,37,262,13,1
U322,Sep,2024,310,2861.69,28,100,45,16,13,25,111,10,2
U137,Jan,2025,275,2480.78,30,87,26,18,7,25,112,22,8
U577,Nov,2025,357,3249.46,30,115,52,15,10,25,140,10,5
U378,Jan,2025,731,6765.65,29,226,78,44,23,87,273,18,3
U296,Dec,2023,842,7867.37,28,251,168,32,26,82,283,10,2
U504,Jul,2023,528,4945.67,30,171,38,25,18,61,215,17,1
U452,Nov,2024,321,2953.25,29,106,51,18,12,32,102,8,3
U584,Mar,2024,240,2212.37,30,89,21,8,11,18,93,23,8
U342,Oct,2024,366,3415.96,29,138,22,23,10,19,154,23,3
U424,Feb,2024,841,7749.86,29,247,188,54,27,69,256,17,4
U319,Sep,2023,222,2043.9,31,67,41,7,7,15,85,8,7
U292,Mar,2024,478,4475.05,31,140,42,41,19,30,206,11,1
U117,Feb,2024,962,8961.97,28,321,170,27,35,70,339,10,2
U112,Dec,2025,668,6254.9,31,209,116,29,29,68,217,12,5
U506,Aug,2024,599,5443.29,29,253,75,30,14,28,199,19,6
U501,Oct,2024,208,1915.63,30,77,26,11,5,20,69,19,3
U494,Jun,2024,212,1979.44,30,90,39,4,6,11,62,20,0
U474,Jun,2023,251,2270.16,28,94,25,17,8,12,95,19,6
U293,Oct,2025,408,3801.69,31,180,45,26,9,33,115,23,8
U122,Nov,2024,749,6795.82,28,268,87,26,20,85,263,20,0
U574,Jul,2024,811,7561.15,29,357,132,44,21,36,221,12,0
U220,Jul,2025,904,8357.3,31,216,226,48,26,56,332,11,0
U310,Nov,2024,601,5455.45,28,128,147,46,27,40,213,22,6
U406,Jun,2023,390,3583.84,30,134,76,12,11,34,123,19,8
U370,Apr,2024,250,2318.19,30,111,48,11,4,7,69,18,2
U292,Nov,2023,592,5478.1,28,180,113,16,23,34,226,13,7
U275,Sep,2023,852,7813.61,28,215,183,62,24,75,293,16,8
U385,Jun,2024,879,8227.22,28,290,203,45,25,50,266,8,2
U304,Apr,2025,820,7550.32,29,297,53,40,31,59,340,19,2
U264,Dec,2023,918,8447.75,29,255,171,33,33,98,328,21,0
U351,Mar,2025,499,4503.43,30,188,88,29,17,42,135,13,1
U327,Apr,2024,821,7691.82,29,364,150,33,16,62,196,8,6
U536,Mar,2023,395,3582.98,29,167,73,13,13,18,111,9,2
U481,Feb,2024,616,5674.18,31,168,139,29,25,60,195,18,6
U560,May,2025,863,8044.39,29,243,208,54,23,70,265,10,4
U107,Feb,2024,619,5624.35,31,181,102,28,18,35,255,17,7
U129,Jun,2024,954,8787.25,29,284,68,35,36,101,430,13,4
U495,Mar,2023,839,7631.77,30,188,66,82,33,48,422,13,2
U133,Jun,2024,816,7591.96,28,318,117,33,27,66,255,9,8
U234,Nov,2024,721,6651.76,30,210,106,34,19,73,279,17,6
U467,Oct,2024,555,5185.03,29,233,68,17,22,46,169,13,4
U179,Sep,2023,347,3247.16,28,149,39,22,7,16,114,24,6
U516,Jan,2025,564,5222.35,28,116,147,21,17,51,212,21,8
U535,Jun,2025,563,5230.36,28,251,59,28,12,27,186,12,4
U559,Sep,2024,851,7845.95,31,321,166,50,19,71,224,24,6
U158,Nov,2023,901,8247.55,30,297,196,21,35,70,282,9,8
U571,Apr,2024,601,5564.81,31,178,95,43,23,29,233,16,0
U126,Nov,2025,805,7537.47,28,265,114,38,23,46,319,19,3
U582,Dec,2023,691,6334.17,30,194,144,40,29,56,228,14,0
U530,Feb,2025,428,3905.83,30,152,76,17,16,28,139,16,7
U326,Apr,2025,774,7086.26,29,172,109,58,38,83,314,23,2
U385,Jan,2023,736,6752.18,31,261,59,31,35,49,301,18,1
U104,Mar,2023,467,4216.74,31,125,56,14,22,49,201,19,3
U565,Oct,2024,604,5556.42,29,123,63,60,26,42,290,22,2
U199,Sep,2024,992,9124.14,31,335,114,28,35,87,393,23,4
U497,Oct,2025,210,1939.43,28,72,22,15,6,23,72,22,7
U589,May,2023,519,4746.32,28,159,93,17,19,44,187,12,7
U139,Nov,2023,912,8431.66,31,198,241,42,40,42,349,18,6
U371,Jun,2024,325,3039.17,29,137,51,18,9,27,83,22,7
U475,Mar,2025,505,4738.01,30,178,108,15,19,22,163,20,4
U385,May,2025,901,8319.33,31,206,205,66,28,82,314,11,5
U257,Nov,2024,710,6402.1,30,232,134,34,26,51,233,24,7
U175,Aug,2023,288,2703.66,29,93,39,13,11,19,113,11,0
U472,Jun,2024,554,5142.42,30,119,78,41,26,36,254,23,5
U388,Apr,2024,827,7554.14,29,290,167,31,27,39,273,22,5
U230,Feb,2024,551,4991.43,29,221,107,18,12,44,149,21,4
U275,Sep,2024,888,8042.94,28,343,116,52,21,82,274,19,3
U562,Dec,2023,213,1931.29,28,53,16,11,13,20,100,10,0
U184,Jan,2024,456,4112.31,29,189,79,13,9,19,147,17,7
U122,Jan,2023,408,3819.23,31,116,50,31,15,45,151,15,5
U559,Apr,2024,480,4423.83,28,209,27,31,15,34,164,13,2
U127,Jul,2025,642,5957.75,29,139,151,35,21,49,247,21,2
U295,Jan,2023,588,5486.77,30,189,91,31,24,40,213,24,5
U437,Sep,2025,816,7602.36,30,285,144,46,29,48,264,23,6
U482,Apr,2024,682,6378.77,31,178,165,34,29,49,227,22,7
U336,Mar,2024,346,3247.87,30,135,49,14,10,26,112,22,4
U540,Jan,2024,478,4385.95,30,170,69,35,15,32,157,8,5
U192,Oct,2023,720,6753.7,29,147,98,30,42,94,309,19,0
U577,Apr,2025,829,7700.84,30,291,94,48,39,52,305,17,5
U121,Sep,2023,805,7267.76,30,259,163,53,32,55,243,21,8
U403,Oct,2023,633,5869.63,30,157,101,44,28,43,260,17,3
U564,Jun,2024,343,3181.22,30,153,26,22,8,28,106,17,0
U457,Jun,2025,488,4568.82,29,207,34,20,11,24,192,18,8
U543,Jan,2024,585,5352.27,30,159,92,25,28,36,245,23,3
U184,Oct,2023,213,1966.83,31,71,30,15,8,19,70,16,1
U362,Feb,2024,456,4106.22,28,127,86,21,19,25,178,22,0
U247,Nov,2025,545,4977.39,31,214,72,31,14,41,173,21,2
U541,Jun,2024,897,8095.33,28,388,69,28,33,93,286,16,6
U553,Feb,2025,544,5009.56,31,157,87,37,17,43,203,11,1
U487,Mar,2025,599,5586.86,28,240,117,25,15,25,177,14,8
U357,Apr,2024,406,3687.53,28,131,38,18,15,30,174,15,1
U158,Nov,2023,371,3417.27,28,110,71,18,16,34,122,15,4
U480,May,2024,663,6021.1,28,288,93,33,15,35,199,22,7
U522,Sep,2023,469,4243.64,29,153,90,11,16,41,158,23,7
U115,Dec,2023,420,3865.85,31,133,39,28,14,44,162,16,2
U262,Apr,2024,351,3170.11,28,129,74,15,11,21,101,19,1
U545,Nov,2023,822,7591.12,31,218,154,32,32,83,303,23,8
U263,Sep,2023,382,3442.79,30,107,85,23,16,22,129,11,2
U420,Nov,2024,598,5407.53,28,258,54,22,14,44,206,12,7
U597,Oct,2024,271,2498.62,31,100,48,9,6,21,87,15,1
U381,Mar,2024,617,5698.96,29,250,108,25,20,26,188,8,2
U380,Aug,2023,482,4343.59,31,129,70,33,17,32,201,13,0
U112,Dec,2025,273,2519.61,28,91,35,21,7,23,96,22,5
U374,Jan,2023,554,5171.81,30,245,81,14,16,39,159,11,6
U371,Nov,2025,926,8601.55,31,258,82,52,44,85,405,18,3
U592,Sep,2024,696,6300.52,30,167,150,21,18,74,266,12,0
U308,Sep,2025,527,4867.89,29,172,39,39,17,44,216,22,2
U127,Oct,2024,734,6803.37,31,217,76,41,36,84,280,20,8
U172,Feb,2024,779,7022.6,31,186,157,52,29,74,281,12,4
U160,Apr,2025,646,6035.02,29,272,46,26,15,42,245,8,5
U530,Aug,2024,572,5355.35,29,256,108,27,11,27,143,21,3
U573,Jul,2025,561,5239.84,29,191,117,26,18,41,168,12,0
U245,Jan,2024,292,2724.32,28,114,45,19,6,25,83,13,4
U193,May,2023,520,4834.95,28,215,92,12,18,23,160,23,4
U409,Jul,2023,523,4839.51,31,196,105,22,16,32,152,19,4
U108,Apr,2024,583,5405.26,31,123,75,48,24,36,277,9,5
U179,Jan,2024,774,7215.66,31,185,183,44,34,46,282,20,1
U127,Sep,2025,935,8662.77,30,203,108,32,41,111,440,24,0
U274,May,2023,936,8546.7,29,189,151,87,31,53,425,24,1
U150,Nov,2025,545,4986.96,31,150,94,24,23,50,204,23,5
U600,Feb,2024,302,2826.36,29,90,59,11,11,30,101,15,4
U299,Aug,2024,414,3728.84,28,107,33,27,16,56,175,10,4
U487,Nov,2025,391,3628.3,29,84,52,26,15,28,186,24,5
U449,Feb,2024,871,8171.64,30,289,146,55,26,75,280,13,6
U548,Mar,2023,918,8521.33,30,246,127,48,32,111,354,15,8
U528,Oct,2025,980,9209.61,29,391,173,39,32,39,306,20,6
U281,Jan,2023,393,3645.08,30,79,82,24,17,30,161,15,1
U124,Nov,2023,579,5218.96,30,237,54,25,18,58,187,13,5
U416,Feb,2023,602,5617.14,28,264,46,41,17,30,204,22,8
U478,Jul,2025,863,7865.25,31,327,137,53,23,77,246,17,6
U487,Oct,2024,948,8701.14,30,363,124,44,26,70,321,24,1
U504,Feb,2023,799,7290.74,31,346,64,19,20,40,310,8,2
U146,Jun,2023,210,1912.56,29,52,28,18,7,17,88,14,7
U115,Mar,2023,386,3540.61,29,173,37,10,10,23,133,20,8
U253,Apr,2024,925,8465.14,30,363,71,36,35,59,361,10,3
U322,Nov,2024,214,1980.21,29,81,31,6,8,15,73,22,8
U306,Aug,2025,977,9110.78,28,283,201,33,32,73,355,12,1
U555,Mar,2024,496,4522.94,30,166,80,32,21,33,164,18,4
U373,Oct,2025,610,5542.15,30,221,119,29,22,24,195,10,1
U482,Jun,2025,784,7265.14,30,278,66,64,37,74,265,13,0
U336,Jan,2025,251,2326.3,29,94,32,9,10,18,88,10,4
U440,Jul,2025,839,7853.42,29,185,165,48,35,90,316,12,1
U328,Aug,2025,227,2044.45,30,65,43,17,8,21,73,16,6
U109,Nov,2023,776,7248.78,31,239,147,51,19,47,273,20,7
U266,Aug,2024,216,1989.01,29,57,44,14,8,9,84,13,1
U532,Mar,2023,550,5086.69,29,133,109,21,22,62,203,18,6
U544,Oct,2025,627,5665.92,30,147,59,53,27,73,268,21,3
U419,Jan,2024,849,7787.92,31,247,164,37,33,42,326,13,0
U314,Sep,2023,428,3890.91,30,138,81,21,13,35,140,13,2
U217,Jun,2023,965,8783.13,29,208,263,54,33,41,366,24,0
U486,Nov,2025,409,3763.47,30,178,63,18,10,14,126,18,4
U444,Sep,2023,630,5874.74,30,246,104,34,21,40,185,22,7
U172,Jul,2023,493,4583.67,30,188,69,27,19,21,169,16,0
U495,Jan,2023,942,8700.69,31,229,226,27,42,102,316,24,8
U164,Dec,2023,952,8773.41,30,334,215,38,32,77,256,14,2
U305,Dec,2023,781,7162.49,29,259,153,42,16,61,250,14,4
U309,Jan,2025,303,2844.89,30,135,42,10,11,11,94,8,8
U172,Jun,2025,403,3717.3,31,155,29,17,12,28,162,15,4
U377,May,2023,252,2293.6,28,86,46,7,10,16,87,12,8
U374,Sep,2025,574,5218.83,31,236,93,22,13,36,174,15,7
U578,Feb,2025,253,2338.87,30,60,56,20,8,13,96,24,6
U420,Aug,2024,475,4374.34,28,96,49,25,26,52,227,19,0
U438,Nov,2023,534,4807.64,30,198,88,25,18,33,172,22,3
U466,May,2025,230,2146.37,31,51,31,18,9,29,92,11,8
U595,Feb,2025,334,3100.07,28,76,74,9,14,38,123,19,7
U195,Oct,2023,257,2381.04,28,99,25,18,8,19,88,20,3
U266,Nov,2024,304,2744.36,30,81,60,14,9,27,113,21,0
U132,Nov,2023,465,4252.34,30,166,51,33,17,23,175,12,3
U111,Dec,2024,721,6758.76,31,309,42,19,21,44,286,23,2
U401,Jun,2023,695,6494.8,30,193,129,24,29,75,245,14,5
U317,Oct,2023,452,4119.63,28,114,43,24,13,52,206,22,4
U389,Aug,2023,494,4477.03,29,111,101,23,20,30,209,20,4
U202,Apr,2023,867,7958.74,29,201,220,60,27,66,293,23,1
U525,Feb,2024,357,3263.81,31,76,96,9,11,39,126,19,2
U492,Dec,2024,748,6936.12,30,165,92,56,32,61,342,14,5
U367,Nov,2025,830,7790.86,31,255,173,25,31,44,302,23,1
U314,May,2023,266,2432.62,29,74,36,20,13,29,94,20,3
U279,Dec,2024,953,8600.72,29,358,193,51,32,53,266,10,1
U188,Feb,2024,498,4660.8,30,207,86,20,15,27,143,22,8
U141,Feb,2024,662,5968.05,28,262,47,25,24,42,262,10,2
U501,Jun,2023,924,8668.14,30,307,124,55,30,95,313,14,5
U176,Nov,2025,300,2779.75,29,67,42,12,9,38,132,21,0
U477,Oct,2024,255,2391.05,28,96,47,7,7,15,83,21,2
U146,Sep,2023,531,4821.41,31,154,76,33,24,25,219,13,7
U260,Apr,2024,950,8565.47,29,210,200,80,31,71,358,15,4
U563,Jun,2024,592,5443.61,31,243,87,36,16,26,184,14,7
U180,Jul,2025,942,8647.79,28,268,231,48,25,44,326,22,1
U410,Nov,2024,580,5296.91,31,147,144,30,16,38,205,9,6
U186,Jun,2024,291,2730.47,29,121,35,20,6,12,97,15,8
U192,Aug,2023,990,9235.74,30,421,159,42,29,82,257,18,6
U248,Apr,2023,646,5984.95,31,183,142,29,21,29,242,20,2
U261,Dec,2025,308,2792.06,29,88,71,21,10,18,100,16,6
U302,Jan,2023,516,4795.56,29,177,39,22,21,31,226,16,7
U524,Jul,2023,367,3409.73,28,140,39,11,15,32,130,24,0
U516,Mar,2025,634,5813.8,29,136,89,46,31,37,295,14,2
U342,Jun,2024,641,6006.12,30,223,87,19,27,51,234,16,4
U453,Feb,2025,417,3780.85,30,182,33,17,13,37,135,8,5
U102,Sep,2023,421,3834.02,31,111,69,22,14,49,156,9,2
U325,Jan,2025,872,7870.05,31,372,132,38,31,61,238,11,3
U389,Jun,2024,727,6774.32,31,318,91,47,14,29,228,21,4
U333,Jun,2025,477,4411.63,31,127,93,18,13,25,201,11,2
U561,May,2023,768,7008.75,30,298,54,36,26,74,280,9,3
U514,May,2023,773,7007.65,28,200,182,24,29,44,294,15,4
U517,Jan,2025,665,5995.68,31,255,137,30,12,38,193,21,1
U177,Oct,2024,953,8640.56,28,380,145,52,32,84,260,17,8
U216,Dec,2025,801,7354.23,29,209,189,39,28,74,262,24,7
U254,May,2024,783,7124.42,29,296,64,31,29,82,281,15,5
U506,Feb,2024,229,2084.72,31,92,41,10,6,18,62,21,2
U203,Jul,2025,558,5217.43,29,161,51,35,23,55,233,15,1
U294,Mar,2024,487,4483.35,28,117,74,19,16,55,206,12,6
U266,Apr,2023,285,2648.13,28,63,40,16,9,24,133,23,7
U459,Mar,2025,433,3903.19,29,148,70,20,12,45,138,15,0
U190,Mar,2024,946,8652.18,31,420,92,64,31,48,291,17,5
U274,Apr,2023,512,4706.13,28,207,79,30,15,34,147,15,6
U222,May,2025,564,5118.06,28,174,74,39,20,36,221,16,8
U598,Jan,2023,976,8830.92,30,326,204,61,30,41,314,10,2
U243,Apr,2023,998,9329.43,31,269,188,66,37,81,357,24,1
U582,Dec,2023,468,4387.86,30,112,54,42,16,37,207,22,4
U206,Dec,2024,897,8101.28,29,287,112,27,25,83,363,24,0
U475,Nov,2025,330,3016.07,29,104,70,14,13,23,106,15,5
U528,Aug,2025,988,9270.71,30,326,130,66,37,77,352,9,8
U405,Oct,2024,550,4968.3,31,241,72,25,17,23,172,24,8
U460,Jul,2025,379,3508.58,28,133,64,12,12,26,132,12,6
U559,Sep,2023,679,6375.06,29,238,82,30,28,66,235,16,6
U417,May,2025,362,3399.65,31,83,48,18,16,29,168,16,7
U551,Oct,2024,982,9023.1,31,441,118,32,20,61,310,9,1
U223,Apr,2023,295,2674.2,29,115,27,12,13,22,106,9,5
U490,Aug,2024,973,8835.65,29,407,96,47,27,90,306,10,4
U109,Sep,2023,709,6633.29,31,215,57,59,21,70,287,24,4
U362,Jul,2023,564,5281.68,28,183,67,38,15,30,231,21,2
U173,Jul,2025,552,5102.22,30,182,66,40,22,55,187,21,2
U459,May,2023,999,9297.16,29,248,255,68,36,88,304,21,5
U323,Apr,2024,635,5902.94,30,236,98,27,23,53,198,13,6
U516,Oct,2025,282,2612.65,31,120,48,9,10,16,79,10,0
U141,Jan,2024,424,3956.31,30,102,35,16,18,54,199,8,2
U470,Oct,2023,611,5666.51,28,135,60,59,27,56,274,23,0
U304,Oct,2024,934,8605.5,31,359,174,22,30,73,276,11,2
U364,Jul,2024,317,2883.05,28,85,59,21,15,31,106,8,4
U428,Jan,2023,681,6331.64,31,242,64,32,22,74,247,24,8
U278,Jan,2025,391,3593.05,28,146,49,28,16,25,127,15,2
U448,May,2024,790,7203.15,31,221,133,40,22,85,289,9,8
U418,Sep,2023,789,7354.09,28,318,146,42,24,29,230,23,0
U184,Jun,2025,858,7961.11,31,289,65,39,37,49,379,17,5
U418,Mar,2025,306,2868.73,28,127,44,10,11,20,94,15,8
U211,Mar,2025,581,5267.45,31,227,98,28,11,42,175,19,4
U351,Jul,2024,982,9093.0,28,409,197,56,17,37,266,23,1
U483,Jun,2024,589,5358.54,29,120,141,33,15,47,233,19,4
U107,Sep,2024,443,4147.11,30,115,55,39,18,24,192,18,0
U559,Jun,2025,784,7087.2,31,174,169,56,30,67,288,8,8
U184,May,2024,667,6178.06,28,207,133,42,27,58,200,10,8
U308,Oct,2023,737,6866.21,29,311,120,28,20,54,204,19,5
U488,Jul,2024,409,3739.06,31,129,85,17,9,26,143,16,8
U490,Jan,2024,803,7533.47,31,331,153,22,17,69,211,12,2
U414,Dec,2025,836,7808.48,31,235,74,77,22,85,343,8,3
U122,Jul,2024,272,2480.05,30,77,24,24,13,29,105,17,5
U510,Mar,2023,834,7508.52,28,353,143,42,26,54,216,24,3
U483,Sep,2025,508,4632.28,28,155,57,23,27,61,185,11,0
U103,Jun,2023,895,8155.71,31,355,61,35,31,92,321,22,6
U227,Sep,2025,898,8401.68,31,232,133,79,23,76,355,15,4
U397,May,2025,909,8532.65,31,397,156,20,20,48,268,22,7
U288,Jul,2024,789,7123.23,29,271,68,60,30,72,288,14,8
U462,Apr,2023,385,3537.58,31,150,62,14,15,27,117,22,4
U114,Jul,2025,452,4167.14,30,100,35,29,15,53,220,15,7
U559,Jan,2024,212,1915.88,28,68,18,16,6,15,89,17,0
U566,Jul,2025,498,4557.2,30,211,53,13,18,33,170,11,0
U112,Aug,2025,275,2509.88,31,115,19,12,10,21,98,22,6
U187,May,2025,250,2303.61,29,52,61,19,7,25,86,18,5
U112,Feb,2025,986,9134.77,31,272,225,58,39,84,308,10,4
U497,May,2025,348,3229.93,31,108,69,21,8,16,126,22,4
U125,Jun,2025,930,8420.87,31,226,113,74,49,64,404,10,8
U401,Dec,2024,321,2993.38,31,122,45,8,8,14,124,22,0
U343,Feb,2025,410,3801.28,31,100,45,18,13,23,211,13,7
U222,Jun,2023,479,4481.35,28,137,58,28,17,31,208,8,1
U247,Jun,2024,737,6765.46,30,269,107,31,19,68,243,21,6
U155,Jan,2023,884,8272.08,29,283,170,39,29,85,278,23,5
U338,Jan,2025,355,3317.94,31,136,27,24,14,24,130,8,1
U456,Nov,2023,437,4009.63,29,192,42,10,14,33,146,24,2
U273,Oct,2025,575,5262.66,28,131,147,34,21,49,193,15,3
U492,Mar,2025,281,2633.85,30,106,36,6,9,30,94,23,6
U321,Oct,2024,691,6416.67,31,177,172,19,16,72,235,13,7
U219,Oct,2024,555,5201.07,28,168,134,22,22,22,187,17,1
U409,Dec,2025,472,4398.47,28,98,86,38,22,31,197,17,7
U283,Mar,2024,779,7200.86,30,182,102,31,24,47,393,12,8
U388,Apr,2023,243,2198.26,31,68,52,12,8,19,84,19,6
U407,Feb,2024,772,7038.01,30,220,77,55,34,79,307,24,0
U400,Sep,2024,322,3022.79,30,136,30,11,8,20,117,21,5
U182,Oct,2023,548,5002.02,29,211,99,24,16,45,153,21,7
U554,Dec,2024,907,8196.83,29,401,105,56,26,53,266,10,4
U502,Nov,2025,529,4910.72,30,185,51,29,15,62,187,19,1
U311,Jul,2023,608,5650.51,29,158,118,21,17,29,265,19,4
U250,Jul,2025,522,4757.6,28,147,106,30,21,25,193,9,7
U137,Jun,2023,310,2826.91,30,86,29,21,11,23,140,9,1
U452,Mar,2025,969,8902.74,31,272,117,30,34,53,463,24,0
U412,Jun,2025,288,2594.51,31,106,28,9,12,28,105,17,3
U461,Dec,2024,632,5887.54,28,210,82,22,27,31,260,8,3
U159,Aug,2025,909,8296.29,31,269,186,28,27,84,315,11,8
U231,Aug,2024,993,9276.11,31,235,211,41,47,49,410,11,2
U512,Nov,2023,911,8491.48,30,187,192,50,40,60,382,9,3
U302,Sep,2025,298,2760.84,28,75,22,17,12,38,134,19,2
U343,Jan,2025,738,6737.9,30,167,77,68,30,96,300,17,1
U135,Jan,2023,800,7365.22,28,317,75,45,31,53,279,20,3
U545,Mar,2023,345,3166.39,30,78,44,30,11,44,138,22,7
U193,Mar,2025,893,8158.05,30,340,75,49,31,77,321,10,0
U538,Oct,2023,456,4258.7,29,135,65,15,19,36,186,20,7
U547,Aug,2024,388,3567.04,31,84,36,25,18,49,176,15,7
U307,Oct,2023,439,4097.23,28,176,75,24,13,21,130,14,2
U453,Jan,2023,702,6347.55,31,242,136,22,23,39,240,15,5
U491,Feb,2025,907,8214.16,29,234,163,30,28,89,363,16,3
U432,Feb,2024,876,8226.45,28,371,61,36,28,60,320,13,0
U405,Mar,2023,470,4340.5,29,99,119,22,17,25,188,11,0
U450,Jun,2024,719,6617.61,31,180,184,28,29,32,266,22,4
U313,Jan,2024,749,6897.74,30,290,69,24,30,73,263,12,7
U259,Feb,2024,313,2843.95,29,118,53,10,9,24,99,12,0
U542,Jan,2025,538,4996.67,29,146,121,32,23,34,182,14,1
U545,May,2023,767,6929.01,30,165,141,40,23,93,305,16,6
U124,Jul,2025,558,5149.97,31,231,59,30,14,36,188,14,7
U504,Aug,2023,849,7834.83,29,236,134,49,28,83,319,16,2
U393,Oct,2023,813,7614.29,31,202,139,49,25,94,304,17,7
U104,Jan,2025,533,4909.18,30,175,71,21,21,55,190,11,0
U320,Jul,2024,888,8040.68,28,379,169,34,15,51,240,13,8
U464,May,2024,368,3396.31,29,77,83,10,11,37,150,21,1
U482,Oct,2023,538,4861.65,31,210,52,25,16,38,197,16,1
U120,Jan,2025,997,9054.27,30,342,161,52,37,79,326,8,3
U544,Mar,2024,460,4145.72,30,140,87,15,20,27,171,24,2
U252,Jul,2024,934,8597.77,29,360,77,37,41,69,350,20,3
U150,Oct,2023,398,3595.46,28,175,42,13,9,20,139,14,5
U277,Jan,2023,410,3766.98,29,105,99,11,15,19,161,16,6
U535,Jul,2025,486,4555.36,31,114,89,23,13,46,201,18,4
U196,May,2023,891,8275.52,30,381,78,63,24,79,266,10,1
U205,Jan,2024,961,8678.76,28,352,79,45,43,45,397,19,2
U520,Jan,2024,942,8562.48,31,291,149,48,33,54,367,10,2
U350,Jan,2024,671,6219.81,29,230,104,38,17,47,235,22,4
U217,Nov,2024,681,6372.72,30,263,76,39,21,56,226,17,4
U454,Sep,2025,222,2000.92,29,87,34,14,5,10,72,8,3
U328,Nov,2025,759,7077.66,28,326,50,51,23,33,276,21,7
U166,Mar,2023,308,2841.22,28,94,29,23,12,26,124,13,5
U435,May,2023,495,4563.13,28,135,85,39,15,49,172,9,5
U518,Nov,2023,205,1923.54,28,73,15,8,10,10,89,15,0
U520,Oct,2025,749,6964.99,28,227,167,39,24,44,248,8,5
U362,Dec,2024,880,8219.24,29,306,77,68,39,77,313,11,2
U395,Sep,2023,994,9086.75,28,303,185,56,39,49,362,11,5
U526,Jun,2024,402,3707.14,28,95,60,36,17,26,168,12,5
U343,Dec,2023,524,4844.99,30,166,71,17,20,45,205,16,1
U471,Sep,2023,984,8982.58,28,366,179,41,19,92,287,20,0
U286,Aug,2023,443,4088.05,30,177,59,30,14,23,140,24,2
U346,Aug,2023,526,4783.79,30,170,100,22,15,37,182,8,4
U225,Jan,2023,246,2228.11,30,59,42,17,7,19,102,22,3
U368,Sep,2024,960,8783.6,29,291,166,26,34,103,340,9,6
U231,Jun,2023,790,7343.62,29,313,138,40,25,30,244,23,3
U337,Sep,2024,821,7689.88,31,248,144,61,36,61,271,12,7
U118,Mar,2025,212,1946.81,31,79,33,8,6,19,67,12,6
U140,Dec,2023,579,5359.88,30,189,115,14,20,59,182,9,8
U121,Mar,2024,564,5099.25,29,146,140,14,24,49,191,14,0
U499,Jun,2025,801,7498.79,28,319,93,54,22,49,264,10,4
U325,Sep,2025,541,4992.05,31,119,103,38,16,42,223,24,3
U455,Jul,2025,991,9228.33,29,328,80,35,35,78,435,10,5
U382,Mar,2024,420,3913.47,28,105,59,14,22,41,179,20,0
U108,Mar,2023,272,2475.91,28,58,43,22,8,29,112,14,5
U200,Feb,2023,945,8705.03,29,307,197,57,25,80,279,10,0
U340,Sep,2024,971,9112.05,31,315,149,31,34,71,371,22,0
U578,Mar,2023,824,7445.54,29,310,145,29,31,64,245,17,7
U187,Nov,2024,245,2271.94,31,94,15,17,11,25,83,14,1
U398,May,2023,703,6597.59,30,268,94,34,21,68,218,16,5
U528,Sep,2025,473,4313.87,29,143,107,32,18,35,138,12,5
U114,Aug,2023,754,7045.81,29,269,75,40,21,68,281,15,5
U434,Feb,2024,407,3815.0,31,140,28,28,12,35,164,21,7
U102,Mar,2024,814,7569.25,31,248,117,45,39,46,319,11,3
U475,Feb,2025,323,2936.89,29,112,58,22,9,14,108,21,2
U393,Aug,2024,209,1908.92,28,91,25,8,5,13,67,19,5
U425,Jun,2023,528,4759.56,28,131,85,22,21,33,236,9,3
U522,Jun,2023,386,3602.38,28,164,59,13,13,25,112,20,1
U593,Dec,2025,742,6930.16,30,158,95,66,38,75,310,8,5
U141,Sep,2024,867,8022.42,30,240,180,44,37,65,301,14,4
U418,Aug,2025,259,2367.52,31,70,26,13,11,14,125,16,8
U416,Apr,2023,960,8669.5,30,342,122,51,41,43,361,24,5
U481,Dec,2025,981,9124.5,28,228,198,35,39,56,425,20,2
U211,Apr,2024,641,5955.28,29,269,114,13,19,27,199,17,4
U114,Sep,2025,416,3895.86,30,169,73,13,14,36,111,23,7
U331,Jan,2024,201,1867.73,30,72,36,10,5,11,67,13,8
U573,Feb,2024,735,6858.64,28,231,95,49,19,49,292,23,7
U184,Feb,2023,917,8526.62,30,397,67,60,26,39,328,18,2
U230,Jun,2023,910,8419.57,31,370,83,65,31,70,291,10,8
U331,Apr,2023,555,5089.79,29,180,118,23,13,43,178,16,2
U426,Nov,2024,825,7722.7,28,309,162,43,17,37,257,22,7
U245,Oct,2025,991,9177.04,31,338,220,24,26,91,292,20,8
U479,Mar,2024,866,7931.99,28,300,67,27,24,98,350,17,6
U445,Mar,2023,364,3288.15,31,102,61,12,16,23,150,20,3
U128,Mar,2023,933,8505.49,29,294,167,44,26,69,333,24,8
U166,Jun,2025,290,2673.07,29,63,63,11,8,24,121,14,2
U263,Aug,2023,366,3334.35,31,105,68,15,15,24,139,13,2
U329,Nov,2023,406,3689.93,31,151,74,20,14,32,115,20,1
U361,Jul,2023,481,4430.47,31,210,51,18,10,22,170,24,2
U549,Apr,2025,264,2393.93,31,116,21,13,7,17,90,22,0
U524,Nov,2024,715,6663.92,31,242,71,36,35,54,277,11,3
U560,Dec,2023,356,3272.97,31,125,23,13,13,30,152,22,7
U540,Apr,2025,960,8860.36,29,236,135,33,53,115,388,21,4
U264,Nov,2023,968,8769.07,31,361,74,39,31,61,402,18,1
U401,Oct,2025,946,8636.82,30,205,133,33,35,62,478,11,2
U507,Nov,2023,505,4627.84,29,136,94,30,14,44,187,10,0
U403,Nov,2025,594,5538.03,28,218,121,33,12,26,184,9,1
U387,Nov,2023,273,2541.1,29,75,61,11,11,12,103,17,0
U495,Feb,2024,386,3508.43,28,82,49,22,23,34,176,20,1
U110,Jan,2023,773,7147.52,28,315,61,52,33,41,271,23,2
U295,Sep,2025,536,4876.2,30,148,57,23,28,43,237,18,0
U218,Dec,2023,875,8220.89,31,188,235,27,39,53,333,17,8
U370,Dec,2024,767,7195.11,31,167,142,45,34,43,336,16,4
U180,Feb,2023,822,7583.2,29,216,88,59,41,76,342,19,7
U558,Aug,2025,929,8620.71,31,227,217,53,26,42,364,8,4
U193,Sep,2025,439,4091.73,30,172,53,25,13,43,133,21,7
U366,Apr,2024,732,6799.11,29,205,171,19,27,46,264,8,6
U432,Aug,2025,340,3155.18,29,136,33,15,14,29,113,24,3
U450,Sep,2023,464,4353.91,29,112,69,20,21,53,189,18,6
U461,Oct,2023,338,3122.64,31,109,51,22,14,20,122,22,5
U357,Oct,2023,658,6089.47,31,244,133,38,17,47,179,11,2
U233,May,2025,269,2512.38,31,97,54,9,9,22,78,22,8
U376,Jul,2023,584,5412.49,29,204,92,17,26,33,212,21,8
U364,Oct,2023,829,7704.04,29,357,73,30,21,86,262,8,4
U271,Apr,2023,397,3610.19,28,102,59,14,21,20,181,16,7
U560,Jan,2024,404,3696.0,28,130,94,14,12,20,134,14,6
U101,Mar,2025,925,8379.5,31,389,135,41,29,71,260,18,8
U413,May,2025,767,7058.17,29,168,176,62,33,42,286,9,6
U164,Mar,2025,998,9163.93,31,213,166,55,39,107,418,9,3
U474,Dec,2024,886,8327.39,31,228,153,36,33,99,337,13,3
U568,Nov,2025,839,7756.12,28,300,111,28,30,90,280,21,7
U384,Jul,2024,630,5868.18,30,166,127,22,16,51,248,10,5
U221,Dec,2024,524,4786.01,31,129,123,18,19,57,178,14,8
U207,Sep,2025,641,5982.21,30,201,99,43,19,45,234,14,6
U521,Dec,2023,487,4502.82,30,172,69,13,22,28,183,11,6
U275,Jun,2023,425,3943.49,29,111,58,38,11,36,171,12,3
U585,Oct,2025,263,2397.97,29,72,27,16,10,27,111,24,2
U304,Jan,2025,759,6997.57,31,268,164,34,28,44,221,11,7
U265,Jul,2024,913,8448.55,28,398,92,36,36,64,287,20,6
U405,Mar,2025,697,6437.24,28,256,132,36,23,40,210,23,3
U597,May,2024,259,2425.81,31,102,43,11,8,16,79,23,3
U220,Oct,2025,596,5578.15,31,173,125,24,17,62,195,9,0
U144,Apr,2023,456,4281.11,28,122,111,17,14,33,159,8,6
U412,Oct,2023,776,7191.17,30,243,136,56,18,44,279,15,0
U256,May,2025,438,4112.28,31,175,85,14,14,32,118,18,3
U467,May,2024,237,2211.92,30,74,23,13,8,17,102,22,2
U307,Jun,2023,224,2040.27,31,92,33,8,7,18,66,23,2
U490,Oct,2024,609,5585.12,31,272,98,14,15,22,188,24,0
U208,Dec,2025,660,6002.94,30,143,86,29,29,55,318,24,3
U351,Oct,2025,770,6931.29,30,162,173,29,31,42,333,19,0
U545,Nov,2023,616,5590.34,28,146,138,39,26,30,237,17,7
U504,Jun,2025,556,5004.9,31,164,120,24,15,46,187,13,0
U470,Aug,2023,582,5405.58,29,135,79,47,22,47,252,15,5
U434,Aug,2024,357,3273.77,29,149,56,18,7,29,98,20,6
U230,Nov,2023,768,7008.02,31,158,107,34,25,78,366,9,1
U557,Sep,2023,632,5880.56,31,176,129,34,23,38,232,17,3
U393,Aug,2024,247,2305.25,31,60,40,18,7,25,97,11,2
U120,Nov,2023,527,4948.59,30,228,74,25,10,36,154,19,8
U382,Feb,2023,632,5850.3,29,232,81,35,26,56,202,14,6
U385,Dec,2025,630,5786.31,29,269,50,38,20,49,204,11,1
U101,Oct,2024,255,2326.14,29,112,20,6,6,13,98,14,5
U219,Dec,2023,776,7053.01,31,251,62,57,21,77,308,17,8
U135,Nov,2024,467,4242.77,30,120,88,20,13,35,191,22,2
U298,Jan,2024,268,2455.87,31,66,63,14,9,19,97,19,5
U585,Oct,2023,927,8710.75,28,237,72,45,47,125,401,8,2
U345,Feb,2025,800,7200.27,28,301,58,59,31,54,297,23,2
U159,Feb,2024,648,5883.12,29,136,109,39,20,65,279,12,3
U425,Dec,2023,992,9002.75,31,211,222,63,40,70,386,11,8
U261,Mar,2024,456,4234.8,28,160,41,32,15,23,185,13,7
U597,Oct,2025,871,7961.81,28,314,93,64,29,62,309,24,0
U279,Jul,2025,689,6327.02,31,252,69,45,29,55,239,14,0
U306,Feb,2025,945,8561.18,30,276,133,34,33,75,394,14,6
U112,Jan,2023,842,7714.4,31,338,78,57,21,55,293,16,2
U590,Jun,2023,248,2242.24,31,82,31,15,11,24,85,20,6
U376,Sep,2025,858,7904.94,30,194,187,52,25,41,359,21,8
U281,Mar,2023,515,4655.18,29,205,78,32,12,27,161,23,2
U342,Jun,2025,612,5701.52,29,268,41,22,23,57,201,16,2
U316,Mar,2023,633,5840.46,29,136,128,27,28,74,240,22,1
U351,Jan,2025,201,1867.21,30,59,31,11,9,14,77,12,0
U399,Dec,2024,344,3153.59,28,110,78,19,8,30,99,15,8
U226,May,2025,565,5171.22,30,133,74,33,21,39,265,22,5
U582,Oct,2025,619,5595.32,31,258,101,29,13,29,189,16,5
U317,Nov,2023,772,7109.77,30,209,159,38,28,76,262,13,7
U406,Apr,2023,984,9058.51,28,389,92,55,28,98,322,11,4
U385,Jul,2023,760,6982.3,28,279,156,42,23,34,226,18,8
U285,Jun,2023,643,5977.46,31,224,93,22,15,31,258,17,4
U139,Oct,2023,633,5907.79,29,157,128,41,16,33,258,10,1
U323,Jul,2023,842,7830.87,28,214,85,69,33,61,380,8,5
U284,May,2024,754,6829.39,28,159,97,47,44,87,320,19,8
U595,Apr,2025,256,2367.7,28,66,46,11,12,21,100,22,2
U527,Jul,2025,761,6873.45,31,217,97,22,42,64,319,22,3
U278,Jul,2025,377,3497.75,28,153,50,22,10,26,116,21,7
U507,Jun,2024,492,4503.15,29,143,67,23,13,57,189,14,5
U528,Aug,2025,245,2217.98,31,95,39,9,6,10,86,24,6
U394,Apr,2024,369,3448.24,29,114,56,16,15,34,134,14,6
U440,Oct,2024,470,4345.43,28,186,28,25,13,52,166,10,3
U251,May,2024,616,5631.4,28,273,90,30,14,27,182,10,5
U484,Apr,2025,338,3046.15,29,87,51,25,9,37,129,21,8
U226,Dec,2024,446,4109.86,31,185,48,19,14,36,144,10,2
U401,Jan,2025,347,3251.14,31,123,27,22,10,16,149,14,7
U408,Dec,2025,429,3963.34,29,173,39,26,10,24,157,14,6
U436,Aug,2023,991,9304.16,28,359,98,42,34,87,371,12,3
U534,Jan,2023,836,7569.63,30,255,193,23,24,59,282,10,2
U334,May,2024,903,8332.27,29,232,139,74,35,75,348,22,6
U480,Jun,2024,573,5339.93,29,124,49,47,30,43,280,21,8
U475,Jun,2025,279,2569.65,29,93,25,18,7,27,109,11,2
U108,May,2024,805,7274.32,28,360,53,21,33,47,291,15,8
U598,Mar,2024,937,8651.47,31,360,142,57,19,56,303,20,7
U441,May,2025,264,2440.6,28,74,27,17,10,21,115,15,2
U229,Dec,2024,287,2666.66,29,116,38,17,9,21,86,22,7
U364,Aug,2024,287,2670.39,28,112,33,20,11,12,99,24,3
U257,Feb,2025,912,8489.18,28,246,200,67,31,48,320,12,5
U452,Jun,2025,925,8570.47,29,188,132,82,30,64,429,11,1
U458,Sep,2023,403,3661.79,28,92,66,12,17,25,191,18,7
U105,Aug,2025,581,5322.94,30,243,94,33,14,25,172,17,8
U595,Nov,2023,800,7448.36,28,327,98,21,26,62,266,24,6
U186,Aug,2024,675,6332.43,28,184,146,46,17,59,223,22,7
U275,Aug,2025,772,6972.38,31,209,149,32,28,70,284,13,6
U390,Jul,2025,982,9048.36,31,391,119,52,24,67,329,23,3
U293,Aug,2025,805,7345.63,29,349,103,18,29,33,273,22,0
U411,Jun,2024,738,6708.54,29,291,152,37,20,58,180,15,2
U219,Feb,2023,413,3800.56,31,145,71,12,9,22,154,16,6
U318,Feb,2024,273,2523.18,30,71,65,12,11,22,92,18,6
U527,Aug,2024,260,2341.02,28,86,25,19,10,28,92,9,2
U558,Nov,2025,897,8352.94,30,231,147,62,30,87,340,20,0
U514,Jan,2023,742,6921.34,30,298,145,15,14,35,235,11,8
U214,Jun,2024,418,3923.43,31,124,53,21,17,29,174,16,5
U566,Jun,2025,211,1914.25,29,86,42,4,5,7,67,12,6
U245,Nov,2024,614,5672.02,28,181,53,44,32,58,246,10,0
U126,Apr,2024,231,2118.42,29,93,44,13,4,14,63,10,0
U236,Dec,2025,359,3279.08,30,101,54,23,9,35,137,13,3
U403,Nov,2025,436,4022.65,30,135,35,19,24,22,201,17,6
U332,Nov,2023,938,8735.55,29,331,194,35,37,75,266,12,7
U469,Oct,2024,380,3423.5,29,82,48,36,10,43,161,10,8
U176,Mar,2025,757,7106.53,31,330,45,27,30,39,286,14,0
U575,Nov,2025,540,5034.93,29,185,47,32,16,39,221,15,3
U428,Mar,2023,657,6110.4,29,214,117,29,25,53,219,8,3
U445,Jan,2023,279,2595.86,31,114,56,13,8,15,73,11,2
U402,Mar,2025,846,7745.66,29,352,63,58,20,41,312,14,6
U552,Apr,2023,971,9030.93,30,320,140,42,29,49,391,21,0
U389,Nov,2025,958,8770.21,29,413,79,54,21,84,307,20,8
U101,Nov,2024,672,6289.57,28,145,150,39,17,39,282,17,7
U247,May,2023,870,7891.67,30,198,87,45,27,64,449,8,1
U387,Mar,2024,914,8332.88,31,319,95,38,41,94,327,11,1
U564,Jun,2024,311,2867.59,30,89,33,19,11,30,129,23,7
U242,Nov,2024,491,4481.69,31,155,80,16,17,42,181,23,0
U153,Dec,2025,830,7610.85,28,234,189,53,31,55,268,15,6
U404,May,2024,582,5352.64,28,175,92,17,22,51,225,17,8
U169,Mar,2024,216,2017.99,30,87,14,6,7,19,83,23,2
U461,Jun,2024,692,6372.82,29,241,108,28,15,73,227,18,6
U190,Jun,2025,530,4846.84,30,238,87,12,15,23,155,13,5
U546,Aug,2024,938,8534.95,30,372,75,47,24,55,365,8,6
U320,Feb,2024,685,6276.98,28,183,59,39,35,40,329,19,6
U550,Jan,2023,605,5569.81,31,160,65,46,21,62,251,13,0
U598,Apr,2025,316,2938.31,30,89,65,23,11,23,105,20,2
U292,Jul,2024,754,6822.51,29,309,110,41,24,31,239,24,0
U554,Nov,2023,314,2853.83,28,64,58,13,14,25,140,8,4
U163,Oct,2025,994,9096.95,30,256,119,88,33,63,435,15,2
U173,Mar,2025,748,6839.83,30,318,78,31,20,45,256,15,0
U261,Mar,2025,824,7545.12,29,296,180,33,29,69,217,18,1
U269,May,2025,746,6950.79,30,191,88,43,21,81,322,21,4
U189,May,2025,843,7696.3,30,214,204,33,23,37,332,17,2
U276,Oct,2025,535,4922.41,30,222,76,33,16,25,163,22,5
U369,Mar,2024,535,4948.52,30,226,40,22,22,22,203,14,8
U173,Sep,2024,939,8538.21,29,247,150,58,32,93,359,14,5
U345,Apr,2024,346,3213.47,30,105,81,11,12,23,114,17,1
U177,Mar,2024,321,2959.25,30,131,38,19,10,30,93,11,1
U259,Nov,2023,280,2570.04,30,109,54,14,5,20,78,17,7
U589,Feb,2024,884,8242.34,28,356,86,35,33,66,308,21,7
U559,Oct,2025,865,7869.25,29,285,140,51,35,78,276,20,5
U424,Nov,2024,861,8053.17,28,368,153,40,29,55,216,22,6
U198,Sep,2024,574,5294.82,28,161,136,29,12,32,204,23,0
U481,Apr,2025,769,7108.38,29,183,129,50,33,67,307,9,8
U202,Mar,2024,262,2449.71,28,98,42,13,7,18,84,11,4
U594,Jul,2024,703,6556.9,28,235,47,24,20,63,314,24,8
U232,Aug,2024,867,8011.62,28,358,83,49,30,44,303,17,1
U202,Nov,2023,648,6027.23,29,142,85,40,21,48,312,16,7
U119,Feb,2024,627,5751.68,30,257,45,30,20,39,236,22,6
U554,Jul,2025,626,5771.06,31,171,77,51,20,31,276,19,3
U582,Dec,2025,620,5595.39,31,225,71,16,20,68,220,16,2
U182,May,2024,521,4707.73,29,109,140,20,18,47,187,21,3
U497,Nov,2024,879,8202.63,31,309,152,25,26,74,293,20,3
U589,May,2024,365,3293.71,29,138,46,9,13,29,130,13,7
U379,Mar,2025,796,7217.94,29,232,195,28,21,65,255,11,3
U439,May,2025,848,7901.95,31,215,87,81,38,105,322,24,4
U465,Dec,2023,660,5940.3,28,220,96,26,29,45,244,10,1
U431,Feb,2023,658,5996.33,30,268,102,33,15,49,191,21,3
U229,Apr,2023,388,3582.64,31,108,31,15,17,33,184,24,6
U444,Jun,2025,663,6124.91,31,174,136,38,25,66,224,20,2
U410,Jan,2023,578,5381.68,31,155,52,55,24,66,226,16,0
U555,Oct,2024,201,1849.68,31,87,15,7,6,20,66,8,7
U189,Apr,2024,817,7519.47,29,236,81,67,35,40,358,24,7
U313,Jun,2025,563,5230.34,29,113,149,45,13,35,208,23,5
U243,Sep,2023,271,2493.05,30,107,44,13,7,12,88,9,6
U165,Nov,2024,626,5786.37,30,234,103,23,20,41,205,21,1
U176,Nov,2025,837,7833.57,31,194,153,57,22,71,340,24,4
U299,Feb,2023,369,3380.25,31,164,35,22,11,18,119,10,6
U243,Nov,2024,404,3698.24,31,142,66,13,15,35,133,9,8
U505,Jul,2023,536,4824.76,30,174,73,27,23,33,206,15,0
U503,Jun,2025,671,6203.64,31,198,64,33,20,81,275,9,2
U416,Feb,2023,394,3550.69,28,167,61,13,15,17,121,9,5
U193,Aug,2025,869,7996.24,30,226,85,75,38,69,376,16,6
U573,Jul,2023,852,7942.08,28,231,91,48,32,87,363,13,5
U517,Nov,2024,474,4370.27,31,109,111,21,14,41,178,19,0
U405,May,2025,206,1876.22,29,80,33,10,6,8,69,16,3
U324,Dec,2025,765,7125.57,28,266,128,26,32,71,242,14,5
U597,May,2025,815,7422.93,30,287,108,30,29,68,293,19,7
U391,Jul,2023,772,7174.36,28,196,114,47,34,87,294,12,3
U528,Sep,2023,798,7376.79,30,289,138,33,22,72,244,23,6
U202,Nov,2024,969,8786.89,31,379,168,33,26,66,297,12,2
U574,Sep,2025,377,3529.49,28,109,60,11,12,43,142,19,7
U367,Sep,2025,441,4004.39,29,176,90,17,13,32,113,16,0
U455,Jun,2023,402,3777.13,28,115,97,25,11,37,117,14,3
U556,Oct,2023,742,6680.17,29,289,92,48,18,67,228,18,7
U210,Jun,2024,661,6018.67,30,137,159,26,23,70,246,19,3
U562,Mar,2024,279,2533.3,31,94,43,15,11,19,97,10,1
U430,Jan,2023,722,6502.04,31,319,91,42,23,32,215,24,1
U550,Jul,2025,616,5724.46,29,274,38,27,18,61,198,14,3
U530,Apr,2024,965,8952.66,30,260,171,76,43,86,329,17,3
U365,Jan,2023,583,5431.78,31,180,131,38,12,31,191,22,1
U103,Aug,2023,590,5370.58,30,127,136,23,15,43,246,9,6
U185,Dec,2025,998,9159.38,29,417,172,31,21,72,285,20,5
U382,Jun,2023,887,8216.85,29,303,81,34,26,76,367,11,2
U428,Jun,2023,325,2982.17,28,96,43,12,9,18,147,8,7
U404,Feb,2024,693,6430.3,31,158,84,63,32,43,313,9,7
U550,Jan,2023,246,2276.38,31,107,24,16,7,19,73,9,0
U554,Feb,2023,917,8295.05,28,304,150,25,36,60,342,11,2
U512,Apr,2024,675,6285.88,29,182,94,43,30,57,269,10,4
U217,Feb,2025,818,7597.81,29,235,140,47,34,77,285,24,1
U321,Jan,2025,663,6140.93,29,177,101,34,21,70,260,21,4
U254,Jul,2024,986,8935.17,29,345,110,60,38,54,379,9,2
U253,Nov,2024,322,2932.52,30,139,22,23,10,14,114,23,8
U112,Nov,2025,673,6162.84,31,278,127,17,24,42,185,18,0
U233,Dec,2025,333,3034.29,31,104,23,12,11,38,145,20,3
U582,Aug,2025,818,7436.54,29,332,48,23,21,48,346,8,5
U404,Jun,2025,761,7094.15,29,232,162,31,27,48,261,9,8
U393,Apr,2025,806,7459.77,29,212,207,32,30,74,251,9,2
U563,Jun,2024,979,9032.44,31,436,153,36,22,80,252,12,2
U400,Mar,2023,222,2018.06,31,61,16,14,10,20,101,11,4
U328,Dec,2025,765,7165.93,29,214,86,58,21,43,343,19,6
U371,Aug,2025,965,8758.8,30,431,183,31,31,40,249,10,4
U143,Oct,2023,434,4044.0,28,101,100,19,11,27,176,17,7
U532,Feb,2023,258,2421.76,28,100,38,15,5,13,87,17,4
U443,May,2023,363,3372.57,28,157,32,23,7,25,119,8,6
U426,Jan,2023,970,9115.23,31,318,67,42,38,94,411,13,5
U402,Jun,2023,415,3843.07,31,83,34,24,15,30,229,18,1
U598,Feb,2023,382,3471.23,28,112,68,26,15,37,124,9,2
U464,Apr,2024,768,6974.61,28,175,62,30,47,87,367,14,3
U479,Jun,2023,856,7815.13,30,260,207,32,22,63,272,11,4
U527,Oct,2023,289,2601.82,31,114,25,14,11,31,94,20,8
U593,Nov,2024,510,4729.07,31,157,98,17,12,43,183,20,5
U121,Aug,2023,756,6885.25,28,232,72,30,29,94,299,24,0
U507,Dec,2025,456,4252.69,30,154,70,21,13,28,170,8,2
U207,Aug,2025,732,6693.17,30,252,57,53,22,47,301,13,6
U436,Nov,2023,732,6728.53,28,303,125,40,21,43,200,8,7
U403,Jun,2024,251,2355.96,28,69,44,20,6,19,93,15,6
U217,Apr,2025,537,4885.02,31,217,38,16,24,32,210,24,4
U224,Aug,2024,370,3436.75,28,126,76,12,12,29,115,22,7
U499,Aug,2025,266,2474.34,29,73,45,18,11,12,107,14,8
U381,Oct,2023,824,7488.84,30,225,197,41,34,66,261,23,6
U392,Jan,2024,499,4591.0,28,144,116,19,21,33,166,14,8
U303,Apr,2024,871,7961.01,29,309,185,26,27,65,259,24,0
U151,Apr,2024,977,9094.66,30,251,86,49,44,93,454,11,8
U371,Jul,2025,431,3986.32,29,185,32,19,13,44,138,19,2
U424,Nov,2025,267,2453.83,29,91,61,7,9,14,85,20,5
U377,Jul,2025,705,6564.78,28,303,89,45,20,61,187,11,7
U241,Nov,2023,227,2064.35,30,48,28,9,13,14,115,8,2
U570,Aug,2025,827,7692.3,29,236,172,62,22,67,268,8,3
U375,Nov,2023,250,2336.54,31,51,33,22,9,22,113,14,6
U390,May,2024,892,8341.49,30,239,184,43,28,88,310,16,6
U434,Jul,2024,459,4274.88,31,190,83,23,14,32,117,8,3
U481,Aug,2023,790,7238.93,28,165,185,51,21,80,288,23,8
U552,Sep,2025,984,9242.44,31,304,114,40,38,55,433,22,2
U596,Mar,2023,819,7495.35,30,187,126,42,33,96,335,13,7
U473,Mar,2024,785,7265.53,29,238,111,44,21,49,322,9,7
U152,Apr,2024,886,8031.08,29,363,116,46,25,34,302,16,3
U594,May,2023,383,3597.2,30,136,35,22,14,23,153,11,6
U127,Oct,2025,222,2060.51,29,85,29,10,5,15,78,20,3
U257,Jan,2025,985,9161.83,31,282,160,51,37,96,359,18,0
U339,Jul,2023,328,2960.63,29,143,43,14,12,15,101,20,0
U256,Sep,2023,490,4559.63,29,184,93,19,19,20,155,18,0
U391,Aug,2025,700,6516.92,31,213,111,39,25,61,251,15,1
U236,May,2024,385,3568.45,31,118,42,31,14,44,136,14,5
U244,Apr,2023,678,6181.17,31,291,102,32,16,45,192,23,4
U206,Dec,2025,770,7080.82,28,264,151,43,31,57,224,10,1
U520,Jul,2025,691,6249.52,31,260,77,38,20,54,242,24,7
U258,May,2024,712,6542.31,31,216,129,41,23,65,238,22,8
U246,Jul,2024,842,7660.12,28,215,85,58,24,113,347,24,6
U102,Dec,2024,266,2431.14,29,101,30,7,8,21,99,18,8
U533,Jan,2024,666,6037.32,31,234,141,43,13,38,197,12,3
U177,Jan,2024,484,4400.54,30,157,107,11,18,43,148,23,6
U232,Oct,2023,800,7224.5,31,284,125,35,27,80,249,22,4
U190,Mar,2025,616,5770.66,31,155,127,20,24,34,256,17,4
U445,Nov,2023,299,2754.44,28,119,56,7,7,20,90,21,2
U450,Feb,2023,388,3553.57,30,169,74,18,11,25,91,9,8
U559,Feb,2023,587,5408.62,29,248,75,24,12,41,187,23,4
U363,Jul,2023,440,4070.58,29,123,76,31,14,31,165,15,5
U451,Dec,2023,981,9190.75,30,295,139,42,41,92,372,22,2
U208,Oct,2024,930,8436.47,31,373,65,37,43,57,355,17,6
U174,Feb,2024,616,5616.82,28,214,82,24,18,42,236,12,8
U139,Nov,2025,375,3521.37,30,126,74,19,12,35,109,23,8
U497,Apr,2023,586,5361.01,30,252,100,30,15,36,153,19,4
U259,Feb,2025,670,6036.05,29,223,144,28,25,57,193,20,6
U171,Jun,2024,432,3913.51,28,142,32,22,12,49,175,16,2
U547,Aug,2024,862,7767.08,30,181,157,77,31,82,334,24,5
U412,Oct,2024,651,6116.78,28,141,64,27,24,89,306,19,7
