user_id,month,year,units_consumed,state,city,electricity_provider,tariff_category,slab_rate_0_100,slab_rate_101_300,slab_rate_301_500,slab_rate_500_plus,fixed_charge,tax_percent,bill_amount
27271,Sep,2024,81.44,West Bengal,Kolkata,CESC,Domestic,5.1,6.8,7.9,9.2,110.0,12.0,587.35
20861,Aug,2025,592.08,Maharashtra,Mumbai,MSEDCL,Domestic,5.5,8.2,10.5,12.0,125.0,16.0,6376.49
25391,Aug,2026,219.49,Tamil Nadu,Chennai,TANGEDCO,Domestic,3.5,5.0,7.0,9.0,80.0,10.0,1120.5
33419,Jun,2023,333.48,Maharashtra,Mumbai,MSEDCL,Domestic,5.5,8.2,10.5,12.0,125.0,16.0,3070.26
25192,Nov,2024,950.0,Tamil Nadu,Chennai,TANGEDCO,Domestic,3.5,5.0,7.0,9.0,80.0,10.0,7537.85
31965,Apr,2026,220.16,Maharashtra,Mumbai,MSEDCL,Commercial,9.5,11.0,12.5,14.0,300.0,16.0,2939.47
31285,Aug,2023,327.38,Karnataka,Bangalore,BESCOM,Domestic,4.5,6.5,7.7,8.5,100.0,9.0,2288.69
25735,Mar,2026,34.32,Karnataka,Bangalore,BESCOM,Domestic,4.5,6.5,7.7,8.5,100.0,9.0,282.27
26266,Sep,2024,64.79,West Bengal,Kolkata,CESC,Domestic,5.1,6.8,7.9,9.2,110.0,12.0,483.98
20467,Feb,2024,374.74,Maharashtra,Mumbai,MSEDCL,Domestic,5.5,8.2,10.5,12.0,125.0,16.0,3663.7
33527,Feb,2026,486.27,West Bengal,Kolkata,CESC,Commercial,8.5,9.5,10.2,11.5,250.0,12.0,5468.39
24427,Dec,2023,216.29,Tamil Nadu,Chennai,TANGEDCO,Domestic,3.5,5.0,7.0,9.0,80.0,10.0,1106.33
25579,Dec,2025,590.11,Karnataka,Bangalore,BESCOM,Domestic,4.5,6.5,7.7,8.5,100.0,9.0,4473.2
34424,Jul,2025,509.18,West Bengal,Kolkata,CESC,Domestic,5.1,6.8,7.9,9.2,110.0,12.0,4032.64
31637,Dec,2026,62.02,West Bengal,Kolkata,CESC,Domestic,5.1,6.8,7.9,9.2,110.0,12.0,475.13
31364,Oct,2024,86.7,Tamil Nadu,Chennai,TANGEDCO,Domestic,3.5,5.0,7.0,9.0,80.0,10.0,418.58
31112,Apr,2023,192.99,Tamil Nadu,Chennai,TANGEDCO,Domestic,3.5,5.0,7.0,9.0,80.0,10.0,999.75
28323,Oct,2023,950.0,Tamil Nadu,Chennai,TANGEDCO,Domestic,3.5,5.0,7.0,9.0,80.0,10.0,7719.3
21686,Aug,2024,304.65,Delhi,Delhi,BSES Yamuna,Domestic,3.0,4.5,6.5,8.0,50.0,5.0,1323.26
20770,Sep,2025,123.9,West Bengal,Kolkata,CESC,Domestic,5.1,6.8,7.9,9.2,110.0,12.0,867.74
30584,Jul,2023,211.12,West Bengal,Kolkata,CESC,Commercial,8.5,9.5,10.2,11.5,250.0,12.0,2448.46
33804,May,2026,214.34,Maharashtra,Mumbai,MSEDCL,Domestic,5.5,8.2,10.5,12.0,125.0,16.0,1867.16
26950,Aug,2025,683.91,Karnataka,Bangalore,BESCOM,Commercial,8.0,9.0,10.0,11.0,220.0,9.0,7324.13
22434,Apr,2026,2800.0,Maharashtra,Mumbai,MSEDCL,Commercial,9.5,11.0,12.5,14.0,300.0,16.0,43690.18
25312,Feb,2025,34.44,Tamil Nadu,Chennai,TANGEDCO,Domestic,3.5,5.0,7.0,9.0,80.0,10.0,224.44
25052,Nov,2024,406.68,Maharashtra,Mumbai,MSEDCL,Domestic,5.5,8.2,10.5,12.0,125.0,16.0,4024.9
26421,Dec,2026,91.49,Karnataka,Bangalore,BESCOM,Domestic,4.5,6.5,7.7,8.5,100.0,9.0,551.55
21185,Jun,2026,173.79,Tamil Nadu,Chennai,TANGEDCO,Domestic,3.5,5.0,7.0,9.0,80.0,10.0,877.99
24556,Sep,2024,126.04,Tamil Nadu,Chennai,TANGEDCO,Domestic,3.5,5.0,7.0,9.0,80.0,10.0,608.46
23386,Jan,2026,112.36,Karnataka,Bangalore,BESCOM,Domestic,4.5,6.5,7.7,8.5,100.0,9.0,687.05
32310,Nov,2025,259.01,West Bengal,Kolkata,CESC,Domestic,5.1,6.8,7.9,9.2,110.0,12.0,1901.57
26397,Oct,2023,120.85,Delhi,Delhi,BSES Yamuna,Commercial,6.5,8.0,9.5,11.0,180.0,5.0,1049.15
33036,Dec,2023,188.26,West Bengal,Kolkata,CESC,Domestic,5.1,6.8,7.9,9.2,110.0,12.0,1369.7
31097,Jul,2024,130.22,Maharashtra,Mumbai,MSEDCL,Domestic,5.5,8.2,10.5,12.0,125.0,16.0,1057.68
28667,Oct,2025,413.24,Tamil Nadu,Chennai,TANGEDCO,Domestic,3.5,5.0,7.0,9.0,80.0,10.0,2417.57
29275,Sep,2026,33.15,Delhi,Delhi,BSES Yamuna,Domestic,3.0,4.5,6.5,8.0,50.0,5.0,155.11
22559,Oct,2026,448.06,Karnataka,Bangalore,BESCOM,Domestic,4.5,6.5,7.7,8.5,100.0,9.0,3251.84
27850,Sep,2023,1478.11,West Bengal,Kolkata,CESC,Commercial,8.5,9.5,10.2,11.5,250.0,12.0,18506.7
22048,Oct,2026,176.58,West Bengal,Kolkata,CESC,Commercial,8.5,9.5,10.2,11.5,250.0,12.0,2029.34
22748,Nov,2023,693.49,Maharashtra,Mumbai,MSEDCL,Commercial,9.5,11.0,12.5,14.0,300.0,16.0,9895.04
29168,Mar,2024,469.13,Maharashtra,Mumbai,MSEDCL,Domestic,5.5,8.2,10.5,12.0,125.0,16.0,4736.51
29999,Nov,2026,161.49,Karnataka,Bangalore,BESCOM,Domestic,4.5,6.5,7.7,8.5,100.0,9.0,1043.33
20190,May,2025,401.16,Karnataka,Bangalore,BESCOM,Domestic,4.5,6.5,7.7,8.5,100.0,9.0,2866.94
22735,Aug,2026,97.09,Delhi,Delhi,BSES Yamuna,Domestic,3.0,4.5,6.5,8.0,50.0,5.0,356.75
23006,Aug,2023,155.72,Delhi,Delhi,BSES Yamuna,Domestic,3.0,4.5,6.5,8.0,50.0,5.0,630.44
24659,Apr,2024,149.03,West Bengal,Kolkata,CESC,Domestic,5.1,6.8,7.9,9.2,110.0,12.0,1061.98
21900,Dec,2023,157.96,Karnataka,Bangalore,BESCOM,Domestic,4.5,6.5,7.7,8.5,100.0,9.0,1009.98
27735,Nov,2026,113.31,West Bengal,Kolkata,CESC,Domestic,5.1,6.8,7.9,9.2,110.0,12.0,792.24
21268,Nov,2023,45.16,Maharashtra,Mumbai,MSEDCL,Domestic,5.5,8.2,10.5,12.0,125.0,16.0,439.45
21529,Jan,2023,535.17,Tamil Nadu,Chennai,TANGEDCO,Commercial,7.5,8.5,9.8,11.2,210.0,10.0,5509.72
31395,Jan,2024,194.12,Karnataka,Bangalore,BESCOM,Domestic,4.5,6.5,7.7,8.5,100.0,9.0,1253.52
23557,Apr,2025,529.06,West Bengal,Kolkata,CESC,Commercial,8.5,9.5,10.2,11.5,250.0,12.0,6124.29
23891,Jun,2026,218.46,Tamil Nadu,Chennai,TANGEDCO,Commercial,7.5,8.5,9.8,11.2,210.0,10.0,2188.29
28839,Aug,2024,104.65,Delhi,Delhi,BSES Yamuna,Domestic,3.0,4.5,6.5,8.0,50.0,5.0,385.24
34357,Jun,2025,339.35,Tamil Nadu,Chennai,TANGEDCO,Domestic,3.5,5.0,7.0,9.0,80.0,10.0,1862.06
31081,Dec,2023,51.56,Karnataka,Bangalore,BESCOM,Domestic,4.5,6.5,7.7,8.5,100.0,9.0,356.73
34503,Sep,2025,270.36,Delhi,Delhi,BSES Yamuna,Commercial,6.5,8.0,9.5,11.0,180.0,5.0,2276.73
25394,Sep,2023,172.94,Maharashtra,Mumbai,MSEDCL,Domestic,5.5,8.2,10.5,12.0,125.0,16.0,1471.88
30628,Feb,2023,1109.09,Delhi,Delhi,BSES Yamuna,Commercial,6.5,8.0,9.5,11.0,180.0,5.0,11437.04
28793,Oct,2024,113.17,West Bengal,Kolkata,CESC,Domestic,5.1,6.8,7.9,9.2,110.0,12.0,788.92
30556,Jan,2023,292.77,Tamil Nadu,Chennai,TANGEDCO,Commercial,7.5,8.5,9.8,11.2,210.0,10.0,2824.82
30254,Feb,2024,243.45,Karnataka,Bangalore,BESCOM,Commercial,8.0,9.0,10.0,11.0,220.0,9.0,2560.31
28434,May,2025,243.89,Karnataka,Bangalore,BESCOM,Domestic,4.5,6.5,7.7,8.5,100.0,9.0,1637.43
30234,Apr,2025,257.92,Delhi,Delhi,BSES Yamuna,Domestic,3.0,4.5,6.5,8.0,50.0,5.0,1133.2
31017,Apr,2023,120.56,Karnataka,Bangalore,BESCOM,Domestic,4.5,6.5,7.7,8.5,100.0,9.0,743.66
27514,Sep,2024,291.92,Delhi,Delhi,BSES Yamuna,Domestic,3.0,4.5,6.5,8.0,50.0,5.0,1259.69
22613,Nov,2023,202.21,Karnataka,Bangalore,BESCOM,Domestic,4.5,6.5,7.7,8.5,100.0,9.0,1333.0
27042,Aug,2024,349.82,West Bengal,Kolkata,CESC,Commercial,8.5,9.5,10.2,11.5,250.0,12.0,3873.48
29556,Jun,2024,109.53,Karnataka,Bangalore,BESCOM,Domestic,4.5,6.5,7.7,8.5,100.0,9.0,675.57
26236,Jan,2024,494.88,Karnataka,Bangalore,BESCOM,Commercial,8.0,9.0,10.0,11.0,220.0,9.0,5096.87
25487,Feb,2025,154.47,Delhi,Delhi,BSES Yamuna,Commercial,6.5,8.0,9.5,11.0,180.0,5.0,1354.44
27100,Jun,2024,164.71,Karnataka,Bangalore,BESCOM,Domestic,4.5,6.5,7.7,8.5,100.0,9.0,1040.48
29671,Nov,2025,858.53,Delhi,Delhi,BSES Yamuna,Commercial,6.5,8.0,9.5,11.0,180.0,5.0,8648.84
30749,Feb,2024,366.63,West Bengal,Kolkata,CESC,Domestic,5.1,6.8,7.9,9.2,110.0,12.0,2837.26
20776,Oct,2025,284.87,Maharashtra,Mumbai,MSEDCL,Commercial,9.5,11.0,12.5,14.0,300.0,16.0,3772.86
32207,May,2026,134.01,Delhi,Delhi,BSES Yamuna,Domestic,3.0,4.5,6.5,8.0,50.0,5.0,529.65
28227,May,2025,76.49,Tamil Nadu,Chennai,TANGEDCO,Domestic,3.5,5.0,7.0,9.0,80.0,10.0,389.01
34542,Jun,2025,89.05,Karnataka,Bangalore,BESCOM,Domestic,4.5,6.5,7.7,8.5,100.0,9.0,541.36
23153,Jun,2023,372.22,West Bengal,Kolkata,CESC,Domestic,5.1,6.8,7.9,9.2,110.0,12.0,2889.15
30148,Jun,2024,300.66,Tamil Nadu,Chennai,TANGEDCO,Domestic,3.5,5.0,7.0,9.0,80.0,10.0,1590.29
21586,Feb,2026,393.15,Karnataka,Bangalore,BESCOM,Domestic,4.5,6.5,7.7,8.5,100.0,9.0,2847.34
23944,Oct,2023,317.24,West Bengal,Kolkata,CESC,Domestic,5.1,6.8,7.9,9.2,110.0,12.0,2405.83
27556,Mar,2024,253.48,Maharashtra,Mumbai,MSEDCL,Commercial,9.5,11.0,12.5,14.0,300.0,16.0,3376.03
23074,Jun,2026,360.59,Karnataka,Bangalore,BESCOM,Domestic,4.5,6.5,7.7,8.5,100.0,9.0,2564.89
21022,Aug,2026,31.78,West Bengal,Kolkata,CESC,Domestic,5.1,6.8,7.9,9.2,110.0,12.0,299.08
31654,Dec,2026,350.08,Maharashtra,Mumbai,MSEDCL,Domestic,5.5,8.2,10.5,12.0,125.0,16.0,3246.23
30806,Nov,2024,310.03,Delhi,Delhi,BSES Yamuna,Commercial,6.5,8.0,9.5,11.0,180.0,5.0,2629.45
33418,Dec,2026,311.33,Karnataka,Bangalore,BESCOM,Commercial,8.0,9.0,10.0,11.0,220.0,9.0,3249.54
23844,Jan,2026,104.94,Karnataka,Bangalore,BESCOM,Domestic,4.5,6.5,7.7,8.5,100.0,9.0,626.24
27990,Jan,2023,89.95,Karnataka,Bangalore,BESCOM,Domestic,4.5,6.5,7.7,8.5,100.0,9.0,549.95
29693,Nov,2025,632.54,Delhi,Delhi,BSES Yamuna,Domestic,3.0,4.5,6.5,8.0,50.0,5.0,3842.76
32991,Feb,2024,86.78,Maharashtra,Mumbai,MSEDCL,Domestic,5.5,8.2,10.5,12.0,125.0,16.0,711.9
34738,Nov,2025,262.85,Maharashtra,Mumbai,MSEDCL,Commercial,9.5,11.0,12.5,14.0,300.0,16.0,3465.73
26874,Dec,2023,164.85,Karnataka,Bangalore,BESCOM,Domestic,4.5,6.5,7.7,8.5,100.0,9.0,1040.92
25676,Dec,2025,499.49,Maharashtra,Mumbai,MSEDCL,Commercial,9.5,11.0,12.5,14.0,300.0,16.0,6866.66
20162,Jun,2026,175.53,West Bengal,Kolkata,CESC,Domestic,5.1,6.8,7.9,9.2,110.0,12.0,1272.65
24298,Sep,2026,458.79,West Bengal,Kolkata,CESC,Commercial,8.5,9.5,10.2,11.5,250.0,12.0,5094.46
30174,Apr,2024,386.21,Tamil Nadu,Chennai,TANGEDCO,Domestic,3.5,5.0,7.0,9.0,80.0,10.0,2233.56
20996,Mar,2024,137.1,West Bengal,Kolkata,CESC,Commercial,8.5,9.5,10.2,11.5,250.0,12.0,1657.95
34606,Dec,2024,405.03,West Bengal,Kolkata,CESC,Commercial,8.5,9.5,10.2,11.5,250.0,12.0,4473.32
33104,Aug,2023,840.36,Delhi,Delhi,BSES Yamuna,Commercial,6.5,8.0,9.5,11.0,180.0,5.0,8462.82
31535,Nov,2024,61.65,Tamil Nadu,Chennai,TANGEDCO,Domestic,3.5,5.0,7.0,9.0,80.0,10.0,320.66
32744,Oct,2023,870.07,Tamil Nadu,Chennai,TANGEDCO,Domestic,3.5,5.0,7.0,9.0,80.0,10.0,6667.25
27630,Sep,2026,64.94,Tamil Nadu,Chennai,TANGEDCO,Domestic,3.5,5.0,7.0,9.0,80.0,10.0,334.11
31991,Dec,2025,172.47,Tamil Nadu,Chennai,TANGEDCO,Domestic,3.5,5.0,7.0,9.0,80.0,10.0,871.96
29468,Nov,2026,104.12,Tamil Nadu,Chennai,TANGEDCO,Domestic,3.5,5.0,7.0,9.0,80.0,10.0,491.64
21017,May,2026,462.22,Karnataka,Bangalore,BESCOM,Domestic,4.5,6.5,7.7,8.5,100.0,9.0,3408.25
27870,Sep,2026,168.8,Delhi,Delhi,BSES Yamuna,Domestic,3.0,4.5,6.5,8.0,50.0,5.0,679.12
26440,Feb,2024,222.49,Tamil Nadu,Chennai,TANGEDCO,Domestic,3.5,5.0,7.0,9.0,80.0,10.0,1144.86
27893,Mar,2024,236.1,Delhi,Delhi,BSES Yamuna,Domestic,3.0,4.5,6.5,8.0,50.0,5.0,1026.02
26864,Jul,2024,82.01,Tamil Nadu,Chennai,TANGEDCO,Domestic,3.5,5.0,7.0,9.0,80.0,10.0,398.91
27917,Jul,2025,114.92,Tamil Nadu,Chennai,TANGEDCO,Domestic,3.5,5.0,7.0,9.0,80.0,10.0,558.88
28530,Jun,2024,162.95,Tamil Nadu,Chennai,TANGEDCO,Domestic,3.5,5.0,7.0,9.0,80.0,10.0,818.12
20879,Jun,2023,248.74,Maharashtra,Mumbai,MSEDCL,Domestic,5.5,8.2,10.5,12.0,125.0,16.0,2222.96
29269,Feb,2026,532.61,Karnataka,Bangalore,BESCOM,Domestic,4.5,6.5,7.7,8.5,100.0,9.0,4024.4
24888,Oct,2025,257.37,West Bengal,Kolkata,CESC,Commercial,8.5,9.5,10.2,11.5,250.0,12.0,2927.67
32186,Jun,2025,294.98,Karnataka,Bangalore,BESCOM,Commercial,8.0,9.0,10.0,11.0,220.0,9.0,3046.74
34553,Apr,2025,1724.44,West Bengal,Kolkata,CESC,Commercial,8.5,9.5,10.2,11.5,250.0,12.0,21460.94
24860,Dec,2025,149.67,West Bengal,Kolkata,CESC,Commercial,8.5,9.5,10.2,11.5,250.0,12.0,1751.45
26332,Mar,2025,689.99,Karnataka,Bangalore,BESCOM,Domestic,4.5,6.5,7.7,8.5,100.0,9.0,5373.06
28572,Nov,2023,50.56,Maharashtra,Mumbai,MSEDCL,Domestic,5.5,8.2,10.5,12.0,125.0,16.0,467.97
28685,Feb,2026,272.07,Delhi,Delhi,BSES Yamuna,Domestic,3.0,4.5,6.5,8.0,50.0,5.0,1178.21
27209,Jan,2025,539.81,Tamil Nadu,Chennai,TANGEDCO,Domestic,3.5,5.0,7.0,9.0,80.0,10.0,3442.06
25277,Nov,2026,82.49,Karnataka,Bangalore,BESCOM,Domestic,4.5,6.5,7.7,8.5,100.0,9.0,520.78
22063,Nov,2024,203.6,Delhi,Delhi,BSES Yamuna,Domestic,3.0,4.5,6.5,8.0,50.0,5.0,870.31
32077,May,2025,178.76,Tamil Nadu,Chennai,TANGEDCO,Domestic,3.5,5.0,7.0,9.0,80.0,10.0,915.55
20065,Feb,2025,296.74,West Bengal,Kolkata,CESC,Domestic,5.1,6.8,7.9,9.2,110.0,12.0,2230.08
28007,Feb,2026,372.42,Tamil Nadu,Chennai,TANGEDCO,Commercial,7.5,8.5,9.8,11.2,210.0,10.0,3743.15
22569,Jul,2025,193.27,Delhi,Delhi,BSES Yamuna,Domestic,3.0,4.5,6.5,8.0,50.0,5.0,798.02
25464,Aug,2025,42.77,Delhi,Delhi,BSES Yamuna,Domestic,3.0,4.5,6.5,8.0,50.0,5.0,189.06
33441,Oct,2025,240.15,Karnataka,Bangalore,BESCOM,Domestic,4.5,6.5,7.7,8.5,100.0,9.0,1574.02
22028,Aug,2023,815.65,Karnataka,Bangalore,BESCOM,Domestic,4.5,6.5,7.7,8.5,100.0,9.0,6650.39
22696,Apr,2023,112.17,Tamil Nadu,Chennai,TANGEDCO,Domestic,3.5,5.0,7.0,9.0,80.0,10.0,542.52
29688,Jan,2025,456.58,Maharashtra,Mumbai,MSEDCL,Commercial,9.5,11.0,12.5,14.0,300.0,16.0,6363.14
25259,Nov,2023,85.76,Tamil Nadu,Chennai,TANGEDCO,Domestic,3.5,5.0,7.0,9.0,80.0,10.0,425.68
25619,Jul,2024,77.37,West Bengal,Kolkata,CESC,Domestic,5.1,6.8,7.9,9.2,110.0,12.0,559.23
26737,Jan,2025,46.27,Delhi,Delhi,BSES Yamuna,Domestic,3.0,4.5,6.5,8.0,50.0,5.0,197.67
20392,Nov,2024,487.92,Maharashtra,Mumbai,MSEDCL,Domestic,5.5,8.2,10.5,12.0,125.0,16.0,5073.29
33987,Apr,2026,174.44,Tamil Nadu,Chennai,TANGEDCO,Commercial,7.5,8.5,9.8,11.2,210.0,10.0,1725.18
32707,Aug,2024,45.55,Delhi,Delhi,BSES Yamuna,Domestic,3.0,4.5,6.5,8.0,50.0,5.0,199.25
34625,Feb,2026,132.81,Tamil Nadu,Chennai,TANGEDCO,Domestic,3.5,5.0,7.0,9.0,80.0,10.0,657.29
32667,Jun,2025,543.73,Karnataka,Bangalore,BESCOM,Commercial,8.0,9.0,10.0,11.0,220.0,9.0,5745.99
25893,Jun,2026,1746.35,Maharashtra,Mumbai,MSEDCL,Commercial,9.5,11.0,12.5,14.0,300.0,16.0,26637.85
23562,Dec,2026,148.13,Maharashtra,Mumbai,MSEDCL,Domestic,5.5,8.2,10.5,12.0,125.0,16.0,1227.05
30471,Sep,2024,261.4,Tamil Nadu,Chennai,TANGEDCO,Domestic,3.5,5.0,7.0,9.0,80.0,10.0,1370.78
26185,May,2024,75.7,Karnataka,Bangalore,BESCOM,Domestic,4.5,6.5,7.7,8.5,100.0,9.0,481.18
23100,Oct,2024,302.65,Karnataka,Bangalore,BESCOM,Domestic,4.5,6.5,7.7,8.5,100.0,9.0,2059.93
26279,Apr,2025,73.45,Tamil Nadu,Chennai,TANGEDCO,Domestic,3.5,5.0,7.0,9.0,80.0,10.0,372.26
28393,May,2025,144.62,West Bengal,Kolkata,CESC,Commercial,8.5,9.5,10.2,11.5,250.0,12.0,1724.64
34152,Dec,2024,131.09,Karnataka,Bangalore,BESCOM,Domestic,4.5,6.5,7.7,8.5,100.0,9.0,806.77
33068,Dec,2025,824.56,Karnataka,Bangalore,BESCOM,Commercial,8.0,9.0,10.0,11.0,220.0,9.0,9212.06
23105,Oct,2025,51.7,West Bengal,Kolkata,CESC,Domestic,5.1,6.8,7.9,9.2,110.0,12.0,411.44
27216,Nov,2026,74.98,Maharashtra,Mumbai,MSEDCL,Domestic,5.5,8.2,10.5,12.0,125.0,16.0,617.58
32791,May,2026,426.13,Delhi,Delhi,BSES Yamuna,Domestic,3.0,4.5,6.5,8.0,50.0,5.0,2166.76
22455,Aug,2024,603.36,Delhi,Delhi,BSES Yamuna,Commercial,6.5,8.0,9.5,11.0,180.0,5.0,5674.07
31838,Oct,2025,1567.92,Maharashtra,Mumbai,MSEDCL,Commercial,9.5,11.0,12.5,14.0,300.0,16.0,24247.75
34040,Dec,2026,241.1,Tamil Nadu,Chennai,TANGEDCO,Domestic,3.5,5.0,7.0,9.0,80.0,10.0,1248.4
28997,Aug,2023,45.46,Karnataka,Bangalore,BESCOM,Domestic,4.5,6.5,7.7,8.5,100.0,9.0,325.62
34435,Feb,2025,168.91,Delhi,Delhi,BSES Yamuna,Domestic,3.0,4.5,6.5,8.0,50.0,5.0,706.45
22732,Jul,2023,1729.68,Delhi,Delhi,BSES Yamuna,Commercial,6.5,8.0,9.5,11.0,180.0,5.0,18926.98
34184,Aug,2024,1008.43,Delhi,Delhi,BSES Yamuna,Commercial,6.5,8.0,9.5,11.0,180.0,5.0,10321.13
30966,Nov,2025,200.53,West Bengal,Kolkata,CESC,Domestic,5.1,6.8,7.9,9.2,110.0,12.0,1464.49
28155,Jun,2024,62.33,Karnataka,Bangalore,BESCOM,Domestic,4.5,6.5,7.7,8.5,100.0,9.0,420.03
29763,May,2024,68.9,Delhi,Delhi,BSES Yamuna,Domestic,3.0,4.5,6.5,8.0,50.0,5.0,270.53
25057,Nov,2024,166.21,Maharashtra,Mumbai,MSEDCL,Domestic,5.5,8.2,10.5,12.0,125.0,16.0,1413.55
34949,Sep,2024,154.53,West Bengal,Kolkata,CESC,Domestic,5.1,6.8,7.9,9.2,110.0,12.0,1114.39
28111,Mar,2024,138.6,Karnataka,Bangalore,BESCOM,Domestic,4.5,6.5,7.7,8.5,100.0,9.0,883.97
33774,Dec,2025,247.01,Karnataka,Bangalore,BESCOM,Commercial,8.0,9.0,10.0,11.0,220.0,9.0,2535.68
30883,Oct,2023,322.52,West Bengal,Kolkata,CESC,Domestic,5.1,6.8,7.9,9.2,110.0,12.0,2396.44
23841,Apr,2025,224.02,Tamil Nadu,Chennai,TANGEDCO,Commercial,7.5,8.5,9.8,11.2,210.0,10.0,2172.61
21029,Sep,2025,35.27,West Bengal,Kolkata,CESC,Domestic,5.1,6.8,7.9,9.2,110.0,12.0,320.15
27386,Jun,2025,388.22,West Bengal,Kolkata,CESC,Domestic,5.1,6.8,7.9,9.2,110.0,12.0,3034.43
20503,Aug,2026,112.45,Tamil Nadu,Chennai,TANGEDCO,Domestic,3.5,5.0,7.0,9.0,80.0,10.0,532.33
26911,Jul,2026,231.34,Maharashtra,Mumbai,MSEDCL,Domestic,5.5,8.2,10.5,12.0,125.0,16.0,2046.32
32686,Nov,2025,127.03,West Bengal,Kolkata,CESC,Domestic,5.1,6.8,7.9,9.2,110.0,12.0,906.48
29063,Feb,2023,74.53,West Bengal,Kolkata,CESC,Domestic,5.1,6.8,7.9,9.2,110.0,12.0,538.38
26939,Mar,2025,375.8,Delhi,Delhi,BSES Yamuna,Domestic,3.0,4.5,6.5,8.0,50.0,5.0,1822.96
24489,Jan,2024,397.68,Karnataka,Bangalore,BESCOM,Domestic,4.5,6.5,7.7,8.5,100.0,9.0,2796.19
20207,Sep,2026,174.44,Maharashtra,Mumbai,MSEDCL,Domestic,5.5,8.2,10.5,12.0,125.0,16.0,1489.5
25135,Jul,2026,454.54,Delhi,Delhi,BSES Yamuna,Domestic,3.0,4.5,6.5,8.0,50.0,5.0,2411.19
25978,Jan,2025,148.03,West Bengal,Kolkata,CESC,Domestic,5.1,6.8,7.9,9.2,110.0,12.0,1049.36
27722,Mar,2025,69.65,Delhi,Delhi,BSES Yamuna,Domestic,3.0,4.5,6.5,8.0,50.0,5.0,270.24
27036,Apr,2023,120.14,Delhi,Delhi,BSES Yamuna,Commercial,6.5,8.0,9.5,11.0,180.0,5.0,1053.39
21485,Apr,2023,209.77,Maharashtra,Mumbai,MSEDCL,Domestic,5.5,8.2,10.5,12.0,125.0,16.0,1799.41
27859,May,2024,716.98,Tamil Nadu,Chennai,TANGEDCO,Commercial,7.5,8.5,9.8,11.2,210.0,10.0,7737.22
20864,Mar,2025,352.51,West Bengal,Kolkata,CESC,Domestic,5.1,6.8,7.9,9.2,110.0,12.0,2732.87
22791,Mar,2025,71.38,Karnataka,Bangalore,BESCOM,Domestic,4.5,6.5,7.7,8.5,100.0,9.0,458.29
27409,Jan,2025,201.15,Delhi,Delhi,BSES Yamuna,Domestic,3.0,4.5,6.5,8.0,50.0,5.0,832.22
28756,Jul,2026,145.31,West Bengal,Kolkata,CESC,Commercial,8.5,9.5,10.2,11.5,250.0,12.0,1735.3
25117,Nov,2024,446.98,West Bengal,Kolkata,CESC,Commercial,8.5,9.5,10.2,11.5,250.0,12.0,5133.61
32384,Oct,2023,162.35,Maharashtra,Mumbai,MSEDCL,Domestic,5.5,8.2,10.5,12.0,125.0,16.0,1377.46
26020,Jan,2026,764.67,Delhi,Delhi,BSES Yamuna,Domestic,3.0,4.5,6.5,8.0,50.0,5.0,4937.75
21758,Feb,2026,134.19,Maharashtra,Mumbai,MSEDCL,Domestic,5.5,8.2,10.5,12.0,125.0,16.0,1102.45
34821,Apr,2026,98.61,Karnataka,Bangalore,BESCOM,Domestic,4.5,6.5,7.7,8.5,100.0,9.0,588.02
27575,Apr,2026,288.18,Tamil Nadu,Chennai,TANGEDCO,Domestic,3.5,5.0,7.0,9.0,80.0,10.0,1478.78
26375,May,2024,87.36,Karnataka,Bangalore,BESCOM,Domestic,4.5,6.5,7.7,8.5,100.0,9.0,544.32
26893,Nov,2025,383.74,Delhi,Delhi,BSES Yamuna,Domestic,3.0,4.5,6.5,8.0,50.0,5.0,1891.77
21679,Feb,2023,187.25,Maharashtra,Mumbai,MSEDCL,Commercial,9.5,11.0,12.5,14.0,300.0,16.0,2608.24
23243,Apr,2023,307.05,Tamil Nadu,Chennai,TANGEDCO,Domestic,3.5,5.0,7.0,9.0,80.0,10.0,1599.39
24637,Jan,2026,883.19,Tamil Nadu,Chennai,TANGEDCO,Domestic,3.5,5.0,7.0,9.0,80.0,10.0,6777.16
21060,Feb,2026,56.91,Tamil Nadu,Chennai,TANGEDCO,Domestic,3.5,5.0,7.0,9.0,80.0,10.0,306.52
26669,Jan,2024,254.02,Maharashtra,Mumbai,MSEDCL,Domestic,5.5,8.2,10.5,12.0,125.0,16.0,2268.65
33472,Oct,2026,152.81,Karnataka,Bangalore,BESCOM,Domestic,4.5,6.5,7.7,8.5,100.0,9.0,962.61
29915,Oct,2023,95.7,Delhi,Delhi,BSES Yamuna,Domestic,3.0,4.5,6.5,8.0,50.0,5.0,347.28
31507,Apr,2023,97.28,West Bengal,Kolkata,CESC,Domestic,5.1,6.8,7.9,9.2,110.0,12.0,672.03
23158,Apr,2025,852.11,Karnataka,Bangalore,BESCOM,Commercial,8.0,9.0,10.0,11.0,220.0,9.0,9403.15
25916,Jul,2025,1427.01,Maharashtra,Mumbai,MSEDCL,Commercial,9.5,11.0,12.5,14.0,300.0,16.0,22160.32
30818,Oct,2023,80.83,Karnataka,Bangalore,BESCOM,Domestic,4.5,6.5,7.7,8.5,100.0,9.0,505.68
30922,Nov,2023,42.39,Tamil Nadu,Chennai,TANGEDCO,Domestic,3.5,5.0,7.0,9.0,80.0,10.0,255.95
34893,Nov,2024,552.18,West Bengal,Kolkata,CESC,Domestic,5.1,6.8,7.9,9.2,110.0,12.0,4436.14
29790,Sep,2024,135.36,Tamil Nadu,Chennai,TANGEDCO,Domestic,3.5,5.0,7.0,9.0,80.0,10.0,658.66
31253,Sep,2023,107.17,Maharashtra,Mumbai,MSEDCL,Domestic,5.5,8.2,10.5,12.0,125.0,16.0,862.79
22694,May,2026,250.4,Tamil Nadu,Chennai,TANGEDCO,Domestic,3.5,5.0,7.0,9.0,80.0,10.0,1308.82
33084,Oct,2025,52.69,West Bengal,Kolkata,CESC,Domestic,5.1,6.8,7.9,9.2,110.0,12.0,417.25
33340,Jan,2023,808.99,Karnataka,Bangalore,BESCOM,Commercial,8.0,9.0,10.0,11.0,220.0,9.0,9101.0
33932,Jan,2026,158.0,Karnataka,Bangalore,BESCOM,Domestic,4.5,6.5,7.7,8.5,100.0,9.0,1002.78
23628,Jun,2023,377.62,Karnataka,Bangalore,BESCOM,Commercial,8.0,9.0,10.0,11.0,220.0,9.0,3862.17
29556,Feb,2025,36.18,Maharashtra,Mumbai,MSEDCL,Domestic,5.5,8.2,10.5,12.0,125.0,16.0,378.43
30174,Aug,2025,781.14,Tamil Nadu,Chennai,TANGEDCO,Domestic,3.5,5.0,7.0,9.0,80.0,10.0,5829.38
25451,Sep,2024,177.09,Delhi,Delhi,BSES Yamuna,Domestic,3.0,4.5,6.5,8.0,50.0,5.0,741.38
21664,Apr,2024,950.0,West Bengal,Kolkata,CESC,Domestic,5.1,6.8,7.9,9.2,110.0,12.0,8659.27
29722,May,2024,115.29,West Bengal,Kolkata,CESC,Domestic,5.1,6.8,7.9,9.2,110.0,12.0,812.86
30231,Nov,2024,152.84,Maharashtra,Mumbai,MSEDCL,Domestic,5.5,8.2,10.5,12.0,125.0,16.0,1309.76
25593,Aug,2025,434.12,Delhi,Delhi,BSES Yamuna,Domestic,3.0,4.5,6.5,8.0,50.0,5.0,2184.93
31495,Mar,2026,167.07,West Bengal,Kolkata,CESC,Domestic,5.1,6.8,7.9,9.2,110.0,12.0,1203.32
30430,May,2026,48.8,Tamil Nadu,Chennai,TANGEDCO,Domestic,3.5,5.0,7.0,9.0,80.0,10.0,277.48
27393,Mar,2026,987.37,Maharashtra,Mumbai,MSEDCL,Commercial,9.5,11.0,12.5,14.0,300.0,16.0,14949.65
33697,Dec,2023,80.26,Delhi,Delhi,BSES Yamuna,Domestic,3.0,4.5,6.5,8.0,50.0,5.0,301.01
33689,Oct,2024,321.08,Maharashtra,Mumbai,MSEDCL,Domestic,5.5,8.2,10.5,12.0,125.0,16.0,2978.87
21307,Mar,2024,117.81,Karnataka,Bangalore,BESCOM,Domestic,4.5,6.5,7.7,8.5,100.0,9.0,718.62
32222,Mar,2025,430.02,Tamil Nadu,Chennai,TANGEDCO,Domestic,3.5,5.0,7.0,9.0,80.0,10.0,2618.02
26777,Dec,2025,37.92,West Bengal,Kolkata,CESC,Domestic,5.1,6.8,7.9,9.2,110.0,12.0,346.01
30868,Jul,2023,94.91,Maharashtra,Mumbai,MSEDCL,Domestic,5.5,8.2,10.5,12.0,125.0,16.0,761.73
33261,Jul,2023,59.47,Tamil Nadu,Chennai,TANGEDCO,Domestic,3.5,5.0,7.0,9.0,80.0,10.0,317.79
25865,Jul,2026,87.51,Maharashtra,Mumbai,MSEDCL,Domestic,5.5,8.2,10.5,12.0,125.0,16.0,702.99
29475,Oct,2025,437.3,West Bengal,Kolkata,CESC,Commercial,8.5,9.5,10.2,11.5,250.0,12.0,4995.21
27527,Aug,2024,237.19,Tamil Nadu,Chennai,TANGEDCO,Domestic,3.5,5.0,7.0,9.0,80.0,10.0,1245.93
28902,May,2026,175.85,Tamil Nadu,Chennai,TANGEDCO,Domestic,3.5,5.0,7.0,9.0,80.0,10.0,872.68
25576,May,2024,274.01,West Bengal,Kolkata,CESC,Domestic,5.1,6.8,7.9,9.2,110.0,12.0,2005.2
25531,Apr,2026,274.09,Delhi,Delhi,BSES Yamuna,Domestic,3.0,4.5,6.5,8.0,50.0,5.0,1176.03
32937,Jul,2024,378.33,Karnataka,Bangalore,BESCOM,Commercial,8.0,9.0,10.0,11.0,220.0,9.0,3968.8
24414,Oct,2023,589.64,Karnataka,Bangalore,BESCOM,Domestic,4.5,6.5,7.7,8.5,100.0,9.0,4484.32
23749,Apr,2026,155.52,Delhi,Delhi,BSES Yamuna,Domestic,3.0,4.5,6.5,8.0,50.0,5.0,622.5
33546,Feb,2024,411.15,Maharashtra,Mumbai,MSEDCL,Domestic,5.5,8.2,10.5,12.0,125.0,16.0,4028.44
32972,Apr,2024,50.1,Tamil Nadu,Chennai,TANGEDCO,Domestic,3.5,5.0,7.0,9.0,80.0,10.0,280.22
20664,Aug,2025,309.86,Delhi,Delhi,BSES Yamuna,Domestic,3.0,4.5,6.5,8.0,50.0,5.0,1375.67
21999,Sep,2026,140.82,West Bengal,Kolkata,CESC,Domestic,5.1,6.8,7.9,9.2,110.0,12.0,1020.99
27995,Mar,2024,160.78,Karnataka,Bangalore,BESCOM,Domestic,4.5,6.5,7.7,8.5,100.0,9.0,1043.61
31638,Jul,2025,101.25,Tamil Nadu,Chennai,TANGEDCO,Domestic,3.5,5.0,7.0,9.0,80.0,10.0,475.82
31936,Dec,2024,95.02,Maharashtra,Mumbai,MSEDCL,Domestic,5.5,8.2,10.5,12.0,125.0,16.0,761.2
33920,Sep,2026,142.99,West Bengal,Kolkata,CESC,Domestic,5.1,6.8,7.9,9.2,110.0,12.0,1035.23
21496,Nov,2023,185.66,Tamil Nadu,Chennai,TANGEDCO,Domestic,3.5,5.0,7.0,9.0,80.0,10.0,952.39
23305,Apr,2026,261.0,Tamil Nadu,Chennai,TANGEDCO,Commercial,7.5,8.5,9.8,11.2,210.0,10.0,2607.34
23764,Oct,2026,118.83,Tamil Nadu,Chennai,TANGEDCO,Domestic,3.5,5.0,7.0,9.0,80.0,10.0,575.53
25233,Mar,2024,168.69,Karnataka,Bangalore,BESCOM,Domestic,4.5,6.5,7.7,8.5,100.0,9.0,1082.8
21854,May,2024,374.38,Delhi,Delhi,BSES Yamuna,Domestic,3.0,4.5,6.5,8.0,50.0,5.0,1834.61
33809,Jan,2026,75.6,Maharashtra,Mumbai,MSEDCL,Domestic,5.5,8.2,10.5,12.0,125.0,16.0,619.48
26586,Mar,2025,349.83,Tamil Nadu,Chennai,TANGEDCO,Domestic,3.5,5.0,7.0,9.0,80.0,10.0,1962.09
32852,Aug,2025,1916.54,Maharashtra,Mumbai,MSEDCL,Commercial,9.5,11.0,12.5,14.0,300.0,16.0,29341.6
21292,Nov,2025,250.29,West Bengal,Kolkata,CESC,Domestic,5.1,6.8,7.9,9.2,110.0,12.0,1835.29
23582,Aug,2024,44.45,Tamil Nadu,Chennai,TANGEDCO,Domestic,3.5,5.0,7.0,9.0,80.0,10.0,262.86
31650,Apr,2024,86.27,West Bengal,Kolkata,CESC,Domestic,5.1,6.8,7.9,9.2,110.0,12.0,622.58
27555,Feb,2026,70.33,Karnataka,Bangalore,BESCOM,Domestic,4.5,6.5,7.7,8.5,100.0,9.0,446.21
27281,Aug,2023,182.56,Karnataka,Bangalore,BESCOM,Domestic,4.5,6.5,7.7,8.5,100.0,9.0,1193.71
21637,Aug,2024,852.13,Karnataka,Bangalore,BESCOM,Commercial,8.0,9.0,10.0,11.0,220.0,9.0,9345.22
23697,Oct,2026,47.57,West Bengal,Kolkata,CESC,Domestic,5.1,6.8,7.9,9.2,110.0,12.0,389.89
31192,Apr,2026,242.01,Delhi,Delhi,BSES Yamuna,Domestic,3.0,4.5,6.5,8.0,50.0,5.0,1023.79
31345,Mar,2023,463.27,Karnataka,Bangalore,BESCOM,Domestic,4.5,6.5,7.7,8.5,100.0,9.0,3411.0
20699,Feb,2025,130.55,West Bengal,Kolkata,CESC,Domestic,5.1,6.8,7.9,9.2,110.0,12.0,932.77
30353,Sep,2026,823.44,Tamil Nadu,Chennai,TANGEDCO,Commercial,7.5,8.5,9.8,11.2,210.0,10.0,9224.37
32290,Jan,2026,450.65,Maharashtra,Mumbai,MSEDCL,Domestic,5.5,8.2,10.5,12.0,125.0,16.0,4444.35
24738,Jul,2026,361.71,Delhi,Delhi,BSES Yamuna,Domestic,3.0,4.5,6.5,8.0,50.0,5.0,1765.47
34556,May,2025,204.63,Delhi,Delhi,BSES Yamuna,Domestic,3.0,4.5,6.5,8.0,50.0,5.0,878.66
33878,Aug,2025,437.44,West Bengal,Kolkata,CESC,Commercial,8.5,9.5,10.2,11.5,250.0,12.0,4904.79
20855,Apr,2023,209.16,Karnataka,Bangalore,BESCOM,Commercial,8.0,9.0,10.0,11.0,220.0,9.0,2150.56
28165,Jul,2024,468.41,West Bengal,Kolkata,CESC,Domestic,5.1,6.8,7.9,9.2,110.0,12.0,3753.59
25856,May,2025,37.66,West Bengal,Kolkata,CESC,Domestic,5.1,6.8,7.9,9.2,110.0,12.0,338.21
27393,May,2024,840.17,Maharashtra,Mumbai,MSEDCL,Domestic,5.5,8.2,10.5,12.0,125.0,16.0,9977.88
26529,Sep,2024,256.12,West Bengal,Kolkata,CESC,Domestic,5.1,6.8,7.9,9.2,110.0,12.0,1889.97
31667,Sep,2025,140.16,Karnataka,Bangalore,BESCOM,Domestic,4.5,6.5,7.7,8.5,100.0,9.0,872.94
33950,Sep,2026,268.37,Maharashtra,Mumbai,MSEDCL,Domestic,5.5,8.2,10.5,12.0,125.0,16.0,2410.41
25250,Dec,2023,41.45,Tamil Nadu,Chennai,TANGEDCO,Domestic,3.5,5.0,7.0,9.0,80.0,10.0,250.56
25173,Jun,2024,847.96,Tamil Nadu,Chennai,TANGEDCO,Domestic,3.5,5.0,7.0,9.0,80.0,10.0,6512.9
21708,Jun,2026,133.37,Delhi,Delhi,BSES Yamuna,Commercial,6.5,8.0,9.5,11.0,180.0,5.0,1130.63
30970,May,2025,342.23,West Bengal,Kolkata,CESC,Domestic,5.1,6.8,7.9,9.2,110.0,12.0,2607.79
25792,Sep,2024,607.74,Maharashtra,Mumbai,MSEDCL,Domestic,5.5,8.2,10.5,12.0,125.0,16.0,6534.57
29926,Oct,2024,936.69,Tamil Nadu,Chennai,TANGEDCO,Domestic,3.5,5.0,7.0,9.0,80.0,10.0,7516.42
25536,Aug,2024,133.8,Maharashtra,Mumbai,MSEDCL,Domestic,5.5,8.2,10.5,12.0,125.0,16.0,1124.43
34583,Jul,2026,275.2,Delhi,Delhi,BSES Yamuna,Domestic,3.0,4.5,6.5,8.0,50.0,5.0,1207.78
24932,Jul,2026,1165.92,Karnataka,Bangalore,BESCOM,Commercial,8.0,9.0,10.0,11.0,220.0,9.0,13420.28
23511,Jun,2026,151.24,Tamil Nadu,Chennai,TANGEDCO,Domestic,3.5,5.0,7.0,9.0,80.0,10.0,754.59
20203,May,2024,768.87,West Bengal,Kolkata,CESC,Commercial,8.5,9.5,10.2,11.5,250.0,12.0,9126.51
31448,Apr,2024,62.3,Delhi,Delhi,BSES Yamuna,Domestic,3.0,4.5,6.5,8.0,50.0,5.0,252.02
24219,Mar,2023,547.71,West Bengal,Kolkata,CESC,Domestic,5.1,6.8,7.9,9.2,110.0,12.0,4554.12
32689,Mar,2023,296.07,West Bengal,Kolkata,CESC,Domestic,5.1,6.8,7.9,9.2,110.0,12.0,2211.78
28959,Jun,2026,388.68,Maharashtra,Mumbai,MSEDCL,Domestic,5.5,8.2,10.5,12.0,125.0,16.0,3703.38
24390,Apr,2026,170.27,Maharashtra,Mumbai,MSEDCL,Domestic,5.5,8.2,10.5,12.0,125.0,16.0,1452.96
22328,Dec,2025,2583.38,Delhi,Delhi,BSES Yamuna,Commercial,6.5,8.0,9.5,11.0,180.0,5.0,28314.91
28005,Dec,2026,143.34,Delhi,Delhi,BSES Yamuna,Commercial,6.5,8.0,9.5,11.0,180.0,5.0,1232.09
22932,Jun,2023,660.13,West Bengal,Kolkata,CESC,Commercial,8.5,9.5,10.2,11.5,250.0,12.0,7617.09
27778,Mar,2023,35.89,Tamil Nadu,Chennai,TANGEDCO,Domestic,3.5,5.0,7.0,9.0,80.0,10.0,222.02
20198,Apr,2023,169.2,West Bengal,Kolkata,CESC,Commercial,8.5,9.5,10.2,11.5,250.0,12.0,1982.46
27126,Sep,2024,53.32,Maharashtra,Mumbai,MSEDCL,Domestic,5.5,8.2,10.5,12.0,125.0,16.0,487.31
21931,May,2024,219.89,Delhi,Delhi,BSES Yamuna,Domestic,3.0,4.5,6.5,8.0,50.0,5.0,938.77
31775,Jul,2026,47.29,West Bengal,Kolkata,CESC,Domestic,5.1,6.8,7.9,9.2,110.0,12.0,398.48
26288,Oct,2025,73.95,Tamil Nadu,Chennai,TANGEDCO,Domestic,3.5,5.0,7.0,9.0,80.0,10.0,379.43
28801,Feb,2025,165.8,Delhi,Delhi,BSES Yamuna,Domestic,3.0,4.5,6.5,8.0,50.0,5.0,682.02
31465,May,2025,31.78,Delhi,Delhi,BSES Yamuna,Domestic,3.0,4.5,6.5,8.0,50.0,5.0,151.66
29340,Sep,2024,70.77,Maharashtra,Mumbai,MSEDCL,Domestic,5.5,8.2,10.5,12.0,125.0,16.0,596.33
24283,Nov,2023,1485.55,Karnataka,Bangalore,BESCOM,Commercial,8.0,9.0,10.0,11.0,220.0,9.0,16743.53
31590,Mar,2023,228.02,Tamil Nadu,Chennai,TANGEDCO,Domestic,3.5,5.0,7.0,9.0,80.0,10.0,1155.59
22512,Sep,2024,284.24,Tamil Nadu,Chennai,TANGEDCO,Domestic,3.5,5.0,7.0,9.0,80.0,10.0,1482.88
29987,Nov,2025,418.19,Karnataka,Bangalore,BESCOM,Commercial,8.0,9.0,10.0,11.0,220.0,9.0,4415.07
20660,Jun,2025,451.44,Tamil Nadu,Chennai,TANGEDCO,Commercial,7.5,8.5,9.8,11.2,210.0,10.0,4493.9
22812,Apr,2026,115.76,Karnataka,Bangalore,BESCOM,Domestic,4.5,6.5,7.7,8.5,100.0,9.0,708.32
27099,Jul,2026,531.85,Karnataka,Bangalore,BESCOM,Commercial,8.0,9.0,10.0,11.0,220.0,9.0,5645.66
34244,Aug,2025,231.41,West Bengal,Kolkata,CESC,Commercial,8.5,9.5,10.2,11.5,250.0,12.0,2627.38
26547,Jun,2024,398.72,Maharashtra,Mumbai,MSEDCL,Commercial,9.5,11.0,12.5,14.0,300.0,16.0,5367.16
29562,May,2025,724.64,West Bengal,Kolkata,CESC,Commercial,8.5,9.5,10.2,11.5,250.0,12.0,8382.01
21987,Jun,2026,42.7,Karnataka,Bangalore,BESCOM,Domestic,4.5,6.5,7.7,8.5,100.0,9.0,322.93
33823,May,2025,875.86,Karnataka,Bangalore,BESCOM,Domestic,4.5,6.5,7.7,8.5,100.0,9.0,7131.64
28339,Aug,2024,502.8,Delhi,Delhi,BSES Yamuna,Domestic,3.0,4.5,6.5,8.0,50.0,5.0,2710.21
31412,Jan,2023,252.16,West Bengal,Kolkata,CESC,Domestic,5.1,6.8,7.9,9.2,110.0,12.0,1819.86
22912,Nov,2024,426.47,Maharashtra,Mumbai,MSEDCL,Domestic,5.5,8.2,10.5,12.0,125.0,16.0,4207.3
21735,Jul,2024,46.14,Karnataka,Bangalore,BESCOM,Domestic,4.5,6.5,7.7,8.5,100.0,9.0,339.41
21844,Oct,2026,90.81,Delhi,Delhi,BSES Yamuna,Domestic,3.0,4.5,6.5,8.0,50.0,5.0,334.66
28681,Oct,2024,195.01,West Bengal,Kolkata,CESC,Domestic,5.1,6.8,7.9,9.2,110.0,12.0,1390.41
22977,Nov,2024,253.12,Maharashtra,Mumbai,MSEDCL,Domestic,5.5,8.2,10.5,12.0,125.0,16.0,2283.06
21960,Feb,2026,144.45,West Bengal,Kolkata,CESC,Commercial,8.5,9.5,10.2,11.5,250.0,12.0,1727.81
25760,Sep,2026,109.59,Delhi,Delhi,BSES Yamuna,Domestic,3.0,4.5,6.5,8.0,50.0,5.0,418.92
26695,Jan,2023,44.92,Karnataka,Bangalore,BESCOM,Domestic,4.5,6.5,7.7,8.5,100.0,9.0,332.17
22386,Nov,2025,256.12,Delhi,Delhi,BSES Yamuna,Domestic,3.0,4.5,6.5,8.0,50.0,5.0,1124.97
31112,Oct,2024,114.93,Maharashtra,Mumbai,MSEDCL,Domestic,5.5,8.2,10.5,12.0,125.0,16.0,923.21
24737,Jun,2026,1515.02,Karnataka,Bangalore,BESCOM,Commercial,8.0,9.0,10.0,11.0,220.0,9.0,17110.1
21803,Sep,2023,96.27,Tamil Nadu,Chennai,TANGEDCO,Domestic,3.5,5.0,7.0,9.0,80.0,10.0,462.12
28156,Jan,2025,463.06,West Bengal,Kolkata,CESC,Domestic,5.1,6.8,7.9,9.2,110.0,12.0,3640.09
28121,Apr,2026,950.0,Tamil Nadu,Chennai,TANGEDCO,Domestic,3.5,5.0,7.0,9.0,80.0,10.0,7514.27
26617,Apr,2025,313.08,West Bengal,Kolkata,CESC,Domestic,5.1,6.8,7.9,9.2,110.0,12.0,2296.32
34258,Sep,2025,125.08,Karnataka,Bangalore,BESCOM,Domestic,4.5,6.5,7.7,8.5,100.0,9.0,788.35
34487,Nov,2024,166.6,Maharashtra,Mumbai,MSEDCL,Domestic,5.5,8.2,10.5,12.0,125.0,16.0,1414.88
25535,May,2024,587.21,Delhi,Delhi,BSES Yamuna,Domestic,3.0,4.5,6.5,8.0,50.0,5.0,3343.57
24062,May,2026,341.95,Delhi,Delhi,BSES Yamuna,Commercial,6.5,8.0,9.5,11.0,180.0,5.0,2955.07
31562,Jun,2025,167.05,West Bengal,Kolkata,CESC,Domestic,5.1,6.8,7.9,9.2,110.0,12.0,1197.71
33923,Jan,2026,204.63,Delhi,Delhi,BSES Yamuna,Domestic,3.0,4.5,6.5,8.0,50.0,5.0,860.69
20263,Jan,2026,150.35,Tamil Nadu,Chennai,TANGEDCO,Domestic,3.5,5.0,7.0,9.0,80.0,10.0,750.64
34076,Sep,2025,42.37,West Bengal,Kolkata,CESC,Domestic,5.1,6.8,7.9,9.2,110.0,12.0,365.04
26288,Mar,2026,233.28,West Bengal,Kolkata,CESC,Domestic,5.1,6.8,7.9,9.2,110.0,12.0,1715.48
34682,Apr,2025,84.75,West Bengal,Kolkata,CESC,Domestic,5.1,6.8,7.9,9.2,110.0,12.0,616.22
28816,Jan,2025,1632.14,West Bengal,Kolkata,CESC,Commercial,8.5,9.5,10.2,11.5,250.0,12.0,20351.13
29209,Sep,2025,117.28,Karnataka,Bangalore,BESCOM,Domestic,4.5,6.5,7.7,8.5,100.0,9.0,722.65
31836,Aug,2025,621.75,Tamil Nadu,Chennai,TANGEDCO,Commercial,7.5,8.5,9.8,11.2,210.0,10.0,6622.55
33169,Feb,2023,516.54,Maharashtra,Mumbai,MSEDCL,Domestic,5.5,8.2,10.5,12.0,125.0,16.0,5451.9
22050,Aug,2025,1261.4,West Bengal,Kolkata,CESC,Commercial,8.5,9.5,10.2,11.5,250.0,12.0,15301.45
25424,Jul,2024,146.9,Karnataka,Bangalore,BESCOM,Domestic,4.5,6.5,7.7,8.5,100.0,9.0,933.71
34590,Nov,2024,152.65,West Bengal,Kolkata,CESC,Domestic,5.1,6.8,7.9,9.2,110.0,12.0,1110.66
31916,Jun,2024,381.67,Karnataka,Bangalore,BESCOM,Domestic,4.5,6.5,7.7,8.5,100.0,9.0,2696.68
24549,Jan,2025,376.41,Karnataka,Bangalore,BESCOM,Commercial,8.0,9.0,10.0,11.0,220.0,9.0,3934.77
23109,Jul,2024,1005.24,West Bengal,Kolkata,CESC,Commercial,8.5,9.5,10.2,11.5,250.0,12.0,12109.28
33472,Oct,2023,460.47,Maharashtra,Mumbai,MSEDCL,Domestic,5.5,8.2,10.5,12.0,125.0,16.0,4676.93
32283,Jul,2026,143.54,Maharashtra,Mumbai,MSEDCL,Domestic,5.5,8.2,10.5,12.0,125.0,16.0,1180.07
27159,Sep,2025,60.33,West Bengal,Kolkata,CESC,Domestic,5.1,6.8,7.9,9.2,110.0,12.0,462.56
30249,Jan,2024,75.3,Delhi,Delhi,BSES Yamuna,Domestic,3.0,4.5,6.5,8.0,50.0,5.0,285.2
27401,Feb,2023,950.0,Karnataka,Bangalore,BESCOM,Domestic,4.5,6.5,7.7,8.5,100.0,9.0,7983.63
23171,Nov,2026,2549.01,Tamil Nadu,Chennai,TANGEDCO,Commercial,7.5,8.5,9.8,11.2,210.0,10.0,29938.57
29875,Sep,2023,58.93,Delhi,Delhi,BSES Yamuna,Domestic,3.0,4.5,6.5,8.0,50.0,5.0,241.44
22256,Sep,2024,950.0,Tamil Nadu,Chennai,TANGEDCO,Domestic,3.5,5.0,7.0,9.0,80.0,10.0,7664.61
21155,Jun,2023,256.04,Maharashtra,Mumbai,MSEDCL,Domestic,5.5,8.2,10.5,12.0,125.0,16.0,2281.57
24500,Jun,2026,579.69,Maharashtra,Mumbai,MSEDCL,Domestic,5.5,8.2,10.5,12.0,125.0,16.0,6352.61
26296,Apr,2024,71.3,Delhi,Delhi,BSES Yamuna,Domestic,3.0,4.5,6.5,8.0,50.0,5.0,272.69
26198,Apr,2026,88.49,West Bengal,Kolkata,CESC,Domestic,5.1,6.8,7.9,9.2,110.0,12.0,618.32
31384,May,2023,322.15,West Bengal,Kolkata,CESC,Domestic,5.1,6.8,7.9,9.2,110.0,12.0,2447.66
29889,Mar,2025,1224.48,Karnataka,Bangalore,BESCOM,Commercial,8.0,9.0,10.0,11.0,220.0,9.0,14039.12
32184,Jan,2025,79.6,Maharashtra,Mumbai,MSEDCL,Domestic,5.5,8.2,10.5,12.0,125.0,16.0,648.96
32916,Jan,2025,783.82,Tamil Nadu,Chennai,TANGEDCO,Domestic,3.5,5.0,7.0,9.0,80.0,10.0,5820.15
32875,Dec,2025,470.03,Delhi,Delhi,BSES Yamuna,Domestic,3.0,4.5,6.5,8.0,50.0,5.0,2457.76
21649,Jul,2026,1437.51,Delhi,Delhi,BSES Yamuna,Commercial,6.5,8.0,9.5,11.0,180.0,5.0,15352.83
25540,Jan,2025,154.96,West Bengal,Kolkata,CESC,Commercial,8.5,9.5,10.2,11.5,250.0,12.0,1840.99
29638,Jan,2026,243.39,Tamil Nadu,Chennai,TANGEDCO,Domestic,3.5,5.0,7.0,9.0,80.0,10.0,1242.46
24200,Mar,2024,249.97,Maharashtra,Mumbai,MSEDCL,Domestic,5.5,8.2,10.5,12.0,125.0,16.0,2216.1
32116,Oct,2025,673.74,Delhi,Delhi,BSES Yamuna,Commercial,6.5,8.0,9.5,11.0,180.0,5.0,6470.5
28446,Apr,2026,105.32,Karnataka,Bangalore,BESCOM,Domestic,4.5,6.5,7.7,8.5,100.0,9.0,630.7
31376,Apr,2025,181.96,West Bengal,Kolkata,CESC,Domestic,5.1,6.8,7.9,9.2,110.0,12.0,1332.76
22558,Feb,2025,402.38,Karnataka,Bangalore,BESCOM,Commercial,8.0,9.0,10.0,11.0,220.0,9.0,4253.8
25593,Jan,2025,1398.44,Delhi,Delhi,BSES Yamuna,Commercial,6.5,8.0,9.5,11.0,180.0,5.0,14992.08
20099,Mar,2026,79.29,Delhi,Delhi,BSES Yamuna,Domestic,3.0,4.5,6.5,8.0,50.0,5.0,302.78
22201,Nov,2023,159.17,Maharashtra,Mumbai,MSEDCL,Domestic,5.5,8.2,10.5,12.0,125.0,16.0,1363.92
34173,Apr,2025,260.75,Tamil Nadu,Chennai,TANGEDCO,Domestic,3.5,5.0,7.0,9.0,80.0,10.0,1341.77
22962,Mar,2025,398.62,Maharashtra,Mumbai,MSEDCL,Domestic,5.5,8.2,10.5,12.0,125.0,16.0,3931.52
34208,Aug,2024,310.46,Maharashtra,Mumbai,MSEDCL,Commercial,9.5,11.0,12.5,14.0,300.0,16.0,4152.02
24974,Oct,2023,583.93,Karnataka,Bangalore,BESCOM,Commercial,8.0,9.0,10.0,11.0,220.0,9.0,6171.45
24434,Jan,2026,747.71,Maharashtra,Mumbai,MSEDCL,Commercial,9.5,11.0,12.5,14.0,300.0,16.0,10876.83
31970,Feb,2024,446.95,Karnataka,Bangalore,BESCOM,Domestic,4.5,6.5,7.7,8.5,100.0,9.0,3212.05
22870,Jul,2025,343.79,Delhi,Delhi,BSES Yamuna,Domestic,3.0,4.5,6.5,8.0,50.0,5.0,1590.15
31427,Apr,2024,71.05,Delhi,Delhi,BSES Yamuna,Domestic,3.0,4.5,6.5,8.0,50.0,5.0,279.24
31984,Aug,2024,54.85,Maharashtra,Mumbai,MSEDCL,Domestic,5.5,8.2,10.5,12.0,125.0,16.0,493.05
20957,Nov,2025,133.5,Tamil Nadu,Chennai,TANGEDCO,Commercial,7.5,8.5,9.8,11.2,210.0,10.0,1381.09
33993,Mar,2023,341.54,Karnataka,Bangalore,BESCOM,Domestic,4.5,6.5,7.7,8.5,100.0,9.0,2333.75
32260,Jun,2023,39.97,Tamil Nadu,Chennai,TANGEDCO,Domestic,3.5,5.0,7.0,9.0,80.0,10.0,243.58
28353,Sep,2024,663.39,Karnataka,Bangalore,BESCOM,Domestic,4.5,6.5,7.7,8.5,100.0,9.0,5137.61
25700,Jan,2025,762.88,Maharashtra,Mumbai,MSEDCL,Commercial,9.5,11.0,12.5,14.0,300.0,16.0,11033.87
26945,Jan,2026,320.47,Delhi,Delhi,BSES Yamuna,Commercial,6.5,8.0,9.5,11.0,180.0,5.0,2714.24
24494,Aug,2024,630.42,Karnataka,Bangalore,BESCOM,Commercial,8.0,9.0,10.0,11.0,220.0,9.0,6840.54
29493,Mar,2026,200.51,West Bengal,Kolkata,CESC,Domestic,5.1,6.8,7.9,9.2,110.0,12.0,1484.07
24912,May,2024,128.3,West Bengal,Kolkata,CESC,Domestic,5.1,6.8,7.9,9.2,110.0,12.0,901.02
23988,Jan,2024,92.64,Tamil Nadu,Chennai,TANGEDCO,Domestic,3.5,5.0,7.0,9.0,80.0,10.0,436.77
29720,May,2025,40.8,Tamil Nadu,Chennai,TANGEDCO,Domestic,3.5,5.0,7.0,9.0,80.0,10.0,245.57
26016,Nov,2025,226.07,Delhi,Delhi,BSES Yamuna,Domestic,3.0,4.5,6.5,8.0,50.0,5.0,981.99
33704,Jun,2026,569.51,Delhi,Delhi,BSES Yamuna,Domestic,3.0,4.5,6.5,8.0,50.0,5.0,3312.85
33447,Aug,2026,345.07,Karnataka,Bangalore,BESCOM,Domestic,4.5,6.5,7.7,8.5,100.0,9.0,2385.03
21219,Mar,2023,50.12,Delhi,Delhi,BSES Yamuna,Domestic,3.0,4.5,6.5,8.0,50.0,5.0,209.15
24497,Mar,2025,524.24,West Bengal,Kolkata,CESC,Domestic,5.1,6.8,7.9,9.2,110.0,12.0,4296.71
24736,Dec,2024,176.94,West Bengal,Kolkata,CESC,Domestic,5.1,6.8,7.9,9.2,110.0,12.0,1302.43
31297,Nov,2024,726.89,Karnataka,Bangalore,BESCOM,Domestic,4.5,6.5,7.7,8.5,100.0,9.0,5710.37
30928,Nov,2023,200.33,Delhi,Delhi,BSES Yamuna,Domestic,3.0,4.5,6.5,8.0,50.0,5.0,829.81
24556,Oct,2025,42.8,Delhi,Delhi,BSES Yamuna,Domestic,3.0,4.5,6.5,8.0,50.0,5.0,190.23
29147,Sep,2024,51.71,Karnataka,Bangalore,BESCOM,Domestic,4.5,6.5,7.7,8.5,100.0,9.0,361.63
28051,Apr,2023,660.36,West Bengal,Kolkata,CESC,Commercial,8.5,9.5,10.2,11.5,250.0,12.0,7804.58
32758,Apr,2023,290.8,Karnataka,Bangalore,BESCOM,Commercial,8.0,9.0,10.0,11.0,220.0,9.0,3025.94
23447,Dec,2024,494.56,Delhi,Delhi,BSES Yamuna,Domestic,3.0,4.5,6.5,8.0,50.0,5.0,2688.12
21046,Jul,2024,135.47,Tamil Nadu,Chennai,TANGEDCO,Domestic,3.5,5.0,7.0,9.0,80.0,10.0,667.86
26894,Feb,2026,101.73,Maharashtra,Mumbai,MSEDCL,Domestic,5.5,8.2,10.5,12.0,125.0,16.0,788.56
21694,Aug,2025,218.17,Delhi,Delhi,BSES Yamuna,Domestic,3.0,4.5,6.5,8.0,50.0,5.0,934.14
34374,Jun,2026,627.28,Delhi,Delhi,BSES Yamuna,Commercial,6.5,8.0,9.5,11.0,180.0,5.0,6109.05
34566,Mar,2023,133.9,Tamil Nadu,Chennai,TANGEDCO,Domestic,3.5,5.0,7.0,9.0,80.0,10.0,670.69
23437,Sep,2024,152.77,Tamil Nadu,Chennai,TANGEDCO,Domestic,3.5,5.0,7.0,9.0,80.0,10.0,777.94
28755,May,2026,162.54,Delhi,Delhi,BSES Yamuna,Domestic,3.0,4.5,6.5,8.0,50.0,5.0,655.7
30678,Aug,2023,435.7,Delhi,Delhi,BSES Yamuna,Domestic,3.0,4.5,6.5,8.0,50.0,5.0,2236.15
25896,Jul,2025,391.34,Maharashtra,Mumbai,MSEDCL,Domestic,5.5,8.2,10.5,12.0,125.0,16.0,3834.16
23355,Aug,2024,245.19,Maharashtra,Mumbai,MSEDCL,Domestic,5.5,8.2,10.5,12.0,125.0,16.0,2184.48
34363,Jul,2026,421.67,Maharashtra,Mumbai,MSEDCL,Domestic,5.5,8.2,10.5,12.0,125.0,16.0,4233.32
20226,Mar,2025,226.51,Tamil Nadu,Chennai,TANGEDCO,Domestic,3.5,5.0,7.0,9.0,80.0,10.0,1163.42
24894,Feb,2026,412.21,Tamil Nadu,Chennai,TANGEDCO,Commercial,7.5,8.5,9.8,11.2,210.0,10.0,4208.9
34620,Jul,2023,583.5,Delhi,Delhi,BSES Yamuna,Commercial,6.5,8.0,9.5,11.0,180.0,5.0,5419.96
27023,Mar,2025,103.9,Delhi,Delhi,BSES Yamuna,Domestic,3.0,4.5,6.5,8.0,50.0,5.0,385.23
29152,Mar,2026,228.62,Maharashtra,Mumbai,MSEDCL,Domestic,5.5,8.2,10.5,12.0,125.0,16.0,2020.39
25601,Feb,2025,185.68,Tamil Nadu,Chennai,TANGEDCO,Domestic,3.5,5.0,7.0,9.0,80.0,10.0,933.87
32741,Apr,2023,71.33,West Bengal,Kolkata,CESC,Domestic,5.1,6.8,7.9,9.2,110.0,12.0,528.65
31260,Aug,2025,71.95,West Bengal,Kolkata,CESC,Domestic,5.1,6.8,7.9,9.2,110.0,12.0,536.68
27997,Dec,2026,60.31,Tamil Nadu,Chennai,TANGEDCO,Domestic,3.5,5.0,7.0,9.0,80.0,10.0,314.7
29008,Jan,2023,143.18,Delhi,Delhi,BSES Yamuna,Commercial,6.5,8.0,9.5,11.0,180.0,5.0,1240.05
32947,Jan,2024,114.07,Delhi,Delhi,BSES Yamuna,Domestic,3.0,4.5,6.5,8.0,50.0,5.0,437.03
27684,Dec,2026,169.13,Tamil Nadu,Chennai,TANGEDCO,Domestic,3.5,5.0,7.0,9.0,80.0,10.0,844.31
24643,May,2026,147.14,Delhi,Delhi,BSES Yamuna,Domestic,3.0,4.5,6.5,8.0,50.0,5.0,588.98
33504,Nov,2023,33.41,Karnataka,Bangalore,BESCOM,Domestic,4.5,6.5,7.7,8.5,100.0,9.0,273.12
31313,May,2023,378.16,Maharashtra,Mumbai,MSEDCL,Domestic,5.5,8.2,10.5,12.0,125.0,16.0,3683.41
27680,Nov,2024,315.96,Delhi,Delhi,BSES Yamuna,Commercial,6.5,8.0,9.5,11.0,180.0,5.0,2699.15
28209,Dec,2026,514.92,Maharashtra,Mumbai,MSEDCL,Commercial,9.5,11.0,12.5,14.0,300.0,16.0,7139.98
27340,Jan,2023,355.68,West Bengal,Kolkata,CESC,Domestic,5.1,6.8,7.9,9.2,110.0,12.0,2705.05
29436,Jun,2024,251.6,Karnataka,Bangalore,BESCOM,Domestic,4.5,6.5,7.7,8.5,100.0,9.0,1658.11
22206,Jan,2024,845.59,Maharashtra,Mumbai,MSEDCL,Commercial,9.5,11.0,12.5,14.0,300.0,16.0,12481.65
30717,May,2023,563.89,Tamil Nadu,Chennai,TANGEDCO,Domestic,3.5,5.0,7.0,9.0,80.0,10.0,3781.04
21070,Sep,2026,368.03,Karnataka,Bangalore,BESCOM,Commercial,8.0,9.0,10.0,11.0,220.0,9.0,3773.23
23445,Dec,2025,238.44,West Bengal,Kolkata,CESC,Domestic,5.1,6.8,7.9,9.2,110.0,12.0,1731.02
30758,May,2025,350.07,Delhi,Delhi,BSES Yamuna,Domestic,3.0,4.5,6.5,8.0,50.0,5.0,1673.19
34435,Jun,2024,105.83,Delhi,Delhi,BSES Yamuna,Domestic,3.0,4.5,6.5,8.0,50.0,5.0,390.55
34057,Aug,2025,131.97,Tamil Nadu,Chennai,TANGEDCO,Domestic,3.5,5.0,7.0,9.0,80.0,10.0,657.54
21061,Nov,2025,848.69,Tamil Nadu,Chennai,TANGEDCO,Commercial,7.5,8.5,9.8,11.2,210.0,10.0,9323.46
22328,Jan,2023,425.85,Tamil Nadu,Chennai,TANGEDCO,Domestic,3.5,5.0,7.0,9.0,80.0,10.0,2542.46
23421,Feb,2024,426.71,West Bengal,Kolkata,CESC,Domestic,5.1,6.8,7.9,9.2,110.0,12.0,3300.39
34833,Sep,2026,56.3,Delhi,Delhi,BSES Yamuna,Domestic,3.0,4.5,6.5,8.0,50.0,5.0,231.59
20302,Mar,2024,278.98,Karnataka,Bangalore,BESCOM,Commercial,8.0,9.0,10.0,11.0,220.0,9.0,2916.18
32469,Jun,2023,137.12,West Bengal,Kolkata,CESC,Domestic,5.1,6.8,7.9,9.2,110.0,12.0,962.41
20607,May,2025,133.43,Maharashtra,Mumbai,MSEDCL,Commercial,9.5,11.0,12.5,14.0,300.0,16.0,1878.56
23171,Nov,2026,127.01,Karnataka,Bangalore,BESCOM,Domestic,4.5,6.5,7.7,8.5,100.0,9.0,798.41
20700,Feb,2024,74.46,West Bengal,Kolkata,CESC,Domestic,5.1,6.8,7.9,9.2,110.0,12.0,555.59
25089,Jul,2025,564.79,Maharashtra,Mumbai,MSEDCL,Domestic,5.5,8.2,10.5,12.0,125.0,16.0,6068.15
29332,Apr,2024,371.67,West Bengal,Kolkata,CESC,Domestic,5.1,6.8,7.9,9.2,110.0,12.0,2817.55
20191,Jan,2026,45.31,Maharashtra,Mumbai,MSEDCL,Domestic,5.5,8.2,10.5,12.0,125.0,16.0,441.74
30493,Apr,2024,470.94,Karnataka,Bangalore,BESCOM,Domestic,4.5,6.5,7.7,8.5,100.0,9.0,3442.55
20981,Jun,2024,616.13,Maharashtra,Mumbai,MSEDCL,Domestic,5.5,8.2,10.5,12.0,125.0,16.0,6851.27
22976,Jul,2024,196.28,West Bengal,Kolkata,CESC,Domestic,5.1,6.8,7.9,9.2,110.0,12.0,1403.34
26103,Jul,2025,342.84,Maharashtra,Mumbai,MSEDCL,Domestic,5.5,8.2,10.5,12.0,125.0,16.0,3152.73
21185,Jul,2026,184.17,Maharashtra,Mumbai,MSEDCL,Domestic,5.5,8.2,10.5,12.0,125.0,16.0,1562.1
23328,Mar,2026,533.29,Delhi,Delhi,BSES Yamuna,Domestic,3.0,4.5,6.5,8.0,50.0,5.0,2944.66
23395,Jun,2025,64.99,Maharashtra,Mumbai,MSEDCL,Domestic,5.5,8.2,10.5,12.0,125.0,16.0,550.17
28320,Aug,2025,752.94,Tamil Nadu,Chennai,TANGEDCO,Commercial,7.5,8.5,9.8,11.2,210.0,10.0,8043.85
30258,Apr,2025,150.49,Karnataka,Bangalore,BESCOM,Domestic,4.5,6.5,7.7,8.5,100.0,9.0,957.47
21817,Aug,2023,44.37,Delhi,Delhi,BSES Yamuna,Domestic,3.0,4.5,6.5,8.0,50.0,5.0,190.4
25855,Feb,2024,215.78,Karnataka,Bangalore,BESCOM,Domestic,4.5,6.5,7.7,8.5,100.0,9.0,1413.68
26710,Oct,2024,333.53,West Bengal,Kolkata,CESC,Domestic,5.1,6.8,7.9,9.2,110.0,12.0,2500.57
20570,Sep,2026,172.33,Delhi,Delhi,BSES Yamuna,Domestic,3.0,4.5,6.5,8.0,50.0,5.0,714.19
25443,Sep,2024,43.59,Delhi,Delhi,BSES Yamuna,Domestic,3.0,4.5,6.5,8.0,50.0,5.0,187.9
21896,Aug,2023,91.76,Maharashtra,Mumbai,MSEDCL,Domestic,5.5,8.2,10.5,12.0,125.0,16.0,743.16
22734,Oct,2025,143.38,Maharashtra,Mumbai,MSEDCL,Domestic,5.5,8.2,10.5,12.0,125.0,16.0,1177.79
23864,Oct,2026,1558.12,West Bengal,Kolkata,CESC,Commercial,8.5,9.5,10.2,11.5,250.0,12.0,19185.52
32914,Jan,2026,753.25,Delhi,Delhi,BSES Yamuna,Commercial,6.5,8.0,9.5,11.0,180.0,5.0,7594.87
27456,Feb,2024,395.12,Maharashtra,Mumbai,MSEDCL,Domestic,5.5,8.2,10.5,12.0,125.0,16.0,3823.49
24015,Jun,2026,85.18,Maharashtra,Mumbai,MSEDCL,Domestic,5.5,8.2,10.5,12.0,125.0,16.0,680.8
31094,Oct,2025,2030.31,West Bengal,Kolkata,CESC,Commercial,8.5,9.5,10.2,11.5,250.0,12.0,25583.22
21687,May,2026,2800.0,Maharashtra,Mumbai,MSEDCL,Commercial,9.5,11.0,12.5,14.0,300.0,16.0,43455.99
23010,Dec,2025,150.33,Delhi,Delhi,BSES Yamuna,Domestic,3.0,4.5,6.5,8.0,50.0,5.0,600.48
27807,Sep,2023,37.84,Maharashtra,Mumbai,MSEDCL,Domestic,5.5,8.2,10.5,12.0,125.0,16.0,385.4
20155,May,2023,362.48,Delhi,Delhi,BSES Yamuna,Commercial,6.5,8.0,9.5,11.0,180.0,5.0,3186.34
30730,Feb,2025,58.47,Delhi,Delhi,BSES Yamuna,Domestic,3.0,4.5,6.5,8.0,50.0,5.0,239.63
21410,Oct,2024,128.33,Maharashtra,Mumbai,MSEDCL,Domestic,5.5,8.2,10.5,12.0,125.0,16.0,1052.61
32250,Apr,2026,51.91,Tamil Nadu,Chennai,TANGEDCO,Domestic,3.5,5.0,7.0,9.0,80.0,10.0,286.53
20785,Sep,2024,538.47,Delhi,Delhi,BSES Yamuna,Commercial,6.5,8.0,9.5,11.0,180.0,5.0,5063.21
31368,Jan,2026,437.93,West Bengal,Kolkata,CESC,Commercial,8.5,9.5,10.2,11.5,250.0,12.0,4956.02
28097,Nov,2023,468.48,West Bengal,Kolkata,CESC,Domestic,5.1,6.8,7.9,9.2,110.0,12.0,3746.23
27561,Jan,2023,467.24,Karnataka,Bangalore,BESCOM,Domestic,4.5,6.5,7.7,8.5,100.0,9.0,3439.02
32534,Dec,2023,75.94,Maharashtra,Mumbai,MSEDCL,Domestic,5.5,8.2,10.5,12.0,125.0,16.0,634.42
27344,Jul,2026,577.38,Delhi,Delhi,BSES Yamuna,Commercial,6.5,8.0,9.5,11.0,180.0,5.0,5442.59
27207,Nov,2023,316.09,Maharashtra,Mumbai,MSEDCL,Domestic,5.5,8.2,10.5,12.0,125.0,16.0,2875.93
25597,Mar,2023,999.26,Tamil Nadu,Chennai,TANGEDCO,Commercial,7.5,8.5,9.8,11.2,210.0,10.0,11308.26
25802,Oct,2023,205.12,West Bengal,Kolkata,CESC,Domestic,5.1,6.8,7.9,9.2,110.0,12.0,1493.68
22807,Feb,2023,282.67,Maharashtra,Mumbai,MSEDCL,Commercial,9.5,11.0,12.5,14.0,300.0,16.0,3765.54
20538,Sep,2024,240.47,Delhi,Delhi,BSES Yamuna,Domestic,3.0,4.5,6.5,8.0,50.0,5.0,1017.93
25987,Mar,2023,348.35,Maharashtra,Mumbai,MSEDCL,Domestic,5.5,8.2,10.5,12.0,125.0,16.0,3260.74
21842,Feb,2023,426.86,Maharashtra,Mumbai,MSEDCL,Domestic,5.5,8.2,10.5,12.0,125.0,16.0,4179.45
33209,Dec,2024,47.4,Maharashtra,Mumbai,MSEDCL,Domestic,5.5,8.2,10.5,12.0,125.0,16.0,441.78
30648,Aug,2024,297.93,Tamil Nadu,Chennai,TANGEDCO,Commercial,7.5,8.5,9.8,11.2,210.0,10.0,2926.54
28717,Oct,2026,75.42,West Bengal,Kolkata,CESC,Domestic,5.1,6.8,7.9,9.2,110.0,12.0,544.42
26972,Jun,2025,950.0,Tamil Nadu,Chennai,TANGEDCO,Domestic,3.5,5.0,7.0,9.0,80.0,10.0,7496.96
25626,Jun,2023,36.53,Maharashtra,Mumbai,MSEDCL,Domestic,5.5,8.2,10.5,12.0,125.0,16.0,381.25
22951,Oct,2023,855.91,West Bengal,Kolkata,CESC,Commercial,8.5,9.5,10.2,11.5,250.0,12.0,10103.21
27993,Nov,2023,269.45,West Bengal,Kolkata,CESC,Domestic,5.1,6.8,7.9,9.2,110.0,12.0,1974.69
32324,Jul,2026,547.12,West Bengal,Kolkata,CESC,Domestic,5.1,6.8,7.9,9.2,110.0,12.0,4401.8
24781,Jul,2023,1398.13,Maharashtra,Mumbai,MSEDCL,Commercial,9.5,11.0,12.5,14.0,300.0,16.0,21319.34
32308,Nov,2025,163.69,Maharashtra,Mumbai,MSEDCL,Domestic,5.5,8.2,10.5,12.0,125.0,16.0,1381.39
22369,Jun,2024,134.19,West Bengal,Kolkata,CESC,Domestic,5.1,6.8,7.9,9.2,110.0,12.0,961.57
32040,Apr,2026,532.3,Tamil Nadu,Chennai,TANGEDCO,Domestic,3.5,5.0,7.0,9.0,80.0,10.0,3447.75
26656,Nov,2024,82.57,Tamil Nadu,Chennai,TANGEDCO,Domestic,3.5,5.0,7.0,9.0,80.0,10.0,399.17
28174,Sep,2023,1381.47,West Bengal,Kolkata,CESC,Commercial,8.5,9.5,10.2,11.5,250.0,12.0,17319.93
24496,Jun,2023,829.55,Tamil Nadu,Chennai,TANGEDCO,Commercial,7.5,8.5,9.8,11.2,210.0,10.0,8962.47
30894,Apr,2023,282.45,Tamil Nadu,Chennai,TANGEDCO,Domestic,3.5,5.0,7.0,9.0,80.0,10.0,1481.35
29164,Dec,2025,147.9,Karnataka,Bangalore,BESCOM,Domestic,4.5,6.5,7.7,8.5,100.0,9.0,933.43
26003,Mar,2025,329.1,Maharashtra,Mumbai,MSEDCL,Domestic,5.5,8.2,10.5,12.0,125.0,16.0,2989.25
26615,Apr,2026,157.64,Tamil Nadu,Chennai,TANGEDCO,Domestic,3.5,5.0,7.0,9.0,80.0,10.0,797.73
29359,Mar,2024,149.99,Tamil Nadu,Chennai,TANGEDCO,Domestic,3.5,5.0,7.0,9.0,80.0,10.0,758.88
33404,Feb,2023,466.16,Karnataka,Bangalore,BESCOM,Commercial,8.0,9.0,10.0,11.0,220.0,9.0,4790.54
33122,May,2023,120.4,Tamil Nadu,Chennai,TANGEDCO,Domestic,3.5,5.0,7.0,9.0,80.0,10.0,587.08
25920,Feb,2023,51.08,Maharashtra,Mumbai,MSEDCL,Domestic,5.5,8.2,10.5,12.0,125.0,16.0,474.51
30967,Jun,2023,834.17,Delhi,Delhi,BSES Yamuna,Commercial,6.5,8.0,9.5,11.0,180.0,5.0,8401.95
30175,Mar,2025,1862.02,West Bengal,Kolkata,CESC,Commercial,8.5,9.5,10.2,11.5,250.0,12.0,23589.31
20854,Jun,2024,220.6,Delhi,Delhi,BSES Yamuna,Domestic,3.0,4.5,6.5,8.0,50.0,5.0,919.64
24147,Nov,2024,564.13,Karnataka,Bangalore,BESCOM,Commercial,8.0,9.0,10.0,11.0,220.0,9.0,5912.68
31929,Oct,2026,45.99,Karnataka,Bangalore,BESCOM,Domestic,4.5,6.5,7.7,8.5,100.0,9.0,333.15
23770,Sep,2025,156.93,West Bengal,Kolkata,CESC,Domestic,5.1,6.8,7.9,9.2,110.0,12.0,1122.73
20575,Jan,2023,77.52,Maharashtra,Mumbai,MSEDCL,Domestic,5.5,8.2,10.5,12.0,125.0,16.0,640.98
31454,Jun,2024,59.06,Maharashtra,Mumbai,MSEDCL,Domestic,5.5,8.2,10.5,12.0,125.0,16.0,523.79
21149,Sep,2024,81.23,Karnataka,Bangalore,BESCOM,Domestic,4.5,6.5,7.7,8.5,100.0,9.0,510.26
26294,Nov,2025,426.64,Karnataka,Bangalore,BESCOM,Commercial,8.0,9.0,10.0,11.0,220.0,9.0,4470.72
26458,Apr,2026,337.0,Tamil Nadu,Chennai,TANGEDCO,Commercial,7.5,8.5,9.8,11.2,210.0,10.0,3332.71
34906,Nov,2026,950.0,Tamil Nadu,Chennai,TANGEDCO,Domestic,3.5,5.0,7.0,9.0,80.0,10.0,7537.84
27510,Dec,2023,194.43,Tamil Nadu,Chennai,TANGEDCO,Domestic,3.5,5.0,7.0,9.0,80.0,10.0,1006.9
34641,Feb,2026,179.38,Tamil Nadu,Chennai,TANGEDCO,Domestic,3.5,5.0,7.0,9.0,80.0,10.0,896.06
29908,Apr,2024,193.35,Maharashtra,Mumbai,MSEDCL,Domestic,5.5,8.2,10.5,12.0,125.0,16.0,1667.33
24778,Jan,2026,518.08,Karnataka,Bangalore,BESCOM,Commercial,8.0,9.0,10.0,11.0,220.0,9.0,5463.78
33126,Mar,2023,78.84,Karnataka,Bangalore,BESCOM,Domestic,4.5,6.5,7.7,8.5,100.0,9.0,502.2
23855,Oct,2024,429.19,Delhi,Delhi,BSES Yamuna,Domestic,3.0,4.5,6.5,8.0,50.0,5.0,2159.96
33366,Sep,2026,211.75,West Bengal,Kolkata,CESC,Domestic,5.1,6.8,7.9,9.2,110.0,12.0,1549.76
22492,Oct,2026,174.11,Tamil Nadu,Chennai,TANGEDCO,Domestic,3.5,5.0,7.0,9.0,80.0,10.0,884.46
30853,May,2025,235.54,West Bengal,Kolkata,CESC,Domestic,5.1,6.8,7.9,9.2,110.0,12.0,1757.82
34600,Nov,2023,113.83,West Bengal,Kolkata,CESC,Domestic,5.1,6.8,7.9,9.2,110.0,12.0,792.26
23125,Jun,2026,35.88,Karnataka,Bangalore,BESCOM,Domestic,4.5,6.5,7.7,8.5,100.0,9.0,288.08
25692,Mar,2025,247.07,Delhi,Delhi,BSES Yamuna,Domestic,3.0,4.5,6.5,8.0,50.0,5.0,1058.31
23052,May,2024,92.76,Tamil Nadu,Chennai,TANGEDCO,Domestic,3.5,5.0,7.0,9.0,80.0,10.0,450.81
20005,Nov,2025,54.31,Karnataka,Bangalore,BESCOM,Domestic,4.5,6.5,7.7,8.5,100.0,9.0,369.68
25223,Aug,2025,170.95,West Bengal,Kolkata,CESC,Commercial,8.5,9.5,10.2,11.5,250.0,12.0,2001.88
25316,Jun,2026,863.02,West Bengal,Kolkata,CESC,Commercial,8.5,9.5,10.2,11.5,250.0,12.0,10428.52
24870,Apr,2026,400.59,Karnataka,Bangalore,BESCOM,Commercial,8.0,9.0,10.0,11.0,220.0,9.0,4099.77
20877,Feb,2026,410.5,West Bengal,Kolkata,CESC,Domestic,5.1,6.8,7.9,9.2,110.0,12.0,3253.38
29184,Sep,2025,301.64,Karnataka,Bangalore,BESCOM,Domestic,4.5,6.5,7.7,8.5,100.0,9.0,2029.46
27028,Dec,2024,134.51,West Bengal,Kolkata,CESC,Domestic,5.1,6.8,7.9,9.2,110.0,12.0,954.59
24143,Jan,2023,363.39,Delhi,Delhi,BSES Yamuna,Commercial,6.5,8.0,9.5,11.0,180.0,5.0,3176.37
26967,Jan,2025,110.18,Delhi,Delhi,BSES Yamuna,Domestic,3.0,4.5,6.5,8.0,50.0,5.0,409.38
27080,Apr,2026,64.62,Tamil Nadu,Chennai,TANGEDCO,Domestic,3.5,5.0,7.0,9.0,80.0,10.0,330.69
27988,Jul,2023,436.78,Maharashtra,Mumbai,MSEDCL,Domestic,5.5,8.2,10.5,12.0,125.0,16.0,4331.7
26800,Jan,2024,67.08,Tamil Nadu,Chennai,TANGEDCO,Domestic,3.5,5.0,7.0,9.0,80.0,10.0,340.84
32557,Sep,2023,280.58,Karnataka,Bangalore,BESCOM,Domestic,4.5,6.5,7.7,8.5,100.0,9.0,1865.89
24466,Apr,2026,178.34,Delhi,Delhi,BSES Yamuna,Domestic,3.0,4.5,6.5,8.0,50.0,5.0,725.24
20636,Mar,2025,236.05,West Bengal,Kolkata,CESC,Commercial,8.5,9.5,10.2,11.5,250.0,12.0,2709.02
33418,Jan,2025,94.92,Maharashtra,Mumbai,MSEDCL,Domestic,5.5,8.2,10.5,12.0,125.0,16.0,741.89
21694,Oct,2026,998.86,Delhi,Delhi,BSES Yamuna,Commercial,6.5,8.0,9.5,11.0,180.0,5.0,10398.54
29875,Apr,2025,804.11,Tamil Nadu,Chennai,TANGEDCO,Domestic,3.5,5.0,7.0,9.0,80.0,10.0,6019.21
24753,Sep,2026,287.03,Tamil Nadu,Chennai,TANGEDCO,Commercial,7.5,8.5,9.8,11.2,210.0,10.0,2776.52
28312,Oct,2025,474.35,West Bengal,Kolkata,CESC,Domestic,5.1,6.8,7.9,9.2,110.0,12.0,3769.71
20831,Jun,2025,75.18,Delhi,Delhi,BSES Yamuna,Domestic,3.0,4.5,6.5,8.0,50.0,5.0,289.81
34099,Jun,2025,33.45,Maharashtra,Mumbai,MSEDCL,Domestic,5.5,8.2,10.5,12.0,125.0,16.0,357.09
31868,Jan,2024,163.97,Delhi,Delhi,BSES Yamuna,Domestic,3.0,4.5,6.5,8.0,50.0,5.0,667.11
25178,Oct,2024,950.0,West Bengal,Kolkata,CESC,Domestic,5.1,6.8,7.9,9.2,110.0,12.0,8512.84
34263,Feb,2026,48.54,West Bengal,Kolkata,CESC,Domestic,5.1,6.8,7.9,9.2,110.0,12.0,407.0
29562,Nov,2024,420.11,Maharashtra,Mumbai,MSEDCL,Domestic,5.5,8.2,10.5,12.0,125.0,16.0,4075.02
28933,Jun,2026,358.03,Delhi,Delhi,BSES Yamuna,Domestic,3.0,4.5,6.5,8.0,50.0,5.0,1688.69
28309,Feb,2023,181.63,Karnataka,Bangalore,BESCOM,Commercial,8.0,9.0,10.0,11.0,220.0,9.0,1892.73
25950,Mar,2023,1200.6,Karnataka,Bangalore,BESCOM,Commercial,8.0,9.0,10.0,11.0,220.0,9.0,13729.93
22839,Apr,2024,950.0,West Bengal,Kolkata,CESC,Domestic,5.1,6.8,7.9,9.2,110.0,12.0,8782.4
21151,Nov,2023,39.78,Maharashtra,Mumbai,MSEDCL,Domestic,5.5,8.2,10.5,12.0,125.0,16.0,393.18
27561,May,2023,592.87,Delhi,Delhi,BSES Yamuna,Commercial,6.5,8.0,9.5,11.0,180.0,5.0,5601.85
21932,Sep,2025,223.34,Tamil Nadu,Chennai,TANGEDCO,Domestic,3.5,5.0,7.0,9.0,80.0,10.0,1170.59
29205,Dec,2025,950.0,Tamil Nadu,Chennai,TANGEDCO,Domestic,3.5,5.0,7.0,9.0,80.0,10.0,7712.25
21665,Apr,2026,124.26,Tamil Nadu,Chennai,TANGEDCO,Domestic,3.5,5.0,7.0,9.0,80.0,10.0,608.31
21082,Nov,2023,475.79,Delhi,Delhi,BSES Yamuna,Domestic,3.0,4.5,6.5,8.0,50.0,5.0,2503.82
32922,Sep,2026,516.24,Tamil Nadu,Chennai,TANGEDCO,Domestic,3.5,5.0,7.0,9.0,80.0,10.0,3301.62
20513,Nov,2026,360.07,Delhi,Delhi,BSES Yamuna,Domestic,3.0,4.5,6.5,8.0,50.0,5.0,1706.0
31042,Oct,2023,120.03,West Bengal,Kolkata,CESC,Domestic,5.1,6.8,7.9,9.2,110.0,12.0,835.16
33408,Mar,2024,175.55,Tamil Nadu,Chennai,TANGEDCO,Domestic,3.5,5.0,7.0,9.0,80.0,10.0,877.74
27806,Aug,2023,685.92,West Bengal,Kolkata,CESC,Commercial,8.5,9.5,10.2,11.5,250.0,12.0,8189.58
25238,Dec,2025,335.56,Karnataka,Bangalore,BESCOM,Domestic,4.5,6.5,7.7,8.5,100.0,9.0,2285.4
20560,Jan,2023,196.77,West Bengal,Kolkata,CESC,Domestic,5.1,6.8,7.9,9.2,110.0,12.0,1410.12
23673,Nov,2024,387.07,Delhi,Delhi,BSES Yamuna,Domestic,3.0,4.5,6.5,8.0,50.0,5.0,1912.38
32776,Sep,2026,581.27,Karnataka,Bangalore,BESCOM,Domestic,4.5,6.5,7.7,8.5,100.0,9.0,4415.58
27405,Sep,2026,70.32,West Bengal,Kolkata,CESC,Domestic,5.1,6.8,7.9,9.2,110.0,12.0,527.32
33185,Oct,2025,347.1,Maharashtra,Mumbai,MSEDCL,Domestic,5.5,8.2,10.5,12.0,125.0,16.0,3247.26
23344,Feb,2025,217.46,Maharashtra,Mumbai,MSEDCL,Domestic,5.5,8.2,10.5,12.0,125.0,16.0,1889.8
33501,Apr,2025,124.06,Karnataka,Bangalore,BESCOM,Domestic,4.5,6.5,7.7,8.5,100.0,9.0,769.53
24071,Aug,2026,63.5,Maharashtra,Mumbai,MSEDCL,Domestic,5.5,8.2,10.5,12.0,125.0,16.0,546.98
32992,Jul,2025,693.56,West Bengal,Kolkata,CESC,Domestic,5.1,6.8,7.9,9.2,110.0,12.0,6086.0
29663,Jan,2023,1637.69,Delhi,Delhi,BSES Yamuna,Commercial,6.5,8.0,9.5,11.0,180.0,5.0,17650.84
20581,May,2026,48.25,Karnataka,Bangalore,BESCOM,Domestic,4.5,6.5,7.7,8.5,100.0,9.0,348.97
27005,Jul,2024,472.69,Delhi,Delhi,BSES Yamuna,Domestic,3.0,4.5,6.5,8.0,50.0,5.0,2512.67
30487,Apr,2026,114.43,West Bengal,Kolkata,CESC,Domestic,5.1,6.8,7.9,9.2,110.0,12.0,809.07
28131,Jan,2023,479.4,Maharashtra,Mumbai,MSEDCL,Domestic,5.5,8.2,10.5,12.0,125.0,16.0,4938.05
23148,Sep,2023,826.1,Maharashtra,Mumbai,MSEDCL,Commercial,9.5,11.0,12.5,14.0,300.0,16.0,11985.71
24250,May,2025,226.43,Delhi,Delhi,BSES Yamuna,Domestic,3.0,4.5,6.5,8.0,50.0,5.0,960.72
21680,Nov,2026,106.67,West Bengal,Kolkata,CESC,Domestic,5.1,6.8,7.9,9.2,110.0,12.0,749.16
23507,Feb,2026,126.21,West Bengal,Kolkata,CESC,Domestic,5.1,6.8,7.9,9.2,110.0,12.0,899.52
33285,Aug,2026,188.59,Delhi,Delhi,BSES Yamuna,Domestic,3.0,4.5,6.5,8.0,50.0,5.0,781.33
27254,Nov,2024,409.91,Karnataka,Bangalore,BESCOM,Domestic,4.5,6.5,7.7,8.5,100.0,9.0,2888.15
22745,Feb,2025,186.42,Delhi,Delhi,BSES Yamuna,Domestic,3.0,4.5,6.5,8.0,50.0,5.0,766.28
31549,Mar,2023,95.41,Tamil Nadu,Chennai,TANGEDCO,Domestic,3.5,5.0,7.0,9.0,80.0,10.0,451.49
32238,Oct,2023,133.13,Maharashtra,Mumbai,MSEDCL,Commercial,9.5,11.0,12.5,14.0,300.0,16.0,1852.75
29436,Jan,2025,206.43,Tamil Nadu,Chennai,TANGEDCO,Domestic,3.5,5.0,7.0,9.0,80.0,10.0,1070.33
25189,Nov,2023,122.31,Maharashtra,Mumbai,MSEDCL,Domestic,5.5,8.2,10.5,12.0,125.0,16.0,983.79
31311,Feb,2023,274.51,Tamil Nadu,Chennai,TANGEDCO,Commercial,7.5,8.5,9.8,11.2,210.0,10.0,2693.41
33297,Jul,2025,370.86,West Bengal,Kolkata,CESC,Commercial,8.5,9.5,10.2,11.5,250.0,12.0,4132.31
22142,Oct,2023,233.71,Karnataka,Bangalore,BESCOM,Domestic,4.5,6.5,7.7,8.5,100.0,9.0,1527.7
34062,Feb,2026,155.51,West Bengal,Kolkata,CESC,Domestic,5.1,6.8,7.9,9.2,110.0,12.0,1109.37
33246,Jun,2024,140.22,West Bengal,Kolkata,CESC,Commercial,8.5,9.5,10.2,11.5,250.0,12.0,1644.56
31252,Mar,2025,45.94,Delhi,Delhi,BSES Yamuna,Domestic,3.0,4.5,6.5,8.0,50.0,5.0,198.84
32741,Apr,2024,93.67,Tamil Nadu,Chennai,TANGEDCO,Domestic,3.5,5.0,7.0,9.0,80.0,10.0,439.72
33516,Nov,2023,1196.77,Delhi,Delhi,BSES Yamuna,Commercial,6.5,8.0,9.5,11.0,180.0,5.0,12541.32
31152,Aug,2023,81.67,Karnataka,Bangalore,BESCOM,Domestic,4.5,6.5,7.7,8.5,100.0,9.0,512.08
30458,Mar,2026,46.41,West Bengal,Kolkata,CESC,Domestic,5.1,6.8,7.9,9.2,110.0,12.0,390.93
26618,Oct,2025,530.68,Karnataka,Bangalore,BESCOM,Domestic,4.5,6.5,7.7,8.5,100.0,9.0,3960.46
22480,Jun,2023,78.18,West Bengal,Kolkata,CESC,Domestic,5.1,6.8,7.9,9.2,110.0,12.0,572.62
26485,Jan,2025,350.6,West Bengal,Kolkata,CESC,Commercial,8.5,9.5,10.2,11.5,250.0,12.0,3999.04
32839,Jul,2025,59.33,Maharashtra,Mumbai,MSEDCL,Domestic,5.5,8.2,10.5,12.0,125.0,16.0,514.78
29828,Aug,2025,126.4,Tamil Nadu,Chennai,TANGEDCO,Commercial,7.5,8.5,9.8,11.2,210.0,10.0,1321.69
33601,Nov,2025,30.81,Delhi,Delhi,BSES Yamuna,Domestic,3.0,4.5,6.5,8.0,50.0,5.0,148.96
27422,Aug,2025,158.32,Delhi,Delhi,BSES Yamuna,Domestic,3.0,4.5,6.5,8.0,50.0,5.0,650.54
29950,Mar,2024,38.27,Delhi,Delhi,BSES Yamuna,Domestic,3.0,4.5,6.5,8.0,50.0,5.0,174.13
24453,Oct,2026,140.13,Karnataka,Bangalore,BESCOM,Domestic,4.5,6.5,7.7,8.5,100.0,9.0,898.88
30263,Jan,2025,254.27,Maharashtra,Mumbai,MSEDCL,Commercial,9.5,11.0,12.5,14.0,300.0,16.0,3471.66
25882,Sep,2024,541.37,Maharashtra,Mumbai,MSEDCL,Domestic,5.5,8.2,10.5,12.0,125.0,16.0,5745.85
26666,Jun,2023,598.85,West Bengal,Kolkata,CESC,Domestic,5.1,6.8,7.9,9.2,110.0,12.0,5036.9
34070,Nov,2025,282.3,Tamil Nadu,Chennai,TANGEDCO,Domestic,3.5,5.0,7.0,9.0,80.0,10.0,1448.06
22850,Sep,2023,719.62,Delhi,Delhi,BSES Yamuna,Commercial,6.5,8.0,9.5,11.0,180.0,5.0,7089.42
31444,Jul,2025,98.87,Delhi,Delhi,BSES Yamuna,Domestic,3.0,4.5,6.5,8.0,50.0,5.0,368.43
27391,Jan,2024,141.55,Maharashtra,Mumbai,MSEDCL,Domestic,5.5,8.2,10.5,12.0,125.0,16.0,1171.86
26906,Dec,2024,180.78,West Bengal,Kolkata,CESC,Domestic,5.1,6.8,7.9,9.2,110.0,12.0,1319.28
31923,Dec,2024,63.18,Tamil Nadu,Chennai,TANGEDCO,Domestic,3.5,5.0,7.0,9.0,80.0,10.0,335.81
22490,Jan,2026,241.58,Karnataka,Bangalore,BESCOM,Domestic,4.5,6.5,7.7,8.5,100.0,9.0,1585.42
29824,Jun,2023,294.76,Karnataka,Bangalore,BESCOM,Domestic,4.5,6.5,7.7,8.5,100.0,9.0,1962.32
31009,May,2026,384.25,Tamil Nadu,Chennai,TANGEDCO,Commercial,7.5,8.5,9.8,11.2,210.0,10.0,3776.58
29208,Sep,2025,459.04,Karnataka,Bangalore,BESCOM,Domestic,4.5,6.5,7.7,8.5,100.0,9.0,3325.5
29541,Feb,2023,115.41,Tamil Nadu,Chennai,TANGEDCO,Domestic,3.5,5.0,7.0,9.0,80.0,10.0,547.57
24612,Aug,2024,57.94,West Bengal,Kolkata,CESC,Domestic,5.1,6.8,7.9,9.2,110.0,12.0,451.43
31280,Nov,2023,226.89,Tamil Nadu,Chennai,TANGEDCO,Domestic,3.5,5.0,7.0,9.0,80.0,10.0,1168.34
22840,May,2024,699.21,Maharashtra,Mumbai,MSEDCL,Commercial,9.5,11.0,12.5,14.0,300.0,16.0,10000.81
28528,Feb,2026,44.28,Maharashtra,Mumbai,MSEDCL,Domestic,5.5,8.2,10.5,12.0,125.0,16.0,433.74
25879,Oct,2026,38.37,West Bengal,Kolkata,CESC,Domestic,5.1,6.8,7.9,9.2,110.0,12.0,347.58
34594,Nov,2024,287.99,Delhi,Delhi,BSES Yamuna,Domestic,3.0,4.5,6.5,8.0,50.0,5.0,1253.01
32785,Nov,2024,120.95,West Bengal,Kolkata,CESC,Domestic,5.1,6.8,7.9,9.2,110.0,12.0,855.42
29088,Dec,2025,271.23,Tamil Nadu,Chennai,TANGEDCO,Domestic,3.5,5.0,7.0,9.0,80.0,10.0,1387.77
26304,Jun,2026,268.03,Maharashtra,Mumbai,MSEDCL,Domestic,5.5,8.2,10.5,12.0,125.0,16.0,2388.96
31739,Oct,2026,383.6,Maharashtra,Mumbai,MSEDCL,Domestic,5.5,8.2,10.5,12.0,125.0,16.0,3634.69
20852,Aug,2025,498.46,Karnataka,Bangalore,BESCOM,Commercial,8.0,9.0,10.0,11.0,220.0,9.0,5197.51
21688,Apr,2026,32.26,Karnataka,Bangalore,BESCOM,Domestic,4.5,6.5,7.7,8.5,100.0,9.0,264.04
30124,Feb,2024,165.78,Karnataka,Bangalore,BESCOM,Domestic,4.5,6.5,7.7,8.5,100.0,9.0,1068.66
26834,Dec,2023,249.52,West Bengal,Kolkata,CESC,Commercial,8.5,9.5,10.2,11.5,250.0,12.0,2820.3
31939,Nov,2023,72.06,West Bengal,Kolkata,CESC,Domestic,5.1,6.8,7.9,9.2,110.0,12.0,528.99
22428,May,2026,188.8,Delhi,Delhi,BSES Yamuna,Domestic,3.0,4.5,6.5,8.0,50.0,5.0,776.68
29761,Dec,2025,124.65,West Bengal,Kolkata,CESC,Domestic,5.1,6.8,7.9,9.2,110.0,12.0,896.57
24001,Feb,2024,382.2,West Bengal,Kolkata,CESC,Domestic,5.1,6.8,7.9,9.2,110.0,12.0,2961.22
25053,Feb,2023,218.82,Karnataka,Bangalore,BESCOM,Domestic,4.5,6.5,7.7,8.5,100.0,9.0,1464.97
22739,Jun,2024,41.26,Delhi,Delhi,BSES Yamuna,Domestic,3.0,4.5,6.5,8.0,50.0,5.0,184.48
31691,Nov,2026,163.22,Maharashtra,Mumbai,MSEDCL,Commercial,9.5,11.0,12.5,14.0,300.0,16.0,2257.46
25733,Oct,2026,457.84,Karnataka,Bangalore,BESCOM,Domestic,4.5,6.5,7.7,8.5,100.0,9.0,3320.3
25388,Sep,2023,643.98,Maharashtra,Mumbai,MSEDCL,Domestic,5.5,8.2,10.5,12.0,125.0,16.0,7035.29
28003,Apr,2026,48.7,Karnataka,Bangalore,BESCOM,Domestic,4.5,6.5,7.7,8.5,100.0,9.0,346.31
25537,Jun,2025,72.33,West Bengal,Kolkata,CESC,Domestic,5.1,6.8,7.9,9.2,110.0,12.0,525.78
33480,Jul,2026,110.23,West Bengal,Kolkata,CESC,Domestic,5.1,6.8,7.9,9.2,110.0,12.0,773.49
23914,Nov,2026,185.45,Tamil Nadu,Chennai,TANGEDCO,Domestic,3.5,5.0,7.0,9.0,80.0,10.0,950.73
21067,Jun,2026,308.57,West Bengal,Kolkata,CESC,Domestic,5.1,6.8,7.9,9.2,110.0,12.0,2304.48
27724,Aug,2024,1115.66,Delhi,Delhi,BSES Yamuna,Commercial,6.5,8.0,9.5,11.0,180.0,5.0,11614.29
24381,Apr,2024,41.96,Delhi,Delhi,BSES Yamuna,Domestic,3.0,4.5,6.5,8.0,50.0,5.0,187.31
30637,Dec,2023,83.53,West Bengal,Kolkata,CESC,Domestic,5.1,6.8,7.9,9.2,110.0,12.0,590.07
24108,Jan,2023,1794.21,Tamil Nadu,Chennai,TANGEDCO,Commercial,7.5,8.5,9.8,11.2,210.0,10.0,21163.6
25727,Jul,2023,238.66,Delhi,Delhi,BSES Yamuna,Domestic,3.0,4.5,6.5,8.0,50.0,5.0,1011.68
23374,Mar,2026,243.57,Tamil Nadu,Chennai,TANGEDCO,Commercial,7.5,8.5,9.8,11.2,210.0,10.0,2378.43
32162,Jun,2024,384.38,West Bengal,Kolkata,CESC,Commercial,8.5,9.5,10.2,11.5,250.0,12.0,4348.11
30739,Feb,2025,155.16,Maharashtra,Mumbai,MSEDCL,Domestic,5.5,8.2,10.5,12.0,125.0,16.0,1286.05
28946,Sep,2026,401.36,Karnataka,Bangalore,BESCOM,Commercial,8.0,9.0,10.0,11.0,220.0,9.0,4172.58
22083,Jan,2026,950.0,Karnataka,Bangalore,BESCOM,Domestic,4.5,6.5,7.7,8.5,100.0,9.0,7963.87
30967,Jun,2026,42.66,Tamil Nadu,Chennai,TANGEDCO,Domestic,3.5,5.0,7.0,9.0,80.0,10.0,256.32
31089,Jun,2025,203.86,West Bengal,Kolkata,CESC,Commercial,8.5,9.5,10.2,11.5,250.0,12.0,2364.89
32378,May,2023,862.3,Tamil Nadu,Chennai,TANGEDCO,Domestic,3.5,5.0,7.0,9.0,80.0,10.0,6794.69
28968,May,2025,340.97,Maharashtra,Mumbai,MSEDCL,Domestic,5.5,8.2,10.5,12.0,125.0,16.0,3178.85
26749,Jan,2023,91.17,Tamil Nadu,Chennai,TANGEDCO,Domestic,3.5,5.0,7.0,9.0,80.0,10.0,446.07
29818,Oct,2025,594.65,Maharashtra,Mumbai,MSEDCL,Commercial,9.5,11.0,12.5,14.0,300.0,16.0,8580.88
31262,Dec,2024,442.5,Karnataka,Bangalore,BESCOM,Commercial,8.0,9.0,10.0,11.0,220.0,9.0,4590.03
20418,May,2026,302.74,Maharashtra,Mumbai,MSEDCL,Domestic,5.5,8.2,10.5,12.0,125.0,16.0,2745.54
28307,Feb,2026,1854.66,Delhi,Delhi,BSES Yamuna,Commercial,6.5,8.0,9.5,11.0,180.0,5.0,20358.77
28809,Jul,2026,85.53,Karnataka,Bangalore,BESCOM,Domestic,4.5,6.5,7.7,8.5,100.0,9.0,521.52
23975,Mar,2023,321.06,Delhi,Delhi,BSES Yamuna,Domestic,3.0,4.5,6.5,8.0,50.0,5.0,1481.79
23268,Apr,2025,115.81,Karnataka,Bangalore,BESCOM,Domestic,4.5,6.5,7.7,8.5,100.0,9.0,720.19
20826,Mar,2024,329.93,Delhi,Delhi,BSES Yamuna,Commercial,6.5,8.0,9.5,11.0,180.0,5.0,2877.33
27669,Mar,2025,75.34,Maharashtra,Mumbai,MSEDCL,Domestic,5.5,8.2,10.5,12.0,125.0,16.0,620.79
25746,Apr,2026,349.94,Karnataka,Bangalore,BESCOM,Domestic,4.5,6.5,7.7,8.5,100.0,9.0,2407.75
29709,May,2024,279.36,Maharashtra,Mumbai,MSEDCL,Commercial,9.5,11.0,12.5,14.0,300.0,16.0,3740.87
31339,Jan,2024,1972.12,West Bengal,Kolkata,CESC,Commercial,8.5,9.5,10.2,11.5,250.0,12.0,24840.12
20413,Apr,2026,147.3,Delhi,Delhi,BSES Yamuna,Domestic,3.0,4.5,6.5,8.0,50.0,5.0,594.77
27544,Dec,2025,51.07,West Bengal,Kolkata,CESC,Domestic,5.1,6.8,7.9,9.2,110.0,12.0,414.62
27588,Dec,2026,1069.76,Maharashtra,Mumbai,MSEDCL,Commercial,9.5,11.0,12.5,14.0,300.0,16.0,16317.3
20729,Nov,2025,1571.91,Karnataka,Bangalore,BESCOM,Commercial,8.0,9.0,10.0,11.0,220.0,9.0,18032.49
31541,Aug,2024,190.11,Karnataka,Bangalore,BESCOM,Domestic,4.5,6.5,7.7,8.5,100.0,9.0,1218.65
27165,Oct,2024,540.49,Maharashtra,Mumbai,MSEDCL,Commercial,9.5,11.0,12.5,14.0,300.0,16.0,7546.18
31001,Jul,2026,190.74,Maharashtra,Mumbai,MSEDCL,Commercial,9.5,11.0,12.5,14.0,300.0,16.0,2559.01
28868,Sep,2024,160.62,Tamil Nadu,Chennai,TANGEDCO,Commercial,7.5,8.5,9.8,11.2,210.0,10.0,1615.03
31658,May,2023,693.06,Delhi,Delhi,BSES Yamuna,Commercial,6.5,8.0,9.5,11.0,180.0,5.0,6756.13
25989,Oct,2024,57.74,Tamil Nadu,Chennai,TANGEDCO,Domestic,3.5,5.0,7.0,9.0,80.0,10.0,314.56
22505,Apr,2023,75.01,Tamil Nadu,Chennai,TANGEDCO,Domestic,3.5,5.0,7.0,9.0,80.0,10.0,374.4
22968,Aug,2024,53.86,Karnataka,Bangalore,BESCOM,Domestic,4.5,6.5,7.7,8.5,100.0,9.0,366.98
34528,Sep,2026,77.16,Karnataka,Bangalore,BESCOM,Domestic,4.5,6.5,7.7,8.5,100.0,9.0,493.01
22787,Jul,2026,805.5,Delhi,Delhi,BSES Yamuna,Commercial,6.5,8.0,9.5,11.0,180.0,5.0,8092.03
21123,Jul,2023,878.39,Delhi,Delhi,BSES Yamuna,Commercial,6.5,8.0,9.5,11.0,180.0,5.0,8973.07
24080,May,2026,950.0,West Bengal,Kolkata,CESC,Domestic,5.1,6.8,7.9,9.2,110.0,12.0,8789.74
21572,Apr,2024,188.07,Maharashtra,Mumbai,MSEDCL,Domestic,5.5,8.2,10.5,12.0,125.0,16.0,1633.86
25074,Oct,2024,141.84,Karnataka,Bangalore,BESCOM,Domestic,4.5,6.5,7.7,8.5,100.0,9.0,897.06
25105,Jan,2026,399.78,Maharashtra,Mumbai,MSEDCL,Domestic,5.5,8.2,10.5,12.0,125.0,16.0,3948.39
22144,Oct,2024,399.04,Delhi,Delhi,BSES Yamuna,Domestic,3.0,4.5,6.5,8.0,50.0,5.0,1986.48
29880,Oct,2025,217.67,Delhi,Delhi,BSES Yamuna,Domestic,3.0,4.5,6.5,8.0,50.0,5.0,937.39
26807,Jul,2025,167.98,Maharashtra,Mumbai,MSEDCL,Domestic,5.5,8.2,10.5,12.0,125.0,16.0,1422.03
27358,Jan,2024,154.99,Maharashtra,Mumbai,MSEDCL,Domestic,5.5,8.2,10.5,12.0,125.0,16.0,1331.02
32325,Jan,2026,73.23,Delhi,Delhi,BSES Yamuna,Domestic,3.0,4.5,6.5,8.0,50.0,5.0,287.26
32044,May,2023,619.98,Maharashtra,Mumbai,MSEDCL,Commercial,9.5,11.0,12.5,14.0,300.0,16.0,8707.48
23441,Sep,2026,133.81,Karnataka,Bangalore,BESCOM,Domestic,4.5,6.5,7.7,8.5,100.0,9.0,852.45
23767,Jun,2023,142.15,Maharashtra,Mumbai,MSEDCL,Domestic,5.5,8.2,10.5,12.0,125.0,16.0,1202.75
25645,Mar,2026,137.48,Karnataka,Bangalore,BESCOM,Domestic,4.5,6.5,7.7,8.5,100.0,9.0,866.45
30519,Mar,2024,361.35,Tamil Nadu,Chennai,TANGEDCO,Domestic,3.5,5.0,7.0,9.0,80.0,10.0,2071.63
34553,Jul,2025,310.28,Tamil Nadu,Chennai,TANGEDCO,Commercial,7.5,8.5,9.8,11.2,210.0,10.0,3024.84
22915,Jun,2026,84.11,West Bengal,Kolkata,CESC,Domestic,5.1,6.8,7.9,9.2,110.0,12.0,610.26
24969,Sep,2023,903.61,Tamil Nadu,Chennai,TANGEDCO,Commercial,7.5,8.5,9.8,11.2,210.0,10.0,9954.7
25918,Jun,2025,733.89,Delhi,Delhi,BSES Yamuna,Domestic,3.0,4.5,6.5,8.0,50.0,5.0,4699.22
33585,May,2023,124.44,West Bengal,Kolkata,CESC,Domestic,5.1,6.8,7.9,9.2,110.0,12.0,873.53
32145,Oct,2024,211.88,Tamil Nadu,Chennai,TANGEDCO,Domestic,3.5,5.0,7.0,9.0,80.0,10.0,1097.8
34398,Jul,2025,267.41,West Bengal,Kolkata,CESC,Domestic,5.1,6.8,7.9,9.2,110.0,12.0,1994.41
28788,Jan,2023,224.73,Karnataka,Bangalore,BESCOM,Domestic,4.5,6.5,7.7,8.5,100.0,9.0,1480.97
34192,Dec,2026,694.82,Karnataka,Bangalore,BESCOM,Commercial,8.0,9.0,10.0,11.0,220.0,9.0,7645.86
20729,Jul,2024,179.73,West Bengal,Kolkata,CESC,Domestic,5.1,6.8,7.9,9.2,110.0,12.0,1295.09
21366,Mar,2024,101.96,Tamil Nadu,Chennai,TANGEDCO,Domestic,3.5,5.0,7.0,9.0,80.0,10.0,479.47
24493,Sep,2024,351.98,Karnataka,Bangalore,BESCOM,Commercial,8.0,9.0,10.0,11.0,220.0,9.0,3686.98
20699,Jun,2026,655.61,Tamil Nadu,Chennai,TANGEDCO,Commercial,7.5,8.5,9.8,11.2,210.0,10.0,6904.61
27187,Sep,2026,561.93,Delhi,Delhi,BSES Yamuna,Domestic,3.0,4.5,6.5,8.0,50.0,5.0,3148.84
34513,May,2025,220.71,West Bengal,Kolkata,CESC,Domestic,5.1,6.8,7.9,9.2,110.0,12.0,1616.93
33924,Jul,2026,259.29,West Bengal,Kolkata,CESC,Domestic,5.1,6.8,7.9,9.2,110.0,12.0,1909.88
20396,Apr,2025,97.17,Karnataka,Bangalore,BESCOM,Domestic,4.5,6.5,7.7,8.5,100.0,9.0,586.1
34781,Jul,2024,857.65,Karnataka,Bangalore,BESCOM,Commercial,8.0,9.0,10.0,11.0,220.0,9.0,9588.54
27401,Jan,2025,169.11,West Bengal,Kolkata,CESC,Domestic,5.1,6.8,7.9,9.2,110.0,12.0,1230.39
28083,Jul,2023,588.43,West Bengal,Kolkata,CESC,Domestic,5.1,6.8,7.9,9.2,110.0,12.0,4890.3
24172,Aug,2024,459.89,Karnataka,Bangalore,BESCOM,Commercial,8.0,9.0,10.0,11.0,220.0,9.0,4800.92
24361,May,2024,189.38,Tamil Nadu,Chennai,TANGEDCO,Commercial,7.5,8.5,9.8,11.2,210.0,10.0,1888.79
22503,Feb,2025,82.98,Delhi,Delhi,BSES Yamuna,Domestic,3.0,4.5,6.5,8.0,50.0,5.0,308.05
30012,May,2024,1277.93,Maharashtra,Mumbai,MSEDCL,Commercial,9.5,11.0,12.5,14.0,300.0,16.0,19145.11
20718,Jun,2026,33.98,Maharashtra,Mumbai,MSEDCL,Domestic,5.5,8.2,10.5,12.0,125.0,16.0,365.52
22783,Dec,2023,298.05,Karnataka,Bangalore,BESCOM,Domestic,4.5,6.5,7.7,8.5,100.0,9.0,1994.81
24947,Feb,2025,995.34,Tamil Nadu,Chennai,TANGEDCO,Commercial,7.5,8.5,9.8,11.2,210.0,10.0,10992.77
31770,Jun,2025,40.46,Tamil Nadu,Chennai,TANGEDCO,Domestic,3.5,5.0,7.0,9.0,80.0,10.0,243.57
25487,Jun,2024,200.93,West Bengal,Kolkata,CESC,Domestic,5.1,6.8,7.9,9.2,110.0,12.0,1436.65
28336,Jan,2026,314.67,Maharashtra,Mumbai,MSEDCL,Domestic,5.5,8.2,10.5,12.0,125.0,16.0,2896.65
24981,Jan,2024,158.84,Tamil Nadu,Chennai,TANGEDCO,Domestic,3.5,5.0,7.0,9.0,80.0,10.0,799.82
31333,Nov,2024,89.43,Delhi,Delhi,BSES Yamuna,Domestic,3.0,4.5,6.5,8.0,50.0,5.0,337.56
27267,Oct,2025,141.78,Karnataka,Bangalore,BESCOM,Domestic,4.5,6.5,7.7,8.5,100.0,9.0,892.06
24492,Mar,2024,185.31,Karnataka,Bangalore,BESCOM,Domestic,4.5,6.5,7.7,8.5,100.0,9.0,1213.79
27193,Oct,2023,61.62,Delhi,Delhi,BSES Yamuna,Domestic,3.0,4.5,6.5,8.0,50.0,5.0,249.93
31131,Oct,2024,50.11,Tamil Nadu,Chennai,TANGEDCO,Domestic,3.5,5.0,7.0,9.0,80.0,10.0,275.73
25589,Dec,2024,443.45,West Bengal,Kolkata,CESC,Commercial,8.5,9.5,10.2,11.5,250.0,12.0,5022.36
27652,Mar,2025,687.95,Tamil Nadu,Chennai,TANGEDCO,Domestic,3.5,5.0,7.0,9.0,80.0,10.0,4904.7
23637,Apr,2024,248.75,Maharashtra,Mumbai,MSEDCL,Domestic,5.5,8.2,10.5,12.0,125.0,16.0,2177.41
31415,Feb,2026,468.2,Tamil Nadu,Chennai,TANGEDCO,Domestic,3.5,5.0,7.0,9.0,80.0,10.0,2890.45
21168,Sep,2025,99.23,West Bengal,Kolkata,CESC,Domestic,5.1,6.8,7.9,9.2,110.0,12.0,691.43
30809,Oct,2024,207.87,Maharashtra,Mumbai,MSEDCL,Commercial,9.5,11.0,12.5,14.0,300.0,16.0,2790.37
21063,Dec,2023,243.95,Tamil Nadu,Chennai,TANGEDCO,Domestic,3.5,5.0,7.0,9.0,80.0,10.0,1277.1
22157,Nov,2023,47.43,Maharashtra,Mumbai,MSEDCL,Domestic,5.5,8.2,10.5,12.0,125.0,16.0,452.46
27861,Jul,2025,81.36,Karnataka,Bangalore,BESCOM,Domestic,4.5,6.5,7.7,8.5,100.0,9.0,516.15
25162,Jul,2025,51.53,West Bengal,Kolkata,CESC,Domestic,5.1,6.8,7.9,9.2,110.0,12.0,413.08
25306,Jun,2024,50.84,Delhi,Delhi,BSES Yamuna,Domestic,3.0,4.5,6.5,8.0,50.0,5.0,214.2
31175,Mar,2026,911.96,Karnataka,Bangalore,BESCOM,Commercial,8.0,9.0,10.0,11.0,220.0,9.0,10149.69
26542,Jun,2024,108.56,Maharashtra,Mumbai,MSEDCL,Domestic,5.5,8.2,10.5,12.0,125.0,16.0,874.42
31487,Dec,2023,89.17,Karnataka,Bangalore,BESCOM,Domestic,4.5,6.5,7.7,8.5,100.0,9.0,554.67
24730,Aug,2026,152.7,Karnataka,Bangalore,BESCOM,Domestic,4.5,6.5,7.7,8.5,100.0,9.0,961.2
29349,Aug,2026,264.79,Tamil Nadu,Chennai,TANGEDCO,Domestic,3.5,5.0,7.0,9.0,80.0,10.0,1363.93
27331,Nov,2026,438.6,Tamil Nadu,Chennai,TANGEDCO,Domestic,3.5,5.0,7.0,9.0,80.0,10.0,2660.94
25335,Sep,2024,56.08,West Bengal,Kolkata,CESC,Domestic,5.1,6.8,7.9,9.2,110.0,12.0,443.42
28925,Jan,2023,373.9,Karnataka,Bangalore,BESCOM,Domestic,4.5,6.5,7.7,8.5,100.0,9.0,2602.8
24331,Jan,2025,144.17,Tamil Nadu,Chennai,TANGEDCO,Domestic,3.5,5.0,7.0,9.0,80.0,10.0,704.82
28011,Mar,2024,675.97,Maharashtra,Mumbai,MSEDCL,Domestic,5.5,8.2,10.5,12.0,125.0,16.0,7472.3
26802,Mar,2025,204.87,Tamil Nadu,Chennai,TANGEDCO,Domestic,3.5,5.0,7.0,9.0,80.0,10.0,1059.54
24847,Oct,2026,217.45,Delhi,Delhi,BSES Yamuna,Domestic,3.0,4.5,6.5,8.0,50.0,5.0,930.4
26732,Aug,2026,289.33,West Bengal,Kolkata,CESC,Domestic,5.1,6.8,7.9,9.2,110.0,12.0,2154.37
27242,Oct,2024,160.24,West Bengal,Kolkata,CESC,Commercial,8.5,9.5,10.2,11.5,250.0,12.0,1849.9
20954,Jan,2023,1334.94,West Bengal,Kolkata,CESC,Commercial,8.5,9.5,10.2,11.5,250.0,12.0,16590.75
22540,Feb,2026,366.19,Delhi,Delhi,BSES Yamuna,Domestic,3.0,4.5,6.5,8.0,50.0,5.0,1786.32
27057,Feb,2025,315.96,Maharashtra,Mumbai,MSEDCL,Domestic,5.5,8.2,10.5,12.0,125.0,16.0,2843.15
31517,Mar,2025,292.43,Maharashtra,Mumbai,MSEDCL,Domestic,5.5,8.2,10.5,12.0,125.0,16.0,2592.39
31494,Jun,2024,86.46,West Bengal,Kolkata,CESC,Domestic,5.1,6.8,7.9,9.2,110.0,12.0,621.72
21543,Jan,2025,620.18,Tamil Nadu,Chennai,TANGEDCO,Commercial,7.5,8.5,9.8,11.2,210.0,10.0,6668.04
25294,Feb,2023,162.03,Delhi,Delhi,BSES Yamuna,Domestic,3.0,4.5,6.5,8.0,50.0,5.0,667.26
33965,Jan,2026,635.46,Tamil Nadu,Chennai,TANGEDCO,Commercial,7.5,8.5,9.8,11.2,210.0,10.0,6868.03
21192,May,2025,121.03,Maharashtra,Mumbai,MSEDCL,Domestic,5.5,8.2,10.5,12.0,125.0,16.0,965.16
26314,Jul,2025,38.45,Tamil Nadu,Chennai,TANGEDCO,Domestic,3.5,5.0,7.0,9.0,80.0,10.0,231.62
33705,Aug,2026,62.46,West Bengal,Kolkata,CESC,Domestic,5.1,6.8,7.9,9.2,110.0,12.0,478.9
31186,Oct,2024,771.05,West Bengal,Kolkata,CESC,Commercial,8.5,9.5,10.2,11.5,250.0,12.0,9010.92
26939,Jan,2025,59.88,Maharashtra,Mumbai,MSEDCL,Domestic,5.5,8.2,10.5,12.0,125.0,16.0,518.92
22682,Jul,2024,152.67,West Bengal,Kolkata,CESC,Domestic,5.1,6.8,7.9,9.2,110.0,12.0,1074.68
29410,May,2024,581.21,Tamil Nadu,Chennai,TANGEDCO,Domestic,3.5,5.0,7.0,9.0,80.0,10.0,3900.1
21541,Oct,2025,652.2,Maharashtra,Mumbai,MSEDCL,Commercial,9.5,11.0,12.5,14.0,300.0,16.0,9282.44
26173,Jan,2023,70.26,Maharashtra,Mumbai,MSEDCL,Domestic,5.5,8.2,10.5,12.0,125.0,16.0,604.5
31429,Mar,2024,548.93,Karnataka,Bangalore,BESCOM,Domestic,4.5,6.5,7.7,8.5,100.0,9.0,4210.57
25542,Jul,2025,108.84,Tamil Nadu,Chennai,TANGEDCO,Domestic,3.5,5.0,7.0,9.0,80.0,10.0,511.92
30579,Oct,2024,226.92,Maharashtra,Mumbai,MSEDCL,Commercial,9.5,11.0,12.5,14.0,300.0,16.0,3110.05
31912,Jan,2026,1549.18,Maharashtra,Mumbai,MSEDCL,Commercial,9.5,11.0,12.5,14.0,300.0,16.0,23622.63
33808,Jul,2023,117.2,Karnataka,Bangalore,BESCOM,Domestic,4.5,6.5,7.7,8.5,100.0,9.0,725.07
29581,May,2023,36.77,Maharashtra,Mumbai,MSEDCL,Domestic,5.5,8.2,10.5,12.0,125.0,16.0,379.64
30049,Jan,2026,97.92,Maharashtra,Mumbai,MSEDCL,Domestic,5.5,8.2,10.5,12.0,125.0,16.0,763.13
21366,Jan,2026,166.05,West Bengal,Kolkata,CESC,Domestic,5.1,6.8,7.9,9.2,110.0,12.0,1193.44
28692,Jan,2024,573.22,West Bengal,Kolkata,CESC,Domestic,5.1,6.8,7.9,9.2,110.0,12.0,4653.91
29873,Nov,2026,298.48,Delhi,Delhi,BSES Yamuna,Domestic,3.0,4.5,6.5,8.0,50.0,5.0,1317.71
28703,Sep,2023,258.05,Karnataka,Bangalore,BESCOM,Domestic,4.5,6.5,7.7,8.5,100.0,9.0,1746.16
27495,Nov,2026,59.68,West Bengal,Kolkata,CESC,Domestic,5.1,6.8,7.9,9.2,110.0,12.0,473.04
24313,Mar,2025,304.67,Karnataka,Bangalore,BESCOM,Commercial,8.0,9.0,10.0,11.0,220.0,9.0,3089.87
21325,May,2025,60.82,Karnataka,Bangalore,BESCOM,Domestic,4.5,6.5,7.7,8.5,100.0,9.0,400.08
29348,Nov,2024,86.74,Karnataka,Bangalore,BESCOM,Domestic,4.5,6.5,7.7,8.5,100.0,9.0,528.98
30020,Oct,2023,570.66,Karnataka,Bangalore,BESCOM,Domestic,4.5,6.5,7.7,8.5,100.0,9.0,4394.26
23142,Dec,2025,113.06,Maharashtra,Mumbai,MSEDCL,Domestic,5.5,8.2,10.5,12.0,125.0,16.0,910.29
27420,Sep,2026,134.91,Maharashtra,Mumbai,MSEDCL,Domestic,5.5,8.2,10.5,12.0,125.0,16.0,1104.49
23487,Jun,2025,699.23,Delhi,Delhi,BSES Yamuna,Commercial,6.5,8.0,9.5,11.0,180.0,5.0,6880.36
21811,Dec,2025,556.59,Delhi,Delhi,BSES Yamuna,Domestic,3.0,4.5,6.5,8.0,50.0,5.0,3119.83
26589,Sep,2024,32.95,Delhi,Delhi,BSES Yamuna,Domestic,3.0,4.5,6.5,8.0,50.0,5.0,158.66
22924,Aug,2026,425.34,West Bengal,Kolkata,CESC,Domestic,5.1,6.8,7.9,9.2,110.0,12.0,3303.91
25302,Aug,2026,39.79,Tamil Nadu,Chennai,TANGEDCO,Domestic,3.5,5.0,7.0,9.0,80.0,10.0,239.15
30407,Jan,2026,468.5,Maharashtra,Mumbai,MSEDCL,Domestic,5.5,8.2,10.5,12.0,125.0,16.0,4647.82
24187,Sep,2024,89.23,West Bengal,Kolkata,CESC,Domestic,5.1,6.8,7.9,9.2,110.0,12.0,644.87
28906,Jun,2026,67.9,Delhi,Delhi,BSES Yamuna,Domestic,3.0,4.5,6.5,8.0,50.0,5.0,263.74
25978,Sep,2026,301.13,Tamil Nadu,Chennai,TANGEDCO,Domestic,3.5,5.0,7.0,9.0,80.0,10.0,1593.6
31795,Mar,2025,208.0,Delhi,Delhi,BSES Yamuna,Domestic,3.0,4.5,6.5,8.0,50.0,5.0,865.23
32327,Dec,2025,188.04,Karnataka,Bangalore,BESCOM,Domestic,4.5,6.5,7.7,8.5,100.0,9.0,1210.42
31715,Mar,2026,537.75,Maharashtra,Mumbai,MSEDCL,Domestic,5.5,8.2,10.5,12.0,125.0,16.0,5545.33
24269,Jun,2023,54.62,Delhi,Delhi,BSES Yamuna,Domestic,3.0,4.5,6.5,8.0,50.0,5.0,223.07
24749,Sep,2023,256.95,West Bengal,Kolkata,CESC,Commercial,8.5,9.5,10.2,11.5,250.0,12.0,2953.7
24850,Jul,2026,315.32,Karnataka,Bangalore,BESCOM,Domestic,4.5,6.5,7.7,8.5,100.0,9.0,2143.74
29436,Mar,2023,2478.89,Karnataka,Bangalore,BESCOM,Commercial,8.0,9.0,10.0,11.0,220.0,9.0,29465.73
23710,Mar,2024,343.41,Delhi,Delhi,BSES Yamuna,Domestic,3.0,4.5,6.5,8.0,50.0,5.0,1613.52
29274,Feb,2025,780.76,Delhi,Delhi,BSES Yamuna,Commercial,6.5,8.0,9.5,11.0,180.0,5.0,7746.12
33972,Sep,2024,163.72,West Bengal,Kolkata,CESC,Domestic,5.1,6.8,7.9,9.2,110.0,12.0,1174.08
26620,Mar,2025,84.29,Tamil Nadu,Chennai,TANGEDCO,Domestic,3.5,5.0,7.0,9.0,80.0,10.0,413.91
28648,Nov,2023,572.46,Karnataka,Bangalore,BESCOM,Domestic,4.5,6.5,7.7,8.5,100.0,9.0,4368.45
33117,May,2023,417.07,Karnataka,Bangalore,BESCOM,Domestic,4.5,6.5,7.7,8.5,100.0,9.0,2995.12
29087,Sep,2026,160.93,Maharashtra,Mumbai,MSEDCL,Commercial,9.5,11.0,12.5,14.0,300.0,16.0,2237.72
29577,Aug,2023,244.28,West Bengal,Kolkata,CESC,Domestic,5.1,6.8,7.9,9.2,110.0,12.0,1819.79
30151,Feb,2023,2002.54,West Bengal,Kolkata,CESC,Commercial,8.5,9.5,10.2,11.5,250.0,12.0,25242.56
23073,Mar,2026,302.66,Delhi,Delhi,BSES Yamuna,Domestic,3.0,4.5,6.5,8.0,50.0,5.0,1332.36
26531,Feb,2026,45.31,Tamil Nadu,Chennai,TANGEDCO,Domestic,3.5,5.0,7.0,9.0,80.0,10.0,262.57
30189,Aug,2025,585.44,Maharashtra,Mumbai,MSEDCL,Domestic,5.5,8.2,10.5,12.0,125.0,16.0,6186.43
34684,Jun,2023,198.03,Tamil Nadu,Chennai,TANGEDCO,Domestic,3.5,5.0,7.0,9.0,80.0,10.0,1027.97
32478,Jun,2025,2135.95,Tamil Nadu,Chennai,TANGEDCO,Commercial,7.5,8.5,9.8,11.2,210.0,10.0,25701.3
20505,Dec,2025,157.83,Maharashtra,Mumbai,MSEDCL,Domestic,5.5,8.2,10.5,12.0,125.0,16.0,1307.98
21215,Sep,2024,73.35,Delhi,Delhi,BSES Yamuna,Domestic,3.0,4.5,6.5,8.0,50.0,5.0,278.8
21532,Aug,2023,562.95,Tamil Nadu,Chennai,TANGEDCO,Commercial,7.5,8.5,9.8,11.2,210.0,10.0,5829.42
31633,Apr,2023,217.46,West Bengal,Kolkata,CESC,Domestic,5.1,6.8,7.9,9.2,110.0,12.0,1600.01
27577,Dec,2024,152.24,Delhi,Delhi,BSES Yamuna,Domestic,3.0,4.5,6.5,8.0,50.0,5.0,612.18
20824,Apr,2025,903.48,West Bengal,Kolkata,CESC,Domestic,5.1,6.8,7.9,9.2,110.0,12.0,8239.79
20929,Sep,2023,37.63,Delhi,Delhi,BSES Yamuna,Domestic,3.0,4.5,6.5,8.0,50.0,5.0,173.22
25030,Jan,2025,268.39,Karnataka,Bangalore,BESCOM,Domestic,4.5,6.5,7.7,8.5,100.0,9.0,1764.61
33429,Feb,2024,241.63,West Bengal,Kolkata,CESC,Domestic,5.1,6.8,7.9,9.2,110.0,12.0,1784.38
20134,Feb,2026,88.46,Tamil Nadu,Chennai,TANGEDCO,Domestic,3.5,5.0,7.0,9.0,80.0,10.0,435.01
22106,Jun,2025,77.19,Karnataka,Bangalore,BESCOM,Domestic,4.5,6.5,7.7,8.5,100.0,9.0,494.74
23628,Apr,2023,307.51,Maharashtra,Mumbai,MSEDCL,Domestic,5.5,8.2,10.5,12.0,125.0,16.0,2782.21
32973,Nov,2026,1116.05,Maharashtra,Mumbai,MSEDCL,Commercial,9.5,11.0,12.5,14.0,300.0,16.0,16963.78
26317,Oct,2025,36.23,Maharashtra,Mumbai,MSEDCL,Domestic,5.5,8.2,10.5,12.0,125.0,16.0,370.88
21853,Mar,2025,37.22,Delhi,Delhi,BSES Yamuna,Domestic,3.0,4.5,6.5,8.0,50.0,5.0,172.21
24911,Mar,2026,37.59,West Bengal,Kolkata,CESC,Domestic,5.1,6.8,7.9,9.2,110.0,12.0,334.66
33461,Mar,2026,62.91,Tamil Nadu,Chennai,TANGEDCO,Domestic,3.5,5.0,7.0,9.0,80.0,10.0,331.09
24176,Jun,2026,950.0,Maharashtra,Mumbai,MSEDCL,Domestic,5.5,8.2,10.5,12.0,125.0,16.0,11520.7
31126,Aug,2023,708.08,West Bengal,Kolkata,CESC,Commercial,8.5,9.5,10.2,11.5,250.0,12.0,8410.63
31477,Nov,2023,894.61,West Bengal,Kolkata,CESC,Commercial,8.5,9.5,10.2,11.5,250.0,12.0,10522.84
32491,Jul,2025,950.0,Maharashtra,Mumbai,MSEDCL,Domestic,5.5,8.2,10.5,12.0,125.0,16.0,11355.57
31004,Apr,2025,373.52,Maharashtra,Mumbai,MSEDCL,Domestic,5.5,8.2,10.5,12.0,125.0,16.0,3563.12
25349,Nov,2024,703.01,Karnataka,Bangalore,BESCOM,Domestic,4.5,6.5,7.7,8.5,100.0,9.0,5561.61
33988,Dec,2023,263.28,West Bengal,Kolkata,CESC,Domestic,5.1,6.8,7.9,9.2,110.0,12.0,1904.92
29443,Apr,2025,43.05,Maharashtra,Mumbai,MSEDCL,Domestic,5.5,8.2,10.5,12.0,125.0,16.0,415.76
33971,Nov,2026,173.25,Tamil Nadu,Chennai,TANGEDCO,Commercial,7.5,8.5,9.8,11.2,210.0,10.0,1749.29
33844,Oct,2026,447.39,Tamil Nadu,Chennai,TANGEDCO,Domestic,3.5,5.0,7.0,9.0,80.0,10.0,2672.82
31705,Nov,2023,736.56,Tamil Nadu,Chennai,TANGEDCO,Commercial,7.5,8.5,9.8,11.2,210.0,10.0,7969.12
26191,Nov,2026,44.47,Delhi,Delhi,BSES Yamuna,Domestic,3.0,4.5,6.5,8.0,50.0,5.0,193.02
21257,Nov,2024,61.1,Karnataka,Bangalore,BESCOM,Domestic,4.5,6.5,7.7,8.5,100.0,9.0,415.09
23377,Feb,2025,312.76,Delhi,Delhi,BSES Yamuna,Domestic,3.0,4.5,6.5,8.0,50.0,5.0,1418.45
25646,Jan,2025,161.64,Delhi,Delhi,BSES Yamuna,Domestic,3.0,4.5,6.5,8.0,50.0,5.0,664.27
33455,Sep,2025,614.4,Karnataka,Bangalore,BESCOM,Domestic,4.5,6.5,7.7,8.5,100.0,9.0,4713.43
23487,Dec,2023,109.28,Tamil Nadu,Chennai,TANGEDCO,Domestic,3.5,5.0,7.0,9.0,80.0,10.0,528.27
23585,Dec,2026,166.15,West Bengal,Kolkata,CESC,Domestic,5.1,6.8,7.9,9.2,110.0,12.0,1192.96
29589,Feb,2024,180.1,Maharashtra,Mumbai,MSEDCL,Domestic,5.5,8.2,10.5,12.0,125.0,16.0,1550.74
31830,Aug,2023,39.16,Delhi,Delhi,BSES Yamuna,Domestic,3.0,4.5,6.5,8.0,50.0,5.0,176.15
28054,Sep,2025,230.65,West Bengal,Kolkata,CESC,Commercial,8.5,9.5,10.2,11.5,250.0,12.0,2639.29
23331,Apr,2024,39.51,Karnataka,Bangalore,BESCOM,Domestic,4.5,6.5,7.7,8.5,100.0,9.0,298.66
22704,Aug,2025,194.42,Maharashtra,Mumbai,MSEDCL,Domestic,5.5,8.2,10.5,12.0,125.0,16.0,1651.61
28663,Sep,2025,379.07,Maharashtra,Mumbai,MSEDCL,Domestic,5.5,8.2,10.5,12.0,125.0,16.0,3704.5
28121,Oct,2023,559.21,Maharashtra,Mumbai,MSEDCL,Domestic,5.5,8.2,10.5,12.0,125.0,16.0,5886.02
27115,Oct,2025,83.33,West Bengal,Kolkata,CESC,Domestic,5.1,6.8,7.9,9.2,110.0,12.0,607.09
33324,May,2024,32.84,West Bengal,Kolkata,CESC,Domestic,5.1,6.8,7.9,9.2,110.0,12.0,315.83
21354,Jul,2025,171.33,Maharashtra,Mumbai,MSEDCL,Domestic,5.5,8.2,10.5,12.0,125.0,16.0,1463.14
30976,Oct,2026,183.92,Maharashtra,Mumbai,MSEDCL,Domestic,5.5,8.2,10.5,12.0,125.0,16.0,1595.03
31024,Apr,2025,146.45,Karnataka,Bangalore,BESCOM,Domestic,4.5,6.5,7.7,8.5,100.0,9.0,937.75
25064,Jan,2023,98.66,Tamil Nadu,Chennai,TANGEDCO,Domestic,3.5,5.0,7.0,9.0,80.0,10.0,476.71
28550,Mar,2024,76.06,Karnataka,Bangalore,BESCOM,Domestic,4.5,6.5,7.7,8.5,100.0,9.0,481.63
31212,May,2023,103.1,Karnataka,Bangalore,BESCOM,Domestic,4.5,6.5,7.7,8.5,100.0,9.0,612.73
27576,Mar,2026,53.85,West Bengal,Kolkata,CESC,Domestic,5.1,6.8,7.9,9.2,110.0,12.0,429.96
20668,Dec,2025,115.34,West Bengal,Kolkata,CESC,Domestic,5.1,6.8,7.9,9.2,110.0,12.0,809.43
24469,Nov,2023,1043.09,Karnataka,Bangalore,BESCOM,Commercial,8.0,9.0,10.0,11.0,220.0,9.0,11858.23
33320,Jul,2023,466.8,Tamil Nadu,Chennai,TANGEDCO,Domestic,3.5,5.0,7.0,9.0,80.0,10.0,2911.74
29338,Dec,2023,71.24,Tamil Nadu,Chennai,TANGEDCO,Domestic,3.5,5.0,7.0,9.0,80.0,10.0,368.46
33660,Sep,2023,205.66,Maharashtra,Mumbai,MSEDCL,Domestic,5.5,8.2,10.5,12.0,125.0,16.0,1783.72
26820,Dec,2026,41.58,Tamil Nadu,Chennai,TANGEDCO,Domestic,3.5,5.0,7.0,9.0,80.0,10.0,247.41
32378,Jun,2026,74.09,Karnataka,Bangalore,BESCOM,Domestic,4.5,6.5,7.7,8.5,100.0,9.0,473.21
23720,Oct,2025,109.15,Maharashtra,Mumbai,MSEDCL,Domestic,5.5,8.2,10.5,12.0,125.0,16.0,858.25
22746,Jan,2025,139.37,Karnataka,Bangalore,BESCOM,Domestic,4.5,6.5,7.7,8.5,100.0,9.0,890.18
27484,Jul,2024,82.1,Karnataka,Bangalore,BESCOM,Domestic,4.5,6.5,7.7,8.5,100.0,9.0,510.03
20540,Mar,2026,239.73,Karnataka,Bangalore,BESCOM,Domestic,4.5,6.5,7.7,8.5,100.0,9.0,1560.9
30972,May,2023,306.52,Delhi,Delhi,BSES Yamuna,Commercial,6.5,8.0,9.5,11.0,180.0,5.0,2586.98
24965,Oct,2023,950.0,Delhi,Delhi,BSES Yamuna,Domestic,3.0,4.5,6.5,8.0,50.0,5.0,6401.24
32329,Apr,2024,896.44,Maharashtra,Mumbai,MSEDCL,Domestic,5.5,8.2,10.5,12.0,125.0,16.0,10533.23
24836,Oct,2023,417.8,Maharashtra,Mumbai,MSEDCL,Domestic,5.5,8.2,10.5,12.0,125.0,16.0,4187.7
23776,May,2024,343.77,Maharashtra,Mumbai,MSEDCL,Domestic,5.5,8.2,10.5,12.0,125.0,16.0,3267.92
26043,May,2025,260.25,Maharashtra,Mumbai,MSEDCL,Domestic,5.5,8.2,10.5,12.0,125.0,16.0,2289.97
34838,Jun,2026,252.35,Karnataka,Bangalore,BESCOM,Domestic,4.5,6.5,7.7,8.5,100.0,9.0,1688.68
27103,Oct,2024,36.97,Tamil Nadu,Chennai,TANGEDCO,Domestic,3.5,5.0,7.0,9.0,80.0,10.0,228.25
27313,Dec,2023,713.22,Tamil Nadu,Chennai,TANGEDCO,Commercial,7.5,8.5,9.8,11.2,210.0,10.0,7861.22
25321,Oct,2024,1014.63,Tamil Nadu,Chennai,TANGEDCO,Commercial,7.5,8.5,9.8,11.2,210.0,10.0,11440.38
33217,Nov,2025,229.79,Tamil Nadu,Chennai,TANGEDCO,Domestic,3.5,5.0,7.0,9.0,80.0,10.0,1199.41
26133,Jun,2023,1347.06,Delhi,Delhi,BSES Yamuna,Commercial,6.5,8.0,9.5,11.0,180.0,5.0,14197.45
27892,Aug,2025,950.0,Maharashtra,Mumbai,MSEDCL,Domestic,5.5,8.2,10.5,12.0,125.0,16.0,11192.12
30701,Aug,2025,91.18,Delhi,Delhi,BSES Yamuna,Domestic,3.0,4.5,6.5,8.0,50.0,5.0,336.06
22780,Nov,2024,209.88,West Bengal,Kolkata,CESC,Domestic,5.1,6.8,7.9,9.2,110.0,12.0,1534.02
20925,Sep,2025,141.74,Tamil Nadu,Chennai,TANGEDCO,Domestic,3.5,5.0,7.0,9.0,80.0,10.0,697.68
31149,Aug,2023,56.34,Maharashtra,Mumbai,MSEDCL,Domestic,5.5,8.2,10.5,12.0,125.0,16.0,504.55
21582,Nov,2025,1099.5,West Bengal,Kolkata,CESC,Commercial,8.5,9.5,10.2,11.5,250.0,12.0,13558.84
27715,Feb,2025,108.57,West Bengal,Kolkata,CESC,Domestic,5.1,6.8,7.9,9.2,110.0,12.0,760.19
23325,Dec,2024,611.39,Delhi,Delhi,BSES Yamuna,Domestic,3.0,4.5,6.5,8.0,50.0,5.0,3561.69
32678,Oct,2025,502.65,Tamil Nadu,Chennai,TANGEDCO,Commercial,7.5,8.5,9.8,11.2,210.0,10.0,5204.27
25714,Dec,2026,62.97,Maharashtra,Mumbai,MSEDCL,Domestic,5.5,8.2,10.5,12.0,125.0,16.0,536.65
27027,Nov,2024,111.23,West Bengal,Kolkata,CESC,Domestic,5.1,6.8,7.9,9.2,110.0,12.0,790.12
20256,Jan,2024,191.97,West Bengal,Kolkata,CESC,Domestic,5.1,6.8,7.9,9.2,110.0,12.0,1373.02
24805,Oct,2023,233.75,Karnataka,Bangalore,BESCOM,Domestic,4.5,6.5,7.7,8.5,100.0,9.0,1570.57
21839,Feb,2023,169.04,Tamil Nadu,Chennai,TANGEDCO,Domestic,3.5,5.0,7.0,9.0,80.0,10.0,856.28
30137,Feb,2023,248.43,Delhi,Delhi,BSES Yamuna,Domestic,3.0,4.5,6.5,8.0,50.0,5.0,1081.0
34786,Dec,2023,67.24,Maharashtra,Mumbai,MSEDCL,Domestic,5.5,8.2,10.5,12.0,125.0,16.0,582.09
20010,Mar,2026,148.2,Delhi,Delhi,BSES Yamuna,Commercial,6.5,8.0,9.5,11.0,180.0,5.0,1268.15
22872,Oct,2024,181.15,Delhi,Delhi,BSES Yamuna,Commercial,6.5,8.0,9.5,11.0,180.0,5.0,1536.75
28990,Jul,2025,266.23,West Bengal,Kolkata,CESC,Domestic,5.1,6.8,7.9,9.2,110.0,12.0,1922.32
27410,Feb,2023,48.3,Delhi,Delhi,BSES Yamuna,Domestic,3.0,4.5,6.5,8.0,50.0,5.0,200.72
27419,Jan,2023,105.54,Tamil Nadu,Chennai,TANGEDCO,Domestic,3.5,5.0,7.0,9.0,80.0,10.0,506.16
33165,Jun,2023,764.51,Maharashtra,Mumbai,MSEDCL,Commercial,9.5,11.0,12.5,14.0,300.0,16.0,11243.91
25125,Sep,2025,334.83,Karnataka,Bangalore,BESCOM,Domestic,4.5,6.5,7.7,8.5,100.0,9.0,2350.92
21016,Mar,2023,43.16,Delhi,Delhi,BSES Yamuna,Domestic,3.0,4.5,6.5,8.0,50.0,5.0,191.29
30017,Jun,2025,126.1,Karnataka,Bangalore,BESCOM,Domestic,4.5,6.5,7.7,8.5,100.0,9.0,791.78
32662,Mar,2024,1734.96,West Bengal,Kolkata,CESC,Commercial,8.5,9.5,10.2,11.5,250.0,12.0,21354.23
31329,Jan,2024,47.27,Karnataka,Bangalore,BESCOM,Domestic,4.5,6.5,7.7,8.5,100.0,9.0,341.18
22194,Dec,2024,68.85,Tamil Nadu,Chennai,TANGEDCO,Domestic,3.5,5.0,7.0,9.0,80.0,10.0,354.98
28416,May,2026,281.31,Maharashtra,Mumbai,MSEDCL,Domestic,5.5,8.2,10.5,12.0,125.0,16.0,2527.27
33551,Oct,2025,230.47,Karnataka,Bangalore,BESCOM,Domestic,4.5,6.5,7.7,8.5,100.0,9.0,1542.39
34513,Nov,2023,224.89,Karnataka,Bangalore,BESCOM,Domestic,4.5,6.5,7.7,8.5,100.0,9.0,1456.78
34091,Apr,2023,59.13,West Bengal,Kolkata,CESC,Domestic,5.1,6.8,7.9,9.2,110.0,12.0,466.8
33141,Jul,2023,324.31,Delhi,Delhi,BSES Yamuna,Domestic,3.0,4.5,6.5,8.0,50.0,5.0,1462.51
27450,Jun,2023,50.47,West Bengal,Kolkata,CESC,Domestic,5.1,6.8,7.9,9.2,110.0,12.0,407.43
24159,Oct,2026,254.0,Tamil Nadu,Chennai,TANGEDCO,Domestic,3.5,5.0,7.0,9.0,80.0,10.0,1310.14
33529,Jul,2023,128.18,Karnataka,Bangalore,BESCOM,Domestic,4.5,6.5,7.7,8.5,100.0,9.0,783.18
23926,May,2026,231.29,West Bengal,Kolkata,CESC,Domestic,5.1,6.8,7.9,9.2,110.0,12.0,1700.48
26971,Apr,2025,217.05,Karnataka,Bangalore,BESCOM,Commercial,8.0,9.0,10.0,11.0,220.0,9.0,2248.18
26939,Jul,2024,348.51,Delhi,Delhi,BSES Yamuna,Domestic,3.0,4.5,6.5,8.0,50.0,5.0,1667.34
24785,Jul,2023,85.85,Tamil Nadu,Chennai,TANGEDCO,Domestic,3.5,5.0,7.0,9.0,80.0,10.0,413.4
33773,Jun,2024,107.72,Delhi,Delhi,BSES Yamuna,Domestic,3.0,4.5,6.5,8.0,50.0,5.0,396.56
24001,Aug,2025,85.52,West Bengal,Kolkata,CESC,Domestic,5.1,6.8,7.9,9.2,110.0,12.0,614.0
21634,Apr,2025,348.6,Maharashtra,Mumbai,MSEDCL,Domestic,5.5,8.2,10.5,12.0,125.0,16.0,3236.97
30345,Oct,2023,1010.37,Maharashtra,Mumbai,MSEDCL,Commercial,9.5,11.0,12.5,14.0,300.0,16.0,15437.09
27267,May,2025,31.3,Tamil Nadu,Chennai,TANGEDCO,Domestic,3.5,5.0,7.0,9.0,80.0,10.0,210.23
28703,Apr,2024,71.39,West Bengal,Kolkata,CESC,Domestic,5.1,6.8,7.9,9.2,110.0,12.0,533.89
20385,Dec,2023,551.21,West Bengal,Kolkata,CESC,Domestic,5.1,6.8,7.9,9.2,110.0,12.0,4443.0
20405,Jan,2026,114.52,Maharashtra,Mumbai,MSEDCL,Domestic,5.5,8.2,10.5,12.0,125.0,16.0,915.58
28176,Dec,2023,396.94,Delhi,Delhi,BSES Yamuna,Commercial,6.5,8.0,9.5,11.0,180.0,5.0,3471.62
32806,Aug,2024,293.18,Tamil Nadu,Chennai,TANGEDCO,Domestic,3.5,5.0,7.0,9.0,80.0,10.0,1550.95
32764,Jan,2023,105.6,Maharashtra,Mumbai,MSEDCL,Domestic,5.5,8.2,10.5,12.0,125.0,16.0,852.51
22001,May,2023,307.13,Karnataka,Bangalore,BESCOM,Domestic,4.5,6.5,7.7,8.5,100.0,9.0,2049.55
30949,Jun,2024,56.42,Karnataka,Bangalore,BESCOM,Domestic,4.5,6.5,7.7,8.5,100.0,9.0,379.26
29861,Jun,2023,1446.91,Delhi,Delhi,BSES Yamuna,Commercial,6.5,8.0,9.5,11.0,180.0,5.0,15442.42
25990,May,2023,1606.51,Maharashtra,Mumbai,MSEDCL,Commercial,9.5,11.0,12.5,14.0,300.0,16.0,24779.0
21461,Mar,2024,377.85,Karnataka,Bangalore,BESCOM,Commercial,8.0,9.0,10.0,11.0,220.0,9.0,3976.26
27191,May,2025,90.35,Maharashtra,Mumbai,MSEDCL,Domestic,5.5,8.2,10.5,12.0,125.0,16.0,731.75
27141,Dec,2024,33.4,Karnataka,Bangalore,BESCOM,Domestic,4.5,6.5,7.7,8.5,100.0,9.0,271.63
23637,Aug,2023,441.23,West Bengal,Kolkata,CESC,Domestic,5.1,6.8,7.9,9.2,110.0,12.0,3452.46
30917,Feb,2026,41.68,Tamil Nadu,Chennai,TANGEDCO,Domestic,3.5,5.0,7.0,9.0,80.0,10.0,249.34
24810,Jun,2026,136.65,Tamil Nadu,Chennai,TANGEDCO,Domestic,3.5,5.0,7.0,9.0,80.0,10.0,672.42
24179,Sep,2024,126.33,Karnataka,Bangalore,BESCOM,Domestic,4.5,6.5,7.7,8.5,100.0,9.0,771.12
33457,Aug,2026,514.31,Tamil Nadu,Chennai,TANGEDCO,Commercial,7.5,8.5,9.8,11.2,210.0,10.0,5264.45
27246,Nov,2023,142.07,Delhi,Delhi,BSES Yamuna,Domestic,3.0,4.5,6.5,8.0,50.0,5.0,557.72
26601,Aug,2023,179.52,Maharashtra,Mumbai,MSEDCL,Domestic,5.5,8.2,10.5,12.0,125.0,16.0,1540.39
25998,Aug,2024,915.96,Karnataka,Bangalore,BESCOM,Commercial,8.0,9.0,10.0,11.0,220.0,9.0,10263.01
22049,Jul,2023,253.11,Tamil Nadu,Chennai,TANGEDCO,Domestic,3.5,5.0,7.0,9.0,80.0,10.0,1306.96
32339,Aug,2025,208.2,Tamil Nadu,Chennai,TANGEDCO,Domestic,3.5,5.0,7.0,9.0,80.0,10.0,1052.58
24781,Jun,2023,158.94,Delhi,Delhi,BSES Yamuna,Domestic,3.0,4.5,6.5,8.0,50.0,5.0,637.27
20717,Feb,2024,161.74,Maharashtra,Mumbai,MSEDCL,Domestic,5.5,8.2,10.5,12.0,125.0,16.0,1368.04
27940,Feb,2025,508.49,Delhi,Delhi,BSES Yamuna,Domestic,3.0,4.5,6.5,8.0,50.0,5.0,2738.98
25566,Aug,2025,31.99,Maharashtra,Mumbai,MSEDCL,Domestic,5.5,8.2,10.5,12.0,125.0,16.0,346.84
24545,Nov,2026,435.14,Tamil Nadu,Chennai,TANGEDCO,Domestic,3.5,5.0,7.0,9.0,80.0,10.0,2616.62
24977,Jan,2023,74.44,Delhi,Delhi,BSES Yamuna,Domestic,3.0,4.5,6.5,8.0,50.0,5.0,286.94
32776,Jun,2024,353.48,West Bengal,Kolkata,CESC,Commercial,8.5,9.5,10.2,11.5,250.0,12.0,3995.1
30016,Jun,2026,217.25,Karnataka,Bangalore,BESCOM,Domestic,4.5,6.5,7.7,8.5,100.0,9.0,1422.97
30274,Nov,2026,132.99,Karnataka,Bangalore,BESCOM,Domestic,4.5,6.5,7.7,8.5,100.0,9.0,848.8
23420,Apr,2023,319.5,Tamil Nadu,Chennai,TANGEDCO,Domestic,3.5,5.0,7.0,9.0,80.0,10.0,1716.62
34431,Dec,2023,86.23,West Bengal,Kolkata,CESC,Domestic,5.1,6.8,7.9,9.2,110.0,12.0,621.03
27240,Nov,2024,259.95,Maharashtra,Mumbai,MSEDCL,Domestic,5.5,8.2,10.5,12.0,125.0,16.0,2283.19
29767,Nov,2026,184.09,Tamil Nadu,Chennai,TANGEDCO,Domestic,3.5,5.0,7.0,9.0,80.0,10.0,948.44
34490,Oct,2024,98.75,West Bengal,Kolkata,CESC,Domestic,5.1,6.8,7.9,9.2,110.0,12.0,693.18
20250,Mar,2026,151.18,West Bengal,Kolkata,CESC,Domestic,5.1,6.8,7.9,9.2,110.0,12.0,1088.13
28866,Nov,2026,769.33,Delhi,Delhi,BSES Yamuna,Commercial,6.5,8.0,9.5,11.0,180.0,5.0,7717.17
32726,Mar,2026,259.58,Maharashtra,Mumbai,MSEDCL,Domestic,5.5,8.2,10.5,12.0,125.0,16.0,2291.06
30358,Jan,2023,44.71,Maharashtra,Mumbai,MSEDCL,Domestic,5.5,8.2,10.5,12.0,125.0,16.0,430.25
20771,Mar,2026,265.91,Karnataka,Bangalore,BESCOM,Domestic,4.5,6.5,7.7,8.5,100.0,9.0,1746.09
32155,Apr,2026,44.18,Delhi,Delhi,BSES Yamuna,Domestic,3.0,4.5,6.5,8.0,50.0,5.0,191.26
24364,Nov,2026,504.32,Maharashtra,Mumbai,MSEDCL,Domestic,5.5,8.2,10.5,12.0,125.0,16.0,5162.59
30177,Nov,2025,64.41,West Bengal,Kolkata,CESC,Domestic,5.1,6.8,7.9,9.2,110.0,12.0,481.71
21078,May,2023,880.64,Maharashtra,Mumbai,MSEDCL,Commercial,9.5,11.0,12.5,14.0,300.0,16.0,12903.65
28428,Mar,2025,254.66,West Bengal,Kolkata,CESC,Domestic,5.1,6.8,7.9,9.2,110.0,12.0,1891.27
28581,Jun,2023,56.31,Maharashtra,Mumbai,MSEDCL,Domestic,5.5,8.2,10.5,12.0,125.0,16.0,497.19
31230,Nov,2024,393.82,Delhi,Delhi,BSES Yamuna,Domestic,3.0,4.5,6.5,8.0,50.0,5.0,1927.01
27902,Dec,2025,272.53,Maharashtra,Mumbai,MSEDCL,Commercial,9.5,11.0,12.5,14.0,300.0,16.0,3588.45
24859,May,2024,204.1,Delhi,Delhi,BSES Yamuna,Domestic,3.0,4.5,6.5,8.0,50.0,5.0,860.22
30041,Mar,2026,426.82,Maharashtra,Mumbai,MSEDCL,Commercial,9.5,11.0,12.5,14.0,300.0,16.0,5743.4
26545,Jun,2024,124.96,Karnataka,Bangalore,BESCOM,Domestic,4.5,6.5,7.7,8.5,100.0,9.0,786.14
24720,Jun,2024,400.69,Maharashtra,Mumbai,MSEDCL,Domestic,5.5,8.2,10.5,12.0,125.0,16.0,3924.05
22815,Aug,2024,140.46,Tamil Nadu,Chennai,TANGEDCO,Domestic,3.5,5.0,7.0,9.0,80.0,10.0,696.72
23375,Feb,2024,382.15,Karnataka,Bangalore,BESCOM,Commercial,8.0,9.0,10.0,11.0,220.0,9.0,4004.88
31471,Jan,2023,143.04,Maharashtra,Mumbai,MSEDCL,Domestic,5.5,8.2,10.5,12.0,125.0,16.0,1186.78
21253,Apr,2025,707.91,Tamil Nadu,Chennai,TANGEDCO,Domestic,3.5,5.0,7.0,9.0,80.0,10.0,5173.46
26997,Jul,2023,77.73,Maharashtra,Mumbai,MSEDCL,Domestic,5.5,8.2,10.5,12.0,125.0,16.0,630.01
32174,Nov,2023,421.64,Karnataka,Bangalore,BESCOM,Commercial,8.0,9.0,10.0,11.0,220.0,9.0,4367.35
24674,Oct,2023,644.11,West Bengal,Kolkata,CESC,Domestic,5.1,6.8,7.9,9.2,110.0,12.0,5505.05
30315,Mar,2024,56.16,Delhi,Delhi,BSES Yamuna,Domestic,3.0,4.5,6.5,8.0,50.0,5.0,227.53
24531,Mar,2023,157.34,Karnataka,Bangalore,BESCOM,Domestic,4.5,6.5,7.7,8.5,100.0,9.0,1017.86
30343,May,2025,454.31,Delhi,Delhi,BSES Yamuna,Commercial,6.5,8.0,9.5,11.0,180.0,5.0,4048.04
33052,May,2023,592.23,Maharashtra,Mumbai,MSEDCL,Commercial,9.5,11.0,12.5,14.0,300.0,16.0,8542.44
26882,Oct,2026,78.39,West Bengal,Kolkata,CESC,Domestic,5.1,6.8,7.9,9.2,110.0,12.0,562.2
26950,Mar,2024,201.48,West Bengal,Kolkata,CESC,Domestic,5.1,6.8,7.9,9.2,110.0,12.0,1450.51
29522,Sep,2026,225.04,Tamil Nadu,Chennai,TANGEDCO,Domestic,3.5,5.0,7.0,9.0,80.0,10.0,1149.56
26242,Apr,2025,190.97,West Bengal,Kolkata,CESC,Commercial,8.5,9.5,10.2,11.5,250.0,12.0,2171.56
28018,Mar,2025,107.31,Delhi,Delhi,BSES Yamuna,Domestic,3.0,4.5,6.5,8.0,50.0,5.0,398.41
26942,Nov,2025,191.69,Maharashtra,Mumbai,MSEDCL,Domestic,5.5,8.2,10.5,12.0,125.0,16.0,1663.89
29551,Feb,2025,191.12,Maharashtra,Mumbai,MSEDCL,Domestic,5.5,8.2,10.5,12.0,125.0,16.0,1678.87
27003,Oct,2023,1413.08,Tamil Nadu,Chennai,TANGEDCO,Commercial,7.5,8.5,9.8,11.2,210.0,10.0,16068.54
30675,Nov,2024,106.05,West Bengal,Kolkata,CESC,Domestic,5.1,6.8,7.9,9.2,110.0,12.0,730.43
32735,Sep,2025,202.51,West Bengal,Kolkata,CESC,Domestic,5.1,6.8,7.9,9.2,110.0,12.0,1446.65
30210,Apr,2026,690.04,Karnataka,Bangalore,BESCOM,Commercial,8.0,9.0,10.0,11.0,220.0,9.0,7626.91
21332,Mar,2025,149.79,Delhi,Delhi,BSES Yamuna,Domestic,3.0,4.5,6.5,8.0,50.0,5.0,608.99
32537,Jul,2024,240.81,Maharashtra,Mumbai,MSEDCL,Domestic,5.5,8.2,10.5,12.0,125.0,16.0,2123.8
24262,Aug,2026,1251.49,Delhi,Delhi,BSES Yamuna,Commercial,6.5,8.0,9.5,11.0,180.0,5.0,13240.72
27649,Nov,2026,177.52,Karnataka,Bangalore,BESCOM,Commercial,8.0,9.0,10.0,11.0,220.0,9.0,1846.79
29551,Feb,2026,203.56,West Bengal,Kolkata,CESC,Commercial,8.5,9.5,10.2,11.5,250.0,12.0,2352.0
25116,Jul,2023,288.69,Delhi,Delhi,BSES Yamuna,Domestic,3.0,4.5,6.5,8.0,50.0,5.0,1237.64
24638,Dec,2025,30.51,West Bengal,Kolkata,CESC,Domestic,5.1,6.8,7.9,9.2,110.0,12.0,297.61
24855,May,2023,120.15,Karnataka,Bangalore,BESCOM,Commercial,8.0,9.0,10.0,11.0,220.0,9.0,1323.26
23178,Nov,2026,172.56,Karnataka,Bangalore,BESCOM,Domestic,4.5,6.5,7.7,8.5,100.0,9.0,1131.54
27731,May,2023,565.29,Karnataka,Bangalore,BESCOM,Commercial,8.0,9.0,10.0,11.0,220.0,9.0,6062.7
30321,Mar,2023,422.09,Tamil Nadu,Chennai,TANGEDCO,Commercial,7.5,8.5,9.8,11.2,210.0,10.0,4326.43
22181,May,2023,482.42,West Bengal,Kolkata,CESC,Domestic,5.1,6.8,7.9,9.2,110.0,12.0,3869.12
24893,Dec,2025,2522.72,West Bengal,Kolkata,CESC,Commercial,8.5,9.5,10.2,11.5,250.0,12.0,31990.27
27044,Feb,2026,228.16,West Bengal,Kolkata,CESC,Commercial,8.5,9.5,10.2,11.5,250.0,12.0,2598.14
20138,Apr,2026,80.49,Karnataka,Bangalore,BESCOM,Domestic,4.5,6.5,7.7,8.5,100.0,9.0,505.92
26328,Jun,2025,407.66,Karnataka,Bangalore,BESCOM,Domestic,4.5,6.5,7.7,8.5,100.0,9.0,2880.72
23473,Jan,2023,412.82,West Bengal,Kolkata,CESC,Domestic,5.1,6.8,7.9,9.2,110.0,12.0,3231.96
25450,Oct,2023,125.58,Delhi,Delhi,BSES Yamuna,Domestic,3.0,4.5,6.5,8.0,50.0,5.0,494.33
22833,Apr,2024,241.91,Delhi,Delhi,BSES Yamuna,Domestic,3.0,4.5,6.5,8.0,50.0,5.0,1038.94
23580,Jun,2024,40.85,Tamil Nadu,Chennai,TANGEDCO,Domestic,3.5,5.0,7.0,9.0,80.0,10.0,242.14
25972,Sep,2024,852.51,Tamil Nadu,Chennai,TANGEDCO,Commercial,7.5,8.5,9.8,11.2,210.0,10.0,9346.13
31224,Nov,2025,429.5,West Bengal,Kolkata,CESC,Commercial,8.5,9.5,10.2,11.5,250.0,12.0,4882.49
24165,Nov,2026,137.24,Tamil Nadu,Chennai,TANGEDCO,Domestic,3.5,5.0,7.0,9.0,80.0,10.0,670.09
30786,Feb,2024,214.14,West Bengal,Kolkata,CESC,Domestic,5.1,6.8,7.9,9.2,110.0,12.0,1594.88
27942,Nov,2026,157.44,Tamil Nadu,Chennai,TANGEDCO,Domestic,3.5,5.0,7.0,9.0,80.0,10.0,801.19
34389,Jul,2026,440.51,West Bengal,Kolkata,CESC,Commercial,8.5,9.5,10.2,11.5,250.0,12.0,4980.7
25570,Jun,2026,199.99,Tamil Nadu,Chennai,TANGEDCO,Domestic,3.5,5.0,7.0,9.0,80.0,10.0,1016.23
24301,Feb,2025,199.64,Delhi,Delhi,BSES Yamuna,Domestic,3.0,4.5,6.5,8.0,50.0,5.0,844.92
26270,Aug,2025,1922.77,Tamil Nadu,Chennai,TANGEDCO,Commercial,7.5,8.5,9.8,11.2,210.0,10.0,22683.92
23819,Jul,2025,89.13,Delhi,Delhi,BSES Yamuna,Domestic,3.0,4.5,6.5,8.0,50.0,5.0,328.6
32331,Nov,2025,516.2,Tamil Nadu,Chennai,TANGEDCO,Commercial,7.5,8.5,9.8,11.2,210.0,10.0,5297.21
32016,May,2024,746.62,West Bengal,Kolkata,CESC,Commercial,8.5,9.5,10.2,11.5,250.0,12.0,8949.37
32235,Dec,2023,310.14,Maharashtra,Mumbai,MSEDCL,Commercial,9.5,11.0,12.5,14.0,300.0,16.0,4090.2
21907,May,2023,119.65,West Bengal,Kolkata,CESC,Domestic,5.1,6.8,7.9,9.2,110.0,12.0,827.92
26255,Jul,2023,130.71,Delhi,Delhi,BSES Yamuna,Domestic,3.0,4.5,6.5,8.0,50.0,5.0,512.91
20761,Sep,2024,212.34,West Bengal,Kolkata,CESC,Commercial,8.5,9.5,10.2,11.5,250.0,12.0,2457.62
27831,Nov,2023,239.07,Tamil Nadu,Chennai,TANGEDCO,Domestic,3.5,5.0,7.0,9.0,80.0,10.0,1227.48
27351,Sep,2024,159.44,Delhi,Delhi,BSES Yamuna,Domestic,3.0,4.5,6.5,8.0,50.0,5.0,651.47
26239,Sep,2024,780.9,Tamil Nadu,Chennai,TANGEDCO,Domestic,3.5,5.0,7.0,9.0,80.0,10.0,5999.32
26091,Jun,2024,68.63,Maharashtra,Mumbai,MSEDCL,Domestic,5.5,8.2,10.5,12.0,125.0,16.0,577.11
31638,Oct,2023,36.19,West Bengal,Kolkata,CESC,Domestic,5.1,6.8,7.9,9.2,110.0,12.0,323.59
26032,Jun,2026,169.18,Delhi,Delhi,BSES Yamuna,Domestic,3.0,4.5,6.5,8.0,50.0,5.0,697.3
27688,Mar,2023,67.34,Karnataka,Bangalore,BESCOM,Domestic,4.5,6.5,7.7,8.5,100.0,9.0,442.58
29092,Jan,2023,78.54,Tamil Nadu,Chennai,TANGEDCO,Domestic,3.5,5.0,7.0,9.0,80.0,10.0,382.96
32648,Jul,2025,319.26,Tamil Nadu,Chennai,TANGEDCO,Domestic,3.5,5.0,7.0,9.0,80.0,10.0,1744.4
31140,Apr,2024,236.19,Tamil Nadu,Chennai,TANGEDCO,Domestic,3.5,5.0,7.0,9.0,80.0,10.0,1208.82
29912,Jan,2026,227.57,Karnataka,Bangalore,BESCOM,Domestic,4.5,6.5,7.7,8.5,100.0,9.0,1527.44
28473,Aug,2025,207.05,Maharashtra,Mumbai,MSEDCL,Domestic,5.5,8.2,10.5,12.0,125.0,16.0,1787.62
31459,Dec,2026,306.33,West Bengal,Kolkata,CESC,Domestic,5.1,6.8,7.9,9.2,110.0,12.0,2284.01
21888,Jun,2026,113.59,Karnataka,Bangalore,BESCOM,Domestic,4.5,6.5,7.7,8.5,100.0,9.0,682.67
23267,Jun,2024,190.41,West Bengal,Kolkata,CESC,Domestic,5.1,6.8,7.9,9.2,110.0,12.0,1409.76
20667,Feb,2023,47.63,Karnataka,Bangalore,BESCOM,Domestic,4.5,6.5,7.7,8.5,100.0,9.0,341.19
24189,Jan,2024,100.51,Delhi,Delhi,BSES Yamuna,Domestic,3.0,4.5,6.5,8.0,50.0,5.0,371.05
20672,Feb,2024,282.84,West Bengal,Kolkata,CESC,Domestic,5.1,6.8,7.9,9.2,110.0,12.0,2071.59
30162,Apr,2025,83.54,Karnataka,Bangalore,BESCOM,Domestic,4.5,6.5,7.7,8.5,100.0,9.0,515.47
32349,Feb,2024,248.02,Tamil Nadu,Chennai,TANGEDCO,Domestic,3.5,5.0,7.0,9.0,80.0,10.0,1296.54
26778,Jan,2023,1358.63,Karnataka,Bangalore,BESCOM,Commercial,8.0,9.0,10.0,11.0,220.0,9.0,15417.51
31315,Jul,2026,411.5,Delhi,Delhi,BSES Yamuna,Domestic,3.0,4.5,6.5,8.0,50.0,5.0,2036.62
27571,Nov,2024,553.23,West Bengal,Kolkata,CESC,Commercial,8.5,9.5,10.2,11.5,250.0,12.0,6256.53
27957,Nov,2026,45.86,Tamil Nadu,Chennai,TANGEDCO,Domestic,3.5,5.0,7.0,9.0,80.0,10.0,269.01
25125,Dec,2024,206.11,Maharashtra,Mumbai,MSEDCL,Domestic,5.5,8.2,10.5,12.0,125.0,16.0,1792.48
25586,Aug,2026,291.87,Delhi,Delhi,BSES Yamuna,Domestic,3.0,4.5,6.5,8.0,50.0,5.0,1289.45
32892,Jun,2024,525.75,Karnataka,Bangalore,BESCOM,Domestic,4.5,6.5,7.7,8.5,100.0,9.0,4005.37
24778,Apr,2025,151.53,Karnataka,Bangalore,BESCOM,Domestic,4.5,6.5,7.7,8.5,100.0,9.0,955.56
23901,Jun,2026,100.67,Tamil Nadu,Chennai,TANGEDCO,Domestic,3.5,5.0,7.0,9.0,80.0,10.0,475.57
26678,Mar,2024,123.75,Maharashtra,Mumbai,MSEDCL,Domestic,5.5,8.2,10.5,12.0,125.0,16.0,1013.78
33717,Dec,2024,538.21,Delhi,Delhi,BSES Yamuna,Domestic,3.0,4.5,6.5,8.0,50.0,5.0,2960.48
26982,Aug,2025,1084.2,West Bengal,Kolkata,CESC,Commercial,8.5,9.5,10.2,11.5,250.0,12.0,13172.21
34981,Oct,2025,202.62,West Bengal,Kolkata,CESC,Domestic,5.1,6.8,7.9,9.2,110.0,12.0,1449.54
26377,Feb,2025,351.62,Delhi,Delhi,BSES Yamuna,Commercial,6.5,8.0,9.5,11.0,180.0,5.0,3061.6
20524,May,2026,527.74,West Bengal,Kolkata,CESC,Domestic,5.1,6.8,7.9,9.2,110.0,12.0,4273.1
22394,Jan,2026,74.79,Delhi,Delhi,BSES Yamuna,Domestic,3.0,4.5,6.5,8.0,50.0,5.0,291.47
31310,Jun,2025,175.49,Karnataka,Bangalore,BESCOM,Domestic,4.5,6.5,7.7,8.5,100.0,9.0,1152.73
22594,Feb,2023,49.52,Tamil Nadu,Chennai,TANGEDCO,Domestic,3.5,5.0,7.0,9.0,80.0,10.0,273.92
30161,Apr,2023,178.63,West Bengal,Kolkata,CESC,Domestic,5.1,6.8,7.9,9.2,110.0,12.0,1310.96
33390,Jun,2024,445.52,Maharashtra,Mumbai,MSEDCL,Domestic,5.5,8.2,10.5,12.0,125.0,16.0,4525.04
29946,Oct,2023,360.18,Delhi,Delhi,BSES Yamuna,Domestic,3.0,4.5,6.5,8.0,50.0,5.0,1730.95
34125,Nov,2024,939.72,Tamil Nadu,Chennai,TANGEDCO,Commercial,7.5,8.5,9.8,11.2,210.0,10.0,10494.88
27241,Aug,2026,230.94,Delhi,Delhi,BSES Yamuna,Domestic,3.0,4.5,6.5,8.0,50.0,5.0,983.32
26938,Dec,2026,896.95,Delhi,Delhi,BSES Yamuna,Commercial,6.5,8.0,9.5,11.0,180.0,5.0,9123.24
30489,Aug,2023,570.9,Delhi,Delhi,BSES Yamuna,Commercial,6.5,8.0,9.5,11.0,180.0,5.0,5430.55
26191,Nov,2026,569.67,Karnataka,Bangalore,BESCOM,Commercial,8.0,9.0,10.0,11.0,220.0,9.0,6025.98
25241,Jun,2025,202.39,West Bengal,Kolkata,CESC,Domestic,5.1,6.8,7.9,9.2,110.0,12.0,1466.47
30454,Apr,2025,479.92,Tamil Nadu,Chennai,TANGEDCO,Domestic,3.5,5.0,7.0,9.0,80.0,10.0,2975.98
30479,Aug,2023,734.96,Karnataka,Bangalore,BESCOM,Domestic,4.5,6.5,7.7,8.5,100.0,9.0,5984.45
33368,Aug,2023,238.89,Tamil Nadu,Chennai,TANGEDCO,Domestic,3.5,5.0,7.0,9.0,80.0,10.0,1257.1
26494,Oct,2024,693.1,Maharashtra,Mumbai,MSEDCL,Domestic,5.5,8.2,10.5,12.0,125.0,16.0,7778.21
32395,Jan,2026,144.33,Tamil Nadu,Chennai,TANGEDCO,Domestic,3.5,5.0,7.0,9.0,80.0,10.0,704.59
22879,Apr,2024,120.3,Tamil Nadu,Chennai,TANGEDCO,Domestic,3.5,5.0,7.0,9.0,80.0,10.0,579.77
24144,Apr,2024,219.92,Delhi,Delhi,BSES Yamuna,Domestic,3.0,4.5,6.5,8.0,50.0,5.0,948.25
23645,Jul,2025,174.38,Maharashtra,Mumbai,MSEDCL,Domestic,5.5,8.2,10.5,12.0,125.0,16.0,1501.44
24433,Nov,2025,149.21,Delhi,Delhi,BSES Yamuna,Domestic,3.0,4.5,6.5,8.0,50.0,5.0,590.29
33338,Jul,2025,95.99,Delhi,Delhi,BSES Yamuna,Domestic,3.0,4.5,6.5,8.0,50.0,5.0,351.85
33569,Nov,2025,342.85,Maharashtra,Mumbai,MSEDCL,Commercial,9.5,11.0,12.5,14.0,300.0,16.0,4624.56
30248,Aug,2024,270.77,West Bengal,Kolkata,CESC,Domestic,5.1,6.8,7.9,9.2,110.0,12.0,2021.17
32913,Nov,2025,164.23,Maharashtra,Mumbai,MSEDCL,Domestic,5.5,8.2,10.5,12.0,125.0,16.0,1396.01
34179,May,2026,466.9,Maharashtra,Mumbai,MSEDCL,Commercial,9.5,11.0,12.5,14.0,300.0,16.0,6537.73
21277,Jul,2025,190.51,Tamil Nadu,Chennai,TANGEDCO,Domestic,3.5,5.0,7.0,9.0,80.0,10.0,988.09
25812,Aug,2025,262.13,Maharashtra,Mumbai,MSEDCL,Domestic,5.5,8.2,10.5,12.0,125.0,16.0,2362.93
30959,Sep,2025,176.1,Delhi,Delhi,BSES Yamuna,Domestic,3.0,4.5,6.5,8.0,50.0,5.0,731.36
20303,Mar,2023,110.72,Tamil Nadu,Chennai,TANGEDCO,Domestic,3.5,5.0,7.0,9.0,80.0,10.0,522.65
20639,Mar,2026,370.14,Tamil Nadu,Chennai,TANGEDCO,Domestic,3.5,5.0,7.0,9.0,80.0,10.0,2088.27
20056,Apr,2026,340.9,Delhi,Delhi,BSES Yamuna,Domestic,3.0,4.5,6.5,8.0,50.0,5.0,1603.41
33014,May,2024,173.08,Karnataka,Bangalore,BESCOM,Domestic,4.5,6.5,7.7,8.5,100.0,9.0,1098.46
28718,Oct,2024,36.37,Maharashtra,Mumbai,MSEDCL,Domestic,5.5,8.2,10.5,12.0,125.0,16.0,371.11
32762,Jan,2025,1550.45,Maharashtra,Mumbai,MSEDCL,Commercial,9.5,11.0,12.5,14.0,300.0,16.0,23752.03
32316,Jul,2023,394.65,Tamil Nadu,Chennai,TANGEDCO,Domestic,3.5,5.0,7.0,9.0,80.0,10.0,2322.27
28151,Sep,2024,663.35,West Bengal,Kolkata,CESC,Commercial,8.5,9.5,10.2,11.5,250.0,12.0,7622.78
22126,Aug,2024,104.18,Maharashtra,Mumbai,MSEDCL,Domestic,5.5,8.2,10.5,12.0,125.0,16.0,830.69
31480,May,2025,410.03,Delhi,Delhi,BSES Yamuna,Domestic,3.0,4.5,6.5,8.0,50.0,5.0,2090.25
20365,Apr,2025,124.48,Maharashtra,Mumbai,MSEDCL,Domestic,5.5,8.2,10.5,12.0,125.0,16.0,998.83
26810,Dec,2024,358.39,Delhi,Delhi,BSES Yamuna,Domestic,3.0,4.5,6.5,8.0,50.0,5.0,1722.13
24622,Jul,2024,124.31,West Bengal,Kolkata,CESC,Domestic,5.1,6.8,7.9,9.2,110.0,12.0,893.51
33624,May,2026,483.43,West Bengal,Kolkata,CESC,Commercial,8.5,9.5,10.2,11.5,250.0,12.0,5497.89
33171,Jul,2023,274.99,West Bengal,Kolkata,CESC,Domestic,5.1,6.8,7.9,9.2,110.0,12.0,2067.17
25127,Dec,2026,55.11,West Bengal,Kolkata,CESC,Domestic,5.1,6.8,7.9,9.2,110.0,12.0,441.64
25123,Jan,2024,51.37,Karnataka,Bangalore,BESCOM,Domestic,4.5,6.5,7.7,8.5,100.0,9.0,359.33
21647,Jan,2026,307.64,Delhi,Delhi,BSES Yamuna,Commercial,6.5,8.0,9.5,11.0,180.0,5.0,2620.5
20919,Oct,2026,172.53,West Bengal,Kolkata,CESC,Domestic,5.1,6.8,7.9,9.2,110.0,12.0,1257.61
22798,Mar,2024,249.86,Delhi,Delhi,BSES Yamuna,Domestic,3.0,4.5,6.5,8.0,50.0,5.0,1082.92
26507,Nov,2025,33.21,Maharashtra,Mumbai,MSEDCL,Domestic,5.5,8.2,10.5,12.0,125.0,16.0,361.92
25871,Feb,2024,580.37,Tamil Nadu,Chennai,TANGEDCO,Domestic,3.5,5.0,7.0,9.0,80.0,10.0,3957.18
21532,Feb,2025,460.03,West Bengal,Kolkata,CESC,Commercial,8.5,9.5,10.2,11.5,250.0,12.0,5131.59
28173,Jul,2024,2759.67,Maharashtra,Mumbai,MSEDCL,Commercial,9.5,11.0,12.5,14.0,300.0,16.0,44058.03
23346,Dec,2024,208.81,Delhi,Delhi,BSES Yamuna,Domestic,3.0,4.5,6.5,8.0,50.0,5.0,883.02
27674,Oct,2024,96.7,Delhi,Delhi,BSES Yamuna,Domestic,3.0,4.5,6.5,8.0,50.0,5.0,359.31
26950,Feb,2023,295.79,Karnataka,Bangalore,BESCOM,Commercial,8.0,9.0,10.0,11.0,220.0,9.0,2999.76
26883,Nov,2025,348.47,Delhi,Delhi,BSES Yamuna,Domestic,3.0,4.5,6.5,8.0,50.0,5.0,1666.41
21907,Apr,2023,850.69,West Bengal,Kolkata,CESC,Commercial,8.5,9.5,10.2,11.5,250.0,12.0,10227.47
23087,Feb,2024,119.9,Karnataka,Bangalore,BESCOM,Domestic,4.5,6.5,7.7,8.5,100.0,9.0,753.39
33504,Jun,2026,67.29,Maharashtra,Mumbai,MSEDCL,Domestic,5.5,8.2,10.5,12.0,125.0,16.0,571.26
28153,Aug,2023,149.24,Tamil Nadu,Chennai,TANGEDCO,Domestic,3.5,5.0,7.0,9.0,80.0,10.0,739.53
25751,Oct,2025,91.07,West Bengal,Kolkata,CESC,Domestic,5.1,6.8,7.9,9.2,110.0,12.0,642.61
32773,Apr,2024,158.55,Tamil Nadu,Chennai,TANGEDCO,Commercial,7.5,8.5,9.8,11.2,210.0,10.0,1628.94
30268,May,2023,640.53,Delhi,Delhi,BSES Yamuna,Domestic,3.0,4.5,6.5,8.0,50.0,5.0,3883.35
28906,Apr,2026,38.0,Tamil Nadu,Chennai,TANGEDCO,Domestic,3.5,5.0,7.0,9.0,80.0,10.0,234.44
21063,Mar,2023,163.97,Karnataka,Bangalore,BESCOM,Domestic,4.5,6.5,7.7,8.5,100.0,9.0,1050.65
21977,May,2025,662.39,Delhi,Delhi,BSES Yamuna,Domestic,3.0,4.5,6.5,8.0,50.0,5.0,4093.73
21297,Sep,2023,65.55,Tamil Nadu,Chennai,TANGEDCO,Domestic,3.5,5.0,7.0,9.0,80.0,10.0,343.56
33543,Aug,2026,452.1,West Bengal,Kolkata,CESC,Commercial,8.5,9.5,10.2,11.5,250.0,12.0,5184.21
26230,Aug,2026,802.93,Tamil Nadu,Chennai,TANGEDCO,Domestic,3.5,5.0,7.0,9.0,80.0,10.0,6047.45
27642,Aug,2025,371.15,Tamil Nadu,Chennai,TANGEDCO,Commercial,7.5,8.5,9.8,11.2,210.0,10.0,3643.42
20126,Dec,2026,65.78,West Bengal,Kolkata,CESC,Domestic,5.1,6.8,7.9,9.2,110.0,12.0,489.76
24633,Aug,2024,124.01,Karnataka,Bangalore,BESCOM,Domestic,4.5,6.5,7.7,8.5,100.0,9.0,765.57
26289,Jul,2026,299.84,Karnataka,Bangalore,BESCOM,Commercial,8.0,9.0,10.0,11.0,220.0,9.0,3118.38
23597,Aug,2024,59.97,Tamil Nadu,Chennai,TANGEDCO,Domestic,3.5,5.0,7.0,9.0,80.0,10.0,324.92
31476,Nov,2023,621.15,Karnataka,Bangalore,BESCOM,Domestic,4.5,6.5,7.7,8.5,100.0,9.0,4747.15
26169,Aug,2024,55.61,West Bengal,Kolkata,CESC,Domestic,5.1,6.8,7.9,9.2,110.0,12.0,447.37
29796,Aug,2024,688.49,West Bengal,Kolkata,CESC,Domestic,5.1,6.8,7.9,9.2,110.0,12.0,5959.51
27562,Dec,2023,47.36,Karnataka,Bangalore,BESCOM,Domestic,4.5,6.5,7.7,8.5,100.0,9.0,343.26
28259,Oct,2026,795.39,Maharashtra,Mumbai,MSEDCL,Domestic,5.5,8.2,10.5,12.0,125.0,16.0,9222.6
20233,Jul,2024,161.01,Maharashtra,Mumbai,MSEDCL,Domestic,5.5,8.2,10.5,12.0,125.0,16.0,1369.91
30349,Dec,2026,167.57,Tamil Nadu,Chennai,TANGEDCO,Domestic,3.5,5.0,7.0,9.0,80.0,10.0,851.33
29362,Jan,2023,246.84,Tamil Nadu,Chennai,TANGEDCO,Domestic,3.5,5.0,7.0,9.0,80.0,10.0,1297.38
30351,Apr,2025,843.63,Maharashtra,Mumbai,MSEDCL,Commercial,9.5,11.0,12.5,14.0,300.0,16.0,12344.84
26372,Apr,2026,302.43,Maharashtra,Mumbai,MSEDCL,Domestic,5.5,8.2,10.5,12.0,125.0,16.0,2712.11
24207,May,2026,42.54,Delhi,Delhi,BSES Yamuna,Domestic,3.0,4.5,6.5,8.0,50.0,5.0,183.58
29686,Oct,2025,584.01,Karnataka,Bangalore,BESCOM,Domestic,4.5,6.5,7.7,8.5,100.0,9.0,4413.59
34370,Jun,2025,379.57,Tamil Nadu,Chennai,TANGEDCO,Domestic,3.5,5.0,7.0,9.0,80.0,10.0,2185.23
32911,Apr,2023,106.8,Tamil Nadu,Chennai,TANGEDCO,Domestic,3.5,5.0,7.0,9.0,80.0,10.0,517.78
27944,Feb,2026,117.68,Maharashtra,Mumbai,MSEDCL,Domestic,5.5,8.2,10.5,12.0,125.0,16.0,968.45
32200,Jun,2026,226.18,West Bengal,Kolkata,CESC,Domestic,5.1,6.8,7.9,9.2,110.0,12.0,1675.98
26892,Aug,2023,100.38,Karnataka,Bangalore,BESCOM,Domestic,4.5,6.5,7.7,8.5,100.0,9.0,596.92
26739,Aug,2026,223.09,Karnataka,Bangalore,BESCOM,Domestic,4.5,6.5,7.7,8.5,100.0,9.0,1456.64
22473,Jul,2024,502.39,West Bengal,Kolkata,CESC,Commercial,8.5,9.5,10.2,11.5,250.0,12.0,5686.56
30853,Jun,2024,48.51,Delhi,Delhi,BSES Yamuna,Domestic,3.0,4.5,6.5,8.0,50.0,5.0,208.15
33830,Feb,2024,246.46,Karnataka,Bangalore,BESCOM,Domestic,4.5,6.5,7.7,8.5,100.0,9.0,1650.49
22740,Jul,2026,256.98,Tamil Nadu,Chennai,TANGEDCO,Domestic,3.5,5.0,7.0,9.0,80.0,10.0,1357.19
25402,Nov,2024,431.65,Maharashtra,Mumbai,MSEDCL,Domestic,5.5,8.2,10.5,12.0,125.0,16.0,4278.33
21762,Dec,2024,1152.26,Delhi,Delhi,BSES Yamuna,Commercial,6.5,8.0,9.5,11.0,180.0,5.0,11983.66
31707,May,2023,1700.7,Tamil Nadu,Chennai,TANGEDCO,Commercial,7.5,8.5,9.8,11.2,210.0,10.0,20110.71
30168,Jun,2023,792.54,West Bengal,Kolkata,CESC,Domestic,5.1,6.8,7.9,9.2,110.0,12.0,7004.87
30555,Oct,2025,252.22,Karnataka,Bangalore,BESCOM,Domestic,4.5,6.5,7.7,8.5,100.0,9.0,1668.74
20877,Aug,2025,275.89,Maharashtra,Mumbai,MSEDCL,Domestic,5.5,8.2,10.5,12.0,125.0,16.0,2479.05
34278,Aug,2025,969.12,West Bengal,Kolkata,CESC,Commercial,8.5,9.5,10.2,11.5,250.0,12.0,11542.2
23813,Mar,2025,348.83,West Bengal,Kolkata,CESC,Commercial,8.5,9.5,10.2,11.5,250.0,12.0,3973.27
31641,Dec,2023,218.75,Maharashtra,Mumbai,MSEDCL,Domestic,5.5,8.2,10.5,12.0,125.0,16.0,1888.05
29505,Dec,2023,390.28,Karnataka,Bangalore,BESCOM,Domestic,4.5,6.5,7.7,8.5,100.0,9.0,2752.33
21461,Jul,2023,406.95,Maharashtra,Mumbai,MSEDCL,Domestic,5.5,8.2,10.5,12.0,125.0,16.0,3985.42
30902,Jan,2024,186.59,Karnataka,Bangalore,BESCOM,Domestic,4.5,6.5,7.7,8.5,100.0,9.0,1223.55
30517,Jan,2024,207.23,Delhi,Delhi,BSES Yamuna,Domestic,3.0,4.5,6.5,8.0,50.0,5.0,874.5
21734,Jul,2025,315.45,Tamil Nadu,Chennai,TANGEDCO,Domestic,3.5,5.0,7.0,9.0,80.0,10.0,1672.12
21606,Oct,2024,69.99,Tamil Nadu,Chennai,TANGEDCO,Domestic,3.5,5.0,7.0,9.0,80.0,10.0,351.61
25623,Sep,2026,97.07,West Bengal,Kolkata,CESC,Domestic,5.1,6.8,7.9,9.2,110.0,12.0,681.65
26768,Jul,2023,36.32,Maharashtra,Mumbai,MSEDCL,Domestic,5.5,8.2,10.5,12.0,125.0,16.0,376.92
30756,Oct,2025,197.22,Karnataka,Bangalore,BESCOM,Domestic,4.5,6.5,7.7,8.5,100.0,9.0,1263.69
31614,May,2025,284.42,Karnataka,Bangalore,BESCOM,Domestic,4.5,6.5,7.7,8.5,100.0,9.0,1873.9
26987,Aug,2026,253.96,Maharashtra,Mumbai,MSEDCL,Domestic,5.5,8.2,10.5,12.0,125.0,16.0,2282.95
23518,Feb,2024,1124.23,Karnataka,Bangalore,BESCOM,Commercial,8.0,9.0,10.0,11.0,220.0,9.0,12769.81
30590,Sep,2025,2078.81,Tamil Nadu,Chennai,TANGEDCO,Commercial,7.5,8.5,9.8,11.2,210.0,10.0,24275.45
33919,Jun,2024,30.08,Maharashtra,Mumbai,MSEDCL,Domestic,5.5,8.2,10.5,12.0,125.0,16.0,331.07
23736,Sep,2024,375.93,West Bengal,Kolkata,CESC,Domestic,5.1,6.8,7.9,9.2,110.0,12.0,2928.35
31063,Feb,2026,84.01,Delhi,Delhi,BSES Yamuna,Domestic,3.0,4.5,6.5,8.0,50.0,5.0,312.61
29353,Mar,2025,185.21,Delhi,Delhi,BSES Yamuna,Domestic,3.0,4.5,6.5,8.0,50.0,5.0,764.09
33047,Dec,2024,152.39,West Bengal,Kolkata,CESC,Domestic,5.1,6.8,7.9,9.2,110.0,12.0,1099.65
28435,Aug,2024,699.16,Delhi,Delhi,BSES Yamuna,Commercial,6.5,8.0,9.5,11.0,180.0,5.0,6910.13
22591,Jan,2026,333.13,Maharashtra,Mumbai,MSEDCL,Domestic,5.5,8.2,10.5,12.0,125.0,16.0,3125.3
21064,Oct,2026,571.96,West Bengal,Kolkata,CESC,Commercial,8.5,9.5,10.2,11.5,250.0,12.0,6692.69
24325,Jul,2024,1996.4,Tamil Nadu,Chennai,TANGEDCO,Commercial,7.5,8.5,9.8,11.2,210.0,10.0,23446.3
30788,Jul,2026,334.5,Tamil Nadu,Chennai,TANGEDCO,Commercial,7.5,8.5,9.8,11.2,210.0,10.0,3345.59
29112,Jan,2024,237.19,Karnataka,Bangalore,BESCOM,Domestic,4.5,6.5,7.7,8.5,100.0,9.0,1571.49
25343,Sep,2025,37.29,Delhi,Delhi,BSES Yamuna,Domestic,3.0,4.5,6.5,8.0,50.0,5.0,172.22
20006,Aug,2023,230.32,Delhi,Delhi,BSES Yamuna,Domestic,3.0,4.5,6.5,8.0,50.0,5.0,977.46
27490,Apr,2026,220.99,Maharashtra,Mumbai,MSEDCL,Domestic,5.5,8.2,10.5,12.0,125.0,16.0,1930.44
28660,Oct,2023,37.1,Tamil Nadu,Chennai,TANGEDCO,Domestic,3.5,5.0,7.0,9.0,80.0,10.0,227.05
34044,Nov,2024,304.05,Karnataka,Bangalore,BESCOM,Domestic,4.5,6.5,7.7,8.5,100.0,9.0,2061.21
32363,May,2024,119.47,Tamil Nadu,Chennai,TANGEDCO,Domestic,3.5,5.0,7.0,9.0,80.0,10.0,581.37
28196,Feb,2024,424.85,Tamil Nadu,Chennai,TANGEDCO,Commercial,7.5,8.5,9.8,11.2,210.0,10.0,4200.71
25967,Sep,2023,186.93,Karnataka,Bangalore,BESCOM,Domestic,4.5,6.5,7.7,8.5,100.0,9.0,1204.49
28838,Dec,2024,80.41,Delhi,Delhi,BSES Yamuna,Domestic,3.0,4.5,6.5,8.0,50.0,5.0,311.84
20118,Dec,2026,517.42,Maharashtra,Mumbai,MSEDCL,Commercial,9.5,11.0,12.5,14.0,300.0,16.0,7206.13
31121,Jun,2025,107.76,Maharashtra,Mumbai,MSEDCL,Domestic,5.5,8.2,10.5,12.0,125.0,16.0,851.01
33918,Mar,2025,360.27,Maharashtra,Mumbai,MSEDCL,Domestic,5.5,8.2,10.5,12.0,125.0,16.0,3456.44
22552,Dec,2026,259.4,West Bengal,Kolkata,CESC,Commercial,8.5,9.5,10.2,11.5,250.0,12.0,2979.46
34310,Jul,2025,617.06,Maharashtra,Mumbai,MSEDCL,Commercial,9.5,11.0,12.5,14.0,300.0,16.0,8873.09
33235,Sep,2023,40.3,Delhi,Delhi,BSES Yamuna,Domestic,3.0,4.5,6.5,8.0,50.0,5.0,181.81
34910,Mar,2024,191.46,Tamil Nadu,Chennai,TANGEDCO,Commercial,7.5,8.5,9.8,11.2,210.0,10.0,1906.59
25561,Feb,2024,251.67,Maharashtra,Mumbai,MSEDCL,Domestic,5.5,8.2,10.5,12.0,125.0,16.0,2246.42
24290,Jul,2024,138.31,West Bengal,Kolkata,CESC,Commercial,8.5,9.5,10.2,11.5,250.0,12.0,1609.21
20847,Jul,2023,484.98,Tamil Nadu,Chennai,TANGEDCO,Commercial,7.5,8.5,9.8,11.2,210.0,10.0,5017.93
30955,Apr,2023,280.94,Karnataka,Bangalore,BESCOM,Domestic,4.5,6.5,7.7,8.5,100.0,9.0,1871.41
33704,Nov,2023,386.22,Delhi,Delhi,BSES Yamuna,Domestic,3.0,4.5,6.5,8.0,50.0,5.0,1909.7
33747,Sep,2026,189.1,West Bengal,Kolkata,CESC,Domestic,5.1,6.8,7.9,9.2,110.0,12.0,1380.35
26317,Aug,2023,700.47,Tamil Nadu,Chennai,TANGEDCO,Domestic,3.5,5.0,7.0,9.0,80.0,10.0,5123.61
33957,Jan,2025,233.57,Karnataka,Bangalore,BESCOM,Commercial,8.0,9.0,10.0,11.0,220.0,9.0,2428.89
26470,Jan,2026,387.33,Tamil Nadu,Chennai,TANGEDCO,Domestic,3.5,5.0,7.0,9.0,80.0,10.0,2224.86
33722,May,2026,143.6,Tamil Nadu,Chennai,TANGEDCO,Domestic,3.5,5.0,7.0,9.0,80.0,10.0,726.0
29334,Jun,2026,777.56,Delhi,Delhi,BSES Yamuna,Commercial,6.5,8.0,9.5,11.0,180.0,5.0,7848.29
30003,Mar,2023,344.88,Tamil Nadu,Chennai,TANGEDCO,Commercial,7.5,8.5,9.8,11.2,210.0,10.0,3445.5
28916,Sep,2026,251.67,Karnataka,Bangalore,BESCOM,Commercial,8.0,9.0,10.0,11.0,220.0,9.0,2618.43
20225,Dec,2023,77.89,Maharashtra,Mumbai,MSEDCL,Domestic,5.5,8.2,10.5,12.0,125.0,16.0,639.61
32820,Oct,2023,30.17,Karnataka,Bangalore,BESCOM,Domestic,4.5,6.5,7.7,8.5,100.0,9.0,253.87
24209,Jun,2026,40.82,Delhi,Delhi,BSES Yamuna,Domestic,3.0,4.5,6.5,8.0,50.0,5.0,179.58
26284,Apr,2024,62.18,Delhi,Delhi,BSES Yamuna,Domestic,3.0,4.5,6.5,8.0,50.0,5.0,247.42
32847,Dec,2024,35.28,Karnataka,Bangalore,BESCOM,Domestic,4.5,6.5,7.7,8.5,100.0,9.0,286.4
22049,Jul,2026,197.22,Karnataka,Bangalore,BESCOM,Domestic,4.5,6.5,7.7,8.5,100.0,9.0,1299.85
26234,Aug,2024,188.5,West Bengal,Kolkata,CESC,Domestic,5.1,6.8,7.9,9.2,110.0,12.0,1375.57
32942,Sep,2025,553.55,West Bengal,Kolkata,CESC,Commercial,8.5,9.5,10.2,11.5,250.0,12.0,6326.44
32608,Nov,2025,149.55,Maharashtra,Mumbai,MSEDCL,Domestic,5.5,8.2,10.5,12.0,125.0,16.0,1235.37
29766,Jun,2023,224.6,West Bengal,Kolkata,CESC,Domestic,5.1,6.8,7.9,9.2,110.0,12.0,1615.77
21829,Jun,2024,84.47,Tamil Nadu,Chennai,TANGEDCO,Domestic,3.5,5.0,7.0,9.0,80.0,10.0,404.98
21918,Aug,2025,147.32,Maharashtra,Mumbai,MSEDCL,Domestic,5.5,8.2,10.5,12.0,125.0,16.0,1220.23
24235,Dec,2026,85.03,Maharashtra,Mumbai,MSEDCL,Domestic,5.5,8.2,10.5,12.0,125.0,16.0,679.09
26989,May,2024,232.04,Karnataka,Bangalore,BESCOM,Commercial,8.0,9.0,10.0,11.0,220.0,9.0,2413.07
22027,Mar,2025,198.01,Karnataka,Bangalore,BESCOM,Domestic,4.5,6.5,7.7,8.5,100.0,9.0,1309.33
34595,Dec,2025,49.1,Karnataka,Bangalore,BESCOM,Domestic,4.5,6.5,7.7,8.5,100.0,9.0,351.0
23745,Mar,2026,290.91,Delhi,Delhi,BSES Yamuna,Domestic,3.0,4.5,6.5,8.0,50.0,5.0,1282.81
29094,Jun,2023,33.24,Tamil Nadu,Chennai,TANGEDCO,Domestic,3.5,5.0,7.0,9.0,80.0,10.0,213.11
32978,Feb,2026,329.34,Maharashtra,Mumbai,MSEDCL,Domestic,5.5,8.2,10.5,12.0,125.0,16.0,3097.95
30232,Jun,2023,88.3,West Bengal,Kolkata,CESC,Domestic,5.1,6.8,7.9,9.2,110.0,12.0,618.9
20010,Jun,2025,299.52,Karnataka,Bangalore,BESCOM,Domestic,4.5,6.5,7.7,8.5,100.0,9.0,1993.33
20261,Aug,2023,525.79,Delhi,Delhi,BSES Yamuna,Commercial,6.5,8.0,9.5,11.0,180.0,5.0,4919.06
26039,Jul,2025,210.55,Karnataka,Bangalore,BESCOM,Domestic,4.5,6.5,7.7,8.5,100.0,9.0,1378.69
29866,Aug,2025,293.91,Karnataka,Bangalore,BESCOM,Domestic,4.5,6.5,7.7,8.5,100.0,9.0,1949.52
22220,Sep,2024,2212.06,West Bengal,Kolkata,CESC,Commercial,8.5,9.5,10.2,11.5,250.0,12.0,28039.43
27042,Jun,2023,161.59,Karnataka,Bangalore,BESCOM,Domestic,4.5,6.5,7.7,8.5,100.0,9.0,1049.79
22061,Mar,2023,955.68,Maharashtra,Mumbai,MSEDCL,Commercial,9.5,11.0,12.5,14.0,300.0,16.0,14237.47
25288,Oct,2023,69.01,Delhi,Delhi,BSES Yamuna,Domestic,3.0,4.5,6.5,8.0,50.0,5.0,267.64
31906,Mar,2026,113.76,West Bengal,Kolkata,CESC,Domestic,5.1,6.8,7.9,9.2,110.0,12.0,814.84
21620,Nov,2024,400.23,Tamil Nadu,Chennai,TANGEDCO,Domestic,3.5,5.0,7.0,9.0,80.0,10.0,2352.89
28513,Dec,2024,86.93,Karnataka,Bangalore,BESCOM,Domestic,4.5,6.5,7.7,8.5,100.0,9.0,533.44
21343,Jan,2024,70.2,Tamil Nadu,Chennai,TANGEDCO,Domestic,3.5,5.0,7.0,9.0,80.0,10.0,364.87
33925,Nov,2026,80.11,West Bengal,Kolkata,CESC,Domestic,5.1,6.8,7.9,9.2,110.0,12.0,577.99
30569,May,2023,129.43,West Bengal,Kolkata,CESC,Domestic,5.1,6.8,7.9,9.2,110.0,12.0,929.32
22833,Apr,2023,169.39,Maharashtra,Mumbai,MSEDCL,Domestic,5.5,8.2,10.5,12.0,125.0,16.0,1450.19
22825,Sep,2023,531.08,Tamil Nadu,Chennai,TANGEDCO,Commercial,7.5,8.5,9.8,11.2,210.0,10.0,5571.37
21995,Sep,2024,693.13,Karnataka,Bangalore,BESCOM,Commercial,8.0,9.0,10.0,11.0,220.0,9.0,7490.56
31151,May,2024,459.42,Karnataka,Bangalore,BESCOM,Domestic,4.5,6.5,7.7,8.5,100.0,9.0,3362.7
34232,Oct,2025,1367.95,Delhi,Delhi,BSES Yamuna,Commercial,6.5,8.0,9.5,11.0,180.0,5.0,14756.43
30231,Apr,2026,202.36,West Bengal,Kolkata,CESC,Commercial,8.5,9.5,10.2,11.5,250.0,12.0,2308.86
23491,Jul,2026,188.54,Delhi,Delhi,BSES Yamuna,Domestic,3.0,4.5,6.5,8.0,50.0,5.0,772.09
31870,Jun,2024,211.65,Maharashtra,Mumbai,MSEDCL,Domestic,5.5,8.2,10.5,12.0,125.0,16.0,1829.91
29311,Apr,2025,231.36,Tamil Nadu,Chennai,TANGEDCO,Commercial,7.5,8.5,9.8,11.2,210.0,10.0,2311.25
27985,Oct,2023,470.96,Tamil Nadu,Chennai,TANGEDCO,Domestic,3.5,5.0,7.0,9.0,80.0,10.0,2877.26
21605,Feb,2024,211.0,Delhi,Delhi,BSES Yamuna,Domestic,3.0,4.5,6.5,8.0,50.0,5.0,901.86
34654,Jan,2026,172.43,Karnataka,Bangalore,BESCOM,Domestic,4.5,6.5,7.7,8.5,100.0,9.0,1122.69
32220,Apr,2026,205.81,West Bengal,Kolkata,CESC,Domestic,5.1,6.8,7.9,9.2,110.0,12.0,1479.05
20236,Apr,2026,214.02,Tamil Nadu,Chennai,TANGEDCO,Commercial,7.5,8.5,9.8,11.2,210.0,10.0,2080.89
30162,Jan,2023,220.09,Tamil Nadu,Chennai,TANGEDCO,Domestic,3.5,5.0,7.0,9.0,80.0,10.0,1112.17
32622,Jun,2026,308.53,West Bengal,Kolkata,CESC,Commercial,8.5,9.5,10.2,11.5,250.0,12.0,3497.02
21909,Apr,2023,525.1,Karnataka,Bangalore,BESCOM,Commercial,8.0,9.0,10.0,11.0,220.0,9.0,5485.95
28568,Jan,2023,501.06,Delhi,Delhi,BSES Yamuna,Domestic,3.0,4.5,6.5,8.0,50.0,5.0,2654.24
23531,Jan,2023,91.16,Delhi,Delhi,BSES Yamuna,Domestic,3.0,4.5,6.5,8.0,50.0,5.0,335.58
25257,Jan,2024,222.42,West Bengal,Kolkata,CESC,Domestic,5.1,6.8,7.9,9.2,110.0,12.0,1639.4
22636,Aug,2023,262.55,West Bengal,Kolkata,CESC,Domestic,5.1,6.8,7.9,9.2,110.0,12.0,1939.83
28163,Oct,2025,145.88,West Bengal,Kolkata,CESC,Domestic,5.1,6.8,7.9,9.2,110.0,12.0,1052.06
29763,Aug,2026,527.89,West Bengal,Kolkata,CESC,Commercial,8.5,9.5,10.2,11.5,250.0,12.0,6038.08
22561,Feb,2024,185.61,Maharashtra,Mumbai,MSEDCL,Domestic,5.5,8.2,10.5,12.0,125.0,16.0,1594.15
25416,Nov,2026,92.39,Tamil Nadu,Chennai,TANGEDCO,Domestic,3.5,5.0,7.0,9.0,80.0,10.0,441.81
23392,Jul,2023,371.44,Karnataka,Bangalore,BESCOM,Domestic,4.5,6.5,7.7,8.5,100.0,9.0,2629.65
31158,Aug,2024,730.05,Tamil Nadu,Chennai,TANGEDCO,Commercial,7.5,8.5,9.8,11.2,210.0,10.0,7936.95
31836,Aug,2025,163.17,Delhi,Delhi,BSES Yamuna,Domestic,3.0,4.5,6.5,8.0,50.0,5.0,661.12
25952,Nov,2023,1070.7,West Bengal,Kolkata,CESC,Commercial,8.5,9.5,10.2,11.5,250.0,12.0,13238.0
25469,Oct,2026,65.3,Karnataka,Bangalore,BESCOM,Domestic,4.5,6.5,7.7,8.5,100.0,9.0,421.23
28008,Nov,2025,79.04,Delhi,Delhi,BSES Yamuna,Domestic,3.0,4.5,6.5,8.0,50.0,5.0,297.9
32043,Jul,2023,376.0,West Bengal,Kolkata,CESC,Domestic,5.1,6.8,7.9,9.2,110.0,12.0,2845.5
29065,May,2025,367.68,Karnataka,Bangalore,BESCOM,Domestic,4.5,6.5,7.7,8.5,100.0,9.0,2569.98
29445,Jan,2023,704.46,Delhi,Delhi,BSES Yamuna,Domestic,3.0,4.5,6.5,8.0,50.0,5.0,4349.64
26414,Dec,2024,92.32,Maharashtra,Mumbai,MSEDCL,Domestic,5.5,8.2,10.5,12.0,125.0,16.0,720.88
34140,Sep,2023,169.03,West Bengal,Kolkata,CESC,Domestic,5.1,6.8,7.9,9.2,110.0,12.0,1212.82
26942,Jul,2024,79.22,West Bengal,Kolkata,CESC,Domestic,5.1,6.8,7.9,9.2,110.0,12.0,582.57
29507,Feb,2023,83.62,West Bengal,Kolkata,CESC,Domestic,5.1,6.8,7.9,9.2,110.0,12.0,606.93
24821,Jun,2023,1385.31,Karnataka,Bangalore,BESCOM,Commercial,8.0,9.0,10.0,11.0,220.0,9.0,16048.73
34341,Feb,2026,163.23,Delhi,Delhi,BSES Yamuna,Domestic,3.0,4.5,6.5,8.0,50.0,5.0,656.7
22899,Jan,2025,233.57,West Bengal,Kolkata,CESC,Domestic,5.1,6.8,7.9,9.2,110.0,12.0,1688.46
27547,Jul,2025,850.41,Maharashtra,Mumbai,MSEDCL,Commercial,9.5,11.0,12.5,14.0,300.0,16.0,12720.29
20078,Feb,2025,817.26,Tamil Nadu,Chennai,TANGEDCO,Commercial,7.5,8.5,9.8,11.2,210.0,10.0,9004.82
27578,Feb,2023,788.43,Karnataka,Bangalore,BESCOM,Commercial,8.0,9.0,10.0,11.0,220.0,9.0,8639.56
30814,Nov,2023,459.21,Tamil Nadu,Chennai,TANGEDCO,Domestic,3.5,5.0,7.0,9.0,80.0,10.0,2788.86
24228,May,2023,570.76,Maharashtra,Mumbai,MSEDCL,Commercial,9.5,11.0,12.5,14.0,300.0,16.0,8012.14
20601,May,2024,82.29,Tamil Nadu,Chennai,TANGEDCO,Domestic,3.5,5.0,7.0,9.0,80.0,10.0,397.96
34061,Jul,2024,181.18,Tamil Nadu,Chennai,TANGEDCO,Domestic,3.5,5.0,7.0,9.0,80.0,10.0,915.69
21066,Jan,2026,379.81,Delhi,Delhi,BSES Yamuna,Commercial,6.5,8.0,9.5,11.0,180.0,5.0,3366.96
22137,Aug,2023,69.37,Karnataka,Bangalore,BESCOM,Domestic,4.5,6.5,7.7,8.5,100.0,9.0,445.59
30642,Mar,2025,292.41,Tamil Nadu,Chennai,TANGEDCO,Domestic,3.5,5.0,7.0,9.0,80.0,10.0,1520.08
30536,Apr,2025,35.34,Karnataka,Bangalore,BESCOM,Domestic,4.5,6.5,7.7,8.5,100.0,9.0,287.88
30056,Sep,2026,968.9,Karnataka,Bangalore,BESCOM,Commercial,8.0,9.0,10.0,11.0,220.0,9.0,10896.29
29511,Apr,2025,213.18,West Bengal,Kolkata,CESC,Domestic,5.1,6.8,7.9,9.2,110.0,12.0,1527.32
32904,Oct,2026,88.7,Tamil Nadu,Chennai,TANGEDCO,Domestic,3.5,5.0,7.0,9.0,80.0,10.0,434.76
31790,Dec,2023,305.02,Tamil Nadu,Chennai,TANGEDCO,Domestic,3.5,5.0,7.0,9.0,80.0,10.0,1641.13
26944,May,2025,266.66,West Bengal,Kolkata,CESC,Domestic,5.1,6.8,7.9,9.2,110.0,12.0,1994.83
31955,Jul,2023,514.01,West Bengal,Kolkata,CESC,Commercial,8.5,9.5,10.2,11.5,250.0,12.0,5782.99
27805,Apr,2024,149.98,Maharashtra,Mumbai,MSEDCL,Domestic,5.5,8.2,10.5,12.0,125.0,16.0,1254.35
26566,Jan,2025,31.3,Delhi,Delhi,BSES Yamuna,Domestic,3.0,4.5,6.5,8.0,50.0,5.0,151.27
25985,Sep,2024,350.07,Karnataka,Bangalore,BESCOM,Commercial,8.0,9.0,10.0,11.0,220.0,9.0,3623.55
25143,Apr,2025,73.67,Delhi,Delhi,BSES Yamuna,Domestic,3.0,4.5,6.5,8.0,50.0,5.0,290.14
24671,Sep,2023,61.5,Karnataka,Bangalore,BESCOM,Domestic,4.5,6.5,7.7,8.5,100.0,9.0,406.22
22191,Jun,2026,161.88,West Bengal,Kolkata,CESC,Commercial,8.5,9.5,10.2,11.5,250.0,12.0,1887.74
29185,Jan,2023,680.37,Tamil Nadu,Chennai,TANGEDCO,Domestic,3.5,5.0,7.0,9.0,80.0,10.0,4864.5
22713,Dec,2023,51.7,Delhi,Delhi,BSES Yamuna,Domestic,3.0,4.5,6.5,8.0,50.0,5.0,213.74
22193,Mar,2023,177.57,Delhi,Delhi,BSES Yamuna,Domestic,3.0,4.5,6.5,8.0,50.0,5.0,723.32
21249,Nov,2025,387.79,Maharashtra,Mumbai,MSEDCL,Commercial,9.5,11.0,12.5,14.0,300.0,16.0,5357.14
31247,Feb,2026,362.42,Maharashtra,Mumbai,MSEDCL,Commercial,9.5,11.0,12.5,14.0,300.0,16.0,4955.58
32791,Sep,2024,1456.66,Tamil Nadu,Chennai,TANGEDCO,Commercial,7.5,8.5,9.8,11.2,210.0,10.0,17003.02
24034,Dec,2023,361.34,Karnataka,Bangalore,BESCOM,Commercial,8.0,9.0,10.0,11.0,220.0,9.0,3816.7
21998,Jan,2025,483.17,Karnataka,Bangalore,BESCOM,Commercial,8.0,9.0,10.0,11.0,220.0,9.0,5075.66
33109,Sep,2024,175.69,West Bengal,Kolkata,CESC,Commercial,8.5,9.5,10.2,11.5,250.0,12.0,2028.09
23688,Sep,2023,31.6,Karnataka,Bangalore,BESCOM,Domestic,4.5,6.5,7.7,8.5,100.0,9.0,268.45
30344,Aug,2024,91.79,Maharashtra,Mumbai,MSEDCL,Domestic,5.5,8.2,10.5,12.0,125.0,16.0,731.06
24019,Aug,2023,215.63,West Bengal,Kolkata,CESC,Domestic,5.1,6.8,7.9,9.2,110.0,12.0,1573.74
31303,Nov,2024,85.03,Delhi,Delhi,BSES Yamuna,Domestic,3.0,4.5,6.5,8.0,50.0,5.0,317.45
21971,Dec,2024,364.4,Karnataka,Bangalore,BESCOM,Domestic,4.5,6.5,7.7,8.5,100.0,9.0,2524.56
28390,Jan,2026,170.86,Karnataka,Bangalore,BESCOM,Domestic,4.5,6.5,7.7,8.5,100.0,9.0,1110.1
25766,Nov,2026,51.55,West Bengal,Kolkata,CESC,Domestic,5.1,6.8,7.9,9.2,110.0,12.0,424.37
30819,Aug,2023,45.65,Delhi,Delhi,BSES Yamuna,Domestic,3.0,4.5,6.5,8.0,50.0,5.0,196.65
34727,Oct,2025,1820.39,Delhi,Delhi,BSES Yamuna,Commercial,6.5,8.0,9.5,11.0,180.0,5.0,19986.53
21203,Mar,2026,157.54,Delhi,Delhi,BSES Yamuna,Commercial,6.5,8.0,9.5,11.0,180.0,5.0,1335.26
28136,Nov,2024,841.76,Maharashtra,Mumbai,MSEDCL,Commercial,9.5,11.0,12.5,14.0,300.0,16.0,12227.06
34890,Jul,2026,1213.89,Maharashtra,Mumbai,MSEDCL,Commercial,9.5,11.0,12.5,14.0,300.0,16.0,18262.66
25568,Nov,2026,72.2,Karnataka,Bangalore,BESCOM,Domestic,4.5,6.5,7.7,8.5,100.0,9.0,467.43
27668,Jan,2023,460.69,Tamil Nadu,Chennai,TANGEDCO,Domestic,3.5,5.0,7.0,9.0,80.0,10.0,2811.3
25743,Jan,2026,279.19,Maharashtra,Mumbai,MSEDCL,Domestic,5.5,8.2,10.5,12.0,125.0,16.0,2461.1
25789,Oct,2026,503.46,West Bengal,Kolkata,CESC,Domestic,5.1,6.8,7.9,9.2,110.0,12.0,4092.16
25409,May,2024,165.85,West Bengal,Kolkata,CESC,Domestic,5.1,6.8,7.9,9.2,110.0,12.0,1205.2
30228,May,2026,622.71,Tamil Nadu,Chennai,TANGEDCO,Domestic,3.5,5.0,7.0,9.0,80.0,10.0,4303.81
28670,Aug,2024,332.0,Maharashtra,Mumbai,MSEDCL,Domestic,5.5,8.2,10.5,12.0,125.0,16.0,3082.8
29447,Jul,2026,48.61,Tamil Nadu,Chennai,TANGEDCO,Domestic,3.5,5.0,7.0,9.0,80.0,10.0,275.04
20923,Aug,2026,1063.84,Maharashtra,Mumbai,MSEDCL,Commercial,9.5,11.0,12.5,14.0,300.0,16.0,16054.97
20420,Jun,2025,111.71,West Bengal,Kolkata,CESC,Domestic,5.1,6.8,7.9,9.2,110.0,12.0,779.46
22205,Jun,2026,180.59,Karnataka,Bangalore,BESCOM,Domestic,4.5,6.5,7.7,8.5,100.0,9.0,1164.96
30790,Feb,2024,538.39,Delhi,Delhi,BSES Yamuna,Domestic,3.0,4.5,6.5,8.0,50.0,5.0,2970.18
21121,Jun,2024,38.37,Karnataka,Bangalore,BESCOM,Domestic,4.5,6.5,7.7,8.5,100.0,9.0,301.12
31261,May,2023,180.08,Tamil Nadu,Chennai,TANGEDCO,Domestic,3.5,5.0,7.0,9.0,80.0,10.0,920.91
20951,Mar,2023,191.26,Karnataka,Bangalore,BESCOM,Domestic,4.5,6.5,7.7,8.5,100.0,9.0,1225.56
22337,Jun,2025,62.66,Maharashtra,Mumbai,MSEDCL,Domestic,5.5,8.2,10.5,12.0,125.0,16.0,553.02
25374,Aug,2024,1494.46,Maharashtra,Mumbai,MSEDCL,Commercial,9.5,11.0,12.5,14.0,300.0,16.0,23313.87
22244,Sep,2024,500.2,Karnataka,Bangalore,BESCOM,Domestic,4.5,6.5,7.7,8.5,100.0,9.0,3755.73
22646,Jan,2024,642.34,West Bengal,Kolkata,CESC,Commercial,8.5,9.5,10.2,11.5,250.0,12.0,7361.15
30050,Mar,2025,169.03,Tamil Nadu,Chennai,TANGEDCO,Commercial,7.5,8.5,9.8,11.2,210.0,10.0,1697.91
24613,Mar,2024,41.71,Karnataka,Bangalore,BESCOM,Domestic,4.5,6.5,7.7,8.5,100.0,9.0,308.16
33947,Nov,2023,122.06,Karnataka,Bangalore,BESCOM,Domestic,4.5,6.5,7.7,8.5,100.0,9.0,743.87
21866,Aug,2025,293.94,Delhi,Delhi,BSES Yamuna,Domestic,3.0,4.5,6.5,8.0,50.0,5.0,1289.78
31105,Jan,2023,65.66,Maharashtra,Mumbai,MSEDCL,Domestic,5.5,8.2,10.5,12.0,125.0,16.0,573.65
33430,May,2023,235.16,West Bengal,Kolkata,CESC,Domestic,5.1,6.8,7.9,9.2,110.0,12.0,1708.0
31046,Mar,2025,420.64,West Bengal,Kolkata,CESC,Domestic,5.1,6.8,7.9,9.2,110.0,12.0,3284.71
26029,Feb,2026,335.06,Delhi,Delhi,BSES Yamuna,Domestic,3.0,4.5,6.5,8.0,50.0,5.0,1564.69
27327,Aug,2026,390.54,Karnataka,Bangalore,BESCOM,Commercial,8.0,9.0,10.0,11.0,220.0,9.0,4111.96
33103,Mar,2023,1019.27,Maharashtra,Mumbai,MSEDCL,Commercial,9.5,11.0,12.5,14.0,300.0,16.0,15228.98
26372,Jul,2026,854.27,West Bengal,Kolkata,CESC,Commercial,8.5,9.5,10.2,11.5,250.0,12.0,10063.46
34189,Dec,2024,33.78,Karnataka,Bangalore,BESCOM,Domestic,4.5,6.5,7.7,8.5,100.0,9.0,273.5
26360,Nov,2025,484.18,West Bengal,Kolkata,CESC,Commercial,8.5,9.5,10.2,11.5,250.0,12.0,5570.35
27864,Jan,2023,147.54,Tamil Nadu,Chennai,TANGEDCO,Domestic,3.5,5.0,7.0,9.0,80.0,10.0,721.11
34351,Jun,2024,312.51,Tamil Nadu,Chennai,TANGEDCO,Domestic,3.5,5.0,7.0,9.0,80.0,10.0,1660.57
23229,Mar,2026,682.79,West Bengal,Kolkata,CESC,Commercial,8.5,9.5,10.2,11.5,250.0,12.0,8104.87
23720,Aug,2024,631.89,Tamil Nadu,Chennai,TANGEDCO,Domestic,3.5,5.0,7.0,9.0,80.0,10.0,4349.58
31421,Jun,2026,217.28,Delhi,Delhi,BSES Yamuna,Domestic,3.0,4.5,6.5,8.0,50.0,5.0,938.2
34383,Dec,2023,74.76,Delhi,Delhi,BSES Yamuna,Domestic,3.0,4.5,6.5,8.0,50.0,5.0,285.27
22372,Feb,2024,237.11,West Bengal,Kolkata,CESC,Domestic,5.1,6.8,7.9,9.2,110.0,12.0,1742.5
22892,Jun,2025,147.72,Maharashtra,Mumbai,MSEDCL,Domestic,5.5,8.2,10.5,12.0,125.0,16.0,1220.54
23757,Jul,2023,167.38,Delhi,Delhi,BSES Yamuna,Domestic,3.0,4.5,6.5,8.0,50.0,5.0,684.82
24226,May,2024,172.78,Delhi,Delhi,BSES Yamuna,Domestic,3.0,4.5,6.5,8.0,50.0,5.0,700.86
20095,Mar,2024,33.29,Tamil Nadu,Chennai,TANGEDCO,Domestic,3.5,5.0,7.0,9.0,80.0,10.0,213.35
22675,Apr,2026,1287.95,Maharashtra,Mumbai,MSEDCL,Commercial,9.5,11.0,12.5,14.0,300.0,16.0,19465.93
26899,Apr,2023,177.9,Delhi,Delhi,BSES Yamuna,Domestic,3.0,4.5,6.5,8.0,50.0,5.0,731.02
30148,Jun,2023,119.68,Delhi,Delhi,BSES Yamuna,Domestic,3.0,4.5,6.5,8.0,50.0,5.0,453.92
20794,Oct,2023,169.05,West Bengal,Kolkata,CESC,Commercial,8.5,9.5,10.2,11.5,250.0,12.0,1983.98
30027,Jan,2023,102.02,Tamil Nadu,Chennai,TANGEDCO,Domestic,3.5,5.0,7.0,9.0,80.0,10.0,479.05
22117,Nov,2026,84.17,Karnataka,Bangalore,BESCOM,Domestic,4.5,6.5,7.7,8.5,100.0,9.0,523.37
25780,Apr,2025,42.67,West Bengal,Kolkata,CESC,Domestic,5.1,6.8,7.9,9.2,110.0,12.0,373.08
32299,Oct,2023,38.81,Maharashtra,Mumbai,MSEDCL,Domestic,5.5,8.2,10.5,12.0,125.0,16.0,387.88
31518,Apr,2026,148.87,Tamil Nadu,Chennai,TANGEDCO,Domestic,3.5,5.0,7.0,9.0,80.0,10.0,755.83
34154,Oct,2025,69.16,West Bengal,Kolkata,CESC,Domestic,5.1,6.8,7.9,9.2,110.0,12.0,525.74
31112,Jan,2025,171.11,Delhi,Delhi,BSES Yamuna,Domestic,3.0,4.5,6.5,8.0,50.0,5.0,704.32
30790,Sep,2026,317.13,Delhi,Delhi,BSES Yamuna,Domestic,3.0,4.5,6.5,8.0,50.0,5.0,1439.74
31398,Apr,2023,278.42,Karnataka,Bangalore,BESCOM,Domestic,4.5,6.5,7.7,8.5,100.0,9.0,1879.44
33000,Jul,2025,1377.57,West Bengal,Kolkata,CESC,Commercial,8.5,9.5,10.2,11.5,250.0,12.0,16867.27
26167,Dec,2023,259.42,Delhi,Delhi,BSES Yamuna,Domestic,3.0,4.5,6.5,8.0,50.0,5.0,1102.17
20815,Mar,2023,317.73,Tamil Nadu,Chennai,TANGEDCO,Commercial,7.5,8.5,9.8,11.2,210.0,10.0,3118.0
20346,Oct,2024,294.88,Tamil Nadu,Chennai,TANGEDCO,Commercial,7.5,8.5,9.8,11.2,210.0,10.0,2860.98
30542,Dec,2023,649.7,Karnataka,Bangalore,BESCOM,Domestic,4.5,6.5,7.7,8.5,100.0,9.0,5173.57
28555,Mar,2024,413.34,Maharashtra,Mumbai,MSEDCL,Domestic,5.5,8.2,10.5,12.0,125.0,16.0,4098.82
22444,Aug,2025,198.9,Maharashtra,Mumbai,MSEDCL,Commercial,9.5,11.0,12.5,14.0,300.0,16.0,2664.21
30458,Aug,2026,1538.8,Karnataka,Bangalore,BESCOM,Commercial,8.0,9.0,10.0,11.0,220.0,9.0,17609.72
30381,Nov,2024,197.78,Maharashtra,Mumbai,MSEDCL,Domestic,5.5,8.2,10.5,12.0,125.0,16.0,1747.26
27784,Dec,2026,758.72,Tamil Nadu,Chennai,TANGEDCO,Commercial,7.5,8.5,9.8,11.2,210.0,10.0,8257.71
31198,Jan,2025,174.97,Maharashtra,Mumbai,MSEDCL,Domestic,5.5,8.2,10.5,12.0,125.0,16.0,1475.63
31474,Oct,2023,138.03,Delhi,Delhi,BSES Yamuna,Domestic,3.0,4.5,6.5,8.0,50.0,5.0,557.53
20985,Feb,2025,454.03,Delhi,Delhi,BSES Yamuna,Domestic,3.0,4.5,6.5,8.0,50.0,5.0,2326.01
27791,Aug,2026,394.27,West Bengal,Kolkata,CESC,Domestic,5.1,6.8,7.9,9.2,110.0,12.0,3048.08
29832,Jan,2025,116.56,Maharashtra,Mumbai,MSEDCL,Domestic,5.5,8.2,10.5,12.0,125.0,16.0,934.61
20828,Dec,2023,455.16,West Bengal,Kolkata,CESC,Domestic,5.1,6.8,7.9,9.2,110.0,12.0,3556.15
30923,Aug,2025,491.33,Karnataka,Bangalore,BESCOM,Domestic,4.5,6.5,7.7,8.5,100.0,9.0,3594.38
23532,Aug,2023,144.48,Karnataka,Bangalore,BESCOM,Domestic,4.5,6.5,7.7,8.5,100.0,9.0,901.17
27148,Feb,2024,1722.77,Delhi,Delhi,BSES Yamuna,Commercial,6.5,8.0,9.5,11.0,180.0,5.0,18419.71
24452,Apr,2026,587.78,West Bengal,Kolkata,CESC,Commercial,8.5,9.5,10.2,11.5,250.0,12.0,6806.42
33636,Jun,2023,136.32,West Bengal,Kolkata,CESC,Domestic,5.1,6.8,7.9,9.2,110.0,12.0,954.51
31128,Dec,2023,160.64,Karnataka,Bangalore,BESCOM,Domestic,4.5,6.5,7.7,8.5,100.0,9.0,1035.64
23877,Nov,2025,257.54,Maharashtra,Mumbai,MSEDCL,Domestic,5.5,8.2,10.5,12.0,125.0,16.0,2277.07
25960,Sep,2024,354.3,Maharashtra,Mumbai,MSEDCL,Domestic,5.5,8.2,10.5,12.0,125.0,16.0,3364.09
20127,Aug,2023,34.67,West Bengal,Kolkata,CESC,Domestic,5.1,6.8,7.9,9.2,110.0,12.0,323.4
23178,Dec,2024,117.59,Tamil Nadu,Chennai,TANGEDCO,Domestic,3.5,5.0,7.0,9.0,80.0,10.0,559.4
31249,Aug,2024,892.86,Maharashtra,Mumbai,MSEDCL,Commercial,9.5,11.0,12.5,14.0,300.0,16.0,13159.93
28796,Jul,2025,924.92,Maharashtra,Mumbai,MSEDCL,Commercial,9.5,11.0,12.5,14.0,300.0,16.0,13688.92
31642,Sep,2023,102.59,Delhi,Delhi,BSES Yamuna,Domestic,3.0,4.5,6.5,8.0,50.0,5.0,376.72
26025,Feb,2025,110.18,Delhi,Delhi,BSES Yamuna,Domestic,3.0,4.5,6.5,8.0,50.0,5.0,419.34
25110,Mar,2026,55.52,Delhi,Delhi,BSES Yamuna,Domestic,3.0,4.5,6.5,8.0,50.0,5.0,224.33
24147,Oct,2026,299.46,Karnataka,Bangalore,BESCOM,Domestic,4.5,6.5,7.7,8.5,100.0,9.0,2039.27
27197,Aug,2023,210.93,Maharashtra,Mumbai,MSEDCL,Domestic,5.5,8.2,10.5,12.0,125.0,16.0,1813.95
31726,Jun,2024,165.61,Tamil Nadu,Chennai,TANGEDCO,Domestic,3.5,5.0,7.0,9.0,80.0,10.0,848.92
31560,Oct,2023,89.82,Tamil Nadu,Chennai,TANGEDCO,Domestic,3.5,5.0,7.0,9.0,80.0,10.0,426.91
23369,Sep,2023,321.84,Delhi,Delhi,BSES Yamuna,Commercial,6.5,8.0,9.5,11.0,180.0,5.0,2734.47
23798,Oct,2026,192.29,Delhi,Delhi,BSES Yamuna,Domestic,3.0,4.5,6.5,8.0,50.0,5.0,813.47
33719,Apr,2026,640.96,West Bengal,Kolkata,CESC,Commercial,8.5,9.5,10.2,11.5,250.0,12.0,7412.41
21793,Aug,2024,168.71,West Bengal,Kolkata,CESC,Commercial,8.5,9.5,10.2,11.5,250.0,12.0,1968.36
31054,Oct,2024,2800.0,Karnataka,Bangalore,BESCOM,Commercial,8.0,9.0,10.0,11.0,220.0,9.0,32914.55
25733,Mar,2023,97.04,Maharashtra,Mumbai,MSEDCL,Domestic,5.5,8.2,10.5,12.0,125.0,16.0,752.25
23477,Mar,2025,85.52,Tamil Nadu,Chennai,TANGEDCO,Domestic,3.5,5.0,7.0,9.0,80.0,10.0,413.54
23418,Aug,2023,738.55,Delhi,Delhi,BSES Yamuna,Domestic,3.0,4.5,6.5,8.0,50.0,5.0,4611.59
21646,May,2024,35.07,Tamil Nadu,Chennai,TANGEDCO,Domestic,3.5,5.0,7.0,9.0,80.0,10.0,222.56
34756,Mar,2025,529.09,Delhi,Delhi,BSES Yamuna,Domestic,3.0,4.5,6.5,8.0,50.0,5.0,2893.23
29398,Oct,2026,741.41,Karnataka,Bangalore,BESCOM,Domestic,4.5,6.5,7.7,8.5,100.0,9.0,6036.98
23031,Nov,2024,661.61,Karnataka,Bangalore,BESCOM,Domestic,4.5,6.5,7.7,8.5,100.0,9.0,5183.82
22873,Jan,2024,65.2,Karnataka,Bangalore,BESCOM,Domestic,4.5,6.5,7.7,8.5,100.0,9.0,431.75
23073,Mar,2025,1552.07,Maharashtra,Mumbai,MSEDCL,Commercial,9.5,11.0,12.5,14.0,300.0,16.0,24288.53
21855,Dec,2024,134.93,Delhi,Delhi,BSES Yamuna,Domestic,3.0,4.5,6.5,8.0,50.0,5.0,528.95
24022,Sep,2024,157.58,Delhi,Delhi,BSES Yamuna,Domestic,3.0,4.5,6.5,8.0,50.0,5.0,642.82
24663,May,2024,367.92,Maharashtra,Mumbai,MSEDCL,Domestic,5.5,8.2,10.5,12.0,125.0,16.0,3479.99
26515,Dec,2024,280.65,Tamil Nadu,Chennai,TANGEDCO,Commercial,7.5,8.5,9.8,11.2,210.0,10.0,2764.49
25032,Oct,2024,94.05,Karnataka,Bangalore,BESCOM,Domestic,4.5,6.5,7.7,8.5,100.0,9.0,577.07
34223,Feb,2024,79.12,Tamil Nadu,Chennai,TANGEDCO,Domestic,3.5,5.0,7.0,9.0,80.0,10.0,387.53
22709,Jul,2024,121.01,Karnataka,Bangalore,BESCOM,Domestic,4.5,6.5,7.7,8.5,100.0,9.0,744.65
31695,Feb,2024,151.87,Tamil Nadu,Chennai,TANGEDCO,Domestic,3.5,5.0,7.0,9.0,80.0,10.0,743.99
27113,Apr,2026,83.28,Tamil Nadu,Chennai,TANGEDCO,Domestic,3.5,5.0,7.0,9.0,80.0,10.0,401.33
29525,Dec,2024,340.43,West Bengal,Kolkata,CESC,Domestic,5.1,6.8,7.9,9.2,110.0,12.0,2597.5
28394,Jul,2026,129.2,Karnataka,Bangalore,BESCOM,Domestic,4.5,6.5,7.7,8.5,100.0,9.0,808.74
23508,Apr,2026,421.82,Karnataka,Bangalore,BESCOM,Domestic,4.5,6.5,7.7,8.5,100.0,9.0,2979.09
26457,Jul,2023,157.56,Tamil Nadu,Chennai,TANGEDCO,Domestic,3.5,5.0,7.0,9.0,80.0,10.0,784.97
24213,Jul,2023,1228.17,West Bengal,Kolkata,CESC,Commercial,8.5,9.5,10.2,11.5,250.0,12.0,15171.71
33225,Jan,2026,499.25,Maharashtra,Mumbai,MSEDCL,Commercial,9.5,11.0,12.5,14.0,300.0,16.0,6976.3
27971,Jun,2026,48.88,Delhi,Delhi,BSES Yamuna,Domestic,3.0,4.5,6.5,8.0,50.0,5.0,210.57
28767,Sep,2024,134.43,West Bengal,Kolkata,CESC,Domestic,5.1,6.8,7.9,9.2,110.0,12.0,958.44
34580,Feb,2023,99.17,Karnataka,Bangalore,BESCOM,Domestic,4.5,6.5,7.7,8.5,100.0,9.0,587.14
20537,Mar,2025,266.93,Tamil Nadu,Chennai,TANGEDCO,Domestic,3.5,5.0,7.0,9.0,80.0,10.0,1412.65
21626,Oct,2023,100.91,Delhi,Delhi,BSES Yamuna,Domestic,3.0,4.5,6.5,8.0,50.0,5.0,372.01
30315,May,2026,254.64,Delhi,Delhi,BSES Yamuna,Domestic,3.0,4.5,6.5,8.0,50.0,5.0,1093.59
27974,Sep,2026,640.97,Karnataka,Bangalore,BESCOM,Domestic,4.5,6.5,7.7,8.5,100.0,9.0,4957.05
28578,Apr,2024,202.82,Tamil Nadu,Chennai,TANGEDCO,Domestic,3.5,5.0,7.0,9.0,80.0,10.0,1027.6
28071,Jan,2024,34.24,West Bengal,Kolkata,CESC,Domestic,5.1,6.8,7.9,9.2,110.0,12.0,314.39
31474,Apr,2023,55.36,West Bengal,Kolkata,CESC,Domestic,5.1,6.8,7.9,9.2,110.0,12.0,433.5
28667,Jun,2024,106.54,Maharashtra,Mumbai,MSEDCL,Domestic,5.5,8.2,10.5,12.0,125.0,16.0,846.1
28610,May,2025,108.35,Karnataka,Bangalore,BESCOM,Domestic,4.5,6.5,7.7,8.5,100.0,9.0,647.8
26491,Jan,2025,89.36,Tamil Nadu,Chennai,TANGEDCO,Domestic,3.5,5.0,7.0,9.0,80.0,10.0,432.57
23601,Apr,2024,62.13,Karnataka,Bangalore,BESCOM,Domestic,4.5,6.5,7.7,8.5,100.0,9.0,416.72
26784,Jun,2025,441.32,Delhi,Delhi,BSES Yamuna,Domestic,3.0,4.5,6.5,8.0,50.0,5.0,2278.53
33227,Oct,2025,207.34,Karnataka,Bangalore,BESCOM,Domestic,4.5,6.5,7.7,8.5,100.0,9.0,1366.25
29147,Oct,2023,497.04,Delhi,Delhi,BSES Yamuna,Domestic,3.0,4.5,6.5,8.0,50.0,5.0,2606.38
24972,Apr,2025,112.15,Karnataka,Bangalore,BESCOM,Domestic,4.5,6.5,7.7,8.5,100.0,9.0,682.78
33051,Sep,2026,141.78,West Bengal,Kolkata,CESC,Domestic,5.1,6.8,7.9,9.2,110.0,12.0,1015.78
33491,May,2026,55.36,Karnataka,Bangalore,BESCOM,Domestic,4.5,6.5,7.7,8.5,100.0,9.0,387.16
21206,Aug,2023,218.23,Delhi,Delhi,BSES Yamuna,Domestic,3.0,4.5,6.5,8.0,50.0,5.0,941.73
32952,Sep,2024,77.39,Maharashtra,Mumbai,MSEDCL,Domestic,5.5,8.2,10.5,12.0,125.0,16.0,635.43
32313,Oct,2023,556.48,Maharashtra,Mumbai,MSEDCL,Commercial,9.5,11.0,12.5,14.0,300.0,16.0,7949.75
21991,May,2024,1266.05,West Bengal,Kolkata,CESC,Commercial,8.5,9.5,10.2,11.5,250.0,12.0,15682.06
25300,Jun,2024,121.67,Tamil Nadu,Chennai,TANGEDCO,Domestic,3.5,5.0,7.0,9.0,80.0,10.0,598.86
32998,Jan,2024,150.09,Karnataka,Bangalore,BESCOM,Commercial,8.0,9.0,10.0,11.0,220.0,9.0,1596.48
23573,Nov,2024,58.74,Delhi,Delhi,BSES Yamuna,Domestic,3.0,4.5,6.5,8.0,50.0,5.0,240.57
25976,Dec,2024,199.79,Delhi,Delhi,BSES Yamuna,Domestic,3.0,4.5,6.5,8.0,50.0,5.0,826.59
33473,Jul,2023,339.25,Tamil Nadu,Chennai,TANGEDCO,Domestic,3.5,5.0,7.0,9.0,80.0,10.0,1886.96
26321,Apr,2024,2122.25,Maharashtra,Mumbai,MSEDCL,Commercial,9.5,11.0,12.5,14.0,300.0,16.0,33751.41
24381,Nov,2025,122.98,West Bengal,Kolkata,CESC,Domestic,5.1,6.8,7.9,9.2,110.0,12.0,873.52
32351,Feb,2025,420.76,Maharashtra,Mumbai,MSEDCL,Commercial,9.5,11.0,12.5,14.0,300.0,16.0,5708.53
33291,May,2024,357.54,West Bengal,Kolkata,CESC,Domestic,5.1,6.8,7.9,9.2,110.0,12.0,2780.28
24758,Dec,2025,91.19,West Bengal,Kolkata,CESC,Domestic,5.1,6.8,7.9,9.2,110.0,12.0,650.8
22714,Mar,2026,365.6,West Bengal,Kolkata,CESC,Domestic,5.1,6.8,7.9,9.2,110.0,12.0,2814.84
30396,Jun,2023,462.41,Maharashtra,Mumbai,MSEDCL,Domestic,5.5,8.2,10.5,12.0,125.0,16.0,4711.17
25589,Aug,2023,586.72,Maharashtra,Mumbai,MSEDCL,Domestic,5.5,8.2,10.5,12.0,125.0,16.0,6221.36
31313,Jul,2024,86.39,Karnataka,Bangalore,BESCOM,Domestic,4.5,6.5,7.7,8.5,100.0,9.0,522.28
20967,Mar,2024,40.18,Maharashtra,Mumbai,MSEDCL,Domestic,5.5,8.2,10.5,12.0,125.0,16.0,401.22
24945,Aug,2026,348.69,Maharashtra,Mumbai,MSEDCL,Domestic,5.5,8.2,10.5,12.0,125.0,16.0,3323.35
33396,Feb,2024,642.9,Karnataka,Bangalore,BESCOM,Domestic,4.5,6.5,7.7,8.5,100.0,9.0,4940.92
23433,Oct,2025,149.23,Karnataka,Bangalore,BESCOM,Commercial,8.0,9.0,10.0,11.0,220.0,9.0,1603.75
20689,Sep,2026,294.72,West Bengal,Kolkata,CESC,Domestic,5.1,6.8,7.9,9.2,110.0,12.0,2180.79
24244,Apr,2025,70.42,West Bengal,Kolkata,CESC,Domestic,5.1,6.8,7.9,9.2,110.0,12.0,524.15
23702,Jan,2023,39.21,Karnataka,Bangalore,BESCOM,Domestic,4.5,6.5,7.7,8.5,100.0,9.0,296.27
28534,Aug,2025,287.35,Tamil Nadu,Chennai,TANGEDCO,Domestic,3.5,5.0,7.0,9.0,80.0,10.0,1484.59
34812,Jul,2023,511.61,Tamil Nadu,Chennai,TANGEDCO,Commercial,7.5,8.5,9.8,11.2,210.0,10.0,5215.37
25183,Nov,2025,352.13,Tamil Nadu,Chennai,TANGEDCO,Commercial,7.5,8.5,9.8,11.2,210.0,10.0,3430.73
29917,May,2023,100.24,Tamil Nadu,Chennai,TANGEDCO,Domestic,3.5,5.0,7.0,9.0,80.0,10.0,481.36
33672,Oct,2024,274.21,Tamil Nadu,Chennai,TANGEDCO,Domestic,3.5,5.0,7.0,9.0,80.0,10.0,1444.98
26705,May,2025,703.49,Delhi,Delhi,BSES Yamuna,Commercial,6.5,8.0,9.5,11.0,180.0,5.0,6968.68
24423,Jul,2023,826.65,Delhi,Delhi,BSES Yamuna,Commercial,6.5,8.0,9.5,11.0,180.0,5.0,8426.31
29985,May,2025,122.62,Delhi,Delhi,BSES Yamuna,Commercial,6.5,8.0,9.5,11.0,180.0,5.0,1063.85
21760,Aug,2026,1373.97,Maharashtra,Mumbai,MSEDCL,Commercial,9.5,11.0,12.5,14.0,300.0,16.0,20903.07
31405,Nov,2024,118.25,Delhi,Delhi,BSES Yamuna,Domestic,3.0,4.5,6.5,8.0,50.0,5.0,447.19
29182,Jun,2023,950.0,Tamil Nadu,Chennai,TANGEDCO,Domestic,3.5,5.0,7.0,9.0,80.0,10.0,7665.92
30455,May,2026,34.87,Delhi,Delhi,BSES Yamuna,Domestic,3.0,4.5,6.5,8.0,50.0,5.0,160.74
22483,Sep,2025,179.22,Delhi,Delhi,BSES Yamuna,Domestic,3.0,4.5,6.5,8.0,50.0,5.0,753.37
28059,Nov,2026,42.81,Tamil Nadu,Chennai,TANGEDCO,Domestic,3.5,5.0,7.0,9.0,80.0,10.0,252.58
20952,Feb,2025,86.9,Karnataka,Bangalore,BESCOM,Domestic,4.5,6.5,7.7,8.5,100.0,9.0,530.38
28915,Jan,2024,264.87,Delhi,Delhi,BSES Yamuna,Domestic,3.0,4.5,6.5,8.0,50.0,5.0,1164.26
31582,Aug,2026,325.37,Delhi,Delhi,BSES Yamuna,Domestic,3.0,4.5,6.5,8.0,50.0,5.0,1506.04
22080,Dec,2024,226.08,Tamil Nadu,Chennai,TANGEDCO,Domestic,3.5,5.0,7.0,9.0,80.0,10.0,1174.2
22718,Mar,2023,134.89,West Bengal,Kolkata,CESC,Domestic,5.1,6.8,7.9,9.2,110.0,12.0,963.68
30525,Nov,2025,630.45,Maharashtra,Mumbai,MSEDCL,Domestic,5.5,8.2,10.5,12.0,125.0,16.0,6927.62
31569,Dec,2025,526.8,Maharashtra,Mumbai,MSEDCL,Commercial,9.5,11.0,12.5,14.0,300.0,16.0,7352.59
24525,Dec,2024,1068.93,West Bengal,Kolkata,CESC,Commercial,8.5,9.5,10.2,11.5,250.0,12.0,12899.39
29693,Dec,2024,42.61,Tamil Nadu,Chennai,TANGEDCO,Domestic,3.5,5.0,7.0,9.0,80.0,10.0,255.52
28478,Jul,2023,408.44,Tamil Nadu,Chennai,TANGEDCO,Domestic,3.5,5.0,7.0,9.0,80.0,10.0,2373.17
27312,Oct,2026,356.47,Maharashtra,Mumbai,MSEDCL,Domestic,5.5,8.2,10.5,12.0,125.0,16.0,3428.68
31688,Nov,2025,361.78,Delhi,Delhi,BSES Yamuna,Domestic,3.0,4.5,6.5,8.0,50.0,5.0,1756.57
27187,Aug,2025,250.16,Maharashtra,Mumbai,MSEDCL,Domestic,5.5,8.2,10.5,12.0,125.0,16.0,2245.74
22066,Jun,2023,192.96,Delhi,Delhi,BSES Yamuna,Domestic,3.0,4.5,6.5,8.0,50.0,5.0,812.69
20769,Dec,2023,171.51,Delhi,Delhi,BSES Yamuna,Commercial,6.5,8.0,9.5,11.0,180.0,5.0,1495.27
34926,Oct,2024,79.69,Tamil Nadu,Chennai,TANGEDCO,Domestic,3.5,5.0,7.0,9.0,80.0,10.0,401.45
25491,Sep,2024,308.21,Maharashtra,Mumbai,MSEDCL,Domestic,5.5,8.2,10.5,12.0,125.0,16.0,2752.27
31250,Jul,2026,321.5,Tamil Nadu,Chennai,TANGEDCO,Domestic,3.5,5.0,7.0,9.0,80.0,10.0,1771.82
32482,Oct,2023,436.26,Maharashtra,Mumbai,MSEDCL,Domestic,5.5,8.2,10.5,12.0,125.0,16.0,4409.13
26646,May,2026,57.57,Tamil Nadu,Chennai,TANGEDCO,Domestic,3.5,5.0,7.0,9.0,80.0,10.0,306.74
25084,Aug,2023,407.25,Tamil Nadu,Chennai,TANGEDCO,Commercial,7.5,8.5,9.8,11.2,210.0,10.0,4009.74
25233,Feb,2025,123.86,West Bengal,Kolkata,CESC,Domestic,5.1,6.8,7.9,9.2,110.0,12.0,868.51
30354,Jul,2023,515.57,West Bengal,Kolkata,CESC,Domestic,5.1,6.8,7.9,9.2,110.0,12.0,4201.62
31486,Apr,2023,515.19,Tamil Nadu,Chennai,TANGEDCO,Domestic,3.5,5.0,7.0,9.0,80.0,10.0,3243.69
25798,Sep,2025,123.18,Tamil Nadu,Chennai,TANGEDCO,Domestic,3.5,5.0,7.0,9.0,80.0,10.0,591.15
29139,Dec,2023,200.62,Delhi,Delhi,BSES Yamuna,Domestic,3.0,4.5,6.5,8.0,50.0,5.0,830.38
24927,Jan,2026,921.64,Delhi,Delhi,BSES Yamuna,Domestic,3.0,4.5,6.5,8.0,50.0,5.0,6339.64
26017,Jul,2024,37.23,West Bengal,Kolkata,CESC,Domestic,5.1,6.8,7.9,9.2,110.0,12.0,341.91
23336,Jun,2024,105.38,West Bengal,Kolkata,CESC,Domestic,5.1,6.8,7.9,9.2,110.0,12.0,735.15
32343,Aug,2026,865.05,Tamil Nadu,Chennai,TANGEDCO,Commercial,7.5,8.5,9.8,11.2,210.0,10.0,9593.33
28039,May,2025,125.49,Delhi,Delhi,BSES Yamuna,Domestic,3.0,4.5,6.5,8.0,50.0,5.0,490.34
33088,Jan,2023,170.96,Karnataka,Bangalore,BESCOM,Domestic,4.5,6.5,7.7,8.5,100.0,9.0,1113.3
24874,Jan,2026,36.42,Karnataka,Bangalore,BESCOM,Domestic,4.5,6.5,7.7,8.5,100.0,9.0,291.69
21482,Sep,2024,39.53,Karnataka,Bangalore,BESCOM,Domestic,4.5,6.5,7.7,8.5,100.0,9.0,303.13
30094,Oct,2024,153.5,Karnataka,Bangalore,BESCOM,Domestic,4.5,6.5,7.7,8.5,100.0,9.0,990.56
26306,Jun,2026,287.61,Tamil Nadu,Chennai,TANGEDCO,Domestic,3.5,5.0,7.0,9.0,80.0,10.0,1523.85
23452,Oct,2024,318.15,Delhi,Delhi,BSES Yamuna,Domestic,3.0,4.5,6.5,8.0,50.0,5.0,1442.6
32257,May,2026,175.69,Maharashtra,Mumbai,MSEDCL,Domestic,5.5,8.2,10.5,12.0,125.0,16.0,1484.62
34423,Jan,2024,155.98,Delhi,Delhi,BSES Yamuna,Domestic,3.0,4.5,6.5,8.0,50.0,5.0,637.66
20055,Jun,2026,143.1,West Bengal,Kolkata,CESC,Domestic,5.1,6.8,7.9,9.2,110.0,12.0,1018.98
27644,Jun,2023,144.47,West Bengal,Kolkata,CESC,Domestic,5.1,6.8,7.9,9.2,110.0,12.0,1018.56
30016,Mar,2023,444.73,West Bengal,Kolkata,CESC,Domestic,5.1,6.8,7.9,9.2,110.0,12.0,3551.75
33490,Aug,2023,370.72,Tamil Nadu,Chennai,TANGEDCO,Commercial,7.5,8.5,9.8,11.2,210.0,10.0,3660.23
23463,Jan,2023,389.43,Maharashtra,Mumbai,MSEDCL,Domestic,5.5,8.2,10.5,12.0,125.0,16.0,3774.1
31272,Jan,2024,123.56,Delhi,Delhi,BSES Yamuna,Domestic,3.0,4.5,6.5,8.0,50.0,5.0,483.06
20833,Jun,2025,228.61,Maharashtra,Mumbai,MSEDCL,Domestic,5.5,8.2,10.5,12.0,125.0,16.0,2019.19
32601,Oct,2026,506.83,Delhi,Delhi,BSES Yamuna,Domestic,3.0,4.5,6.5,8.0,50.0,5.0,2713.57
30999,Jan,2025,143.19,Delhi,Delhi,BSES Yamuna,Domestic,3.0,4.5,6.5,8.0,50.0,5.0,576.46
25955,Jun,2024,1389.23,West Bengal,Kolkata,CESC,Commercial,8.5,9.5,10.2,11.5,250.0,12.0,17235.49
34296,Jan,2024,293.16,Delhi,Delhi,BSES Yamuna,Domestic,3.0,4.5,6.5,8.0,50.0,5.0,1296.15
34295,Jun,2025,796.66,Delhi,Delhi,BSES Yamuna,Commercial,6.5,8.0,9.5,11.0,180.0,5.0,8017.85
30683,Mar,2025,709.98,Maharashtra,Mumbai,MSEDCL,Domestic,5.5,8.2,10.5,12.0,125.0,16.0,8005.0
34079,Aug,2024,99.29,Tamil Nadu,Chennai,TANGEDCO,Domestic,3.5,5.0,7.0,9.0,80.0,10.0,473.91
28520,Jun,2024,143.4,West Bengal,Kolkata,CESC,Domestic,5.1,6.8,7.9,9.2,110.0,12.0,1032.72
27222,Nov,2026,523.68,Maharashtra,Mumbai,MSEDCL,Domestic,5.5,8.2,10.5,12.0,125.0,16.0,5402.27
23311,Jan,2023,110.07,Tamil Nadu,Chennai,TANGEDCO,Domestic,3.5,5.0,7.0,9.0,80.0,10.0,536.36
23301,May,2023,143.23,Tamil Nadu,Chennai,TANGEDCO,Commercial,7.5,8.5,9.8,11.2,210.0,10.0,1443.17
26723,Aug,2026,53.97,Tamil Nadu,Chennai,TANGEDCO,Domestic,3.5,5.0,7.0,9.0,80.0,10.0,290.65
27219,Mar,2025,620.12,Tamil Nadu,Chennai,TANGEDCO,Commercial,7.5,8.5,9.8,11.2,210.0,10.0,6545.88
27777,Dec,2024,395.32,Delhi,Delhi,BSES Yamuna,Commercial,6.5,8.0,9.5,11.0,180.0,5.0,3526.22
23676,Jun,2025,907.08,West Bengal,Kolkata,CESC,Commercial,8.5,9.5,10.2,11.5,250.0,12.0,11094.27
23055,May,2023,194.49,Tamil Nadu,Chennai,TANGEDCO,Domestic,3.5,5.0,7.0,9.0,80.0,10.0,1003.37
33576,Jun,2023,59.81,Delhi,Delhi,BSES Yamuna,Domestic,3.0,4.5,6.5,8.0,50.0,5.0,245.44
27971,Oct,2025,472.62,Karnataka,Bangalore,BESCOM,Domestic,4.5,6.5,7.7,8.5,100.0,9.0,3482.29
22144,Jan,2023,245.11,Karnataka,Bangalore,BESCOM,Domestic,4.5,6.5,7.7,8.5,100.0,9.0,1618.16
25208,Jul,2024,107.31,West Bengal,Kolkata,CESC,Domestic,5.1,6.8,7.9,9.2,110.0,12.0,752.23
29504,Sep,2026,73.21,Maharashtra,Mumbai,MSEDCL,Domestic,5.5,8.2,10.5,12.0,125.0,16.0,608.78
31384,Feb,2025,96.44,Maharashtra,Mumbai,MSEDCL,Domestic,5.5,8.2,10.5,12.0,125.0,16.0,750.67
22539,Oct,2024,1084.34,Karnataka,Bangalore,BESCOM,Commercial,8.0,9.0,10.0,11.0,220.0,9.0,12126.43
32176,May,2024,356.85,Tamil Nadu,Chennai,TANGEDCO,Commercial,7.5,8.5,9.8,11.2,210.0,10.0,3554.92
24548,Oct,2023,114.77,Maharashtra,Mumbai,MSEDCL,Domestic,5.5,8.2,10.5,12.0,125.0,16.0,910.4
25620,Apr,2024,252.54,Tamil Nadu,Chennai,TANGEDCO,Domestic,3.5,5.0,7.0,9.0,80.0,10.0,1329.38
28357,Jun,2025,132.12,Delhi,Delhi,BSES Yamuna,Domestic,3.0,4.5,6.5,8.0,50.0,5.0,513.23
32470,Jun,2024,294.8,Delhi,Delhi,BSES Yamuna,Domestic,3.0,4.5,6.5,8.0,50.0,5.0,1302.04
26613,Nov,2026,81.8,Maharashtra,Mumbai,MSEDCL,Domestic,5.5,8.2,10.5,12.0,125.0,16.0,658.68
25006,Feb,2024,300.25,Maharashtra,Mumbai,MSEDCL,Domestic,5.5,8.2,10.5,12.0,125.0,16.0,2669.0
20823,Feb,2024,91.29,Maharashtra,Mumbai,MSEDCL,Domestic,5.5,8.2,10.5,12.0,125.0,16.0,714.81
20944,Apr,2026,66.39,Maharashtra,Mumbai,MSEDCL,Domestic,5.5,8.2,10.5,12.0,125.0,16.0,560.56
34290,Jan,2024,950.0,Maharashtra,Mumbai,MSEDCL,Domestic,5.5,8.2,10.5,12.0,125.0,16.0,11359.16
26151,Sep,2024,50.39,Delhi,Delhi,BSES Yamuna,Domestic,3.0,4.5,6.5,8.0,50.0,5.0,209.46
24426,Jul,2023,182.23,Karnataka,Bangalore,BESCOM,Commercial,8.0,9.0,10.0,11.0,220.0,9.0,1923.13
28967,Dec,2025,74.95,Tamil Nadu,Chennai,TANGEDCO,Domestic,3.5,5.0,7.0,9.0,80.0,10.0,375.76
22199,Jul,2023,43.92,Maharashtra,Mumbai,MSEDCL,Domestic,5.5,8.2,10.5,12.0,125.0,16.0,428.12
31349,Mar,2025,94.95,Tamil Nadu,Chennai,TANGEDCO,Domestic,3.5,5.0,7.0,9.0,80.0,10.0,456.89
24243,Nov,2026,160.56,Delhi,Delhi,BSES Yamuna,Domestic,3.0,4.5,6.5,8.0,50.0,5.0,651.81
23696,Dec,2026,102.99,Tamil Nadu,Chennai,TANGEDCO,Domestic,3.5,5.0,7.0,9.0,80.0,10.0,487.65
23453,Mar,2026,140.71,West Bengal,Kolkata,CESC,Domestic,5.1,6.8,7.9,9.2,110.0,12.0,991.43
29107,Jan,2025,189.05,Delhi,Delhi,BSES Yamuna,Domestic,3.0,4.5,6.5,8.0,50.0,5.0,797.34
33860,Mar,2025,629.05,Maharashtra,Mumbai,MSEDCL,Domestic,5.5,8.2,10.5,12.0,125.0,16.0,7017.34
21309,Mar,2025,63.77,Karnataka,Bangalore,BESCOM,Domestic,4.5,6.5,7.7,8.5,100.0,9.0,420.35
24178,Apr,2026,326.46,Delhi,Delhi,BSES Yamuna,Domestic,3.0,4.5,6.5,8.0,50.0,5.0,1476.31
28706,Apr,2025,252.66,Tamil Nadu,Chennai,TANGEDCO,Domestic,3.5,5.0,7.0,9.0,80.0,10.0,1294.2
30113,Mar,2024,288.12,Tamil Nadu,Chennai,TANGEDCO,Commercial,7.5,8.5,9.8,11.2,210.0,10.0,2841.92
26853,Oct,2023,639.77,Karnataka,Bangalore,BESCOM,Domestic,4.5,6.5,7.7,8.5,100.0,9.0,4942.98
26036,Dec,2026,155.11,Delhi,Delhi,BSES Yamuna,Commercial,6.5,8.0,9.5,11.0,180.0,5.0,1318.77
23595,Aug,2023,601.74,West Bengal,Kolkata,CESC,Commercial,8.5,9.5,10.2,11.5,250.0,12.0,6829.12
24842,Aug,2024,382.81,Delhi,Delhi,BSES Yamuna,Domestic,3.0,4.5,6.5,8.0,50.0,5.0,1850.01
21410,Jan,2025,603.65,West Bengal,Kolkata,CESC,Commercial,8.5,9.5,10.2,11.5,250.0,12.0,6877.29
32995,Jul,2023,1524.37,Delhi,Delhi,BSES Yamuna,Commercial,6.5,8.0,9.5,11.0,180.0,5.0,16104.02
24567,Nov,2024,2016.43,West Bengal,Kolkata,CESC,Commercial,8.5,9.5,10.2,11.5,250.0,12.0,24821.72
31383,Feb,2024,190.38,Tamil Nadu,Chennai,TANGEDCO,Domestic,3.5,5.0,7.0,9.0,80.0,10.0,982.19
24492,Jan,2023,67.44,Maharashtra,Mumbai,MSEDCL,Domestic,5.5,8.2,10.5,12.0,125.0,16.0,583.79
21556,Mar,2026,173.46,Delhi,Delhi,BSES Yamuna,Commercial,6.5,8.0,9.5,11.0,180.0,5.0,1490.62
34597,Apr,2023,289.92,Karnataka,Bangalore,BESCOM,Domestic,4.5,6.5,7.7,8.5,100.0,9.0,1943.47
20805,Jun,2026,120.32,Karnataka,Bangalore,BESCOM,Domestic,4.5,6.5,7.7,8.5,100.0,9.0,754.15
33222,Oct,2025,53.14,Delhi,Delhi,BSES Yamuna,Domestic,3.0,4.5,6.5,8.0,50.0,5.0,219.16
21280,May,2026,348.52,Maharashtra,Mumbai,MSEDCL,Domestic,5.5,8.2,10.5,12.0,125.0,16.0,3218.14
34046,Apr,2025,314.27,West Bengal,Kolkata,CESC,Domestic,5.1,6.8,7.9,9.2,110.0,12.0,2327.24
33193,Aug,2023,84.14,Delhi,Delhi,BSES Yamuna,Domestic,3.0,4.5,6.5,8.0,50.0,5.0,319.99
33365,Nov,2025,270.96,Maharashtra,Mumbai,MSEDCL,Commercial,9.5,11.0,12.5,14.0,300.0,16.0,3587.86
27084,Dec,2024,466.98,Tamil Nadu,Chennai,TANGEDCO,Domestic,3.5,5.0,7.0,9.0,80.0,10.0,2827.95
25987,Apr,2025,186.05,Karnataka,Bangalore,BESCOM,Commercial,8.0,9.0,10.0,11.0,220.0,9.0,1969.94
25620,Oct,2026,395.81,Delhi,Delhi,BSES Yamuna,Commercial,6.5,8.0,9.5,11.0,180.0,5.0,3514.1
31770,Dec,2026,128.34,West Bengal,Kolkata,CESC,Domestic,5.1,6.8,7.9,9.2,110.0,12.0,926.99
31094,Feb,2026,126.96,Karnataka,Bangalore,BESCOM,Domestic,4.5,6.5,7.7,8.5,100.0,9.0,791.9
21388,Mar,2025,847.02,Delhi,Delhi,BSES Yamuna,Commercial,6.5,8.0,9.5,11.0,180.0,5.0,8661.06
33592,Jun,2026,321.86,West Bengal,Kolkata,CESC,Domestic,5.1,6.8,7.9,9.2,110.0,12.0,2411.51
32881,Aug,2026,138.45,West Bengal,Kolkata,CESC,Commercial,8.5,9.5,10.2,11.5,250.0,12.0,1628.02
30954,Aug,2024,656.54,Tamil Nadu,Chennai,TANGEDCO,Domestic,3.5,5.0,7.0,9.0,80.0,10.0,4619.19
22680,Nov,2025,89.21,Tamil Nadu,Chennai,TANGEDCO,Domestic,3.5,5.0,7.0,9.0,80.0,10.0,423.85
22107,Sep,2024,153.24,Delhi,Delhi,BSES Yamuna,Domestic,3.0,4.5,6.5,8.0,50.0,5.0,623.69
28174,Jul,2026,61.24,Maharashtra,Mumbai,MSEDCL,Domestic,5.5,8.2,10.5,12.0,125.0,16.0,535.79
24224,Feb,2026,57.41,West Bengal,Kolkata,CESC,Domestic,5.1,6.8,7.9,9.2,110.0,12.0,442.32
24832,Aug,2026,166.82,Delhi,Delhi,BSES Yamuna,Domestic,3.0,4.5,6.5,8.0,50.0,5.0,694.5
22769,Jul,2025,353.91,Delhi,Delhi,BSES Yamuna,Commercial,6.5,8.0,9.5,11.0,180.0,5.0,3048.34
32146,Aug,2023,107.13,Tamil Nadu,Chennai,TANGEDCO,Domestic,3.5,5.0,7.0,9.0,80.0,10.0,508.81
23187,Dec,2026,156.43,West Bengal,Kolkata,CESC,Commercial,8.5,9.5,10.2,11.5,250.0,12.0,1838.18
31473,Mar,2026,232.12,Karnataka,Bangalore,BESCOM,Domestic,4.5,6.5,7.7,8.5,100.0,9.0,1562.98
22574,Jul,2026,103.01,West Bengal,Kolkata,CESC,Domestic,5.1,6.8,7.9,9.2,110.0,12.0,729.7
32809,Oct,2026,294.3,Karnataka,Bangalore,BESCOM,Domestic,4.5,6.5,7.7,8.5,100.0,9.0,1977.55
22600,Sep,2025,556.64,Maharashtra,Mumbai,MSEDCL,Commercial,9.5,11.0,12.5,14.0,300.0,16.0,7696.52
24034,Mar,2023,182.87,Tamil Nadu,Chennai,TANGEDCO,Domestic,3.5,5.0,7.0,9.0,80.0,10.0,924.27
28429,Oct,2023,32.65,Maharashtra,Mumbai,MSEDCL,Domestic,5.5,8.2,10.5,12.0,125.0,16.0,356.65
21305,Jun,2023,344.38,Tamil Nadu,Chennai,TANGEDCO,Commercial,7.5,8.5,9.8,11.2,210.0,10.0,3461.82
31623,Feb,2026,80.7,Delhi,Delhi,BSES Yamuna,Domestic,3.0,4.5,6.5,8.0,50.0,5.0,306.19
27369,Feb,2026,38.23,Maharashtra,Mumbai,MSEDCL,Domestic,5.5,8.2,10.5,12.0,125.0,16.0,385.16
25878,May,2023,262.75,Maharashtra,Mumbai,MSEDCL,Domestic,5.5,8.2,10.5,12.0,125.0,16.0,2337.52
21302,May,2023,628.41,Maharashtra,Mumbai,MSEDCL,Commercial,9.5,11.0,12.5,14.0,300.0,16.0,9162.13
22542,Jul,2026,415.52,Maharashtra,Mumbai,MSEDCL,Domestic,5.5,8.2,10.5,12.0,125.0,16.0,4102.9
22052,Dec,2026,103.41,Tamil Nadu,Chennai,TANGEDCO,Domestic,3.5,5.0,7.0,9.0,80.0,10.0,489.24
26810,Feb,2024,697.45,Tamil Nadu,Chennai,TANGEDCO,Commercial,7.5,8.5,9.8,11.2,210.0,10.0,7511.46
28634,Nov,2024,172.4,Maharashtra,Mumbai,MSEDCL,Commercial,9.5,11.0,12.5,14.0,300.0,16.0,2402.74
30269,Jul,2024,432.65,Maharashtra,Mumbai,MSEDCL,Domestic,5.5,8.2,10.5,12.0,125.0,16.0,4371.54
31373,May,2023,385.58,Delhi,Delhi,BSES Yamuna,Domestic,3.0,4.5,6.5,8.0,50.0,5.0,1912.43
30850,Jun,2025,199.38,West Bengal,Kolkata,CESC,Domestic,5.1,6.8,7.9,9.2,110.0,12.0,1427.2
31991,Aug,2026,79.77,Maharashtra,Mumbai,MSEDCL,Domestic,5.5,8.2,10.5,12.0,125.0,16.0,651.16
28997,Oct,2024,461.77,Delhi,Delhi,BSES Yamuna,Commercial,6.5,8.0,9.5,11.0,180.0,5.0,4097.58
20075,Dec,2025,58.56,West Bengal,Kolkata,CESC,Domestic,5.1,6.8,7.9,9.2,110.0,12.0,465.76
26982,Apr,2026,65.75,Karnataka,Bangalore,BESCOM,Domestic,4.5,6.5,7.7,8.5,100.0,9.0,432.19
30368,Jul,2025,299.26,Delhi,Delhi,BSES Yamuna,Domestic,3.0,4.5,6.5,8.0,50.0,5.0,1283.33
32117,Jun,2023,216.66,West Bengal,Kolkata,CESC,Domestic,5.1,6.8,7.9,9.2,110.0,12.0,1579.89
30282,Oct,2023,93.0,Tamil Nadu,Chennai,TANGEDCO,Domestic,3.5,5.0,7.0,9.0,80.0,10.0,450.78
25476,Feb,2023,779.43,West Bengal,Kolkata,CESC,Domestic,5.1,6.8,7.9,9.2,110.0,12.0,6795.6
28233,Aug,2024,108.29,West Bengal,Kolkata,CESC,Domestic,5.1,6.8,7.9,9.2,110.0,12.0,769.67
30274,Oct,2026,106.2,Delhi,Delhi,BSES Yamuna,Domestic,3.0,4.5,6.5,8.0,50.0,5.0,403.09
27185,Sep,2023,64.2,Karnataka,Bangalore,BESCOM,Domestic,4.5,6.5,7.7,8.5,100.0,9.0,424.9
25797,May,2024,348.66,Delhi,Delhi,BSES Yamuna,Domestic,3.0,4.5,6.5,8.0,50.0,5.0,1661.15
27142,Oct,2024,242.84,Delhi,Delhi,BSES Yamuna,Commercial,6.5,8.0,9.5,11.0,180.0,5.0,2048.6
33690,Apr,2024,625.63,Tamil Nadu,Chennai,TANGEDCO,Domestic,3.5,5.0,7.0,9.0,80.0,10.0,4326.95
32876,Jun,2024,57.43,Karnataka,Bangalore,BESCOM,Domestic,4.5,6.5,7.7,8.5,100.0,9.0,395.47
21623,Aug,2023,2129.05,Maharashtra,Mumbai,MSEDCL,Commercial,9.5,11.0,12.5,14.0,300.0,16.0,33044.2
28042,Nov,2024,535.97,Tamil Nadu,Chennai,TANGEDCO,Domestic,3.5,5.0,7.0,9.0,80.0,10.0,3534.27
20342,Mar,2023,123.29,West Bengal,Kolkata,CESC,Domestic,5.1,6.8,7.9,9.2,110.0,12.0,862.8
32245,Oct,2023,560.9,Karnataka,Bangalore,BESCOM,Domestic,4.5,6.5,7.7,8.5,100.0,9.0,4276.5
22075,Nov,2024,460.8,West Bengal,Kolkata,CESC,Commercial,8.5,9.5,10.2,11.5,250.0,12.0,5281.24
27993,Nov,2023,197.03,West Bengal,Kolkata,CESC,Domestic,5.1,6.8,7.9,9.2,110.0,12.0,1419.73
20646,Jan,2026,634.69,Maharashtra,Mumbai,MSEDCL,Commercial,9.5,11.0,12.5,14.0,300.0,16.0,9051.86
33019,Apr,2026,950.0,Tamil Nadu,Chennai,TANGEDCO,Domestic,3.5,5.0,7.0,9.0,80.0,10.0,7616.15
24264,Apr,2025,184.15,Maharashtra,Mumbai,MSEDCL,Domestic,5.5,8.2,10.5,12.0,125.0,16.0,1581.03
28802,Jan,2026,333.98,Karnataka,Bangalore,BESCOM,Commercial,8.0,9.0,10.0,11.0,220.0,9.0,3392.75
34604,Sep,2023,1403.61,Maharashtra,Mumbai,MSEDCL,Commercial,9.5,11.0,12.5,14.0,300.0,16.0,21272.75
34061,Mar,2023,90.86,Delhi,Delhi,BSES Yamuna,Domestic,3.0,4.5,6.5,8.0,50.0,5.0,334.69
26137,May,2026,1440.16,Karnataka,Bangalore,BESCOM,Commercial,8.0,9.0,10.0,11.0,220.0,9.0,16849.95
28647,Jun,2024,57.84,Maharashtra,Mumbai,MSEDCL,Domestic,5.5,8.2,10.5,12.0,125.0,16.0,506.42
31146,Aug,2024,370.05,Tamil Nadu,Chennai,TANGEDCO,Domestic,3.5,5.0,7.0,9.0,80.0,10.0,2133.02
29901,Jun,2023,227.56,Maharashtra,Mumbai,MSEDCL,Domestic,5.5,8.2,10.5,12.0,125.0,16.0,2017.9
31665,Mar,2024,185.09,Maharashtra,Mumbai,MSEDCL,Domestic,5.5,8.2,10.5,12.0,125.0,16.0,1566.15
22970,Jun,2025,84.15,Delhi,Delhi,BSES Yamuna,Domestic,3.0,4.5,6.5,8.0,50.0,5.0,317.57
23029,Jan,2025,504.02,Karnataka,Bangalore,BESCOM,Domestic,4.5,6.5,7.7,8.5,100.0,9.0,3780.41
27644,Apr,2026,950.0,Tamil Nadu,Chennai,TANGEDCO,Domestic,3.5,5.0,7.0,9.0,80.0,10.0,7548.57
32990,Jun,2026,132.79,Maharashtra,Mumbai,MSEDCL,Domestic,5.5,8.2,10.5,12.0,125.0,16.0,1105.52
22682,Jul,2024,361.88,West Bengal,Kolkata,CESC,Commercial,8.5,9.5,10.2,11.5,250.0,12.0,4060.53
23630,Nov,2023,1238.17,Maharashtra,Mumbai,MSEDCL,Commercial,9.5,11.0,12.5,14.0,300.0,16.0,19126.79
33888,Nov,2026,275.93,Tamil Nadu,Chennai,TANGEDCO,Commercial,7.5,8.5,9.8,11.2,210.0,10.0,2667.56
24226,Oct,2025,253.26,Tamil Nadu,Chennai,TANGEDCO,Domestic,3.5,5.0,7.0,9.0,80.0,10.0,1291.94
23068,Mar,2026,151.64,West Bengal,Kolkata,CESC,Domestic,5.1,6.8,7.9,9.2,110.0,12.0,1080.34
25942,Sep,2026,73.39,Maharashtra,Mumbai,MSEDCL,Domestic,5.5,8.2,10.5,12.0,125.0,16.0,621.66
21387,Dec,2025,1469.23,Tamil Nadu,Chennai,TANGEDCO,Commercial,7.5,8.5,9.8,11.2,210.0,10.0,16881.9
31969,Dec,2023,332.75,Karnataka,Bangalore,BESCOM,Domestic,4.5,6.5,7.7,8.5,100.0,9.0,2333.82
22867,Jul,2026,596.31,Karnataka,Bangalore,BESCOM,Commercial,8.0,9.0,10.0,11.0,220.0,9.0,6461.71
24789,Jan,2026,800.26,Maharashtra,Mumbai,MSEDCL,Commercial,9.5,11.0,12.5,14.0,300.0,16.0,11760.97
31556,Feb,2026,150.88,Delhi,Delhi,BSES Yamuna,Commercial,6.5,8.0,9.5,11.0,180.0,5.0,1318.74
25491,Jan,2024,292.37,West Bengal,Kolkata,CESC,Domestic,5.1,6.8,7.9,9.2,110.0,12.0,2123.98
33082,Nov,2026,514.69,Tamil Nadu,Chennai,TANGEDCO,Domestic,3.5,5.0,7.0,9.0,80.0,10.0,3265.82
24125,Sep,2025,659.57,Karnataka,Bangalore,BESCOM,Domestic,4.5,6.5,7.7,8.5,100.0,9.0,5120.6
28341,Sep,2023,333.01,Maharashtra,Mumbai,MSEDCL,Domestic,5.5,8.2,10.5,12.0,125.0,16.0,3105.23
23851,Jul,2023,123.6,Maharashtra,Mumbai,MSEDCL,Domestic,5.5,8.2,10.5,12.0,125.0,16.0,992.93
25416,Oct,2025,391.81,Tamil Nadu,Chennai,TANGEDCO,Domestic,3.5,5.0,7.0,9.0,80.0,10.0,2267.21
30251,Mar,2024,753.77,Delhi,Delhi,BSES Yamuna,Commercial,6.5,8.0,9.5,11.0,180.0,5.0,7479.65
27680,May,2025,433.4,West Bengal,Kolkata,CESC,Domestic,5.1,6.8,7.9,9.2,110.0,12.0,3415.15
26820,Apr,2023,36.29,Delhi,Delhi,BSES Yamuna,Domestic,3.0,4.5,6.5,8.0,50.0,5.0,165.33
29329,Jul,2025,265.7,West Bengal,Kolkata,CESC,Domestic,5.1,6.8,7.9,9.2,110.0,12.0,1953.19
28379,Sep,2024,105.61,Delhi,Delhi,BSES Yamuna,Domestic,3.0,4.5,6.5,8.0,50.0,5.0,391.17
31047,Dec,2023,330.13,Karnataka,Bangalore,BESCOM,Commercial,8.0,9.0,10.0,11.0,220.0,9.0,3421.48
29443,Feb,2024,316.26,Maharashtra,Mumbai,MSEDCL,Domestic,5.5,8.2,10.5,12.0,125.0,16.0,2847.27
21334,Aug,2025,125.89,Maharashtra,Mumbai,MSEDCL,Domestic,5.5,8.2,10.5,12.0,125.0,16.0,1023.28
32386,Sep,2026,71.88,Tamil Nadu,Chennai,TANGEDCO,Domestic,3.5,5.0,7.0,9.0,80.0,10.0,359.74
24151,Oct,2025,101.03,Maharashtra,Mumbai,MSEDCL,Domestic,5.5,8.2,10.5,12.0,125.0,16.0,800.29
26767,Oct,2024,356.03,Tamil Nadu,Chennai,TANGEDCO,Commercial,7.5,8.5,9.8,11.2,210.0,10.0,3472.06
22712,Sep,2025,32.32,Delhi,Delhi,BSES Yamuna,Domestic,3.0,4.5,6.5,8.0,50.0,5.0,155.54
24854,Oct,2026,61.17,Delhi,Delhi,BSES Yamuna,Domestic,3.0,4.5,6.5,8.0,50.0,5.0,243.53
32694,Jul,2024,51.61,Karnataka,Bangalore,BESCOM,Domestic,4.5,6.5,7.7,8.5,100.0,9.0,364.21
26213,Sep,2025,151.36,Delhi,Delhi,BSES Yamuna,Domestic,3.0,4.5,6.5,8.0,50.0,5.0,598.19
27480,Sep,2024,181.3,West Bengal,Kolkata,CESC,Domestic,5.1,6.8,7.9,9.2,110.0,12.0,1335.8
25409,Mar,2024,785.88,Karnataka,Bangalore,BESCOM,Commercial,8.0,9.0,10.0,11.0,220.0,9.0,8604.0
29978,Apr,2023,327.64,Delhi,Delhi,BSES Yamuna,Domestic,3.0,4.5,6.5,8.0,50.0,5.0,1507.5
27716,Feb,2023,1585.01,Maharashtra,Mumbai,MSEDCL,Commercial,9.5,11.0,12.5,14.0,300.0,16.0,24402.03
28943,Oct,2024,217.35,Karnataka,Bangalore,BESCOM,Domestic,4.5,6.5,7.7,8.5,100.0,9.0,1438.02
21763,Mar,2025,163.34,Tamil Nadu,Chennai,TANGEDCO,Domestic,3.5,5.0,7.0,9.0,80.0,10.0,836.47
32113,Nov,2025,393.28,Tamil Nadu,Chennai,TANGEDCO,Domestic,3.5,5.0,7.0,9.0,80.0,10.0,2318.46
27102,Nov,2025,523.13,Karnataka,Bangalore,BESCOM,Domestic,4.5,6.5,7.7,8.5,100.0,9.0,3878.73
27675,May,2026,104.22,Karnataka,Bangalore,BESCOM,Domestic,4.5,6.5,7.7,8.5,100.0,9.0,635.62
32653,May,2024,161.22,Maharashtra,Mumbai,MSEDCL,Domestic,5.5,8.2,10.5,12.0,125.0,16.0,1383.19
26123,Jun,2024,410.23,Karnataka,Bangalore,BESCOM,Domestic,4.5,6.5,7.7,8.5,100.0,9.0,2977.36
20482,Jul,2026,408.21,Tamil Nadu,Chennai,TANGEDCO,Commercial,7.5,8.5,9.8,11.2,210.0,10.0,4146.75
34537,Jul,2024,36.03,Maharashtra,Mumbai,MSEDCL,Domestic,5.5,8.2,10.5,12.0,125.0,16.0,372.89
20154,Jan,2024,211.79,Karnataka,Bangalore,BESCOM,Commercial,8.0,9.0,10.0,11.0,220.0,9.0,2225.39
27618,Feb,2026,657.04,Delhi,Delhi,BSES Yamuna,Domestic,3.0,4.5,6.5,8.0,50.0,5.0,4040.9
21525,Dec,2023,225.49,Delhi,Delhi,BSES Yamuna,Domestic,3.0,4.5,6.5,8.0,50.0,5.0,973.47
22121,Sep,2024,133.7,Delhi,Delhi,BSES Yamuna,Domestic,3.0,4.5,6.5,8.0,50.0,5.0,519.46
22344,Oct,2026,604.28,Tamil Nadu,Chennai,TANGEDCO,Domestic,3.5,5.0,7.0,9.0,80.0,10.0,4129.03
25137,Feb,2025,138.06,Karnataka,Bangalore,BESCOM,Commercial,8.0,9.0,10.0,11.0,220.0,9.0,1491.44
25761,Jun,2023,218.94,West Bengal,Kolkata,CESC,Domestic,5.1,6.8,7.9,9.2,110.0,12.0,1632.1
21241,Nov,2025,329.99,Tamil Nadu,Chennai,TANGEDCO,Domestic,3.5,5.0,7.0,9.0,80.0,10.0,1829.95
20061,Nov,2024,950.0,West Bengal,Kolkata,CESC,Domestic,5.1,6.8,7.9,9.2,110.0,12.0,8608.64
29131,Jan,2023,317.73,West Bengal,Kolkata,CESC,Domestic,5.1,6.8,7.9,9.2,110.0,12.0,2338.43
21640,Mar,2026,260.23,Tamil Nadu,Chennai,TANGEDCO,Domestic,3.5,5.0,7.0,9.0,80.0,10.0,1370.4
26186,Feb,2024,403.46,Delhi,Delhi,BSES Yamuna,Commercial,6.5,8.0,9.5,11.0,180.0,5.0,3641.36
32313,Mar,2026,321.52,Delhi,Delhi,BSES Yamuna,Domestic,3.0,4.5,6.5,8.0,50.0,5.0,1488.02
33351,May,2023,211.69,Maharashtra,Mumbai,MSEDCL,Commercial,9.5,11.0,12.5,14.0,300.0,16.0,2871.45
27971,Nov,2025,855.48,Tamil Nadu,Chennai,TANGEDCO,Commercial,7.5,8.5,9.8,11.2,210.0,10.0,9531.42
32419,Oct,2024,413.16,Delhi,Delhi,BSES Yamuna,Domestic,3.0,4.5,6.5,8.0,50.0,5.0,2107.1
31762,Jun,2024,30.4,Delhi,Delhi,BSES Yamuna,Domestic,3.0,4.5,6.5,8.0,50.0,5.0,148.58
21253,Sep,2026,301.98,Tamil Nadu,Chennai,TANGEDCO,Domestic,3.5,5.0,7.0,9.0,80.0,10.0,1579.34
24204,Dec,2023,272.1,Maharashtra,Mumbai,MSEDCL,Domestic,5.5,8.2,10.5,12.0,125.0,16.0,2375.98
28364,Nov,2026,114.08,Tamil Nadu,Chennai,TANGEDCO,Domestic,3.5,5.0,7.0,9.0,80.0,10.0,557.41
29651,Oct,2023,164.46,West Bengal,Kolkata,CESC,Commercial,8.5,9.5,10.2,11.5,250.0,12.0,1943.59
23550,Dec,2024,270.59,Tamil Nadu,Chennai,TANGEDCO,Domestic,3.5,5.0,7.0,9.0,80.0,10.0,1437.63
24198,Dec,2023,46.13,Delhi,Delhi,BSES Yamuna,Domestic,3.0,4.5,6.5,8.0,50.0,5.0,199.5
27010,Apr,2024,62.18,Delhi,Delhi,BSES Yamuna,Domestic,3.0,4.5,6.5,8.0,50.0,5.0,246.91
26668,Jul,2023,539.58,Delhi,Delhi,BSES Yamuna,Domestic,3.0,4.5,6.5,8.0,50.0,5.0,3061.27
22323,Jun,2025,1105.63,Delhi,Delhi,BSES Yamuna,Commercial,6.5,8.0,9.5,11.0,180.0,5.0,11315.41
29829,Feb,2023,73.54,West Bengal,Kolkata,CESC,Domestic,5.1,6.8,7.9,9.2,110.0,12.0,535.91
31308,Oct,2025,79.4,Delhi,Delhi,BSES Yamuna,Domestic,3.0,4.5,6.5,8.0,50.0,5.0,302.65
24091,Nov,2023,225.07,Maharashtra,Mumbai,MSEDCL,Domestic,5.5,8.2,10.5,12.0,125.0,16.0,1968.32
26961,Nov,2023,535.96,West Bengal,Kolkata,CESC,Commercial,8.5,9.5,10.2,11.5,250.0,12.0,6203.01
23005,Nov,2026,44.22,Tamil Nadu,Chennai,TANGEDCO,Domestic,3.5,5.0,7.0,9.0,80.0,10.0,259.7
25137,Aug,2026,414.55,Delhi,Delhi,BSES Yamuna,Commercial,6.5,8.0,9.5,11.0,180.0,5.0,3694.64
20330,Jul,2024,247.44,Maharashtra,Mumbai,MSEDCL,Domestic,5.5,8.2,10.5,12.0,125.0,16.0,2228.72
23641,Jul,2026,195.04,Delhi,Delhi,BSES Yamuna,Domestic,3.0,4.5,6.5,8.0,50.0,5.0,830.01
32087,Aug,2023,258.95,Delhi,Delhi,BSES Yamuna,Domestic,3.0,4.5,6.5,8.0,50.0,5.0,1117.0
33809,Dec,2026,40.39,Karnataka,Bangalore,BESCOM,Domestic,4.5,6.5,7.7,8.5,100.0,9.0,307.77
27983,Dec,2023,219.63,Tamil Nadu,Chennai,TANGEDCO,Domestic,3.5,5.0,7.0,9.0,80.0,10.0,1113.04
24108,Nov,2025,79.03,West Bengal,Kolkata,CESC,Domestic,5.1,6.8,7.9,9.2,110.0,12.0,568.27
21342,Jan,2023,206.75,Delhi,Delhi,BSES Yamuna,Domestic,3.0,4.5,6.5,8.0,50.0,5.0,877.46
31856,Jan,2024,85.38,Delhi,Delhi,BSES Yamuna,Domestic,3.0,4.5,6.5,8.0,50.0,5.0,320.56
28408,Aug,2025,461.13,Tamil Nadu,Chennai,TANGEDCO,Domestic,3.5,5.0,7.0,9.0,80.0,10.0,2846.08
20339,Apr,2024,275.55,West Bengal,Kolkata,CESC,Domestic,5.1,6.8,7.9,9.2,110.0,12.0,1994.23
25896,May,2024,401.12,West Bengal,Kolkata,CESC,Domestic,5.1,6.8,7.9,9.2,110.0,12.0,3124.12
32255,Aug,2024,639.83,Delhi,Delhi,BSES Yamuna,Domestic,3.0,4.5,6.5,8.0,50.0,5.0,3916.29
22709,May,2026,303.91,Delhi,Delhi,BSES Yamuna,Domestic,3.0,4.5,6.5,8.0,50.0,5.0,1323.48
31345,Oct,2024,356.49,Delhi,Delhi,BSES Yamuna,Domestic,3.0,4.5,6.5,8.0,50.0,5.0,1719.92
21751,Apr,2025,72.76,Delhi,Delhi,BSES Yamuna,Domestic,3.0,4.5,6.5,8.0,50.0,5.0,277.18
25605,Dec,2023,1424.31,Tamil Nadu,Chennai,TANGEDCO,Commercial,7.5,8.5,9.8,11.2,210.0,10.0,16568.87
22422,Jun,2024,83.65,West Bengal,Kolkata,CESC,Domestic,5.1,6.8,7.9,9.2,110.0,12.0,592.64
27120,Dec,2025,210.69,Maharashtra,Mumbai,MSEDCL,Domestic,5.5,8.2,10.5,12.0,125.0,16.0,1856.24
28902,May,2024,589.73,West Bengal,Kolkata,CESC,Commercial,8.5,9.5,10.2,11.5,250.0,12.0,6688.67
25320,Jul,2023,641.54,Maharashtra,Mumbai,MSEDCL,Commercial,9.5,11.0,12.5,14.0,300.0,16.0,9271.25
26610,Oct,2025,72.35,Karnataka,Bangalore,BESCOM,Domestic,4.5,6.5,7.7,8.5,100.0,9.0,459.34
33401,Jul,2025,550.56,Karnataka,Bangalore,BESCOM,Commercial,8.0,9.0,10.0,11.0,220.0,9.0,5937.54
25388,Apr,2023,139.74,Karnataka,Bangalore,BESCOM,Domestic,4.5,6.5,7.7,8.5,100.0,9.0,872.37
31919,Dec,2025,228.1,Karnataka,Bangalore,BESCOM,Domestic,4.5,6.5,7.7,8.5,100.0,9.0,1520.98
31835,May,2023,368.07,Tamil Nadu,Chennai,TANGEDCO,Domestic,3.5,5.0,7.0,9.0,80.0,10.0,2107.22
23994,Mar,2025,200.8,Delhi,Delhi,BSES Yamuna,Domestic,3.0,4.5,6.5,8.0,50.0,5.0,857.18
28681,Apr,2025,140.57,Tamil Nadu,Chennai,TANGEDCO,Domestic,3.5,5.0,7.0,9.0,80.0,10.0,694.01
28045,Apr,2023,272.26,Delhi,Delhi,BSES Yamuna,Commercial,6.5,8.0,9.5,11.0,180.0,5.0,2281.96
33850,Mar,2023,315.91,West Bengal,Kolkata,CESC,Commercial,8.5,9.5,10.2,11.5,250.0,12.0,3533.81
28239,Oct,2025,68.39,Tamil Nadu,Chennai,TANGEDCO,Domestic,3.5,5.0,7.0,9.0,80.0,10.0,353.57
31552,May,2025,122.62,West Bengal,Kolkata,CESC,Domestic,5.1,6.8,7.9,9.2,110.0,12.0,858.51
24874,May,2023,235.8,Karnataka,Bangalore,BESCOM,Domestic,4.5,6.5,7.7,8.5,100.0,9.0,1586.01
33328,Nov,2026,276.11,Delhi,Delhi,BSES Yamuna,Domestic,3.0,4.5,6.5,8.0,50.0,5.0,1210.35
24807,Jul,2023,185.95,Delhi,Delhi,BSES Yamuna,Domestic,3.0,4.5,6.5,8.0,50.0,5.0,786.18
28593,Apr,2025,289.78,West Bengal,Kolkata,CESC,Domestic,5.1,6.8,7.9,9.2,110.0,12.0,2098.35
32183,Apr,2025,292.33,Karnataka,Bangalore,BESCOM,Commercial,8.0,9.0,10.0,11.0,220.0,9.0,3051.52
25914,Sep,2025,71.67,Delhi,Delhi,BSES Yamuna,Domestic,3.0,4.5,6.5,8.0,50.0,5.0,276.69
27125,Jun,2023,437.46,West Bengal,Kolkata,CESC,Domestic,5.1,6.8,7.9,9.2,110.0,12.0,3471.74
23158,Apr,2025,491.88,Maharashtra,Mumbai,MSEDCL,Domestic,5.5,8.2,10.5,12.0,125.0,16.0,4928.28
32538,Feb,2026,254.88,Tamil Nadu,Chennai,TANGEDCO,Domestic,3.5,5.0,7.0,9.0,80.0,10.0,1311.22
20391,Jun,2024,411.56,Maharashtra,Mumbai,MSEDCL,Commercial,9.5,11.0,12.5,14.0,300.0,16.0,5683.17
32046,Feb,2026,282.91,Delhi,Delhi,BSES Yamuna,Domestic,3.0,4.5,6.5,8.0,50.0,5.0,1219.54
24431,May,2023,184.53,Maharashtra,Mumbai,MSEDCL,Domestic,5.5,8.2,10.5,12.0,125.0,16.0,1557.43
28821,Jun,2025,62.43,Karnataka,Bangalore,BESCOM,Domestic,4.5,6.5,7.7,8.5,100.0,9.0,419.3
27687,Apr,2023,83.71,Karnataka,Bangalore,BESCOM,Domestic,4.5,6.5,7.7,8.5,100.0,9.0,525.69
24233,Mar,2024,69.41,West Bengal,Kolkata,CESC,Domestic,5.1,6.8,7.9,9.2,110.0,12.0,520.75
31123,Jul,2023,72.15,Karnataka,Bangalore,BESCOM,Domestic,4.5,6.5,7.7,8.5,100.0,9.0,467.94
28008,Feb,2025,468.45,Tamil Nadu,Chennai,TANGEDCO,Domestic,3.5,5.0,7.0,9.0,80.0,10.0,2917.08
21522,Nov,2024,218.92,Tamil Nadu,Chennai,TANGEDCO,Domestic,3.5,5.0,7.0,9.0,80.0,10.0,1134.56
29019,Jun,2024,79.77,Karnataka,Bangalore,BESCOM,Domestic,4.5,6.5,7.7,8.5,100.0,9.0,502.18
33015,Apr,2025,110.75,Delhi,Delhi,BSES Yamuna,Domestic,3.0,4.5,6.5,8.0,50.0,5.0,423.93
21501,Jun,2025,88.54,Karnataka,Bangalore,BESCOM,Domestic,4.5,6.5,7.7,8.5,100.0,9.0,534.61
26738,Apr,2025,135.64,Karnataka,Bangalore,BESCOM,Domestic,4.5,6.5,7.7,8.5,100.0,9.0,837.16
23295,Apr,2023,552.53,West Bengal,Kolkata,CESC,Commercial,8.5,9.5,10.2,11.5,250.0,12.0,6343.66
25086,Apr,2026,251.63,Maharashtra,Mumbai,MSEDCL,Domestic,5.5,8.2,10.5,12.0,125.0,16.0,2219.23
22420,Sep,2023,54.15,Maharashtra,Mumbai,MSEDCL,Domestic,5.5,8.2,10.5,12.0,125.0,16.0,490.03
29127,Jul,2023,165.19,Maharashtra,Mumbai,MSEDCL,Domestic,5.5,8.2,10.5,12.0,125.0,16.0,1418.93
23043,Mar,2026,160.99,Delhi,Delhi,BSES Yamuna,Domestic,3.0,4.5,6.5,8.0,50.0,5.0,642.93
24498,Mar,2025,623.56,Tamil Nadu,Chennai,TANGEDCO,Domestic,3.5,5.0,7.0,9.0,80.0,10.0,4286.56
21467,Jun,2025,289.98,Karnataka,Bangalore,BESCOM,Commercial,8.0,9.0,10.0,11.0,220.0,9.0,2967.27
23562,Jun,2026,950.0,West Bengal,Kolkata,CESC,Domestic,5.1,6.8,7.9,9.2,110.0,12.0,8673.74
20615,Apr,2026,186.65,Delhi,Delhi,BSES Yamuna,Domestic,3.0,4.5,6.5,8.0,50.0,5.0,778.97
25393,Sep,2023,365.28,Karnataka,Bangalore,BESCOM,Domestic,4.5,6.5,7.7,8.5,100.0,9.0,2563.88
27694,Apr,2024,340.78,Tamil Nadu,Chennai,TANGEDCO,Commercial,7.5,8.5,9.8,11.2,210.0,10.0,3419.5
29375,Sep,2026,301.51,Tamil Nadu,Chennai,TANGEDCO,Domestic,3.5,5.0,7.0,9.0,80.0,10.0,1589.31
23224,Apr,2023,117.31,Delhi,Delhi,BSES Yamuna,Domestic,3.0,4.5,6.5,8.0,50.0,5.0,453.59
27139,Feb,2024,137.44,Karnataka,Bangalore,BESCOM,Commercial,8.0,9.0,10.0,11.0,220.0,9.0,1486.0
22668,Feb,2025,30.86,Delhi,Delhi,BSES Yamuna,Domestic,3.0,4.5,6.5,8.0,50.0,5.0,149.83
34524,May,2025,100.32,Maharashtra,Mumbai,MSEDCL,Domestic,5.5,8.2,10.5,12.0,125.0,16.0,794.57
27981,Apr,2023,405.17,Karnataka,Bangalore,BESCOM,Domestic,4.5,6.5,7.7,8.5,100.0,9.0,2946.6
33410,Jul,2023,257.36,Tamil Nadu,Chennai,TANGEDCO,Domestic,3.5,5.0,7.0,9.0,80.0,10.0,1316.81
20131,Nov,2026,599.97,West Bengal,Kolkata,CESC,Domestic,5.1,6.8,7.9,9.2,110.0,12.0,5004.43
33483,May,2025,74.4,Tamil Nadu,Chennai,TANGEDCO,Domestic,3.5,5.0,7.0,9.0,80.0,10.0,376.53
22984,Jun,2023,203.98,Tamil Nadu,Chennai,TANGEDCO,Domestic,3.5,5.0,7.0,9.0,80.0,10.0,1044.91
24279,Oct,2025,491.96,Karnataka,Bangalore,BESCOM,Commercial,8.0,9.0,10.0,11.0,220.0,9.0,5101.73
27127,Apr,2025,825.12,Delhi,Delhi,BSES Yamuna,Commercial,6.5,8.0,9.5,11.0,180.0,5.0,8221.61
32652,Dec,2026,58.88,Maharashtra,Mumbai,MSEDCL,Domestic,5.5,8.2,10.5,12.0,125.0,16.0,521.01
28231,Feb,2024,128.48,Karnataka,Bangalore,BESCOM,Domestic,4.5,6.5,7.7,8.5,100.0,9.0,812.53
27695,Oct,2026,418.06,Tamil Nadu,Chennai,TANGEDCO,Domestic,3.5,5.0,7.0,9.0,80.0,10.0,2502.08
32152,Sep,2023,247.43,Delhi,Delhi,BSES Yamuna,Commercial,6.5,8.0,9.5,11.0,180.0,5.0,2102.48
26641,Oct,2026,34.45,Delhi,Delhi,BSES Yamuna,Domestic,3.0,4.5,6.5,8.0,50.0,5.0,159.16
31780,Jul,2026,127.88,Delhi,Delhi,BSES Yamuna,Domestic,3.0,4.5,6.5,8.0,50.0,5.0,508.99
25469,Apr,2025,261.14,Maharashtra,Mumbai,MSEDCL,Domestic,5.5,8.2,10.5,12.0,125.0,16.0,2334.68
20921,Mar,2026,85.87,West Bengal,Kolkata,CESC,Domestic,5.1,6.8,7.9,9.2,110.0,12.0,607.71
27565,Oct,2023,168.62,Tamil Nadu,Chennai,TANGEDCO,Domestic,3.5,5.0,7.0,9.0,80.0,10.0,856.17
30962,Mar,2024,431.05,Maharashtra,Mumbai,MSEDCL,Domestic,5.5,8.2,10.5,12.0,125.0,16.0,4336.81
32304,Sep,2026,123.71,Karnataka,Bangalore,BESCOM,Domestic,4.5,6.5,7.7,8.5,100.0,9.0,772.44
28685,May,2026,767.34,West Bengal,Kolkata,CESC,Commercial,8.5,9.5,10.2,11.5,250.0,12.0,8987.1
33738,Mar,2024,56.62,Delhi,Delhi,BSES Yamuna,Domestic,3.0,4.5,6.5,8.0,50.0,5.0,230.67
29324,May,2023,34.59,Karnataka,Bangalore,BESCOM,Domestic,4.5,6.5,7.7,8.5,100.0,9.0,283.38
31714,Feb,2023,266.94,Delhi,Delhi,BSES Yamuna,Domestic,3.0,4.5,6.5,8.0,50.0,5.0,1173.18
28503,Nov,2026,238.39,Maharashtra,Mumbai,MSEDCL,Domestic,5.5,8.2,10.5,12.0,125.0,16.0,2128.53
28931,Apr,2025,257.39,West Bengal,Kolkata,CESC,Commercial,8.5,9.5,10.2,11.5,250.0,12.0,2856.05
23242,Oct,2026,421.3,West Bengal,Kolkata,CESC,Domestic,5.1,6.8,7.9,9.2,110.0,12.0,3245.69
20546,Feb,2024,807.96,Maharashtra,Mumbai,MSEDCL,Commercial,9.5,11.0,12.5,14.0,300.0,16.0,11729.66
30654,Feb,2024,311.58,Tamil Nadu,Chennai,TANGEDCO,Domestic,3.5,5.0,7.0,9.0,80.0,10.0,1676.88
24347,Dec,2024,236.55,Karnataka,Bangalore,BESCOM,Domestic,4.5,6.5,7.7,8.5,100.0,9.0,1553.24
33047,Aug,2026,97.98,Karnataka,Bangalore,BESCOM,Domestic,4.5,6.5,7.7,8.5,100.0,9.0,578.02
29997,Jan,2026,446.32,Delhi,Delhi,BSES Yamuna,Commercial,6.5,8.0,9.5,11.0,180.0,5.0,3950.3
31405,Jul,2023,526.14,Delhi,Delhi,BSES Yamuna,Domestic,3.0,4.5,6.5,8.0,50.0,5.0,2851.6
33586,May,2025,887.63,Karnataka,Bangalore,BESCOM,Domestic,4.5,6.5,7.7,8.5,100.0,9.0,7145.14
33920,Nov,2026,697.94,Maharashtra,Mumbai,MSEDCL,Commercial,9.5,11.0,12.5,14.0,300.0,16.0,9966.65
23811,Aug,2023,247.55,Maharashtra,Mumbai,MSEDCL,Domestic,5.5,8.2,10.5,12.0,125.0,16.0,2225.41
34203,Jan,2026,306.8,Tamil Nadu,Chennai,TANGEDCO,Domestic,3.5,5.0,7.0,9.0,80.0,10.0,1634.86
27207,Nov,2023,132.38,Delhi,Delhi,BSES Yamuna,Domestic,3.0,4.5,6.5,8.0,50.0,5.0,524.79
29006,Jul,2023,390.83,Karnataka,Bangalore,BESCOM,Commercial,8.0,9.0,10.0,11.0,220.0,9.0,4019.06
32317,May,2025,327.0,Karnataka,Bangalore,BESCOM,Domestic,4.5,6.5,7.7,8.5,100.0,9.0,2284.59
33246,Apr,2026,548.49,Maharashtra,Mumbai,MSEDCL,Commercial,9.5,11.0,12.5,14.0,300.0,16.0,7691.04
22033,Jul,2023,828.04,Delhi,Delhi,BSES Yamuna,Domestic,3.0,4.5,6.5,8.0,50.0,5.0,5530.03
32765,Oct,2024,435.37,Delhi,Delhi,BSES Yamuna,Commercial,6.5,8.0,9.5,11.0,180.0,5.0,3873.34
32606,Feb,2024,30.88,Delhi,Delhi,BSES Yamuna,Domestic,3.0,4.5,6.5,8.0,50.0,5.0,152.59
28437,Dec,2024,818.61,Karnataka,Bangalore,BESCOM,Domestic,4.5,6.5,7.7,8.5,100.0,9.0,6524.55
33036,Jan,2025,791.88,West Bengal,Kolkata,CESC,Commercial,8.5,9.5,10.2,11.5,250.0,12.0,9242.03
32985,Jan,2023,273.03,Karnataka,Bangalore,BESCOM,Commercial,8.0,9.0,10.0,11.0,220.0,9.0,2759.82
20272,Nov,2025,148.82,Delhi,Delhi,BSES Yamuna,Domestic,3.0,4.5,6.5,8.0,50.0,5.0,587.37
23512,Dec,2026,243.45,Maharashtra,Mumbai,MSEDCL,Domestic,5.5,8.2,10.5,12.0,125.0,16.0,2148.83
21772,Jan,2026,437.12,Maharashtra,Mumbai,MSEDCL,Commercial,9.5,11.0,12.5,14.0,300.0,16.0,5898.76
29455,Dec,2023,259.5,Karnataka,Bangalore,BESCOM,Domestic,4.5,6.5,7.7,8.5,100.0,9.0,1701.38
30617,May,2024,163.49,West Bengal,Kolkata,CESC,Domestic,5.1,6.8,7.9,9.2,110.0,12.0,1172.9
24362,Oct,2023,188.48,Karnataka,Bangalore,BESCOM,Commercial,8.0,9.0,10.0,11.0,220.0,9.0,1948.05
27070,Jul,2023,66.1,Tamil Nadu,Chennai,TANGEDCO,Domestic,3.5,5.0,7.0,9.0,80.0,10.0,349.21
20921,Feb,2023,130.43,Karnataka,Bangalore,BESCOM,Domestic,4.5,6.5,7.7,8.5,100.0,9.0,828.78
28191,Oct,2025,187.15,Maharashtra,Mumbai,MSEDCL,Commercial,9.5,11.0,12.5,14.0,300.0,16.0,2602.54
23431,Aug,2026,83.71,Maharashtra,Mumbai,MSEDCL,Domestic,5.5,8.2,10.5,12.0,125.0,16.0,670.09
24436,Apr,2023,350.85,Tamil Nadu,Chennai,TANGEDCO,Domestic,3.5,5.0,7.0,9.0,80.0,10.0,1936.09
32677,Dec,2023,340.69,Karnataka,Bangalore,BESCOM,Commercial,8.0,9.0,10.0,11.0,220.0,9.0,3487.19
30817,Mar,2023,246.56,Maharashtra,Mumbai,MSEDCL,Domestic,5.5,8.2,10.5,12.0,125.0,16.0,2186.49
23761,Oct,2025,760.29,Maharashtra,Mumbai,MSEDCL,Commercial,9.5,11.0,12.5,14.0,300.0,16.0,11317.84
22051,Nov,2025,665.38,Maharashtra,Mumbai,MSEDCL,Commercial,9.5,11.0,12.5,14.0,300.0,16.0,9527.12
31693,Aug,2025,115.46,Tamil Nadu,Chennai,TANGEDCO,Domestic,3.5,5.0,7.0,9.0,80.0,10.0,568.56
21166,Feb,2023,35.87,Delhi,Delhi,BSES Yamuna,Domestic,3.0,4.5,6.5,8.0,50.0,5.0,168.68
28568,Nov,2024,950.0,Maharashtra,Mumbai,MSEDCL,Domestic,5.5,8.2,10.5,12.0,125.0,16.0,11500.61
22034,Nov,2024,185.03,Tamil Nadu,Chennai,TANGEDCO,Domestic,3.5,5.0,7.0,9.0,80.0,10.0,936.15
26468,Mar,2024,106.37,Karnataka,Bangalore,BESCOM,Domestic,4.5,6.5,7.7,8.5,100.0,9.0,650.91
20146,Dec,2026,69.7,Karnataka,Bangalore,BESCOM,Domestic,4.5,6.5,7.7,8.5,100.0,9.0,451.9
34270,Mar,2023,63.17,Maharashtra,Mumbai,MSEDCL,Domestic,5.5,8.2,10.5,12.0,125.0,16.0,537.78
24389,Oct,2024,256.82,Karnataka,Bangalore,BESCOM,Domestic,4.5,6.5,7.7,8.5,100.0,9.0,1733.77
27833,Nov,2024,484.48,Delhi,Delhi,BSES Yamuna,Domestic,3.0,4.5,6.5,8.0,50.0,5.0,2535.61
28624,Jan,2024,154.77,Tamil Nadu,Chennai,TANGEDCO,Domestic,3.5,5.0,7.0,9.0,80.0,10.0,767.97
28897,Jun,2023,233.25,Tamil Nadu,Chennai,TANGEDCO,Domestic,3.5,5.0,7.0,9.0,80.0,10.0,1200.0
28174,Feb,2024,597.89,Delhi,Delhi,BSES Yamuna,Domestic,3.0,4.5,6.5,8.0,50.0,5.0,3502.12
34287,Jan,2024,94.52,Maharashtra,Mumbai,MSEDCL,Domestic,5.5,8.2,10.5,12.0,125.0,16.0,734.6
22633,Feb,2023,126.69,West Bengal,Kolkata,CESC,Domestic,5.1,6.8,7.9,9.2,110.0,12.0,899.58
24495,Dec,2026,282.13,West Bengal,Kolkata,CESC,Domestic,5.1,6.8,7.9,9.2,110.0,12.0,2096.72
28057,Jun,2025,56.92,Maharashtra,Mumbai,MSEDCL,Domestic,5.5,8.2,10.5,12.0,125.0,16.0,501.83
27512,Apr,2024,587.73,Karnataka,Bangalore,BESCOM,Domestic,4.5,6.5,7.7,8.5,100.0,9.0,4516.82
29156,Jun,2025,542.46,Maharashtra,Mumbai,MSEDCL,Domestic,5.5,8.2,10.5,12.0,125.0,16.0,5717.65
30427,Dec,2026,53.36,Karnataka,Bangalore,BESCOM,Domestic,4.5,6.5,7.7,8.5,100.0,9.0,367.31
30234,Sep,2026,391.37,Tamil Nadu,Chennai,TANGEDCO,Domestic,3.5,5.0,7.0,9.0,80.0,10.0,2247.79
21829,Oct,2024,74.03,Tamil Nadu,Chennai,TANGEDCO,Domestic,3.5,5.0,7.0,9.0,80.0,10.0,367.48
30301,Dec,2023,793.61,Karnataka,Bangalore,BESCOM,Commercial,8.0,9.0,10.0,11.0,220.0,9.0,8623.6
32261,Oct,2026,191.38,Tamil Nadu,Chennai,TANGEDCO,Domestic,3.5,5.0,7.0,9.0,80.0,10.0,960.85
29131,Aug,2025,291.54,Tamil Nadu,Chennai,TANGEDCO,Commercial,7.5,8.5,9.8,11.2,210.0,10.0,2883.49
24806,Jan,2025,628.19,West Bengal,Kolkata,CESC,Domestic,5.1,6.8,7.9,9.2,110.0,12.0,5212.26
20807,Aug,2025,494.53,Maharashtra,Mumbai,MSEDCL,Domestic,5.5,8.2,10.5,12.0,125.0,16.0,5001.48
29656,Sep,2025,291.25,Maharashtra,Mumbai,MSEDCL,Domestic,5.5,8.2,10.5,12.0,125.0,16.0,2624.71
27487,Jun,2026,177.73,Delhi,Delhi,BSES Yamuna,Domestic,3.0,4.5,6.5,8.0,50.0,5.0,721.65
33614,Oct,2024,481.01,Tamil Nadu,Chennai,TANGEDCO,Domestic,3.5,5.0,7.0,9.0,80.0,10.0,2953.08
31608,May,2024,217.5,Karnataka,Bangalore,BESCOM,Domestic,4.5,6.5,7.7,8.5,100.0,9.0,1446.48
28203,Jun,2025,364.66,Tamil Nadu,Chennai,TANGEDCO,Domestic,3.5,5.0,7.0,9.0,80.0,10.0,2076.99
33374,Jun,2024,256.05,West Bengal,Kolkata,CESC,Domestic,5.1,6.8,7.9,9.2,110.0,12.0,1898.9
21869,Sep,2025,293.14,Tamil Nadu,Chennai,TANGEDCO,Domestic,3.5,5.0,7.0,9.0,80.0,10.0,1555.62
34562,Apr,2025,806.26,Delhi,Delhi,BSES Yamuna,Domestic,3.0,4.5,6.5,8.0,50.0,5.0,5182.3
27879,Feb,2023,666.79,Tamil Nadu,Chennai,TANGEDCO,Domestic,3.5,5.0,7.0,9.0,80.0,10.0,4756.95
34900,Nov,2026,34.49,Tamil Nadu,Chennai,TANGEDCO,Domestic,3.5,5.0,7.0,9.0,80.0,10.0,219.35
33060,Nov,2026,1278.66,Maharashtra,Mumbai,MSEDCL,Commercial,9.5,11.0,12.5,14.0,300.0,16.0,19779.68
25691,Sep,2025,317.27,Maharashtra,Mumbai,MSEDCL,Domestic,5.5,8.2,10.5,12.0,125.0,16.0,2948.24
33896,Feb,2026,139.63,Tamil Nadu,Chennai,TANGEDCO,Domestic,3.5,5.0,7.0,9.0,80.0,10.0,703.41
27828,Oct,2024,149.4,Delhi,Delhi,BSES Yamuna,Domestic,3.0,4.5,6.5,8.0,50.0,5.0,608.4
25430,Sep,2025,203.25,Tamil Nadu,Chennai,TANGEDCO,Commercial,7.5,8.5,9.8,11.2,210.0,10.0,2051.43
29077,Feb,2023,64.58,West Bengal,Kolkata,CESC,Domestic,5.1,6.8,7.9,9.2,110.0,12.0,486.3
23565,Dec,2024,120.61,Karnataka,Bangalore,BESCOM,Domestic,4.5,6.5,7.7,8.5,100.0,9.0,755.95
21390,Aug,2023,100.15,West Bengal,Kolkata,CESC,Domestic,5.1,6.8,7.9,9.2,110.0,12.0,686.21
31594,Sep,2023,73.78,Tamil Nadu,Chennai,TANGEDCO,Domestic,3.5,5.0,7.0,9.0,80.0,10.0,378.81
27275,Dec,2026,294.27,Maharashtra,Mumbai,MSEDCL,Domestic,5.5,8.2,10.5,12.0,125.0,16.0,2616.35
32514,Oct,2026,443.8,Karnataka,Bangalore,BESCOM,Domestic,4.5,6.5,7.7,8.5,100.0,9.0,3281.35
20825,Sep,2025,897.81,Delhi,Delhi,BSES Yamuna,Commercial,6.5,8.0,9.5,11.0,180.0,5.0,9134.58
22266,Oct,2026,59.92,Maharashtra,Mumbai,MSEDCL,Domestic,5.5,8.2,10.5,12.0,125.0,16.0,536.04
20937,Sep,2023,345.12,Tamil Nadu,Chennai,TANGEDCO,Domestic,3.5,5.0,7.0,9.0,80.0,10.0,1898.97
30993,Feb,2023,35.25,Karnataka,Bangalore,BESCOM,Domestic,4.5,6.5,7.7,8.5,100.0,9.0,285.83
30746,Apr,2024,247.01,Karnataka,Bangalore,BESCOM,Domestic,4.5,6.5,7.7,8.5,100.0,9.0,1641.9
26403,Jul,2023,642.7,Delhi,Delhi,BSES Yamuna,Domestic,3.0,4.5,6.5,8.0,50.0,5.0,3893.65
34200,Dec,2025,283.86,West Bengal,Kolkata,CESC,Domestic,5.1,6.8,7.9,9.2,110.0,12.0,2064.74
23846,Feb,2025,154.44,Maharashtra,Mumbai,MSEDCL,Domestic,5.5,8.2,10.5,12.0,125.0,16.0,1282.46
21797,Jan,2026,104.78,West Bengal,Kolkata,CESC,Domestic,5.1,6.8,7.9,9.2,110.0,12.0,717.43
28246,Mar,2026,56.73,Tamil Nadu,Chennai,TANGEDCO,Domestic,3.5,5.0,7.0,9.0,80.0,10.0,305.22
27215,Dec,2026,259.98,West Bengal,Kolkata,CESC,Domestic,5.1,6.8,7.9,9.2,110.0,12.0,1914.63
20727,Apr,2025,38.99,Maharashtra,Mumbai,MSEDCL,Domestic,5.5,8.2,10.5,12.0,125.0,16.0,391.68
22737,Aug,2023,308.63,Maharashtra,Mumbai,MSEDCL,Domestic,5.5,8.2,10.5,12.0,125.0,16.0,2807.87
33833,Jun,2026,529.33,Tamil Nadu,Chennai,TANGEDCO,Commercial,7.5,8.5,9.8,11.2,210.0,10.0,5550.34
31363,Nov,2024,83.41,Tamil Nadu,Chennai,TANGEDCO,Domestic,3.5,5.0,7.0,9.0,80.0,10.0,407.44
33332,Feb,2026,147.25,Delhi,Delhi,BSES Yamuna,Domestic,3.0,4.5,6.5,8.0,50.0,5.0,588.78
21914,Sep,2025,434.41,Karnataka,Bangalore,BESCOM,Commercial,8.0,9.0,10.0,11.0,220.0,9.0,4523.71
34065,Feb,2026,212.86,Tamil Nadu,Chennai,TANGEDCO,Domestic,3.5,5.0,7.0,9.0,80.0,10.0,1099.66
29789,Dec,2023,372.64,Maharashtra,Mumbai,MSEDCL,Commercial,9.5,11.0,12.5,14.0,300.0,16.0,5039.41
30107,May,2026,84.15,Maharashtra,Mumbai,MSEDCL,Domestic,5.5,8.2,10.5,12.0,125.0,16.0,692.08
27658,Dec,2025,812.12,Delhi,Delhi,BSES Yamuna,Domestic,3.0,4.5,6.5,8.0,50.0,5.0,5270.31
22467,Apr,2025,634.85,Tamil Nadu,Chennai,TANGEDCO,Domestic,3.5,5.0,7.0,9.0,80.0,10.0,4385.94
30930,Jul,2024,641.31,West Bengal,Kolkata,CESC,Commercial,8.5,9.5,10.2,11.5,250.0,12.0,7413.9
29042,Aug,2025,266.26,West Bengal,Kolkata,CESC,Domestic,5.1,6.8,7.9,9.2,110.0,12.0,1952.79
30302,May,2024,2800.0,West Bengal,Kolkata,CESC,Commercial,8.5,9.5,10.2,11.5,250.0,12.0,34929.35
27313,Oct,2023,119.57,West Bengal,Kolkata,CESC,Domestic,5.1,6.8,7.9,9.2,110.0,12.0,854.61
34552,May,2025,225.03,Maharashtra,Mumbai,MSEDCL,Commercial,9.5,11.0,12.5,14.0,300.0,16.0,3093.61
28195,Feb,2026,145.42,Delhi,Delhi,BSES Yamuna,Domestic,3.0,4.5,6.5,8.0,50.0,5.0,587.44
32448,Aug,2023,112.36,West Bengal,Kolkata,CESC,Domestic,5.1,6.8,7.9,9.2,110.0,12.0,784.8
27907,Feb,2026,123.39,Delhi,Delhi,BSES Yamuna,Commercial,6.5,8.0,9.5,11.0,180.0,5.0,1088.72
32262,Oct,2026,154.33,Tamil Nadu,Chennai,TANGEDCO,Commercial,7.5,8.5,9.8,11.2,210.0,10.0,1585.9
24877,Dec,2026,57.52,Karnataka,Bangalore,BESCOM,Domestic,4.5,6.5,7.7,8.5,100.0,9.0,389.36
27288,Jun,2023,80.81,Delhi,Delhi,BSES Yamuna,Domestic,3.0,4.5,6.5,8.0,50.0,5.0,312.52
20893,Aug,2023,432.12,Karnataka,Bangalore,BESCOM,Domestic,4.5,6.5,7.7,8.5,100.0,9.0,3107.61
30223,Jun,2025,43.13,Delhi,Delhi,BSES Yamuna,Domestic,3.0,4.5,6.5,8.0,50.0,5.0,186.67
31353,Apr,2026,494.77,Maharashtra,Mumbai,MSEDCL,Domestic,5.5,8.2,10.5,12.0,125.0,16.0,5095.8
30569,Apr,2024,125.58,Delhi,Delhi,BSES Yamuna,Domestic,3.0,4.5,6.5,8.0,50.0,5.0,481.21
24676,Jun,2025,213.57,West Bengal,Kolkata,CESC,Domestic,5.1,6.8,7.9,9.2,110.0,12.0,1528.62
21934,Apr,2023,240.06,Delhi,Delhi,BSES Yamuna,Domestic,3.0,4.5,6.5,8.0,50.0,5.0,1016.92
21381,Aug,2024,97.31,Maharashtra,Mumbai,MSEDCL,Domestic,5.5,8.2,10.5,12.0,125.0,16.0,757.1
31874,Sep,2023,36.2,Delhi,Delhi,BSES Yamuna,Domestic,3.0,4.5,6.5,8.0,50.0,5.0,163.81
21291,Jan,2024,70.25,Delhi,Delhi,BSES Yamuna,Domestic,3.0,4.5,6.5,8.0,50.0,5.0,276.7
21641,Apr,2025,401.65,Karnataka,Bangalore,BESCOM,Domestic,4.5,6.5,7.7,8.5,100.0,9.0,2896.85
33240,Apr,2024,513.94,Maharashtra,Mumbai,MSEDCL,Domestic,5.5,8.2,10.5,12.0,125.0,16.0,5244.99
27491,Feb,2025,41.98,Karnataka,Bangalore,BESCOM,Domestic,4.5,6.5,7.7,8.5,100.0,9.0,319.35
30875,Jun,2023,448.94,Delhi,Delhi,BSES Yamuna,Domestic,3.0,4.5,6.5,8.0,50.0,5.0,2293.51
29180,Mar,2024,310.27,Maharashtra,Mumbai,MSEDCL,Commercial,9.5,11.0,12.5,14.0,300.0,16.0,4070.38
21219,Jul,2026,327.21,Maharashtra,Mumbai,MSEDCL,Domestic,5.5,8.2,10.5,12.0,125.0,16.0,2993.85
25017,Nov,2026,218.39,Maharashtra,Mumbai,MSEDCL,Commercial,9.5,11.0,12.5,14.0,300.0,16.0,2918.56
26882,Nov,2023,286.13,West Bengal,Kolkata,CESC,Domestic,5.1,6.8,7.9,9.2,110.0,12.0,2129.51
29548,May,2024,411.54,Maharashtra,Mumbai,MSEDCL,Commercial,9.5,11.0,12.5,14.0,300.0,16.0,5554.35
32458,Apr,2026,97.55,Delhi,Delhi,BSES Yamuna,Domestic,3.0,4.5,6.5,8.0,50.0,5.0,363.15
32809,May,2025,306.61,Maharashtra,Mumbai,MSEDCL,Domestic,5.5,8.2,10.5,12.0,125.0,16.0,2716.29
33775,Aug,2024,272.63,West Bengal,Kolkata,CESC,Domestic,5.1,6.8,7.9,9.2,110.0,12.0,1994.7
32328,Mar,2024,149.36,West Bengal,Kolkata,CESC,Domestic,5.1,6.8,7.9,9.2,110.0,12.0,1087.24
29753,Jul,2026,474.34,West Bengal,Kolkata,CESC,Domestic,5.1,6.8,7.9,9.2,110.0,12.0,3806.6
29611,Jun,2025,211.05,West Bengal,Kolkata,CESC,Domestic,5.1,6.8,7.9,9.2,110.0,12.0,1557.77
20955,Dec,2025,116.25,West Bengal,Kolkata,CESC,Domestic,5.1,6.8,7.9,9.2,110.0,12.0,813.97
29176,Jan,2025,168.62,Delhi,Delhi,BSES Yamuna,Domestic,3.0,4.5,6.5,8.0,50.0,5.0,693.68
27292,Jul,2024,153.54,Maharashtra,Mumbai,MSEDCL,Domestic,5.5,8.2,10.5,12.0,125.0,16.0,1291.17
20975,Jul,2023,1373.49,West Bengal,Kolkata,CESC,Commercial,8.5,9.5,10.2,11.5,250.0,12.0,16912.8
24134,Dec,2024,113.75,Karnataka,Bangalore,BESCOM,Domestic,4.5,6.5,7.7,8.5,100.0,9.0,698.82
34664,Jan,2024,33.64,Delhi,Delhi,BSES Yamuna,Domestic,3.0,4.5,6.5,8.0,50.0,5.0,155.89
25371,Sep,2026,183.0,Tamil Nadu,Chennai,TANGEDCO,Domestic,3.5,5.0,7.0,9.0,80.0,10.0,926.62
23973,Jun,2023,1574.43,Tamil Nadu,Chennai,TANGEDCO,Commercial,7.5,8.5,9.8,11.2,210.0,10.0,18639.46
25296,Dec,2025,258.74,Delhi,Delhi,BSES Yamuna,Domestic,3.0,4.5,6.5,8.0,50.0,5.0,1136.53
33914,Feb,2026,58.04,Karnataka,Bangalore,BESCOM,Domestic,4.5,6.5,7.7,8.5,100.0,9.0,387.97
29106,May,2024,166.16,Maharashtra,Mumbai,MSEDCL,Domestic,5.5,8.2,10.5,12.0,125.0,16.0,1409.89
32742,Nov,2023,389.85,West Bengal,Kolkata,CESC,Domestic,5.1,6.8,7.9,9.2,110.0,12.0,2985.67
28229,Apr,2025,251.61,Maharashtra,Mumbai,MSEDCL,Domestic,5.5,8.2,10.5,12.0,125.0,16.0,2264.13
31580,Jul,2025,625.89,Delhi,Delhi,BSES Yamuna,Domestic,3.0,4.5,6.5,8.0,50.0,5.0,3749.69
29904,Aug,2024,299.53,Tamil Nadu,Chennai,TANGEDCO,Commercial,7.5,8.5,9.8,11.2,210.0,10.0,2905.68
23021,Nov,2025,35.51,West Bengal,Kolkata,CESC,Domestic,5.1,6.8,7.9,9.2,110.0,12.0,328.77
28988,Nov,2025,115.97,Delhi,Delhi,BSES Yamuna,Domestic,3.0,4.5,6.5,8.0,50.0,5.0,450.52
24037,Jan,2023,79.86,Karnataka,Bangalore,BESCOM,Domestic,4.5,6.5,7.7,8.5,100.0,9.0,495.41
25069,May,2026,177.54,Maharashtra,Mumbai,MSEDCL,Domestic,5.5,8.2,10.5,12.0,125.0,16.0,1501.83
32881,Mar,2023,118.32,Tamil Nadu,Chennai,TANGEDCO,Domestic,3.5,5.0,7.0,9.0,80.0,10.0,580.82
25234,Jan,2026,145.98,Karnataka,Bangalore,BESCOM,Domestic,4.5,6.5,7.7,8.5,100.0,9.0,921.29
31304,Dec,2026,259.25,Delhi,Delhi,BSES Yamuna,Domestic,3.0,4.5,6.5,8.0,50.0,5.0,1123.26
29517,Mar,2026,34.94,West Bengal,Kolkata,CESC,Domestic,5.1,6.8,7.9,9.2,110.0,12.0,319.57
34560,Jun,2025,112.0,Karnataka,Bangalore,BESCOM,Domestic,4.5,6.5,7.7,8.5,100.0,9.0,691.99
20318,Jul,2023,222.06,Tamil Nadu,Chennai,TANGEDCO,Domestic,3.5,5.0,7.0,9.0,80.0,10.0,1144.47
22397,Aug,2025,96.28,Karnataka,Bangalore,BESCOM,Domestic,4.5,6.5,7.7,8.5,100.0,9.0,590.21
22163,Nov,2024,96.15,Delhi,Delhi,BSES Yamuna,Domestic,3.0,4.5,6.5,8.0,50.0,5.0,353.21
22746,Apr,2023,50.65,Delhi,Delhi,BSES Yamuna,Domestic,3.0,4.5,6.5,8.0,50.0,5.0,216.08
33635,Mar,2026,36.57,Tamil Nadu,Chennai,TANGEDCO,Domestic,3.5,5.0,7.0,9.0,80.0,10.0,228.3
21592,May,2025,45.52,Delhi,Delhi,BSES Yamuna,Domestic,3.0,4.5,6.5,8.0,50.0,5.0,193.16
31304,Sep,2025,99.18,West Bengal,Kolkata,CESC,Domestic,5.1,6.8,7.9,9.2,110.0,12.0,699.83
34178,Jun,2023,56.41,West Bengal,Kolkata,CESC,Domestic,5.1,6.8,7.9,9.2,110.0,12.0,448.01
26184,Sep,2023,82.88,Maharashtra,Mumbai,MSEDCL,Domestic,5.5,8.2,10.5,12.0,125.0,16.0,667.83
23931,Jun,2026,653.59,Maharashtra,Mumbai,MSEDCL,Commercial,9.5,11.0,12.5,14.0,300.0,16.0,9259.23
30189,Feb,2026,355.7,Tamil Nadu,Chennai,TANGEDCO,Domestic,3.5,5.0,7.0,9.0,80.0,10.0,1996.51
34061,May,2024,367.15,Karnataka,Bangalore,BESCOM,Domestic,4.5,6.5,7.7,8.5,100.0,9.0,2560.97
21313,Dec,2026,76.79,Delhi,Delhi,BSES Yamuna,Domestic,3.0,4.5,6.5,8.0,50.0,5.0,292.54
29478,Nov,2025,138.56,Karnataka,Bangalore,BESCOM,Domestic,4.5,6.5,7.7,8.5,100.0,9.0,878.16
24312,Sep,2024,754.25,Maharashtra,Mumbai,MSEDCL,Commercial,9.5,11.0,12.5,14.0,300.0,16.0,10974.72
27315,Aug,2024,127.36,Maharashtra,Mumbai,MSEDCL,Domestic,5.5,8.2,10.5,12.0,125.0,16.0,1037.31
22384,Jul,2024,157.87,West Bengal,Kolkata,CESC,Domestic,5.1,6.8,7.9,9.2,110.0,12.0,1128.48
23240,Jan,2023,284.07,Karnataka,Bangalore,BESCOM,Domestic,4.5,6.5,7.7,8.5,100.0,9.0,1907.35
22140,Apr,2026,2800.0,West Bengal,Kolkata,CESC,Commercial,8.5,9.5,10.2,11.5,250.0,12.0,35395.42
34689,Dec,2024,259.4,West Bengal,Kolkata,CESC,Domestic,5.1,6.8,7.9,9.2,110.0,12.0,1934.75
34907,Jul,2023,244.97,Tamil Nadu,Chennai,TANGEDCO,Commercial,7.5,8.5,9.8,11.2,210.0,10.0,2454.26
21705,Nov,2023,481.04,Karnataka,Bangalore,BESCOM,Domestic,4.5,6.5,7.7,8.5,100.0,9.0,3562.18
26925,Jul,2024,265.57,Maharashtra,Mumbai,MSEDCL,Domestic,5.5,8.2,10.5,12.0,125.0,16.0,2329.76
20363,Jun,2024,300.37,Maharashtra,Mumbai,MSEDCL,Domestic,5.5,8.2,10.5,12.0,125.0,16.0,2701.43
22605,Aug,2025,1675.4,Tamil Nadu,Chennai,TANGEDCO,Commercial,7.5,8.5,9.8,11.2,210.0,10.0,19603.52
29909,Nov,2024,264.71,Maharashtra,Mumbai,MSEDCL,Commercial,9.5,11.0,12.5,14.0,300.0,16.0,3529.54
33482,Jun,2025,237.04,Delhi,Delhi,BSES Yamuna,Domestic,3.0,4.5,6.5,8.0,50.0,5.0,1023.76
32644,Oct,2024,44.47,Tamil Nadu,Chennai,TANGEDCO,Domestic,3.5,5.0,7.0,9.0,80.0,10.0,255.69
24287,Mar,2024,79.45,Delhi,Delhi,BSES Yamuna,Domestic,3.0,4.5,6.5,8.0,50.0,5.0,307.93
23739,Apr,2026,30.07,Tamil Nadu,Chennai,TANGEDCO,Domestic,3.5,5.0,7.0,9.0,80.0,10.0,200.63
22470,Mar,2024,73.53,Karnataka,Bangalore,BESCOM,Domestic,4.5,6.5,7.7,8.5,100.0,9.0,471.74
24796,Jan,2024,82.74,Karnataka,Bangalore,BESCOM,Domestic,4.5,6.5,7.7,8.5,100.0,9.0,513.39
26151,Oct,2025,211.74,Tamil Nadu,Chennai,TANGEDCO,Domestic,3.5,5.0,7.0,9.0,80.0,10.0,1066.29
34469,May,2025,416.29,Delhi,Delhi,BSES Yamuna,Domestic,3.0,4.5,6.5,8.0,50.0,5.0,2118.94
20557,Jan,2026,146.2,Delhi,Delhi,BSES Yamuna,Domestic,3.0,4.5,6.5,8.0,50.0,5.0,589.55
29018,Jan,2024,303.42,Tamil Nadu,Chennai,TANGEDCO,Domestic,3.5,5.0,7.0,9.0,80.0,10.0,1588.97
22809,Feb,2024,195.78,West Bengal,Kolkata,CESC,Commercial,8.5,9.5,10.2,11.5,250.0,12.0,2219.3
25151,Apr,2025,160.56,Delhi,Delhi,BSES Yamuna,Domestic,3.0,4.5,6.5,8.0,50.0,5.0,647.4
34871,Jun,2023,163.88,Maharashtra,Mumbai,MSEDCL,Domestic,5.5,8.2,10.5,12.0,125.0,16.0,1403.02
32714,Aug,2023,161.51,Delhi,Delhi,BSES Yamuna,Domestic,3.0,4.5,6.5,8.0,50.0,5.0,670.72
27562,Mar,2023,98.25,West Bengal,Kolkata,CESC,Domestic,5.1,6.8,7.9,9.2,110.0,12.0,689.43
22720,Jan,2025,72.9,Maharashtra,Mumbai,MSEDCL,Domestic,5.5,8.2,10.5,12.0,125.0,16.0,611.62
26507,Mar,2025,51.95,Karnataka,Bangalore,BESCOM,Domestic,4.5,6.5,7.7,8.5,100.0,9.0,357.27
31701,Dec,2023,283.82,Karnataka,Bangalore,BESCOM,Domestic,4.5,6.5,7.7,8.5,100.0,9.0,1901.11
23742,Mar,2023,1431.73,West Bengal,Kolkata,CESC,Commercial,8.5,9.5,10.2,11.5,250.0,12.0,17527.57
29767,May,2024,106.86,Maharashtra,Mumbai,MSEDCL,Domestic,5.5,8.2,10.5,12.0,125.0,16.0,842.6
23999,Nov,2025,308.9,Delhi,Delhi,BSES Yamuna,Domestic,3.0,4.5,6.5,8.0,50.0,5.0,1354.33
30322,Dec,2025,164.11,Delhi,Delhi,BSES Yamuna,Commercial,6.5,8.0,9.5,11.0,180.0,5.0,1399.87
22404,Dec,2023,390.48,Delhi,Delhi,BSES Yamuna,Domestic,3.0,4.5,6.5,8.0,50.0,5.0,1935.64
31522,Apr,2023,289.1,Delhi,Delhi,BSES Yamuna,Domestic,3.0,4.5,6.5,8.0,50.0,5.0,1270.75
28781,Apr,2026,1027.5,Tamil Nadu,Chennai,TANGEDCO,Commercial,7.5,8.5,9.8,11.2,210.0,10.0,11784.3
30205,Sep,2025,118.82,Delhi,Delhi,BSES Yamuna,Domestic,3.0,4.5,6.5,8.0,50.0,5.0,463.66
29740,Jul,2026,159.34,Delhi,Delhi,BSES Yamuna,Domestic,3.0,4.5,6.5,8.0,50.0,5.0,639.13
20295,Apr,2024,152.66,Tamil Nadu,Chennai,TANGEDCO,Commercial,7.5,8.5,9.8,11.2,210.0,10.0,1522.26
30178,Mar,2026,616.76,Karnataka,Bangalore,BESCOM,Domestic,4.5,6.5,7.7,8.5,100.0,9.0,4738.51
25344,Jun,2023,513.72,West Bengal,Kolkata,CESC,Commercial,8.5,9.5,10.2,11.5,250.0,12.0,5918.98
33837,Mar,2025,348.9,Delhi,Delhi,BSES Yamuna,Domestic,3.0,4.5,6.5,8.0,50.0,5.0,1665.89
31310,Jun,2025,178.82,West Bengal,Kolkata,CESC,Domestic,5.1,6.8,7.9,9.2,110.0,12.0,1283.54
29883,Nov,2026,173.7,Tamil Nadu,Chennai,TANGEDCO,Domestic,3.5,5.0,7.0,9.0,80.0,10.0,881.97
21137,Nov,2026,241.97,Tamil Nadu,Chennai,TANGEDCO,Commercial,7.5,8.5,9.8,11.2,210.0,10.0,2400.03
33545,Dec,2024,241.4,Delhi,Delhi,BSES Yamuna,Domestic,3.0,4.5,6.5,8.0,50.0,5.0,1032.12
22065,Sep,2024,950.0,West Bengal,Kolkata,CESC,Domestic,5.1,6.8,7.9,9.2,110.0,12.0,8608.93
32648,Jun,2023,134.5,Maharashtra,Mumbai,MSEDCL,Domestic,5.5,8.2,10.5,12.0,125.0,16.0,1115.11
27010,Dec,2023,58.44,Karnataka,Bangalore,BESCOM,Domestic,4.5,6.5,7.7,8.5,100.0,9.0,394.15
32988,Apr,2023,338.5,Karnataka,Bangalore,BESCOM,Commercial,8.0,9.0,10.0,11.0,220.0,9.0,3438.05
24544,May,2026,516.37,Karnataka,Bangalore,BESCOM,Commercial,8.0,9.0,10.0,11.0,220.0,9.0,5491.38
34701,Jun,2026,491.27,West Bengal,Kolkata,CESC,Domestic,5.1,6.8,7.9,9.2,110.0,12.0,3895.58
32963,Nov,2025,646.27,Maharashtra,Mumbai,MSEDCL,Commercial,9.5,11.0,12.5,14.0,300.0,16.0,9146.12
21008,Mar,2023,950.0,Tamil Nadu,Chennai,TANGEDCO,Domestic,3.5,5.0,7.0,9.0,80.0,10.0,7602.01
25446,Aug,2026,427.59,Tamil Nadu,Chennai,TANGEDCO,Domestic,3.5,5.0,7.0,9.0,80.0,10.0,2593.21
30707,Apr,2025,120.47,Maharashtra,Mumbai,MSEDCL,Domestic,5.5,8.2,10.5,12.0,125.0,16.0,972.76
34750,Aug,2023,125.82,Karnataka,Bangalore,BESCOM,Domestic,4.5,6.5,7.7,8.5,100.0,9.0,785.6
31719,Oct,2024,208.39,West Bengal,Kolkata,CESC,Domestic,5.1,6.8,7.9,9.2,110.0,12.0,1504.13
32874,Oct,2024,1334.57,Karnataka,Bangalore,BESCOM,Commercial,8.0,9.0,10.0,11.0,220.0,9.0,15366.44
25353,Mar,2026,212.1,Delhi,Delhi,BSES Yamuna,Domestic,3.0,4.5,6.5,8.0,50.0,5.0,886.51
29440,Oct,2025,30.66,West Bengal,Kolkata,CESC,Domestic,5.1,6.8,7.9,9.2,110.0,12.0,292.92
33282,Jul,2024,33.75,Karnataka,Bangalore,BESCOM,Domestic,4.5,6.5,7.7,8.5,100.0,9.0,279.52
32095,Nov,2025,220.46,Maharashtra,Mumbai,MSEDCL,Commercial,9.5,11.0,12.5,14.0,300.0,16.0,3027.16
21436,Dec,2025,162.38,West Bengal,Kolkata,CESC,Domestic,5.1,6.8,7.9,9.2,110.0,12.0,1188.61
20572,Sep,2024,135.6,Maharashtra,Mumbai,MSEDCL,Domestic,5.5,8.2,10.5,12.0,125.0,16.0,1136.68
22383,Apr,2025,830.03,Tamil Nadu,Chennai,TANGEDCO,Domestic,3.5,5.0,7.0,9.0,80.0,10.0,6493.74
29438,Aug,2024,38.74,West Bengal,Kolkata,CESC,Domestic,5.1,6.8,7.9,9.2,110.0,12.0,343.23
30277,Mar,2026,237.96,West Bengal,Kolkata,CESC,Domestic,5.1,6.8,7.9,9.2,110.0,12.0,1758.16
25085,Jul,2023,260.95,Karnataka,Bangalore,BESCOM,Domestic,4.5,6.5,7.7,8.5,100.0,9.0,1737.51
20278,Mar,2023,249.82,Karnataka,Bangalore,BESCOM,Domestic,4.5,6.5,7.7,8.5,100.0,9.0,1663.63
33508,Dec,2026,453.96,Maharashtra,Mumbai,MSEDCL,Commercial,9.5,11.0,12.5,14.0,300.0,16.0,6207.42
27060,Jul,2024,213.26,Maharashtra,Mumbai,MSEDCL,Domestic,5.5,8.2,10.5,12.0,125.0,16.0,1868.55
21888,Nov,2024,55.89,Maharashtra,Mumbai,MSEDCL,Domestic,5.5,8.2,10.5,12.0,125.0,16.0,500.9
32772,Oct,2024,132.76,Delhi,Delhi,BSES Yamuna,Domestic,3.0,4.5,6.5,8.0,50.0,5.0,514.05
21266,Oct,2024,377.99,Delhi,Delhi,BSES Yamuna,Domestic,3.0,4.5,6.5,8.0,50.0,5.0,1875.5
27492,Nov,2026,155.46,Delhi,Delhi,BSES Yamuna,Domestic,3.0,4.5,6.5,8.0,50.0,5.0,634.24
33019,Nov,2023,528.23,Maharashtra,Mumbai,MSEDCL,Commercial,9.5,11.0,12.5,14.0,300.0,16.0,7341.8
34528,Jun,2025,843.17,Delhi,Delhi,BSES Yamuna,Commercial,6.5,8.0,9.5,11.0,180.0,5.0,8382.97
21041,Feb,2025,349.31,Maharashtra,Mumbai,MSEDCL,Domestic,5.5,8.2,10.5,12.0,125.0,16.0,3316.43
34860,Nov,2023,167.6,West Bengal,Kolkata,CESC,Domestic,5.1,6.8,7.9,9.2,110.0,12.0,1206.2
29110,Mar,2026,99.96,Delhi,Delhi,BSES Yamuna,Domestic,3.0,4.5,6.5,8.0,50.0,5.0,366.23
34737,Jun,2025,265.47,West Bengal,Kolkata,CESC,Domestic,5.1,6.8,7.9,9.2,110.0,12.0,1971.13
28074,Apr,2023,136.73,West Bengal,Kolkata,CESC,Domestic,5.1,6.8,7.9,9.2,110.0,12.0,969.21
29078,Jun,2026,482.37,Maharashtra,Mumbai,MSEDCL,Commercial,9.5,11.0,12.5,14.0,300.0,16.0,6749.94
22753,Jan,2025,53.92,Maharashtra,Mumbai,MSEDCL,Domestic,5.5,8.2,10.5,12.0,125.0,16.0,480.8
28214,Oct,2024,170.49,West Bengal,Kolkata,CESC,Commercial,8.5,9.5,10.2,11.5,250.0,12.0,2020.34
24570,Dec,2024,109.73,West Bengal,Kolkata,CESC,Domestic,5.1,6.8,7.9,9.2,110.0,12.0,755.95
31384,Jan,2026,2582.39,Delhi,Delhi,BSES Yamuna,Commercial,6.5,8.0,9.5,11.0,180.0,5.0,28503.85
26354,Mar,2024,104.51,Maharashtra,Mumbai,MSEDCL,Domestic,5.5,8.2,10.5,12.0,125.0,16.0,821.56
22354,Aug,2026,453.23,Delhi,Delhi,BSES Yamuna,Commercial,6.5,8.0,9.5,11.0,180.0,5.0,4054.15
27438,Aug,2023,484.53,West Bengal,Kolkata,CESC,Domestic,5.1,6.8,7.9,9.2,110.0,12.0,3818.22
24800,Nov,2023,144.35,Karnataka,Bangalore,BESCOM,Domestic,4.5,6.5,7.7,8.5,100.0,9.0,895.59
20687,Apr,2025,981.2,Karnataka,Bangalore,BESCOM,Commercial,8.0,9.0,10.0,11.0,220.0,9.0,10964.01
28477,Jun,2026,34.95,Karnataka,Bangalore,BESCOM,Domestic,4.5,6.5,7.7,8.5,100.0,9.0,285.91
24812,Aug,2025,85.32,Karnataka,Bangalore,BESCOM,Domestic,4.5,6.5,7.7,8.5,100.0,9.0,529.37
31940,Jul,2025,108.5,Tamil Nadu,Chennai,TANGEDCO,Domestic,3.5,5.0,7.0,9.0,80.0,10.0,522.3
28955,Nov,2023,150.75,West Bengal,Kolkata,CESC,Domestic,5.1,6.8,7.9,9.2,110.0,12.0,1084.04
25347,Jul,2025,190.91,Tamil Nadu,Chennai,TANGEDCO,Domestic,3.5,5.0,7.0,9.0,80.0,10.0,976.06
25044,Apr,2024,238.6,West Bengal,Kolkata,CESC,Domestic,5.1,6.8,7.9,9.2,110.0,12.0,1777.88
22429,Sep,2025,219.06,Tamil Nadu,Chennai,TANGEDCO,Domestic,3.5,5.0,7.0,9.0,80.0,10.0,1110.49
30700,Dec,2026,63.97,Karnataka,Bangalore,BESCOM,Domestic,4.5,6.5,7.7,8.5,100.0,9.0,423.19
25127,Oct,2024,216.72,Karnataka,Bangalore,BESCOM,Domestic,4.5,6.5,7.7,8.5,100.0,9.0,1444.05
28221,Jun,2023,99.89,Tamil Nadu,Chennai,TANGEDCO,Domestic,3.5,5.0,7.0,9.0,80.0,10.0,474.89
29099,Dec,2026,371.62,Delhi,Delhi,BSES Yamuna,Commercial,6.5,8.0,9.5,11.0,180.0,5.0,3324.24
31297,Nov,2024,944.62,West Bengal,Kolkata,CESC,Commercial,8.5,9.5,10.2,11.5,250.0,12.0,11374.69
27814,Mar,2026,192.49,West Bengal,Kolkata,CESC,Domestic,5.1,6.8,7.9,9.2,110.0,12.0,1390.65
34415,May,2024,33.66,West Bengal,Kolkata,CESC,Domestic,5.1,6.8,7.9,9.2,110.0,12.0,316.83
32192,May,2026,871.22,Maharashtra,Mumbai,MSEDCL,Domestic,5.5,8.2,10.5,12.0,125.0,16.0,10113.58
31187,May,2026,484.92,Delhi,Delhi,BSES Yamuna,Domestic,3.0,4.5,6.5,8.0,50.0,5.0,2553.21
30699,Aug,2024,255.69,Karnataka,Bangalore,BESCOM,Domestic,4.5,6.5,7.7,8.5,100.0,9.0,1677.09
32858,Sep,2023,118.89,Karnataka,Bangalore,BESCOM,Domestic,4.5,6.5,7.7,8.5,100.0,9.0,742.3
34295,Sep,2023,131.03,West Bengal,Kolkata,CESC,Domestic,5.1,6.8,7.9,9.2,110.0,12.0,947.05
31802,Jun,2026,258.15,West Bengal,Kolkata,CESC,Domestic,5.1,6.8,7.9,9.2,110.0,12.0,1890.36
31746,Jun,2026,581.56,Tamil Nadu,Chennai,TANGEDCO,Domestic,3.5,5.0,7.0,9.0,80.0,10.0,3871.49
29646,Sep,2023,256.97,Maharashtra,Mumbai,MSEDCL,Domestic,5.5,8.2,10.5,12.0,125.0,16.0,2305.84
33026,Apr,2023,285.34,West Bengal,Kolkata,CESC,Domestic,5.1,6.8,7.9,9.2,110.0,12.0,2131.31
23357,Jun,2025,106.75,Tamil Nadu,Chennai,TANGEDCO,Domestic,3.5,5.0,7.0,9.0,80.0,10.0,503.2
28708,Apr,2023,98.75,Tamil Nadu,Chennai,TANGEDCO,Domestic,3.5,5.0,7.0,9.0,80.0,10.0,466.3
34289,Nov,2026,378.29,Tamil Nadu,Chennai,TANGEDCO,Commercial,7.5,8.5,9.8,11.2,210.0,10.0,3765.97
27267,Jan,2024,421.85,Delhi,Delhi,BSES Yamuna,Domestic,3.0,4.5,6.5,8.0,50.0,5.0,2161.36
26541,Jul,2023,207.95,Delhi,Delhi,BSES Yamuna,Domestic,3.0,4.5,6.5,8.0,50.0,5.0,875.32
20039,Oct,2025,118.33,Tamil Nadu,Chennai,TANGEDCO,Domestic,3.5,5.0,7.0,9.0,80.0,10.0,579.77
23343,Nov,2025,85.16,Karnataka,Bangalore,BESCOM,Domestic,4.5,6.5,7.7,8.5,100.0,9.0,517.54
29079,Dec,2025,93.85,Tamil Nadu,Chennai,TANGEDCO,Domestic,3.5,5.0,7.0,9.0,80.0,10.0,454.64
22845,Jun,2024,203.02,Tamil Nadu,Chennai,TANGEDCO,Domestic,3.5,5.0,7.0,9.0,80.0,10.0,1043.87
30397,Sep,2023,875.55,Maharashtra,Mumbai,MSEDCL,Commercial,9.5,11.0,12.5,14.0,300.0,16.0,13122.44
21099,Jul,2023,135.44,Karnataka,Bangalore,BESCOM,Domestic,4.5,6.5,7.7,8.5,100.0,9.0,864.31
27028,Jul,2023,326.99,Delhi,Delhi,BSES Yamuna,Domestic,3.0,4.5,6.5,8.0,50.0,5.0,1510.27
21824,Feb,2024,54.42,Karnataka,Bangalore,BESCOM,Domestic,4.5,6.5,7.7,8.5,100.0,9.0,369.69
31394,Dec,2024,223.7,Tamil Nadu,Chennai,TANGEDCO,Domestic,3.5,5.0,7.0,9.0,80.0,10.0,1162.81
33999,Nov,2026,383.71,Delhi,Delhi,BSES Yamuna,Commercial,6.5,8.0,9.5,11.0,180.0,5.0,3377.57
33262,Sep,2025,77.4,West Bengal,Kolkata,CESC,Domestic,5.1,6.8,7.9,9.2,110.0,12.0,554.15
23156,Oct,2025,121.26,Maharashtra,Mumbai,MSEDCL,Domestic,5.5,8.2,10.5,12.0,125.0,16.0,984.97
23094,Sep,2023,280.36,Tamil Nadu,Chennai,TANGEDCO,Domestic,3.5,5.0,7.0,9.0,80.0,10.0,1441.73
31723,Jun,2024,292.5,Karnataka,Bangalore,BESCOM,Domestic,4.5,6.5,7.7,8.5,100.0,9.0,1937.67
25659,Mar,2024,86.8,Karnataka,Bangalore,BESCOM,Domestic,4.5,6.5,7.7,8.5,100.0,9.0,541.72
23779,Jan,2023,305.4,Karnataka,Bangalore,BESCOM,Domestic,4.5,6.5,7.7,8.5,100.0,9.0,2068.07
22897,Apr,2023,63.71,Tamil Nadu,Chennai,TANGEDCO,Domestic,3.5,5.0,7.0,9.0,80.0,10.0,326.82
31646,Mar,2026,352.65,Maharashtra,Mumbai,MSEDCL,Domestic,5.5,8.2,10.5,12.0,125.0,16.0,3370.51
31704,Dec,2025,939.14,Maharashtra,Mumbai,MSEDCL,Commercial,9.5,11.0,12.5,14.0,300.0,16.0,13904.82
20989,Jan,2025,170.05,Delhi,Delhi,BSES Yamuna,Domestic,3.0,4.5,6.5,8.0,50.0,5.0,692.11
24117,Mar,2025,78.96,Tamil Nadu,Chennai,TANGEDCO,Domestic,3.5,5.0,7.0,9.0,80.0,10.0,385.83
26447,Apr,2026,298.85,Karnataka,Bangalore,BESCOM,Domestic,4.5,6.5,7.7,8.5,100.0,9.0,2032.76
33157,Aug,2023,130.68,Karnataka,Bangalore,BESCOM,Domestic,4.5,6.5,7.7,8.5,100.0,9.0,811.57
32219,Sep,2023,438.42,Maharashtra,Mumbai,MSEDCL,Domestic,5.5,8.2,10.5,12.0,125.0,16.0,4421.15
24180,Mar,2025,2524.35,Tamil Nadu,Chennai,TANGEDCO,Commercial,7.5,8.5,9.8,11.2,210.0,10.0,29532.34
21683,Jun,2025,120.14,West Bengal,Kolkata,CESC,Domestic,5.1,6.8,7.9,9.2,110.0,12.0,833.74
34265,Oct,2026,49.39,West Bengal,Kolkata,CESC,Domestic,5.1,6.8,7.9,9.2,110.0,12.0,405.45
33699,Nov,2024,234.73,Tamil Nadu,Chennai,TANGEDCO,Commercial,7.5,8.5,9.8,11.2,210.0,10.0,2285.6
25627,May,2024,127.92,West Bengal,Kolkata,CESC,Domestic,5.1,6.8,7.9,9.2,110.0,12.0,890.94
27425,Jun,2025,159.14,Karnataka,Bangalore,BESCOM,Commercial,8.0,9.0,10.0,11.0,220.0,9.0,1698.28
32858,Apr,2026,463.28,Maharashtra,Mumbai,MSEDCL,Domestic,5.5,8.2,10.5,12.0,125.0,16.0,4655.86
32156,Oct,2025,629.82,Delhi,Delhi,BSES Yamuna,Domestic,3.0,4.5,6.5,8.0,50.0,5.0,3733.19
20934,Jun,2024,55.53,West Bengal,Kolkata,CESC,Domestic,5.1,6.8,7.9,9.2,110.0,12.0,436.43
23599,Jul,2025,1505.67,Tamil Nadu,Chennai,TANGEDCO,Commercial,7.5,8.5,9.8,11.2,210.0,10.0,17600.54
31426,Sep,2024,200.02,Karnataka,Bangalore,BESCOM,Domestic,4.5,6.5,7.7,8.5,100.0,9.0,1296.73
21981,Oct,2024,111.78,Tamil Nadu,Chennai,TANGEDCO,Domestic,3.5,5.0,7.0,9.0,80.0,10.0,531.56
30048,Jul,2024,405.37,Maharashtra,Mumbai,MSEDCL,Commercial,9.5,11.0,12.5,14.0,300.0,16.0,5572.47
23057,Jun,2023,161.59,Maharashtra,Mumbai,MSEDCL,Domestic,5.5,8.2,10.5,12.0,125.0,16.0,1366.85
28985,Jan,2023,272.38,Tamil Nadu,Chennai,TANGEDCO,Domestic,3.5,5.0,7.0,9.0,80.0,10.0,1400.36
20792,Feb,2025,57.4,Karnataka,Bangalore,BESCOM,Domestic,4.5,6.5,7.7,8.5,100.0,9.0,398.3
30002,Jan,2024,173.27,Maharashtra,Mumbai,MSEDCL,Domestic,5.5,8.2,10.5,12.0,125.0,16.0,1499.97
25391,Sep,2023,169.48,Tamil Nadu,Chennai,TANGEDCO,Domestic,3.5,5.0,7.0,9.0,80.0,10.0,855.9
26636,Oct,2025,46.82,Karnataka,Bangalore,BESCOM,Domestic,4.5,6.5,7.7,8.5,100.0,9.0,332.46
22256,Oct,2025,227.26,Maharashtra,Mumbai,MSEDCL,Commercial,9.5,11.0,12.5,14.0,300.0,16.0,3022.97
23611,Sep,2025,92.47,Karnataka,Bangalore,BESCOM,Domestic,4.5,6.5,7.7,8.5,100.0,9.0,554.3
21608,Jul,2025,267.99,Maharashtra,Mumbai,MSEDCL,Domestic,5.5,8.2,10.5,12.0,125.0,16.0,2363.96
25180,Feb,2025,1291.0,Karnataka,Bangalore,BESCOM,Commercial,8.0,9.0,10.0,11.0,220.0,9.0,14799.44
26574,Jun,2026,318.19,Delhi,Delhi,BSES Yamuna,Domestic,3.0,4.5,6.5,8.0,50.0,5.0,1457.83
20985,Nov,2024,85.81,Karnataka,Bangalore,BESCOM,Domestic,4.5,6.5,7.7,8.5,100.0,9.0,521.21
25777,Apr,2025,63.57,Maharashtra,Mumbai,MSEDCL,Domestic,5.5,8.2,10.5,12.0,125.0,16.0,551.32
23677,Jan,2026,409.04,Karnataka,Bangalore,BESCOM,Domestic,4.5,6.5,7.7,8.5,100.0,9.0,2911.41
23381,Jan,2024,1475.5,Delhi,Delhi,BSES Yamuna,Commercial,6.5,8.0,9.5,11.0,180.0,5.0,15766.6
28712,Dec,2023,140.54,Tamil Nadu,Chennai,TANGEDCO,Domestic,3.5,5.0,7.0,9.0,80.0,10.0,691.59
28783,May,2025,359.59,West Bengal,Kolkata,CESC,Domestic,5.1,6.8,7.9,9.2,110.0,12.0,2710.97
21051,Dec,2026,165.72,Tamil Nadu,Chennai,TANGEDCO,Domestic,3.5,5.0,7.0,9.0,80.0,10.0,847.85
33998,Feb,2023,39.59,West Bengal,Kolkata,CESC,Domestic,5.1,6.8,7.9,9.2,110.0,12.0,346.6
23634,Apr,2026,39.54,Maharashtra,Mumbai,MSEDCL,Domestic,5.5,8.2,10.5,12.0,125.0,16.0,405.17
34324,Jan,2024,70.79,Karnataka,Bangalore,BESCOM,Domestic,4.5,6.5,7.7,8.5,100.0,9.0,453.43
26343,Apr,2024,161.59,Tamil Nadu,Chennai,TANGEDCO,Domestic,3.5,5.0,7.0,9.0,80.0,10.0,819.49
34723,Nov,2023,729.3,West Bengal,Kolkata,CESC,Commercial,8.5,9.5,10.2,11.5,250.0,12.0,8643.26
32637,Jun,2026,81.5,Delhi,Delhi,BSES Yamuna,Domestic,3.0,4.5,6.5,8.0,50.0,5.0,311.22
20960,Oct,2025,107.07,Tamil Nadu,Chennai,TANGEDCO,Domestic,3.5,5.0,7.0,9.0,80.0,10.0,508.65
26060,Apr,2025,482.54,West Bengal,Kolkata,CESC,Domestic,5.1,6.8,7.9,9.2,110.0,12.0,3799.42
28885,Jan,2023,136.25,Karnataka,Bangalore,BESCOM,Commercial,8.0,9.0,10.0,11.0,220.0,9.0,1493.69
25656,Jul,2023,107.08,Delhi,Delhi,BSES Yamuna,Domestic,3.0,4.5,6.5,8.0,50.0,5.0,398.17
32092,Feb,2023,113.24,Karnataka,Bangalore,BESCOM,Domestic,4.5,6.5,7.7,8.5,100.0,9.0,682.56
24474,Sep,2026,136.31,Maharashtra,Mumbai,MSEDCL,Commercial,9.5,11.0,12.5,14.0,300.0,16.0,1886.52
22947,Mar,2025,188.22,Tamil Nadu,Chennai,TANGEDCO,Commercial,7.5,8.5,9.8,11.2,210.0,10.0,1902.33
27726,Aug,2025,196.38,Karnataka,Bangalore,BESCOM,Domestic,4.5,6.5,7.7,8.5,100.0,9.0,1263.13
20527,Aug,2025,365.04,West Bengal,Kolkata,CESC,Domestic,5.1,6.8,7.9,9.2,110.0,12.0,2801.97
23225,Mar,2023,216.48,Tamil Nadu,Chennai,TANGEDCO,Domestic,3.5,5.0,7.0,9.0,80.0,10.0,1113.79
30446,Apr,2025,255.25,Maharashtra,Mumbai,MSEDCL,Commercial,9.5,11.0,12.5,14.0,300.0,16.0,3465.58
34791,Feb,2024,50.97,Karnataka,Bangalore,BESCOM,Domestic,4.5,6.5,7.7,8.5,100.0,9.0,359.1
31537,Apr,2023,334.56,Karnataka,Bangalore,BESCOM,Commercial,8.0,9.0,10.0,11.0,220.0,9.0,3417.48
32158,Nov,2025,175.16,West Bengal,Kolkata,CESC,Domestic,5.1,6.8,7.9,9.2,110.0,12.0,1287.61
33548,Nov,2026,299.66,Delhi,Delhi,BSES Yamuna,Domestic,3.0,4.5,6.5,8.0,50.0,5.0,1326.03
21876,Nov,2023,140.83,Tamil Nadu,Chennai,TANGEDCO,Domestic,3.5,5.0,7.0,9.0,80.0,10.0,704.38
21764,Sep,2024,481.64,Delhi,Delhi,BSES Yamuna,Domestic,3.0,4.5,6.5,8.0,50.0,5.0,2593.61
28713,Feb,2024,518.1,Delhi,Delhi,BSES Yamuna,Domestic,3.0,4.5,6.5,8.0,50.0,5.0,2848.66
25798,Dec,2026,277.44,Delhi,Delhi,BSES Yamuna,Domestic,3.0,4.5,6.5,8.0,50.0,5.0,1185.41
29209,Dec,2026,1634.64,Maharashtra,Mumbai,MSEDCL,Commercial,9.5,11.0,12.5,14.0,300.0,16.0,25254.43
27100,Mar,2023,279.8,Delhi,Delhi,BSES Yamuna,Domestic,3.0,4.5,6.5,8.0,50.0,5.0,1220.53
25110,Nov,2023,210.58,Maharashtra,Mumbai,MSEDCL,Domestic,5.5,8.2,10.5,12.0,125.0,16.0,1828.96
26645,Nov,2024,456.6,Karnataka,Bangalore,BESCOM,Domestic,4.5,6.5,7.7,8.5,100.0,9.0,3273.56
20117,Apr,2026,265.75,Delhi,Delhi,BSES Yamuna,Domestic,3.0,4.5,6.5,8.0,50.0,5.0,1129.24
22434,May,2023,338.63,Maharashtra,Mumbai,MSEDCL,Domestic,5.5,8.2,10.5,12.0,125.0,16.0,3144.91
25464,Jan,2024,702.48,West Bengal,Kolkata,CESC,Domestic,5.1,6.8,7.9,9.2,110.0,12.0,6144.8
20584,Jul,2026,260.59,Karnataka,Bangalore,BESCOM,Commercial,8.0,9.0,10.0,11.0,220.0,9.0,2640.65
28587,Oct,2024,168.45,Karnataka,Bangalore,BESCOM,Domestic,4.5,6.5,7.7,8.5,100.0,9.0,1093.44
33376,Jul,2025,620.73,Karnataka,Bangalore,BESCOM,Domestic,4.5,6.5,7.7,8.5,100.0,9.0,4730.89
23789,Sep,2026,229.77,Maharashtra,Mumbai,MSEDCL,Domestic,5.5,8.2,10.5,12.0,125.0,16.0,2023.58
30961,Apr,2023,211.87,Karnataka,Bangalore,BESCOM,Domestic,4.5,6.5,7.7,8.5,100.0,9.0,1417.0
24168,Jun,2023,34.52,Delhi,Delhi,BSES Yamuna,Domestic,3.0,4.5,6.5,8.0,50.0,5.0,163.06
32053,Nov,2025,530.36,Karnataka,Bangalore,BESCOM,Commercial,8.0,9.0,10.0,11.0,220.0,9.0,5640.88
28466,Feb,2026,204.4,Maharashtra,Mumbai,MSEDCL,Commercial,9.5,11.0,12.5,14.0,300.0,16.0,2824.69
30206,Dec,2024,241.15,Maharashtra,Mumbai,MSEDCL,Domestic,5.5,8.2,10.5,12.0,125.0,16.0,2122.08
33632,Dec,2023,101.39,Tamil Nadu,Chennai,TANGEDCO,Domestic,3.5,5.0,7.0,9.0,80.0,10.0,473.31
32626,Apr,2025,651.96,Maharashtra,Mumbai,MSEDCL,Commercial,9.5,11.0,12.5,14.0,300.0,16.0,9306.48
21390,Feb,2025,329.7,Tamil Nadu,Chennai,TANGEDCO,Domestic,3.5,5.0,7.0,9.0,80.0,10.0,1834.03
31759,Oct,2026,268.03,Karnataka,Bangalore,BESCOM,Domestic,4.5,6.5,7.7,8.5,100.0,9.0,1822.44
32895,May,2026,58.63,Maharashtra,Mumbai,MSEDCL,Domestic,5.5,8.2,10.5,12.0,125.0,16.0,527.19
28358,Jul,2023,71.09,Maharashtra,Mumbai,MSEDCL,Domestic,5.5,8.2,10.5,12.0,125.0,16.0,603.23
29760,Jan,2025,694.24,Tamil Nadu,Chennai,TANGEDCO,Commercial,7.5,8.5,9.8,11.2,210.0,10.0,7607.23
26155,Oct,2024,104.3,West Bengal,Kolkata,CESC,Domestic,5.1,6.8,7.9,9.2,110.0,12.0,714.06
25421,Oct,2025,111.15,Karnataka,Bangalore,BESCOM,Domestic,4.5,6.5,7.7,8.5,100.0,9.0,678.17
28921,Jul,2024,45.55,West Bengal,Kolkata,CESC,Domestic,5.1,6.8,7.9,9.2,110.0,12.0,379.57
22044,Oct,2024,2595.17,Delhi,Delhi,BSES Yamuna,Commercial,6.5,8.0,9.5,11.0,180.0,5.0,28859.07
24198,Jun,2023,356.64,Delhi,Delhi,BSES Yamuna,Domestic,3.0,4.5,6.5,8.0,50.0,5.0,1676.9
23497,Jun,2025,262.97,Karnataka,Bangalore,BESCOM,Domestic,4.5,6.5,7.7,8.5,100.0,9.0,1764.81
33704,Dec,2024,547.58,Karnataka,Bangalore,BESCOM,Domestic,4.5,6.5,7.7,8.5,100.0,9.0,4091.02
20779,Aug,2026,476.74,West Bengal,Kolkata,CESC,Domestic,5.1,6.8,7.9,9.2,110.0,12.0,3802.52
20214,Aug,2024,83.13,Tamil Nadu,Chennai,TANGEDCO,Domestic,3.5,5.0,7.0,9.0,80.0,10.0,410.22
23763,Jun,2026,33.14,Delhi,Delhi,BSES Yamuna,Domestic,3.0,4.5,6.5,8.0,50.0,5.0,159.9
33400,Mar,2026,267.76,Delhi,Delhi,BSES Yamuna,Domestic,3.0,4.5,6.5,8.0,50.0,5.0,1170.04
29769,May,2025,236.3,Tamil Nadu,Chennai,TANGEDCO,Domestic,3.5,5.0,7.0,9.0,80.0,10.0,1217.45
30641,Feb,2026,310.68,Delhi,Delhi,BSES Yamuna,Commercial,6.5,8.0,9.5,11.0,180.0,5.0,2653.17
26732,May,2024,154.68,Karnataka,Bangalore,BESCOM,Domestic,4.5,6.5,7.7,8.5,100.0,9.0,975.39
31129,Sep,2026,927.87,Karnataka,Bangalore,BESCOM,Domestic,4.5,6.5,7.7,8.5,100.0,9.0,7528.2
23118,Oct,2025,790.46,West Bengal,Kolkata,CESC,Domestic,5.1,6.8,7.9,9.2,110.0,12.0,6856.48
25792,Jan,2023,58.09,Tamil Nadu,Chennai,TANGEDCO,Domestic,3.5,5.0,7.0,9.0,80.0,10.0,316.27
28784,Oct,2024,187.28,Tamil Nadu,Chennai,TANGEDCO,Domestic,3.5,5.0,7.0,9.0,80.0,10.0,950.61
33622,May,2024,1578.46,Delhi,Delhi,BSES Yamuna,Commercial,6.5,8.0,9.5,11.0,180.0,5.0,17323.95
33398,Dec,2025,1296.11,Karnataka,Bangalore,BESCOM,Commercial,8.0,9.0,10.0,11.0,220.0,9.0,14686.21
34428,Jun,2025,80.44,Karnataka,Bangalore,BESCOM,Domestic,4.5,6.5,7.7,8.5,100.0,9.0,507.76
22721,Nov,2025,296.34,Delhi,Delhi,BSES Yamuna,Domestic,3.0,4.5,6.5,8.0,50.0,5.0,1296.77
28906,Jul,2025,235.48,Maharashtra,Mumbai,MSEDCL,Domestic,5.5,8.2,10.5,12.0,125.0,16.0,2085.38
29128,Sep,2024,418.18,Tamil Nadu,Chennai,TANGEDCO,Domestic,3.5,5.0,7.0,9.0,80.0,10.0,2509.76
26048,Jun,2023,349.01,Karnataka,Bangalore,BESCOM,Domestic,4.5,6.5,7.7,8.5,100.0,9.0,2471.84
32530,May,2026,180.44,Tamil Nadu,Chennai,TANGEDCO,Domestic,3.5,5.0,7.0,9.0,80.0,10.0,916.52
34332,Dec,2026,215.03,Maharashtra,Mumbai,MSEDCL,Commercial,9.5,11.0,12.5,14.0,300.0,16.0,2960.7
28033,Jul,2023,306.58,Tamil Nadu,Chennai,TANGEDCO,Domestic,3.5,5.0,7.0,9.0,80.0,10.0,1606.46
20002,Jan,2023,212.28,Maharashtra,Mumbai,MSEDCL,Domestic,5.5,8.2,10.5,12.0,125.0,16.0,1828.21
26369,Nov,2023,176.55,Tamil Nadu,Chennai,TANGEDCO,Commercial,7.5,8.5,9.8,11.2,210.0,10.0,1758.24
31041,May,2025,114.76,Tamil Nadu,Chennai,TANGEDCO,Domestic,3.5,5.0,7.0,9.0,80.0,10.0,561.56
34057,Feb,2024,310.99,Tamil Nadu,Chennai,TANGEDCO,Domestic,3.5,5.0,7.0,9.0,80.0,10.0,1653.61
32237,Apr,2024,220.91,Karnataka,Bangalore,BESCOM,Domestic,4.5,6.5,7.7,8.5,100.0,9.0,1434.11
21950,Jul,2024,529.35,Delhi,Delhi,BSES Yamuna,Domestic,3.0,4.5,6.5,8.0,50.0,5.0,2874.87
26733,May,2025,450.94,Maharashtra,Mumbai,MSEDCL,Commercial,9.5,11.0,12.5,14.0,300.0,16.0,6123.29
34452,Dec,2024,239.21,Tamil Nadu,Chennai,TANGEDCO,Commercial,7.5,8.5,9.8,11.2,210.0,10.0,2346.91
27834,Jun,2025,357.91,Delhi,Delhi,BSES Yamuna,Commercial,6.5,8.0,9.5,11.0,180.0,5.0,3170.11
20918,Feb,2024,340.36,Tamil Nadu,Chennai,TANGEDCO,Commercial,7.5,8.5,9.8,11.2,210.0,10.0,3397.86
23175,Mar,2023,449.61,Maharashtra,Mumbai,MSEDCL,Domestic,5.5,8.2,10.5,12.0,125.0,16.0,4568.33
30434,Jul,2026,321.45,Maharashtra,Mumbai,MSEDCL,Commercial,9.5,11.0,12.5,14.0,300.0,16.0,4363.55
27015,Nov,2026,678.2,Karnataka,Bangalore,BESCOM,Commercial,8.0,9.0,10.0,11.0,220.0,9.0,7314.35
20090,Feb,2025,83.19,Delhi,Delhi,BSES Yamuna,Domestic,3.0,4.5,6.5,8.0,50.0,5.0,318.42
21710,Dec,2024,388.79,West Bengal,Kolkata,CESC,Domestic,5.1,6.8,7.9,9.2,110.0,12.0,2988.99
30362,Jun,2026,111.09,Maharashtra,Mumbai,MSEDCL,Domestic,5.5,8.2,10.5,12.0,125.0,16.0,886.36
32431,May,2023,88.74,West Bengal,Kolkata,CESC,Domestic,5.1,6.8,7.9,9.2,110.0,12.0,639.2
23042,Oct,2023,200.48,Maharashtra,Mumbai,MSEDCL,Domestic,5.5,8.2,10.5,12.0,125.0,16.0,1739.31
20106,Jan,2023,1324.89,Karnataka,Bangalore,BESCOM,Commercial,8.0,9.0,10.0,11.0,220.0,9.0,15157.72
29079,Dec,2025,650.52,Karnataka,Bangalore,BESCOM,Commercial,8.0,9.0,10.0,11.0,220.0,9.0,7010.45
28620,Nov,2025,154.81,Tamil Nadu,Chennai,TANGEDCO,Domestic,3.5,5.0,7.0,9.0,80.0,10.0,769.13
33617,Oct,2024,320.68,Maharashtra,Mumbai,MSEDCL,Domestic,5.5,8.2,10.5,12.0,125.0,16.0,2956.25
21896,Nov,2023,2800.0,Delhi,Delhi,BSES Yamuna,Commercial,6.5,8.0,9.5,11.0,180.0,5.0,31468.51
26091,Apr,2024,53.12,Delhi,Delhi,BSES Yamuna,Domestic,3.0,4.5,6.5,8.0,50.0,5.0,221.18
28509,Nov,2024,35.53,Tamil Nadu,Chennai,TANGEDCO,Domestic,3.5,5.0,7.0,9.0,80.0,10.0,222.36
26083,Feb,2023,133.49,Delhi,Delhi,BSES Yamuna,Domestic,3.0,4.5,6.5,8.0,50.0,5.0,532.18
20635,Apr,2024,268.42,West Bengal,Kolkata,CESC,Commercial,8.5,9.5,10.2,11.5,250.0,12.0,3067.85
21926,Jan,2026,213.21,Tamil Nadu,Chennai,TANGEDCO,Commercial,7.5,8.5,9.8,11.2,210.0,10.0,2080.6
22057,Feb,2025,389.87,Maharashtra,Mumbai,MSEDCL,Domestic,5.5,8.2,10.5,12.0,125.0,16.0,3820.99
26918,Aug,2024,176.13,Tamil Nadu,Chennai,TANGEDCO,Domestic,3.5,5.0,7.0,9.0,80.0,10.0,906.39
23145,Jun,2023,222.24,West Bengal,Kolkata,CESC,Commercial,8.5,9.5,10.2,11.5,250.0,12.0,2553.78
30463,Feb,2025,93.15,Maharashtra,Mumbai,MSEDCL,Domestic,5.5,8.2,10.5,12.0,125.0,16.0,725.21
29632,Dec,2025,918.54,Delhi,Delhi,BSES Yamuna,Domestic,3.0,4.5,6.5,8.0,50.0,5.0,6271.33
20553,Jun,2024,218.11,Maharashtra,Mumbai,MSEDCL,Domestic,5.5,8.2,10.5,12.0,125.0,16.0,1923.03
28908,Oct,2026,148.54,Karnataka,Bangalore,BESCOM,Domestic,4.5,6.5,7.7,8.5,100.0,9.0,959.14
25384,Sep,2024,108.18,Maharashtra,Mumbai,MSEDCL,Domestic,5.5,8.2,10.5,12.0,125.0,16.0,852.29
23912,Jul,2026,625.7,Maharashtra,Mumbai,MSEDCL,Domestic,5.5,8.2,10.5,12.0,125.0,16.0,6832.47
29906,Sep,2025,840.94,West Bengal,Kolkata,CESC,Commercial,8.5,9.5,10.2,11.5,250.0,12.0,9887.0
34172,May,2024,221.65,Tamil Nadu,Chennai,TANGEDCO,Domestic,3.5,5.0,7.0,9.0,80.0,10.0,1138.24
23390,Jul,2023,1493.64,Karnataka,Bangalore,BESCOM,Commercial,8.0,9.0,10.0,11.0,220.0,9.0,16991.72
29300,Nov,2024,561.1,Delhi,Delhi,BSES Yamuna,Commercial,6.5,8.0,9.5,11.0,180.0,5.0,5221.98
33630,Jul,2026,217.84,West Bengal,Kolkata,CESC,Domestic,5.1,6.8,7.9,9.2,110.0,12.0,1573.94
32399,Dec,2026,320.02,Tamil Nadu,Chennai,TANGEDCO,Domestic,3.5,5.0,7.0,9.0,80.0,10.0,1717.34
28443,Dec,2024,30.37,Tamil Nadu,Chennai,TANGEDCO,Domestic,3.5,5.0,7.0,9.0,80.0,10.0,203.62
22431,Mar,2026,140.59,Tamil Nadu,Chennai,TANGEDCO,Commercial,7.5,8.5,9.8,11.2,210.0,10.0,1438.45
30247,Jul,2025,75.82,West Bengal,Kolkata,CESC,Domestic,5.1,6.8,7.9,9.2,110.0,12.0,565.54
20459,Jan,2024,146.46,Maharashtra,Mumbai,MSEDCL,Domestic,5.5,8.2,10.5,12.0,125.0,16.0,1203.51
33396,Sep,2026,127.26,Karnataka,Bangalore,BESCOM,Domestic,4.5,6.5,7.7,8.5,100.0,9.0,780.36
20208,Oct,2024,30.83,Karnataka,Bangalore,BESCOM,Domestic,4.5,6.5,7.7,8.5,100.0,9.0,264.81
20900,Jun,2024,168.38,Maharashtra,Mumbai,MSEDCL,Commercial,9.5,11.0,12.5,14.0,300.0,16.0,2331.76
31654,May,2023,561.75,Delhi,Delhi,BSES Yamuna,Domestic,3.0,4.5,6.5,8.0,50.0,5.0,3241.8
31578,Jul,2024,54.28,Delhi,Delhi,BSES Yamuna,Domestic,3.0,4.5,6.5,8.0,50.0,5.0,224.39
20022,May,2023,72.34,Delhi,Delhi,BSES Yamuna,Domestic,3.0,4.5,6.5,8.0,50.0,5.0,279.83
28602,Oct,2026,354.69,Delhi,Delhi,BSES Yamuna,Commercial,6.5,8.0,9.5,11.0,180.0,5.0,3157.7
20895,May,2023,408.67,Maharashtra,Mumbai,MSEDCL,Domestic,5.5,8.2,10.5,12.0,125.0,16.0,4079.15
20515,Nov,2023,173.4,Karnataka,Bangalore,BESCOM,Domestic,4.5,6.5,7.7,8.5,100.0,9.0,1097.26
27295,Oct,2023,114.61,Tamil Nadu,Chennai,TANGEDCO,Domestic,3.5,5.0,7.0,9.0,80.0,10.0,557.19
24905,Nov,2025,342.16,Maharashtra,Mumbai,MSEDCL,Domestic,5.5,8.2,10.5,12.0,125.0,16.0,3191.07
27868,Jul,2023,482.17,Karnataka,Bangalore,BESCOM,Commercial,8.0,9.0,10.0,11.0,220.0,9.0,5072.88
33162,Oct,2024,158.27,Maharashtra,Mumbai,MSEDCL,Commercial,9.5,11.0,12.5,14.0,300.0,16.0,2190.87
24110,Jul,2023,1893.56,Karnataka,Bangalore,BESCOM,Commercial,8.0,9.0,10.0,11.0,220.0,9.0,21839.5
33259,Nov,2024,38.48,Maharashtra,Mumbai,MSEDCL,Domestic,5.5,8.2,10.5,12.0,125.0,16.0,386.84
27180,Mar,2023,1246.26,Maharashtra,Mumbai,MSEDCL,Commercial,9.5,11.0,12.5,14.0,300.0,16.0,18878.65
30327,Mar,2025,113.9,Tamil Nadu,Chennai,TANGEDCO,Domestic,3.5,5.0,7.0,9.0,80.0,10.0,538.96
31788,Oct,2026,276.18,Maharashtra,Mumbai,MSEDCL,Commercial,9.5,11.0,12.5,14.0,300.0,16.0,3754.72
31149,Dec,2023,80.71,Maharashtra,Mumbai,MSEDCL,Domestic,5.5,8.2,10.5,12.0,125.0,16.0,667.04
21561,Mar,2023,296.94,Maharashtra,Mumbai,MSEDCL,Domestic,5.5,8.2,10.5,12.0,125.0,16.0,2640.26
33613,Jun,2025,640.24,West Bengal,Kolkata,CESC,Domestic,5.1,6.8,7.9,9.2,110.0,12.0,5493.86
21267,Dec,2023,193.49,Karnataka,Bangalore,BESCOM,Domestic,4.5,6.5,7.7,8.5,100.0,9.0,1242.35
30362,Jun,2024,275.09,West Bengal,Kolkata,CESC,Domestic,5.1,6.8,7.9,9.2,110.0,12.0,2021.16
23639,Mar,2023,891.46,West Bengal,Kolkata,CESC,Commercial,8.5,9.5,10.2,11.5,250.0,12.0,10732.9
28942,Mar,2023,119.13,Maharashtra,Mumbai,MSEDCL,Domestic,5.5,8.2,10.5,12.0,125.0,16.0,976.18
23428,Aug,2026,460.54,Delhi,Delhi,BSES Yamuna,Commercial,6.5,8.0,9.5,11.0,180.0,5.0,4143.72
24781,Aug,2026,210.83,Karnataka,Bangalore,BESCOM,Domestic,4.5,6.5,7.7,8.5,100.0,9.0,1387.38
21928,Jul,2023,183.58,Tamil Nadu,Chennai,TANGEDCO,Domestic,3.5,5.0,7.0,9.0,80.0,10.0,933.25
31997,Oct,2025,1272.57,Delhi,Delhi,BSES Yamuna,Commercial,6.5,8.0,9.5,11.0,180.0,5.0,13451.71
31895,Apr,2026,49.7,West Bengal,Kolkata,CESC,Domestic,5.1,6.8,7.9,9.2,110.0,12.0,409.58
22357,Apr,2023,217.94,Tamil Nadu,Chennai,TANGEDCO,Domestic,3.5,5.0,7.0,9.0,80.0,10.0,1126.58
24791,Mar,2026,408.55,Karnataka,Bangalore,BESCOM,Commercial,8.0,9.0,10.0,11.0,220.0,9.0,4224.36
30528,May,2023,40.92,Tamil Nadu,Chennai,TANGEDCO,Domestic,3.5,5.0,7.0,9.0,80.0,10.0,242.51
20307,Mar,2026,252.04,Karnataka,Bangalore,BESCOM,Domestic,4.5,6.5,7.7,8.5,100.0,9.0,1657.78
27980,Aug,2026,302.0,West Bengal,Kolkata,CESC,Commercial,8.5,9.5,10.2,11.5,250.0,12.0,3347.55
23666,Jul,2024,172.19,Maharashtra,Mumbai,MSEDCL,Domestic,5.5,8.2,10.5,12.0,125.0,16.0,1494.47
30182,Mar,2023,2199.51,Karnataka,Bangalore,BESCOM,Commercial,8.0,9.0,10.0,11.0,220.0,9.0,25785.2
27058,Sep,2023,226.18,Tamil Nadu,Chennai,TANGEDCO,Domestic,3.5,5.0,7.0,9.0,80.0,10.0,1172.72
20662,Dec,2023,152.33,West Bengal,Kolkata,CESC,Domestic,5.1,6.8,7.9,9.2,110.0,12.0,1085.14
24645,May,2023,146.87,Karnataka,Bangalore,BESCOM,Domestic,4.5,6.5,7.7,8.5,100.0,9.0,932.45
28504,Sep,2026,154.42,Karnataka,Bangalore,BESCOM,Domestic,4.5,6.5,7.7,8.5,100.0,9.0,1000.1
22921,Jul,2024,809.11,Delhi,Delhi,BSES Yamuna,Domestic,3.0,4.5,6.5,8.0,50.0,5.0,5193.55
29275,Jul,2024,144.05,Delhi,Delhi,BSES Yamuna,Commercial,6.5,8.0,9.5,11.0,180.0,5.0,1246.71
31164,Jun,2025,59.15,Delhi,Delhi,BSES Yamuna,Domestic,3.0,4.5,6.5,8.0,50.0,5.0,237.72
34026,Feb,2023,74.68,West Bengal,Kolkata,CESC,Domestic,5.1,6.8,7.9,9.2,110.0,12.0,539.92
28947,Sep,2025,249.03,Karnataka,Bangalore,BESCOM,Domestic,4.5,6.5,7.7,8.5,100.0,9.0,1660.72
32323,Jun,2026,216.46,Tamil Nadu,Chennai,TANGEDCO,Domestic,3.5,5.0,7.0,9.0,80.0,10.0,1100.19
32733,Aug,2025,105.53,Karnataka,Bangalore,BESCOM,Domestic,4.5,6.5,7.7,8.5,100.0,9.0,646.02
26237,Jan,2023,420.29,Maharashtra,Mumbai,MSEDCL,Domestic,5.5,8.2,10.5,12.0,125.0,16.0,4147.82
26079,May,2024,83.18,Maharashtra,Mumbai,MSEDCL,Domestic,5.5,8.2,10.5,12.0,125.0,16.0,664.89
33519,Dec,2024,308.55,Maharashtra,Mumbai,MSEDCL,Domestic,5.5,8.2,10.5,12.0,125.0,16.0,2821.34
20353,Jan,2023,553.81,Delhi,Delhi,BSES Yamuna,Domestic,3.0,4.5,6.5,8.0,50.0,5.0,3173.81
29095,Oct,2026,44.19,Karnataka,Bangalore,BESCOM,Domestic,4.5,6.5,7.7,8.5,100.0,9.0,327.0
33644,Nov,2023,335.83,Tamil Nadu,Chennai,TANGEDCO,Domestic,3.5,5.0,7.0,9.0,80.0,10.0,1821.62
32081,Aug,2026,35.12,Maharashtra,Mumbai,MSEDCL,Domestic,5.5,8.2,10.5,12.0,125.0,16.0,370.58
27006,Aug,2024,267.76,Maharashtra,Mumbai,MSEDCL,Domestic,5.5,8.2,10.5,12.0,125.0,16.0,2421.64
34037,Jan,2026,160.01,West Bengal,Kolkata,CESC,Commercial,8.5,9.5,10.2,11.5,250.0,12.0,1869.46
20159,Sep,2023,742.51,Karnataka,Bangalore,BESCOM,Commercial,8.0,9.0,10.0,11.0,220.0,9.0,8058.73
30170,Feb,2023,87.8,Maharashtra,Mumbai,MSEDCL,Domestic,5.5,8.2,10.5,12.0,125.0,16.0,696.11
20957,Dec,2023,950.0,Delhi,Delhi,BSES Yamuna,Domestic,3.0,4.5,6.5,8.0,50.0,5.0,6496.79
22072,Sep,2026,344.89,West Bengal,Kolkata,CESC,Commercial,8.5,9.5,10.2,11.5,250.0,12.0,3936.5
28596,Jan,2026,768.59,West Bengal,Kolkata,CESC,Domestic,5.1,6.8,7.9,9.2,110.0,12.0,6784.99
32804,Dec,2026,950.0,Tamil Nadu,Chennai,TANGEDCO,Domestic,3.5,5.0,7.0,9.0,80.0,10.0,7576.57
30972,Oct,2024,249.38,Tamil Nadu,Chennai,TANGEDCO,Domestic,3.5,5.0,7.0,9.0,80.0,10.0,1315.96
29580,Sep,2025,531.15,Maharashtra,Mumbai,MSEDCL,Commercial,9.5,11.0,12.5,14.0,300.0,16.0,7332.63
23454,Apr,2025,117.67,Delhi,Delhi,BSES Yamuna,Domestic,3.0,4.5,6.5,8.0,50.0,5.0,454.78
26676,Sep,2023,450.65,Maharashtra,Mumbai,MSEDCL,Commercial,9.5,11.0,12.5,14.0,300.0,16.0,6226.98
20956,Jul,2024,152.74,West Bengal,Kolkata,CESC,Domestic,5.1,6.8,7.9,9.2,110.0,12.0,1101.7
26296,Nov,2026,234.71,Delhi,Delhi,BSES Yamuna,Domestic,3.0,4.5,6.5,8.0,50.0,5.0,986.44
21713,Jun,2023,133.73,West Bengal,Kolkata,CESC,Commercial,8.5,9.5,10.2,11.5,250.0,12.0,1596.61
24704,May,2024,368.34,Karnataka,Bangalore,BESCOM,Domestic,4.5,6.5,7.7,8.5,100.0,9.0,2542.05
26564,Nov,2023,290.26,Tamil Nadu,Chennai,TANGEDCO,Domestic,3.5,5.0,7.0,9.0,80.0,10.0,1530.6
29466,Sep,2024,161.59,West Bengal,Kolkata,CESC,Domestic,5.1,6.8,7.9,9.2,110.0,12.0,1142.29
25632,Feb,2024,86.97,Karnataka,Bangalore,BESCOM,Domestic,4.5,6.5,7.7,8.5,100.0,9.0,530.14
32004,Nov,2025,133.46,Maharashtra,Mumbai,MSEDCL,Domestic,5.5,8.2,10.5,12.0,125.0,16.0,1109.36
30818,Dec,2023,58.53,Karnataka,Bangalore,BESCOM,Domestic,4.5,6.5,7.7,8.5,100.0,9.0,390.38
30575,Feb,2026,62.31,Karnataka,Bangalore,BESCOM,Domestic,4.5,6.5,7.7,8.5,100.0,9.0,416.16
29634,Nov,2025,218.53,Tamil Nadu,Chennai,TANGEDCO,Domestic,3.5,5.0,7.0,9.0,80.0,10.0,1128.29
31172,Dec,2025,99.25,Tamil Nadu,Chennai,TANGEDCO,Domestic,3.5,5.0,7.0,9.0,80.0,10.0,471.78
29990,Sep,2026,194.9,Maharashtra,Mumbai,MSEDCL,Domestic,5.5,8.2,10.5,12.0,125.0,16.0,1655.76
32583,Dec,2024,32.62,Delhi,Delhi,BSES Yamuna,Domestic,3.0,4.5,6.5,8.0,50.0,5.0,155.85
32202,Mar,2026,218.02,Delhi,Delhi,BSES Yamuna,Domestic,3.0,4.5,6.5,8.0,50.0,5.0,935.61
33043,Aug,2023,153.16,West Bengal,Kolkata,CESC,Domestic,5.1,6.8,7.9,9.2,110.0,12.0,1120.37
21395,Nov,2026,264.51,Delhi,Delhi,BSES Yamuna,Domestic,3.0,4.5,6.5,8.0,50.0,5.0,1140.32
32474,Sep,2024,462.68,Tamil Nadu,Chennai,TANGEDCO,Domestic,3.5,5.0,7.0,9.0,80.0,10.0,2808.14
29462,Aug,2026,44.59,West Bengal,Kolkata,CESC,Domestic,5.1,6.8,7.9,9.2,110.0,12.0,377.65
24733,Apr,2024,183.34,West Bengal,Kolkata,CESC,Domestic,5.1,6.8,7.9,9.2,110.0,12.0,1348.3
33580,Dec,2024,66.5,Maharashtra,Mumbai,MSEDCL,Domestic,5.5,8.2,10.5,12.0,125.0,16.0,576.08
23715,Jan,2023,812.42,Delhi,Delhi,BSES Yamuna,Commercial,6.5,8.0,9.5,11.0,180.0,5.0,8291.11
20530,Apr,2026,1331.18,Maharashtra,Mumbai,MSEDCL,Commercial,9.5,11.0,12.5,14.0,300.0,16.0,20124.24
31816,Sep,2026,695.0,Delhi,Delhi,BSES Yamuna,Domestic,3.0,4.5,6.5,8.0,50.0,5.0,4348.18
34357,Feb,2023,250.66,Tamil Nadu,Chennai,TANGEDCO,Commercial,7.5,8.5,9.8,11.2,210.0,10.0,2430.39
22959,Mar,2024,61.6,Delhi,Delhi,BSES Yamuna,Domestic,3.0,4.5,6.5,8.0,50.0,5.0,249.79
27905,Oct,2026,120.57,Delhi,Delhi,BSES Yamuna,Domestic,3.0,4.5,6.5,8.0,50.0,5.0,464.71
31107,Aug,2023,399.65,Karnataka,Bangalore,BESCOM,Domestic,4.5,6.5,7.7,8.5,100.0,9.0,2899.51
33082,Jun,2024,55.64,Maharashtra,Mumbai,MSEDCL,Domestic,5.5,8.2,10.5,12.0,125.0,16.0,495.86
23592,Aug,2023,89.4,Delhi,Delhi,BSES Yamuna,Domestic,3.0,4.5,6.5,8.0,50.0,5.0,335.54
30340,Jul,2026,49.65,Karnataka,Bangalore,BESCOM,Domestic,4.5,6.5,7.7,8.5,100.0,9.0,349.37
26896,May,2023,266.62,Maharashtra,Mumbai,MSEDCL,Domestic,5.5,8.2,10.5,12.0,125.0,16.0,2357.42
32766,Sep,2025,46.66,Delhi,Delhi,BSES Yamuna,Domestic,3.0,4.5,6.5,8.0,50.0,5.0,198.52
33911,Apr,2024,625.79,Tamil Nadu,Chennai,TANGEDCO,Domestic,3.5,5.0,7.0,9.0,80.0,10.0,4435.67
31562,Jun,2025,51.22,Delhi,Delhi,BSES Yamuna,Domestic,3.0,4.5,6.5,8.0,50.0,5.0,213.37
29132,Feb,2025,213.53,West Bengal,Kolkata,CESC,Domestic,5.1,6.8,7.9,9.2,110.0,12.0,1536.24
20526,Feb,2024,304.07,West Bengal,Kolkata,CESC,Commercial,8.5,9.5,10.2,11.5,250.0,12.0,3379.65
26478,Feb,2024,434.73,Maharashtra,Mumbai,MSEDCL,Domestic,5.5,8.2,10.5,12.0,125.0,16.0,4256.01
20002,Oct,2023,155.82,Tamil Nadu,Chennai,TANGEDCO,Commercial,7.5,8.5,9.8,11.2,210.0,10.0,1601.84
20375,Jul,2024,137.35,West Bengal,Kolkata,CESC,Domestic,5.1,6.8,7.9,9.2,110.0,12.0,989.25
30533,Feb,2025,38.25,Delhi,Delhi,BSES Yamuna,Domestic,3.0,4.5,6.5,8.0,50.0,5.0,171.81
32198,Dec,2025,177.53,Tamil Nadu,Chennai,TANGEDCO,Domestic,3.5,5.0,7.0,9.0,80.0,10.0,896.43
31245,Feb,2026,123.8,Delhi,Delhi,BSES Yamuna,Domestic,3.0,4.5,6.5,8.0,50.0,5.0,474.35
24649,Sep,2024,153.14,West Bengal,Kolkata,CESC,Domestic,5.1,6.8,7.9,9.2,110.0,12.0,1077.99
22366,Jul,2025,163.43,Delhi,Delhi,BSES Yamuna,Domestic,3.0,4.5,6.5,8.0,50.0,5.0,660.5
21526,Nov,2026,2271.76,Tamil Nadu,Chennai,TANGEDCO,Commercial,7.5,8.5,9.8,11.2,210.0,10.0,26576.6
34140,Mar,2026,59.88,Karnataka,Bangalore,BESCOM,Domestic,4.5,6.5,7.7,8.5,100.0,9.0,397.63
32669,Mar,2023,769.47,Delhi,Delhi,BSES Yamuna,Domestic,3.0,4.5,6.5,8.0,50.0,5.0,4958.72
21647,Jul,2025,124.57,Delhi,Delhi,BSES Yamuna,Domestic,3.0,4.5,6.5,8.0,50.0,5.0,475.42
20014,May,2023,744.57,Tamil Nadu,Chennai,TANGEDCO,Commercial,7.5,8.5,9.8,11.2,210.0,10.0,7988.63
24600,Oct,2025,406.71,Tamil Nadu,Chennai,TANGEDCO,Domestic,3.5,5.0,7.0,9.0,80.0,10.0,2361.25
22279,Jun,2023,92.1,Karnataka,Bangalore,BESCOM,Domestic,4.5,6.5,7.7,8.5,100.0,9.0,558.3
34297,Dec,2023,38.09,Delhi,Delhi,BSES Yamuna,Domestic,3.0,4.5,6.5,8.0,50.0,5.0,170.91
23156,Aug,2024,501.9,Karnataka,Bangalore,BESCOM,Commercial,8.0,9.0,10.0,11.0,220.0,9.0,5311.89
28322,Sep,2023,246.09,Tamil Nadu,Chennai,TANGEDCO,Domestic,3.5,5.0,7.0,9.0,80.0,10.0,1280.69
23815,Jan,2024,106.01,Maharashtra,Mumbai,MSEDCL,Domestic,5.5,8.2,10.5,12.0,125.0,16.0,851.26
33126,Mar,2026,105.59,Maharashtra,Mumbai,MSEDCL,Domestic,5.5,8.2,10.5,12.0,125.0,16.0,843.98
23217,Nov,2025,403.01,Maharashtra,Mumbai,MSEDCL,Domestic,5.5,8.2,10.5,12.0,125.0,16.0,4016.12
31131,Jul,2026,1498.83,Tamil Nadu,Chennai,TANGEDCO,Commercial,7.5,8.5,9.8,11.2,210.0,10.0,17077.79
32121,Jun,2025,247.72,Delhi,Delhi,BSES Yamuna,Domestic,3.0,4.5,6.5,8.0,50.0,5.0,1085.97
30233,Jul,2026,63.65,Tamil Nadu,Chennai,TANGEDCO,Domestic,3.5,5.0,7.0,9.0,80.0,10.0,331.06
28220,Aug,2025,433.49,Tamil Nadu,Chennai,TANGEDCO,Commercial,7.5,8.5,9.8,11.2,210.0,10.0,4435.96
22114,Jun,2023,463.12,Delhi,Delhi,BSES Yamuna,Commercial,6.5,8.0,9.5,11.0,180.0,5.0,4256.51
29445,Mar,2025,36.92,Tamil Nadu,Chennai,TANGEDCO,Domestic,3.5,5.0,7.0,9.0,80.0,10.0,229.47
24357,Feb,2025,88.98,Delhi,Delhi,BSES Yamuna,Domestic,3.0,4.5,6.5,8.0,50.0,5.0,331.93
30239,Dec,2026,1959.72,Delhi,Delhi,BSES Yamuna,Commercial,6.5,8.0,9.5,11.0,180.0,5.0,21245.09
33761,Jul,2026,133.81,Tamil Nadu,Chennai,TANGEDCO,Domestic,3.5,5.0,7.0,9.0,80.0,10.0,666.98
25544,Dec,2026,694.07,Karnataka,Bangalore,BESCOM,Commercial,8.0,9.0,10.0,11.0,220.0,9.0,7731.51
24556,Dec,2024,717.87,Tamil Nadu,Chennai,TANGEDCO,Commercial,7.5,8.5,9.8,11.2,210.0,10.0,7612.27
32216,Dec,2024,148.5,Maharashtra,Mumbai,MSEDCL,Domestic,5.5,8.2,10.5,12.0,125.0,16.0,1245.84
32589,Nov,2025,2629.58,Delhi,Delhi,BSES Yamuna,Commercial,6.5,8.0,9.5,11.0,180.0,5.0,29145.81
27063,Jan,2025,192.15,Delhi,Delhi,BSES Yamuna,Domestic,3.0,4.5,6.5,8.0,50.0,5.0,795.53
23375,Mar,2023,149.25,Tamil Nadu,Chennai,TANGEDCO,Domestic,3.5,5.0,7.0,9.0,80.0,10.0,738.96
26431,Dec,2023,126.01,Maharashtra,Mumbai,MSEDCL,Domestic,5.5,8.2,10.5,12.0,125.0,16.0,1031.34
23467,Nov,2025,263.81,Karnataka,Bangalore,BESCOM,Commercial,8.0,9.0,10.0,11.0,220.0,9.0,2758.74
23082,Apr,2024,318.52,Delhi,Delhi,BSES Yamuna,Domestic,3.0,4.5,6.5,8.0,50.0,5.0,1465.19
31971,Jan,2025,493.07,West Bengal,Kolkata,CESC,Domestic,5.1,6.8,7.9,9.2,110.0,12.0,3934.75
20630,May,2023,126.64,Delhi,Delhi,BSES Yamuna,Commercial,6.5,8.0,9.5,11.0,180.0,5.0,1110.45
20270,Oct,2024,481.45,Delhi,Delhi,BSES Yamuna,Domestic,3.0,4.5,6.5,8.0,50.0,5.0,2557.01
30832,Mar,2024,504.29,West Bengal,Kolkata,CESC,Domestic,5.1,6.8,7.9,9.2,110.0,12.0,3980.03
30186,Feb,2023,226.14,Karnataka,Bangalore,BESCOM,Commercial,8.0,9.0,10.0,11.0,220.0,9.0,2356.45
25725,Mar,2025,38.56,West Bengal,Kolkata,CESC,Domestic,5.1,6.8,7.9,9.2,110.0,12.0,340.42
25898,Aug,2026,404.01,West Bengal,Kolkata,CESC,Commercial,8.5,9.5,10.2,11.5,250.0,12.0,4473.07
31084,Jun,2025,475.67,Maharashtra,Mumbai,MSEDCL,Commercial,9.5,11.0,12.5,14.0,300.0,16.0,6517.97
33150,Jul,2025,83.69,Karnataka,Bangalore,BESCOM,Domestic,4.5,6.5,7.7,8.5,100.0,9.0,528.46
23433,Dec,2023,185.71,West Bengal,Kolkata,CESC,Domestic,5.1,6.8,7.9,9.2,110.0,12.0,1345.89
29473,Jun,2024,61.31,Tamil Nadu,Chennai,TANGEDCO,Domestic,3.5,5.0,7.0,9.0,80.0,10.0,318.9
26277,Jun,2023,54.56,Maharashtra,Mumbai,MSEDCL,Domestic,5.5,8.2,10.5,12.0,125.0,16.0,499.85
25896,Dec,2025,121.25,West Bengal,Kolkata,CESC,Domestic,5.1,6.8,7.9,9.2,110.0,12.0,854.65
33995,Mar,2026,650.86,Delhi,Delhi,BSES Yamuna,Commercial,6.5,8.0,9.5,11.0,180.0,5.0,6237.97
27116,Dec,2026,41.86,Karnataka,Bangalore,BESCOM,Domestic,4.5,6.5,7.7,8.5,100.0,9.0,310.16
26657,Aug,2026,263.52,Delhi,Delhi,BSES Yamuna,Domestic,3.0,4.5,6.5,8.0,50.0,5.0,1123.4
30553,Dec,2023,170.85,Tamil Nadu,Chennai,TANGEDCO,Domestic,3.5,5.0,7.0,9.0,80.0,10.0,872.11
20576,Jul,2024,91.45,Delhi,Delhi,BSES Yamuna,Domestic,3.0,4.5,6.5,8.0,50.0,5.0,336.08
27030,Jul,2023,285.26,Tamil Nadu,Chennai,TANGEDCO,Domestic,3.5,5.0,7.0,9.0,80.0,10.0,1508.78
26100,Jun,2026,53.3,Karnataka,Bangalore,BESCOM,Domestic,4.5,6.5,7.7,8.5,100.0,9.0,376.55
29500,May,2025,187.93,Tamil Nadu,Chennai,TANGEDCO,Domestic,3.5,5.0,7.0,9.0,80.0,10.0,951.81
23193,Oct,2024,275.87,Tamil Nadu,Chennai,TANGEDCO,Domestic,3.5,5.0,7.0,9.0,80.0,10.0,1458.36
23179,Aug,2023,529.4,Delhi,Delhi,BSES Yamuna,Commercial,6.5,8.0,9.5,11.0,180.0,5.0,4883.11
26053,May,2023,509.92,Karnataka,Bangalore,BESCOM,Commercial,8.0,9.0,10.0,11.0,220.0,9.0,5440.37
22735,Sep,2024,193.58,West Bengal,Kolkata,CESC,Domestic,5.1,6.8,7.9,9.2,110.0,12.0,1379.12
26117,Sep,2024,98.83,Maharashtra,Mumbai,MSEDCL,Domestic,5.5,8.2,10.5,12.0,125.0,16.0,786.92
30405,Jan,2025,160.41,Maharashtra,Mumbai,MSEDCL,Domestic,5.5,8.2,10.5,12.0,125.0,16.0,1346.85
30545,Jun,2024,255.03,Delhi,Delhi,BSES Yamuna,Domestic,3.0,4.5,6.5,8.0,50.0,5.0,1090.41
23569,Jul,2025,41.1,Maharashtra,Mumbai,MSEDCL,Domestic,5.5,8.2,10.5,12.0,125.0,16.0,413.17
29848,Mar,2026,369.24,Tamil Nadu,Chennai,TANGEDCO,Domestic,3.5,5.0,7.0,9.0,80.0,10.0,2103.23
29772,Jul,2026,1053.96,Karnataka,Bangalore,BESCOM,Commercial,8.0,9.0,10.0,11.0,220.0,9.0,11794.48
34136,Nov,2023,54.82,Tamil Nadu,Chennai,TANGEDCO,Domestic,3.5,5.0,7.0,9.0,80.0,10.0,293.51
22204,Nov,2026,370.9,Tamil Nadu,Chennai,TANGEDCO,Commercial,7.5,8.5,9.8,11.2,210.0,10.0,3665.12
21391,Jul,2026,134.04,West Bengal,Kolkata,CESC,Domestic,5.1,6.8,7.9,9.2,110.0,12.0,947.34
21743,Nov,2025,108.61,Delhi,Delhi,BSES Yamuna,Domestic,3.0,4.5,6.5,8.0,50.0,5.0,408.73
21926,Feb,2023,143.3,Karnataka,Bangalore,BESCOM,Commercial,8.0,9.0,10.0,11.0,220.0,9.0,1559.77
20620,Jul,2024,242.5,West Bengal,Kolkata,CESC,Domestic,5.1,6.8,7.9,9.2,110.0,12.0,1788.59
21275,Jan,2023,594.46,Delhi,Delhi,BSES Yamuna,Domestic,3.0,4.5,6.5,8.0,50.0,5.0,3514.16
20957,May,2026,182.13,Karnataka,Bangalore,BESCOM,Domestic,4.5,6.5,7.7,8.5,100.0,9.0,1168.36
21940,Sep,2024,218.81,Maharashtra,Mumbai,MSEDCL,Domestic,5.5,8.2,10.5,12.0,125.0,16.0,1877.98
23954,Jul,2023,81.96,Delhi,Delhi,BSES Yamuna,Domestic,3.0,4.5,6.5,8.0,50.0,5.0,316.86
30574,Jul,2023,174.9,Maharashtra,Mumbai,MSEDCL,Domestic,5.5,8.2,10.5,12.0,125.0,16.0,1493.42
20969,Nov,2023,556.61,West Bengal,Kolkata,CESC,Domestic,5.1,6.8,7.9,9.2,110.0,12.0,4540.47
34847,Dec,2023,148.42,Maharashtra,Mumbai,MSEDCL,Domestic,5.5,8.2,10.5,12.0,125.0,16.0,1240.04
29509,Feb,2025,256.37,West Bengal,Kolkata,CESC,Domestic,5.1,6.8,7.9,9.2,110.0,12.0,1855.37
29236,Aug,2023,455.09,Delhi,Delhi,BSES Yamuna,Domestic,3.0,4.5,6.5,8.0,50.0,5.0,2408.61
20282,Mar,2026,173.07,West Bengal,Kolkata,CESC,Domestic,5.1,6.8,7.9,9.2,110.0,12.0,1258.89
31037,Aug,2026,96.48,Maharashtra,Mumbai,MSEDCL,Domestic,5.5,8.2,10.5,12.0,125.0,16.0,758.34
26263,Mar,2025,519.22,Karnataka,Bangalore,BESCOM,Domestic,4.5,6.5,7.7,8.5,100.0,9.0,3910.26
21059,Oct,2024,102.49,Maharashtra,Mumbai,MSEDCL,Domestic,5.5,8.2,10.5,12.0,125.0,16.0,820.88
24294,Jul,2024,105.54,Maharashtra,Mumbai,MSEDCL,Domestic,5.5,8.2,10.5,12.0,125.0,16.0,839.99
30725,Feb,2026,457.61,West Bengal,Kolkata,CESC,Domestic,5.1,6.8,7.9,9.2,110.0,12.0,3545.7
32021,Apr,2026,32.99,Delhi,Delhi,BSES Yamuna,Domestic,3.0,4.5,6.5,8.0,50.0,5.0,158.86
25179,Nov,2025,132.45,Tamil Nadu,Chennai,TANGEDCO,Domestic,3.5,5.0,7.0,9.0,80.0,10.0,660.15
26981,Jun,2024,530.32,Maharashtra,Mumbai,MSEDCL,Domestic,5.5,8.2,10.5,12.0,125.0,16.0,5487.03
33473,Nov,2024,265.67,Maharashtra,Mumbai,MSEDCL,Domestic,5.5,8.2,10.5,12.0,125.0,16.0,2388.94
29201,Sep,2023,170.11,Delhi,Delhi,BSES Yamuna,Domestic,3.0,4.5,6.5,8.0,50.0,5.0,708.01
21230,May,2023,188.67,Delhi,Delhi,BSES Yamuna,Domestic,3.0,4.5,6.5,8.0,50.0,5.0,793.11
29228,Sep,2023,578.42,West Bengal,Kolkata,CESC,Domestic,5.1,6.8,7.9,9.2,110.0,12.0,4849.84
24586,May,2025,53.78,Maharashtra,Mumbai,MSEDCL,Domestic,5.5,8.2,10.5,12.0,125.0,16.0,492.21
28468,Oct,2026,171.67,Tamil Nadu,Chennai,TANGEDCO,Domestic,3.5,5.0,7.0,9.0,80.0,10.0,853.48
22741,Aug,2025,531.42,Karnataka,Bangalore,BESCOM,Commercial,8.0,9.0,10.0,11.0,220.0,9.0,5656.35
22290,Jan,2024,284.4,West Bengal,Kolkata,CESC,Domestic,5.1,6.8,7.9,9.2,110.0,12.0,2103.67
21240,Jul,2026,127.2,Karnataka,Bangalore,BESCOM,Domestic,4.5,6.5,7.7,8.5,100.0,9.0,779.65
25371,Apr,2023,746.56,Maharashtra,Mumbai,MSEDCL,Commercial,9.5,11.0,12.5,14.0,300.0,16.0,10693.3
20126,May,2025,466.93,Maharashtra,Mumbai,MSEDCL,Domestic,5.5,8.2,10.5,12.0,125.0,16.0,4700.7
32258,Jun,2025,39.94,Maharashtra,Mumbai,MSEDCL,Domestic,5.5,8.2,10.5,12.0,125.0,16.0,396.36
32505,May,2023,520.68,Delhi,Delhi,BSES Yamuna,Domestic,3.0,4.5,6.5,8.0,50.0,5.0,2869.96
27474,Dec,2025,282.66,Tamil Nadu,Chennai,TANGEDCO,Domestic,3.5,5.0,7.0,9.0,80.0,10.0,1449.2
32061,Jan,2023,64.36,Tamil Nadu,Chennai,TANGEDCO,Domestic,3.5,5.0,7.0,9.0,80.0,10.0,329.41
29401,Dec,2024,672.05,Delhi,Delhi,BSES Yamuna,Domestic,3.0,4.5,6.5,8.0,50.0,5.0,4133.34
25343,Sep,2026,1003.23,Delhi,Delhi,BSES Yamuna,Commercial,6.5,8.0,9.5,11.0,180.0,5.0,10366.01
27352,Feb,2024,950.0,Karnataka,Bangalore,BESCOM,Domestic,4.5,6.5,7.7,8.5,100.0,9.0,7764.68
26639,Sep,2024,164.85,Delhi,Delhi,BSES Yamuna,Domestic,3.0,4.5,6.5,8.0,50.0,5.0,682.97
26571,Oct,2023,919.44,Karnataka,Bangalore,BESCOM,Domestic,4.5,6.5,7.7,8.5,100.0,9.0,7670.64
23250,Feb,2025,766.95,West Bengal,Kolkata,CESC,Commercial,8.5,9.5,10.2,11.5,250.0,12.0,8995.59
29111,Sep,2024,833.69,Karnataka,Bangalore,BESCOM,Commercial,8.0,9.0,10.0,11.0,220.0,9.0,9419.38
27596,Jun,2024,184.87,West Bengal,Kolkata,CESC,Commercial,8.5,9.5,10.2,11.5,250.0,12.0,2116.41
33606,Nov,2024,62.47,Delhi,Delhi,BSES Yamuna,Domestic,3.0,4.5,6.5,8.0,50.0,5.0,253.73
32116,Sep,2025,551.86,West Bengal,Kolkata,CESC,Domestic,5.1,6.8,7.9,9.2,110.0,12.0,4492.05
26295,Jun,2025,151.38,Karnataka,Bangalore,BESCOM,Domestic,4.5,6.5,7.7,8.5,100.0,9.0,974.28
26528,Jun,2023,49.93,Maharashtra,Mumbai,MSEDCL,Domestic,5.5,8.2,10.5,12.0,125.0,16.0,470.54
25758,Nov,2024,293.67,Tamil Nadu,Chennai,TANGEDCO,Commercial,7.5,8.5,9.8,11.2,210.0,10.0,2913.79
32596,Feb,2026,211.45,Maharashtra,Mumbai,MSEDCL,Commercial,9.5,11.0,12.5,14.0,300.0,16.0,2897.75
33648,Aug,2025,97.41,Delhi,Delhi,BSES Yamuna,Domestic,3.0,4.5,6.5,8.0,50.0,5.0,355.88
21970,Mar,2023,43.71,Delhi,Delhi,BSES Yamuna,Domestic,3.0,4.5,6.5,8.0,50.0,5.0,188.78
30986,Jul,2024,323.35,West Bengal,Kolkata,CESC,Domestic,5.1,6.8,7.9,9.2,110.0,12.0,2464.25
20892,May,2026,595.67,Maharashtra,Mumbai,MSEDCL,Commercial,9.5,11.0,12.5,14.0,300.0,16.0,8512.91
24471,Mar,2025,214.64,West Bengal,Kolkata,CESC,Domestic,5.1,6.8,7.9,9.2,110.0,12.0,1576.74
27176,Jan,2026,177.36,Karnataka,Bangalore,BESCOM,Domestic,4.5,6.5,7.7,8.5,100.0,9.0,1141.62
30226,Aug,2025,62.73,Delhi,Delhi,BSES Yamuna,Domestic,3.0,4.5,6.5,8.0,50.0,5.0,253.34
29557,Mar,2023,209.28,Tamil Nadu,Chennai,TANGEDCO,Domestic,3.5,5.0,7.0,9.0,80.0,10.0,1089.35
28321,Feb,2026,513.68,Karnataka,Bangalore,BESCOM,Commercial,8.0,9.0,10.0,11.0,220.0,9.0,5480.44
29207,Jan,2024,493.84,Karnataka,Bangalore,BESCOM,Domestic,4.5,6.5,7.7,8.5,100.0,9.0,3580.8
29992,Apr,2024,617.83,Tamil Nadu,Chennai,TANGEDCO,Domestic,3.5,5.0,7.0,9.0,80.0,10.0,4206.72
26813,Aug,2025,64.05,Delhi,Delhi,BSES Yamuna,Domestic,3.0,4.5,6.5,8.0,50.0,5.0,255.69
27520,Mar,2024,379.23,West Bengal,Kolkata,CESC,Domestic,5.1,6.8,7.9,9.2,110.0,12.0,2868.65
33670,Jan,2026,160.58,West Bengal,Kolkata,CESC,Domestic,5.1,6.8,7.9,9.2,110.0,12.0,1154.92
24613,Apr,2023,261.15,Delhi,Delhi,BSES Yamuna,Domestic,3.0,4.5,6.5,8.0,50.0,5.0,1111.96
29711,Sep,2025,282.16,West Bengal,Kolkata,CESC,Domestic,5.1,6.8,7.9,9.2,110.0,12.0,2121.11
32374,Jan,2026,142.76,West Bengal,Kolkata,CESC,Commercial,8.5,9.5,10.2,11.5,250.0,12.0,1713.54
21199,Dec,2025,371.01,West Bengal,Kolkata,CESC,Domestic,5.1,6.8,7.9,9.2,110.0,12.0,2834.07
32066,Nov,2023,390.84,Delhi,Delhi,BSES Yamuna,Domestic,3.0,4.5,6.5,8.0,50.0,5.0,1903.77
34647,Feb,2025,103.93,Delhi,Delhi,BSES Yamuna,Domestic,3.0,4.5,6.5,8.0,50.0,5.0,391.38
25239,Sep,2024,349.05,Delhi,Delhi,BSES Yamuna,Domestic,3.0,4.5,6.5,8.0,50.0,5.0,1665.54
30667,Feb,2024,246.55,Maharashtra,Mumbai,MSEDCL,Domestic,5.5,8.2,10.5,12.0,125.0,16.0,2143.29
26090,Mar,2025,285.75,West Bengal,Kolkata,CESC,Commercial,8.5,9.5,10.2,11.5,250.0,12.0,3234.94
31678,Jul,2023,30.19,Karnataka,Bangalore,BESCOM,Domestic,4.5,6.5,7.7,8.5,100.0,9.0,261.98
26258,Mar,2023,437.32,Tamil Nadu,Chennai,TANGEDCO,Domestic,3.5,5.0,7.0,9.0,80.0,10.0,2657.72
32242,Sep,2024,420.65,Delhi,Delhi,BSES Yamuna,Domestic,3.0,4.5,6.5,8.0,50.0,5.0,2167.62
27706,Jun,2023,34.73,West Bengal,Kolkata,CESC,Domestic,5.1,6.8,7.9,9.2,110.0,12.0,322.07
23720,Mar,2025,437.63,Karnataka,Bangalore,BESCOM,Domestic,4.5,6.5,7.7,8.5,100.0,9.0,3180.85
20303,Sep,2026,190.68,Tamil Nadu,Chennai,TANGEDCO,Domestic,3.5,5.0,7.0,9.0,80.0,10.0,985.2
32145,Jan,2025,157.13,West Bengal,Kolkata,CESC,Domestic,5.1,6.8,7.9,9.2,110.0,12.0,1119.5
32876,Oct,2024,32.43,Maharashtra,Mumbai,MSEDCL,Domestic,5.5,8.2,10.5,12.0,125.0,16.0,354.78
20987,Mar,2024,715.61,Maharashtra,Mumbai,MSEDCL,Domestic,5.5,8.2,10.5,12.0,125.0,16.0,8050.36
30056,Jan,2024,219.15,Tamil Nadu,Chennai,TANGEDCO,Domestic,3.5,5.0,7.0,9.0,80.0,10.0,1111.75
24441,Feb,2023,45.08,Delhi,Delhi,BSES Yamuna,Domestic,3.0,4.5,6.5,8.0,50.0,5.0,192.51
24910,Dec,2025,229.35,Karnataka,Bangalore,BESCOM,Domestic,4.5,6.5,7.7,8.5,100.0,9.0,1491.51
34276,Aug,2026,42.61,West Bengal,Kolkata,CESC,Domestic,5.1,6.8,7.9,9.2,110.0,12.0,365.66
23073,Jul,2025,1077.26,Tamil Nadu,Chennai,TANGEDCO,Commercial,7.5,8.5,9.8,11.2,210.0,10.0,12408.08
33599,Feb,2026,89.97,West Bengal,Kolkata,CESC,Domestic,5.1,6.8,7.9,9.2,110.0,12.0,645.69
34288,Feb,2025,950.0,Delhi,Delhi,BSES Yamuna,Domestic,3.0,4.5,6.5,8.0,50.0,5.0,6553.08
33966,Sep,2024,44.44,Delhi,Delhi,BSES Yamuna,Domestic,3.0,4.5,6.5,8.0,50.0,5.0,193.1
23125,Jun,2026,139.13,Delhi,Delhi,BSES Yamuna,Commercial,6.5,8.0,9.5,11.0,180.0,5.0,1181.78
29520,May,2025,126.03,West Bengal,Kolkata,CESC,Commercial,8.5,9.5,10.2,11.5,250.0,12.0,1526.01
33381,Oct,2023,76.97,Tamil Nadu,Chennai,TANGEDCO,Domestic,3.5,5.0,7.0,9.0,80.0,10.0,388.01
30601,Jun,2023,262.16,Karnataka,Bangalore,BESCOM,Domestic,4.5,6.5,7.7,8.5,100.0,9.0,1717.53
31866,Sep,2025,646.01,Karnataka,Bangalore,BESCOM,Commercial,8.0,9.0,10.0,11.0,220.0,9.0,6882.88
28126,Nov,2024,150.07,Delhi,Delhi,BSES Yamuna,Domestic,3.0,4.5,6.5,8.0,50.0,5.0,605.55
23292,Jul,2026,65.31,West Bengal,Kolkata,CESC,Domestic,5.1,6.8,7.9,9.2,110.0,12.0,496.95
24034,Oct,2025,264.14,West Bengal,Kolkata,CESC,Commercial,8.5,9.5,10.2,11.5,250.0,12.0,2920.47
25106,Oct,2023,204.26,West Bengal,Kolkata,CESC,Domestic,5.1,6.8,7.9,9.2,110.0,12.0,1469.45
20704,Sep,2026,354.25,Maharashtra,Mumbai,MSEDCL,Domestic,5.5,8.2,10.5,12.0,125.0,16.0,3316.96
28134,Apr,2023,553.23,West Bengal,Kolkata,CESC,Commercial,8.5,9.5,10.2,11.5,250.0,12.0,6405.73
20575,Feb,2023,163.21,Tamil Nadu,Chennai,TANGEDCO,Domestic,3.5,5.0,7.0,9.0,80.0,10.0,813.31
25705,Dec,2025,345.45,Karnataka,Bangalore,BESCOM,Domestic,4.5,6.5,7.7,8.5,100.0,9.0,2370.35
31425,Aug,2023,622.79,Tamil Nadu,Chennai,TANGEDCO,Domestic,3.5,5.0,7.0,9.0,80.0,10.0,4244.43
27849,Apr,2026,111.88,West Bengal,Kolkata,CESC,Domestic,5.1,6.8,7.9,9.2,110.0,12.0,779.52
25209,Sep,2024,400.95,Delhi,Delhi,BSES Yamuna,Domestic,3.0,4.5,6.5,8.0,50.0,5.0,1993.65
32976,Apr,2025,65.91,Maharashtra,Mumbai,MSEDCL,Domestic,5.5,8.2,10.5,12.0,125.0,16.0,554.66
26925,Aug,2026,70.99,Tamil Nadu,Chennai,TANGEDCO,Domestic,3.5,5.0,7.0,9.0,80.0,10.0,354.65
30825,Sep,2025,633.16,Tamil Nadu,Chennai,TANGEDCO,Commercial,7.5,8.5,9.8,11.2,210.0,10.0,6750.36
23829,Sep,2023,149.54,Tamil Nadu,Chennai,TANGEDCO,Domestic,3.5,5.0,7.0,9.0,80.0,10.0,751.91
34925,Oct,2023,533.14,Tamil Nadu,Chennai,TANGEDCO,Commercial,7.5,8.5,9.8,11.2,210.0,10.0,5453.49
23231,Apr,2026,146.81,Delhi,Delhi,BSES Yamuna,Commercial,6.5,8.0,9.5,11.0,180.0,5.0,1241.18
20489,Jan,2026,80.66,Maharashtra,Mumbai,MSEDCL,Domestic,5.5,8.2,10.5,12.0,125.0,16.0,660.54
27115,Mar,2024,33.37,Karnataka,Bangalore,BESCOM,Domestic,4.5,6.5,7.7,8.5,100.0,9.0,269.17
29540,Sep,2026,140.53,West Bengal,Kolkata,CESC,Commercial,8.5,9.5,10.2,11.5,250.0,12.0,1634.31
31874,Apr,2026,59.32,Delhi,Delhi,BSES Yamuna,Domestic,3.0,4.5,6.5,8.0,50.0,5.0,240.53
23174,May,2025,60.9,Delhi,Delhi,BSES Yamuna,Domestic,3.0,4.5,6.5,8.0,50.0,5.0,244.25
32782,Jul,2023,432.14,West Bengal,Kolkata,CESC,Domestic,5.1,6.8,7.9,9.2,110.0,12.0,3398.45
21668,May,2026,246.64,West Bengal,Kolkata,CESC,Commercial,8.5,9.5,10.2,11.5,250.0,12.0,2753.45
29830,Apr,2024,136.27,Maharashtra,Mumbai,MSEDCL,Domestic,5.5,8.2,10.5,12.0,125.0,16.0,1147.49
24115,Feb,2026,434.36,Maharashtra,Mumbai,MSEDCL,Domestic,5.5,8.2,10.5,12.0,125.0,16.0,4322.82
23554,Feb,2023,103.41,Maharashtra,Mumbai,MSEDCL,Domestic,5.5,8.2,10.5,12.0,125.0,16.0,804.15
27762,Apr,2026,159.58,Karnataka,Bangalore,BESCOM,Commercial,8.0,9.0,10.0,11.0,220.0,9.0,1682.02
34733,Oct,2025,505.79,Karnataka,Bangalore,BESCOM,Domestic,4.5,6.5,7.7,8.5,100.0,9.0,3769.25
21001,Oct,2023,32.35,Maharashtra,Mumbai,MSEDCL,Domestic,5.5,8.2,10.5,12.0,125.0,16.0,348.6
29043,Sep,2026,325.7,Tamil Nadu,Chennai,TANGEDCO,Domestic,3.5,5.0,7.0,9.0,80.0,10.0,1754.87
21389,Aug,2025,158.17,Delhi,Delhi,BSES Yamuna,Domestic,3.0,4.5,6.5,8.0,50.0,5.0,643.94
25451,Mar,2023,539.7,Maharashtra,Mumbai,MSEDCL,Domestic,5.5,8.2,10.5,12.0,125.0,16.0,5597.35
23713,Sep,2026,313.39,West Bengal,Kolkata,CESC,Domestic,5.1,6.8,7.9,9.2,110.0,12.0,2356.88
21368,May,2025,248.12,Tamil Nadu,Chennai,TANGEDCO,Domestic,3.5,5.0,7.0,9.0,80.0,10.0,1274.31
28190,Nov,2024,1313.25,West Bengal,Kolkata,CESC,Commercial,8.5,9.5,10.2,11.5,250.0,12.0,16173.91
29014,Mar,2025,67.38,Delhi,Delhi,BSES Yamuna,Domestic,3.0,4.5,6.5,8.0,50.0,5.0,259.89
20455,May,2024,285.86,West Bengal,Kolkata,CESC,Domestic,5.1,6.8,7.9,9.2,110.0,12.0,2082.27
29817,Oct,2026,644.4,Karnataka,Bangalore,BESCOM,Commercial,8.0,9.0,10.0,11.0,220.0,9.0,7042.71
22773,Apr,2025,571.94,Maharashtra,Mumbai,MSEDCL,Domestic,5.5,8.2,10.5,12.0,125.0,16.0,6086.58
23727,Aug,2024,259.51,Tamil Nadu,Chennai,TANGEDCO,Domestic,3.5,5.0,7.0,9.0,80.0,10.0,1376.46
27233,Dec,2023,485.82,Tamil Nadu,Chennai,TANGEDCO,Commercial,7.5,8.5,9.8,11.2,210.0,10.0,4943.02
31340,May,2025,410.9,Maharashtra,Mumbai,MSEDCL,Domestic,5.5,8.2,10.5,12.0,125.0,16.0,4064.95
32282,Oct,2026,264.39,West Bengal,Kolkata,CESC,Domestic,5.1,6.8,7.9,9.2,110.0,12.0,1953.73
24807,Dec,2023,57.81,Delhi,Delhi,BSES Yamuna,Domestic,3.0,4.5,6.5,8.0,50.0,5.0,230.94
22191,Aug,2024,104.83,West Bengal,Kolkata,CESC,Domestic,5.1,6.8,7.9,9.2,110.0,12.0,724.33
29109,Sep,2025,288.5,Maharashtra,Mumbai,MSEDCL,Domestic,5.5,8.2,10.5,12.0,125.0,16.0,2545.33
32179,Apr,2025,32.16,Delhi,Delhi,BSES Yamuna,Domestic,3.0,4.5,6.5,8.0,50.0,5.0,152.61
22876,Jul,2026,390.66,Karnataka,Bangalore,BESCOM,Domestic,4.5,6.5,7.7,8.5,100.0,9.0,2765.23
34941,Feb,2023,116.88,West Bengal,Kolkata,CESC,Domestic,5.1,6.8,7.9,9.2,110.0,12.0,822.92
25593,Jun,2025,596.16,Delhi,Delhi,BSES Yamuna,Domestic,3.0,4.5,6.5,8.0,50.0,5.0,3440.75
21441,Aug,2025,238.58,Maharashtra,Mumbai,MSEDCL,Commercial,9.5,11.0,12.5,14.0,300.0,16.0,3267.71
32593,Dec,2023,123.62,Maharashtra,Mumbai,MSEDCL,Commercial,9.5,11.0,12.5,14.0,300.0,16.0,1725.27
28928,Jul,2025,86.89,West Bengal,Kolkata,CESC,Domestic,5.1,6.8,7.9,9.2,110.0,12.0,609.41
31761,Jul,2023,233.68,Tamil Nadu,Chennai,TANGEDCO,Commercial,7.5,8.5,9.8,11.2,210.0,10.0,2329.11
34627,Aug,2023,61.37,Maharashtra,Mumbai,MSEDCL,Domestic,5.5,8.2,10.5,12.0,125.0,16.0,545.84
26060,Jul,2023,567.61,Tamil Nadu,Chennai,TANGEDCO,Domestic,3.5,5.0,7.0,9.0,80.0,10.0,3839.36
34438,May,2026,170.62,Delhi,Delhi,BSES Yamuna,Domestic,3.0,4.5,6.5,8.0,50.0,5.0,691.14
34298,Jul,2023,279.34,Delhi,Delhi,BSES Yamuna,Domestic,3.0,4.5,6.5,8.0,50.0,5.0,1237.86
31531,Oct,2023,534.08,Maharashtra,Mumbai,MSEDCL,Commercial,9.5,11.0,12.5,14.0,300.0,16.0,7362.21
27011,Mar,2024,208.53,Tamil Nadu,Chennai,TANGEDCO,Domestic,3.5,5.0,7.0,9.0,80.0,10.0,1076.42
31208,May,2024,159.86,West Bengal,Kolkata,CESC,Domestic,5.1,6.8,7.9,9.2,110.0,12.0,1169.0
27118,Jul,2026,76.52,Karnataka,Bangalore,BESCOM,Domestic,4.5,6.5,7.7,8.5,100.0,9.0,478.68
31082,Sep,2023,31.98,Karnataka,Bangalore,BESCOM,Domestic,4.5,6.5,7.7,8.5,100.0,9.0,260.65
29154,Feb,2024,1054.11,Delhi,Delhi,BSES Yamuna,Commercial,6.5,8.0,9.5,11.0,180.0,5.0,11067.54
22990,Apr,2024,936.86,Karnataka,Bangalore,BESCOM,Commercial,8.0,9.0,10.0,11.0,220.0,9.0,10447.69
32041,Dec,2025,32.58,Tamil Nadu,Chennai,TANGEDCO,Domestic,3.5,5.0,7.0,9.0,80.0,10.0,211.83
29219,Jul,2023,104.32,Tamil Nadu,Chennai,TANGEDCO,Domestic,3.5,5.0,7.0,9.0,80.0,10.0,493.38
26229,Jan,2024,206.32,Maharashtra,Mumbai,MSEDCL,Domestic,5.5,8.2,10.5,12.0,125.0,16.0,1795.77
32058,Feb,2026,137.01,Tamil Nadu,Chennai,TANGEDCO,Domestic,3.5,5.0,7.0,9.0,80.0,10.0,674.76
26472,Sep,2025,170.13,Delhi,Delhi,BSES Yamuna,Domestic,3.0,4.5,6.5,8.0,50.0,5.0,707.66
22864,Oct,2025,350.21,West Bengal,Kolkata,CESC,Domestic,5.1,6.8,7.9,9.2,110.0,12.0,2619.39
33762,Jul,2023,186.76,Tamil Nadu,Chennai,TANGEDCO,Commercial,7.5,8.5,9.8,11.2,210.0,10.0,1891.5
30694,Dec,2023,620.78,Karnataka,Bangalore,BESCOM,Domestic,4.5,6.5,7.7,8.5,100.0,9.0,4875.63
30140,Oct,2025,520.3,Karnataka,Bangalore,BESCOM,Commercial,8.0,9.0,10.0,11.0,220.0,9.0,5564.16
34965,Jul,2026,310.83,Delhi,Delhi,BSES Yamuna,Domestic,3.0,4.5,6.5,8.0,50.0,5.0,1371.56
21178,Jun,2023,315.07,Karnataka,Bangalore,BESCOM,Domestic,4.5,6.5,7.7,8.5,100.0,9.0,2129.69
24761,Mar,2023,372.53,Maharashtra,Mumbai,MSEDCL,Commercial,9.5,11.0,12.5,14.0,300.0,16.0,5148.79
20012,Oct,2025,153.83,Delhi,Delhi,BSES Yamuna,Domestic,3.0,4.5,6.5,8.0,50.0,5.0,625.77
25253,Mar,2025,496.9,Delhi,Delhi,BSES Yamuna,Domestic,3.0,4.5,6.5,8.0,50.0,5.0,2657.62
24400,Feb,2023,655.47,Delhi,Delhi,BSES Yamuna,Domestic,3.0,4.5,6.5,8.0,50.0,5.0,4003.36
31557,Nov,2024,82.97,Maharashtra,Mumbai,MSEDCL,Domestic,5.5,8.2,10.5,12.0,125.0,16.0,678.73
31215,Jun,2023,245.15,Delhi,Delhi,BSES Yamuna,Domestic,3.0,4.5,6.5,8.0,50.0,5.0,1061.17
31564,Apr,2024,96.47,West Bengal,Kolkata,CESC,Domestic,5.1,6.8,7.9,9.2,110.0,12.0,669.03
34052,May,2025,720.67,Tamil Nadu,Chennai,TANGEDCO,Commercial,7.5,8.5,9.8,11.2,210.0,10.0,7816.94
31023,Mar,2024,336.11,Maharashtra,Mumbai,MSEDCL,Commercial,9.5,11.0,12.5,14.0,300.0,16.0,4550.91
28235,Jun,2026,197.12,Maharashtra,Mumbai,MSEDCL,Domestic,5.5,8.2,10.5,12.0,125.0,16.0,1733.23
29136,Nov,2025,258.79,Maharashtra,Mumbai,MSEDCL,Domestic,5.5,8.2,10.5,12.0,125.0,16.0,2333.56
30583,Dec,2023,672.92,West Bengal,Kolkata,CESC,Commercial,8.5,9.5,10.2,11.5,250.0,12.0,7892.49
25446,Mar,2023,134.36,Delhi,Delhi,BSES Yamuna,Domestic,3.0,4.5,6.5,8.0,50.0,5.0,520.58
30738,Aug,2025,193.14,Karnataka,Bangalore,BESCOM,Domestic,4.5,6.5,7.7,8.5,100.0,9.0,1250.89
30604,Sep,2025,175.8,Karnataka,Bangalore,BESCOM,Domestic,4.5,6.5,7.7,8.5,100.0,9.0,1128.51
33179,Apr,2026,366.63,Maharashtra,Mumbai,MSEDCL,Commercial,9.5,11.0,12.5,14.0,300.0,16.0,4977.66
26571,Sep,2025,254.45,Karnataka,Bangalore,BESCOM,Domestic,4.5,6.5,7.7,8.5,100.0,9.0,1679.85
29197,Dec,2023,92.75,West Bengal,Kolkata,CESC,Domestic,5.1,6.8,7.9,9.2,110.0,12.0,650.81
28213,Jul,2026,96.7,West Bengal,Kolkata,CESC,Domestic,5.1,6.8,7.9,9.2,110.0,12.0,686.77
20407,Mar,2023,744.89,West Bengal,Kolkata,CESC,Commercial,8.5,9.5,10.2,11.5,250.0,12.0,8716.06
34955,Jul,2024,437.21,Maharashtra,Mumbai,MSEDCL,Domestic,5.5,8.2,10.5,12.0,125.0,16.0,4288.57
29207,Jan,2025,196.62,Maharashtra,Mumbai,MSEDCL,Domestic,5.5,8.2,10.5,12.0,125.0,16.0,1705.58
24432,Mar,2024,96.16,Delhi,Delhi,BSES Yamuna,Domestic,3.0,4.5,6.5,8.0,50.0,5.0,356.46
30031,Jun,2023,176.87,Tamil Nadu,Chennai,TANGEDCO,Domestic,3.5,5.0,7.0,9.0,80.0,10.0,885.65
31381,Apr,2024,456.16,Karnataka,Bangalore,BESCOM,Commercial,8.0,9.0,10.0,11.0,220.0,9.0,4701.37
25244,Jul,2024,1212.44,West Bengal,Kolkata,CESC,Commercial,8.5,9.5,10.2,11.5,250.0,12.0,15018.36
26543,Mar,2023,34.52,Maharashtra,Mumbai,MSEDCL,Domestic,5.5,8.2,10.5,12.0,125.0,16.0,367.25
26937,Jan,2023,406.73,West Bengal,Kolkata,CESC,Domestic,5.1,6.8,7.9,9.2,110.0,12.0,3190.15
34116,Sep,2025,292.31,Delhi,Delhi,BSES Yamuna,Domestic,3.0,4.5,6.5,8.0,50.0,5.0,1255.46
28907,Jun,2024,263.42,Maharashtra,Mumbai,MSEDCL,Domestic,5.5,8.2,10.5,12.0,125.0,16.0,2379.66
24147,Aug,2026,419.15,West Bengal,Kolkata,CESC,Domestic,5.1,6.8,7.9,9.2,110.0,12.0,3302.37
32047,Mar,2026,375.56,Delhi,Delhi,BSES Yamuna,Commercial,6.5,8.0,9.5,11.0,180.0,5.0,3358.21
32612,Aug,2023,911.85,West Bengal,Kolkata,CESC,Commercial,8.5,9.5,10.2,11.5,250.0,12.0,11052.97
33077,Feb,2023,289.47,Maharashtra,Mumbai,MSEDCL,Domestic,5.5,8.2,10.5,12.0,125.0,16.0,2572.34
20141,Dec,2024,77.29,Maharashtra,Mumbai,MSEDCL,Domestic,5.5,8.2,10.5,12.0,125.0,16.0,644.28
32758,Apr,2023,342.66,Delhi,Delhi,BSES Yamuna,Domestic,3.0,4.5,6.5,8.0,50.0,5.0,1584.49
24883,Mar,2026,44.97,West Bengal,Kolkata,CESC,Domestic,5.1,6.8,7.9,9.2,110.0,12.0,375.7
34114,Oct,2025,331.52,Delhi,Delhi,BSES Yamuna,Domestic,3.0,4.5,6.5,8.0,50.0,5.0,1515.36
33646,Jan,2025,193.42,Delhi,Delhi,BSES Yamuna,Domestic,3.0,4.5,6.5,8.0,50.0,5.0,806.01
26013,Jul,2024,454.16,Maharashtra,Mumbai,MSEDCL,Domestic,5.5,8.2,10.5,12.0,125.0,16.0,4560.03
20964,Nov,2025,529.46,Tamil Nadu,Chennai,TANGEDCO,Domestic,3.5,5.0,7.0,9.0,80.0,10.0,3416.29
27152,Oct,2023,356.93,Tamil Nadu,Chennai,TANGEDCO,Domestic,3.5,5.0,7.0,9.0,80.0,10.0,1996.14
28565,Feb,2023,377.64,Maharashtra,Mumbai,MSEDCL,Domestic,5.5,8.2,10.5,12.0,125.0,16.0,3582.65
31828,Apr,2023,484.27,Delhi,Delhi,BSES Yamuna,Domestic,3.0,4.5,6.5,8.0,50.0,5.0,2600.27
30734,Sep,2023,1530.27,Tamil Nadu,Chennai,TANGEDCO,Commercial,7.5,8.5,9.8,11.2,210.0,10.0,17483.76
23611,Jun,2024,130.19,West Bengal,Kolkata,CESC,Domestic,5.1,6.8,7.9,9.2,110.0,12.0,925.71
29885,Aug,2025,297.98,Tamil Nadu,Chennai,TANGEDCO,Commercial,7.5,8.5,9.8,11.2,210.0,10.0,2863.49
26895,Feb,2026,36.57,Maharashtra,Mumbai,MSEDCL,Domestic,5.5,8.2,10.5,12.0,125.0,16.0,372.77
33468,Jul,2025,171.58,West Bengal,Kolkata,CESC,Domestic,5.1,6.8,7.9,9.2,110.0,12.0,1218.15
34627,Jun,2023,284.77,West Bengal,Kolkata,CESC,Domestic,5.1,6.8,7.9,9.2,110.0,12.0,2115.02
33960,Sep,2026,167.68,Karnataka,Bangalore,BESCOM,Domestic,4.5,6.5,7.7,8.5,100.0,9.0,1094.13
27312,Jul,2024,516.94,Karnataka,Bangalore,BESCOM,Domestic,4.5,6.5,7.7,8.5,100.0,9.0,3777.81
20106,Jan,2023,77.89,Tamil Nadu,Chennai,TANGEDCO,Domestic,3.5,5.0,7.0,9.0,80.0,10.0,391.7
25540,Aug,2023,35.03,Maharashtra,Mumbai,MSEDCL,Domestic,5.5,8.2,10.5,12.0,125.0,16.0,362.09
29874,Nov,2026,829.5,Tamil Nadu,Chennai,TANGEDCO,Domestic,3.5,5.0,7.0,9.0,80.0,10.0,6339.3
32290,Oct,2024,171.35,Tamil Nadu,Chennai,TANGEDCO,Domestic,3.5,5.0,7.0,9.0,80.0,10.0,859.14
32209,Mar,2026,132.72,Karnataka,Bangalore,BESCOM,Commercial,8.0,9.0,10.0,11.0,220.0,9.0,1419.77
30829,Feb,2024,74.12,West Bengal,Kolkata,CESC,Domestic,5.1,6.8,7.9,9.2,110.0,12.0,537.55
26788,Dec,2023,480.04,West Bengal,Kolkata,CESC,Domestic,5.1,6.8,7.9,9.2,110.0,12.0,3877.17
22138,Mar,2025,86.41,Maharashtra,Mumbai,MSEDCL,Domestic,5.5,8.2,10.5,12.0,125.0,16.0,698.32
31609,Nov,2023,189.98,Tamil Nadu,Chennai,TANGEDCO,Commercial,7.5,8.5,9.8,11.2,210.0,10.0,1910.2
24446,Jun,2025,288.83,Tamil Nadu,Chennai,TANGEDCO,Domestic,3.5,5.0,7.0,9.0,80.0,10.0,1538.89
23531,Mar,2025,83.02,Delhi,Delhi,BSES Yamuna,Domestic,3.0,4.5,6.5,8.0,50.0,5.0,313.11
21287,Oct,2024,547.44,Delhi,Delhi,BSES Yamuna,Domestic,3.0,4.5,6.5,8.0,50.0,5.0,3036.57
31372,May,2026,92.07,Tamil Nadu,Chennai,TANGEDCO,Domestic,3.5,5.0,7.0,9.0,80.0,10.0,437.13
33351,Jun,2024,380.53,Delhi,Delhi,BSES Yamuna,Domestic,3.0,4.5,6.5,8.0,50.0,5.0,1825.06
27053,Aug,2023,155.81,Karnataka,Bangalore,BESCOM,Domestic,4.5,6.5,7.7,8.5,100.0,9.0,980.69
34495,Jul,2026,778.3,Karnataka,Bangalore,BESCOM,Commercial,8.0,9.0,10.0,11.0,220.0,9.0,8544.34
23655,Nov,2025,1183.43,Tamil Nadu,Chennai,TANGEDCO,Commercial,7.5,8.5,9.8,11.2,210.0,10.0,13324.12
27103,Aug,2025,60.98,Maharashtra,Mumbai,MSEDCL,Domestic,5.5,8.2,10.5,12.0,125.0,16.0,542.24
22360,Mar,2023,180.38,West Bengal,Kolkata,CESC,Commercial,8.5,9.5,10.2,11.5,250.0,12.0,2124.01
28106,Apr,2026,51.28,Delhi,Delhi,BSES Yamuna,Domestic,3.0,4.5,6.5,8.0,50.0,5.0,218.07
28637,Jun,2023,992.35,Delhi,Delhi,BSES Yamuna,Commercial,6.5,8.0,9.5,11.0,180.0,5.0,10042.75
26442,Nov,2023,188.24,Maharashtra,Mumbai,MSEDCL,Domestic,5.5,8.2,10.5,12.0,125.0,16.0,1603.39
25048,Jul,2024,221.97,Tamil Nadu,Chennai,TANGEDCO,Domestic,3.5,5.0,7.0,9.0,80.0,10.0,1157.49
28228,Sep,2023,224.25,Maharashtra,Mumbai,MSEDCL,Commercial,9.5,11.0,12.5,14.0,300.0,16.0,2996.1
25204,Jan,2026,703.08,Tamil Nadu,Chennai,TANGEDCO,Commercial,7.5,8.5,9.8,11.2,210.0,10.0,7653.48
29668,Aug,2023,187.16,West Bengal,Kolkata,CESC,Domestic,5.1,6.8,7.9,9.2,110.0,12.0,1333.17
32150,Aug,2026,2792.92,Maharashtra,Mumbai,MSEDCL,Commercial,9.5,11.0,12.5,14.0,300.0,16.0,44293.88
21799,Jun,2025,164.19,Karnataka,Bangalore,BESCOM,Domestic,4.5,6.5,7.7,8.5,100.0,9.0,1069.47
30038,Apr,2023,1086.41,Maharashtra,Mumbai,MSEDCL,Commercial,9.5,11.0,12.5,14.0,300.0,16.0,16680.36
29601,Mar,2026,332.45,Karnataka,Bangalore,BESCOM,Domestic,4.5,6.5,7.7,8.5,100.0,9.0,2267.29
25292,Nov,2025,117.83,West Bengal,Kolkata,CESC,Domestic,5.1,6.8,7.9,9.2,110.0,12.0,832.48
25496,Mar,2026,739.47,Karnataka,Bangalore,BESCOM,Domestic,4.5,6.5,7.7,8.5,100.0,9.0,6031.11
29901,Jun,2025,56.22,Maharashtra,Mumbai,MSEDCL,Domestic,5.5,8.2,10.5,12.0,125.0,16.0,500.09
33674,Aug,2024,277.44,Tamil Nadu,Chennai,TANGEDCO,Domestic,3.5,5.0,7.0,9.0,80.0,10.0,1432.7
34895,Jul,2023,68.52,Karnataka,Bangalore,BESCOM,Domestic,4.5,6.5,7.7,8.5,100.0,9.0,443.74
31131,Nov,2023,69.23,Tamil Nadu,Chennai,TANGEDCO,Domestic,3.5,5.0,7.0,9.0,80.0,10.0,348.77
26285,Jan,2025,505.96,West Bengal,Kolkata,CESC,Commercial,8.5,9.5,10.2,11.5,250.0,12.0,5804.71
27286,Nov,2024,276.7,Delhi,Delhi,BSES Yamuna,Domestic,3.0,4.5,6.5,8.0,50.0,5.0,1183.3
21301,Jun,2026,41.0,Karnataka,Bangalore,BESCOM,Domestic,4.5,6.5,7.7,8.5,100.0,9.0,316.06
26870,Jul,2024,157.13,Delhi,Delhi,BSES Yamuna,Domestic,3.0,4.5,6.5,8.0,50.0,5.0,635.65
29436,Dec,2026,323.59,Maharashtra,Mumbai,MSEDCL,Domestic,5.5,8.2,10.5,12.0,125.0,16.0,3031.93
32169,Jul,2026,226.51,West Bengal,Kolkata,CESC,Domestic,5.1,6.8,7.9,9.2,110.0,12.0,1636.94
23098,Sep,2023,412.3,Karnataka,Bangalore,BESCOM,Domestic,4.5,6.5,7.7,8.5,100.0,9.0,2953.6
24617,Nov,2025,229.13,Tamil Nadu,Chennai,TANGEDCO,Domestic,3.5,5.0,7.0,9.0,80.0,10.0,1190.24
34095,Nov,2023,367.87,Maharashtra,Mumbai,MSEDCL,Domestic,5.5,8.2,10.5,12.0,125.0,16.0,3528.15
20010,Oct,2023,481.37,Karnataka,Bangalore,BESCOM,Domestic,4.5,6.5,7.7,8.5,100.0,9.0,3549.77
33272,May,2023,481.67,Maharashtra,Mumbai,MSEDCL,Domestic,5.5,8.2,10.5,12.0,125.0,16.0,4966.78
30618,Jan,2026,448.0,West Bengal,Kolkata,CESC,Commercial,8.5,9.5,10.2,11.5,250.0,12.0,5057.68
25753,Feb,2023,267.52,Karnataka,Bangalore,BESCOM,Domestic,4.5,6.5,7.7,8.5,100.0,9.0,1776.2
29853,Apr,2026,150.18,Delhi,Delhi,BSES Yamuna,Commercial,6.5,8.0,9.5,11.0,180.0,5.0,1310.47
30824,May,2025,303.64,Maharashtra,Mumbai,MSEDCL,Domestic,5.5,8.2,10.5,12.0,125.0,16.0,2717.77
26296,Sep,2026,424.15,West Bengal,Kolkata,CESC,Commercial,8.5,9.5,10.2,11.5,250.0,12.0,4816.55
24816,Nov,2026,48.37,West Bengal,Kolkata,CESC,Domestic,5.1,6.8,7.9,9.2,110.0,12.0,405.27
21073,Jan,2024,76.74,Delhi,Delhi,BSES Yamuna,Domestic,3.0,4.5,6.5,8.0,50.0,5.0,288.49
23226,Mar,2023,148.55,Maharashtra,Mumbai,MSEDCL,Commercial,9.5,11.0,12.5,14.0,300.0,16.0,2029.41
33147,May,2023,177.55,Tamil Nadu,Chennai,TANGEDCO,Domestic,3.5,5.0,7.0,9.0,80.0,10.0,887.02
21317,Mar,2023,248.96,Karnataka,Bangalore,BESCOM,Domestic,4.5,6.5,7.7,8.5,100.0,9.0,1641.45
25700,Apr,2023,71.52,West Bengal,Kolkata,CESC,Domestic,5.1,6.8,7.9,9.2,110.0,12.0,538.71
32338,Mar,2024,124.11,Tamil Nadu,Chennai,TANGEDCO,Commercial,7.5,8.5,9.8,11.2,210.0,10.0,1287.98
26808,Apr,2024,208.69,Karnataka,Bangalore,BESCOM,Domestic,4.5,6.5,7.7,8.5,100.0,9.0,1365.44
26675,Jan,2024,52.27,Delhi,Delhi,BSES Yamuna,Domestic,3.0,4.5,6.5,8.0,50.0,5.0,215.16
23684,Dec,2024,712.52,Maharashtra,Mumbai,MSEDCL,Domestic,5.5,8.2,10.5,12.0,125.0,16.0,7975.82
27228,Aug,2023,454.87,Karnataka,Bangalore,BESCOM,Domestic,4.5,6.5,7.7,8.5,100.0,9.0,3281.82
23274,Apr,2026,1605.84,Karnataka,Bangalore,BESCOM,Commercial,8.0,9.0,10.0,11.0,220.0,9.0,18260.34
27001,Jul,2025,106.95,Delhi,Delhi,BSES Yamuna,Domestic,3.0,4.5,6.5,8.0,50.0,5.0,398.6
20146,Feb,2024,135.95,Delhi,Delhi,BSES Yamuna,Commercial,6.5,8.0,9.5,11.0,180.0,5.0,1194.5
25011,Feb,2026,146.78,Tamil Nadu,Chennai,TANGEDCO,Domestic,3.5,5.0,7.0,9.0,80.0,10.0,729.59
23041,Jun,2024,238.22,Maharashtra,Mumbai,MSEDCL,Domestic,5.5,8.2,10.5,12.0,125.0,16.0,2074.15
29655,Feb,2023,107.1,Karnataka,Bangalore,BESCOM,Domestic,4.5,6.5,7.7,8.5,100.0,9.0,657.29
34578,Jun,2023,307.44,Maharashtra,Mumbai,MSEDCL,Domestic,5.5,8.2,10.5,12.0,125.0,16.0,2760.34
32869,Nov,2026,321.02,West Bengal,Kolkata,CESC,Domestic,5.1,6.8,7.9,9.2,110.0,12.0,2361.18
29777,Feb,2026,502.55,West Bengal,Kolkata,CESC,Domestic,5.1,6.8,7.9,9.2,110.0,12.0,4082.26
20483,Apr,2026,183.31,West Bengal,Kolkata,CESC,Domestic,5.1,6.8,7.9,9.2,110.0,12.0,1339.94
23180,Jul,2023,116.56,Maharashtra,Mumbai,MSEDCL,Domestic,5.5,8.2,10.5,12.0,125.0,16.0,955.23
21250,Aug,2023,52.06,Maharashtra,Mumbai,MSEDCL,Domestic,5.5,8.2,10.5,12.0,125.0,16.0,472.69
32961,Mar,2025,274.38,Delhi,Delhi,BSES Yamuna,Domestic,3.0,4.5,6.5,8.0,50.0,5.0,1206.68
20631,Sep,2026,160.63,Maharashtra,Mumbai,MSEDCL,Domestic,5.5,8.2,10.5,12.0,125.0,16.0,1348.21
34997,Feb,2025,113.74,Karnataka,Bangalore,BESCOM,Domestic,4.5,6.5,7.7,8.5,100.0,9.0,689.42
28854,Aug,2024,54.58,Maharashtra,Mumbai,MSEDCL,Domestic,5.5,8.2,10.5,12.0,125.0,16.0,497.78
31696,Aug,2025,950.0,West Bengal,Kolkata,CESC,Domestic,5.1,6.8,7.9,9.2,110.0,12.0,8735.65
22853,Apr,2024,453.29,Maharashtra,Mumbai,MSEDCL,Commercial,9.5,11.0,12.5,14.0,300.0,16.0,6164.75
30659,Jan,2024,175.67,Delhi,Delhi,BSES Yamuna,Domestic,3.0,4.5,6.5,8.0,50.0,5.0,736.53
20988,Jan,2025,33.71,West Bengal,Kolkata,CESC,Domestic,5.1,6.8,7.9,9.2,110.0,12.0,311.15
27623,Feb,2026,213.82,Tamil Nadu,Chennai,TANGEDCO,Domestic,3.5,5.0,7.0,9.0,80.0,10.0,1079.26
27328,Dec,2024,957.22,Maharashtra,Mumbai,MSEDCL,Commercial,9.5,11.0,12.5,14.0,300.0,16.0,14557.21
29739,Sep,2026,155.29,Maharashtra,Mumbai,MSEDCL,Domestic,5.5,8.2,10.5,12.0,125.0,16.0,1328.03
28842,Feb,2023,428.01,Maharashtra,Mumbai,MSEDCL,Commercial,9.5,11.0,12.5,14.0,300.0,16.0,5748.7
29161,Feb,2024,39.62,West Bengal,Kolkata,CESC,Domestic,5.1,6.8,7.9,9.2,110.0,12.0,353.45
30830,Jun,2023,527.8,Tamil Nadu,Chennai,TANGEDCO,Commercial,7.5,8.5,9.8,11.2,210.0,10.0,5413.59
21101,Jul,2025,31.77,West Bengal,Kolkata,CESC,Domestic,5.1,6.8,7.9,9.2,110.0,12.0,307.36
26653,Jul,2026,68.53,Delhi,Delhi,BSES Yamuna,Domestic,3.0,4.5,6.5,8.0,50.0,5.0,271.25
28633,Sep,2025,170.98,Delhi,Delhi,BSES Yamuna,Domestic,3.0,4.5,6.5,8.0,50.0,5.0,706.95
27422,Jun,2024,280.45,Maharashtra,Mumbai,MSEDCL,Commercial,9.5,11.0,12.5,14.0,300.0,16.0,3742.88
25017,Aug,2023,2800.0,Tamil Nadu,Chennai,TANGEDCO,Commercial,7.5,8.5,9.8,11.2,210.0,10.0,33381.22
20770,Nov,2024,188.52,West Bengal,Kolkata,CESC,Domestic,5.1,6.8,7.9,9.2,110.0,12.0,1366.36
21344,Jun,2025,198.84,Delhi,Delhi,BSES Yamuna,Domestic,3.0,4.5,6.5,8.0,50.0,5.0,833.51
34115,Feb,2026,52.17,Maharashtra,Mumbai,MSEDCL,Domestic,5.5,8.2,10.5,12.0,125.0,16.0,468.81
24359,Jan,2026,130.76,Delhi,Delhi,BSES Yamuna,Domestic,3.0,4.5,6.5,8.0,50.0,5.0,513.91
31922,May,2024,857.78,West Bengal,Kolkata,CESC,Domestic,5.1,6.8,7.9,9.2,110.0,12.0,7609.84
32099,Sep,2024,51.8,Karnataka,Bangalore,BESCOM,Domestic,4.5,6.5,7.7,8.5,100.0,9.0,359.6
29770,Aug,2023,611.92,West Bengal,Kolkata,CESC,Commercial,8.5,9.5,10.2,11.5,250.0,12.0,7157.49
26781,Apr,2025,227.5,West Bengal,Kolkata,CESC,Domestic,5.1,6.8,7.9,9.2,110.0,12.0,1644.12
32201,May,2024,395.92,West Bengal,Kolkata,CESC,Domestic,5.1,6.8,7.9,9.2,110.0,12.0,3100.64
26603,May,2023,104.44,West Bengal,Kolkata,CESC,Domestic,5.1,6.8,7.9,9.2,110.0,12.0,729.49
33287,Jun,2024,418.57,Tamil Nadu,Chennai,TANGEDCO,Commercial,7.5,8.5,9.8,11.2,210.0,10.0,4208.59
31544,Mar,2026,266.2,Delhi,Delhi,BSES Yamuna,Domestic,3.0,4.5,6.5,8.0,50.0,5.0,1152.98
32988,May,2023,950.0,Karnataka,Bangalore,BESCOM,Domestic,4.5,6.5,7.7,8.5,100.0,9.0,7950.77
22350,Feb,2023,529.24,Maharashtra,Mumbai,MSEDCL,Commercial,9.5,11.0,12.5,14.0,300.0,16.0,7334.58
31795,Oct,2024,858.11,West Bengal,Kolkata,CESC,Commercial,8.5,9.5,10.2,11.5,250.0,12.0,10236.3
25700,Jan,2025,35.72,Delhi,Delhi,BSES Yamuna,Domestic,3.0,4.5,6.5,8.0,50.0,5.0,163.97
21242,Nov,2026,178.07,West Bengal,Kolkata,CESC,Domestic,5.1,6.8,7.9,9.2,110.0,12.0,1272.61
21126,Jan,2025,382.83,West Bengal,Kolkata,CESC,Commercial,8.5,9.5,10.2,11.5,250.0,12.0,4378.29
30794,Oct,2023,81.87,Maharashtra,Mumbai,MSEDCL,Domestic,5.5,8.2,10.5,12.0,125.0,16.0,672.76
34624,Jul,2025,193.35,Maharashtra,Mumbai,MSEDCL,Domestic,5.5,8.2,10.5,12.0,125.0,16.0,1677.01
29383,Feb,2023,438.78,Maharashtra,Mumbai,MSEDCL,Domestic,5.5,8.2,10.5,12.0,125.0,16.0,4339.11
26765,Apr,2025,55.93,West Bengal,Kolkata,CESC,Domestic,5.1,6.8,7.9,9.2,110.0,12.0,438.52
25102,May,2024,500.92,West Bengal,Kolkata,CESC,Commercial,8.5,9.5,10.2,11.5,250.0,12.0,5581.26
32324,Jul,2025,36.43,Delhi,Delhi,BSES Yamuna,Domestic,3.0,4.5,6.5,8.0,50.0,5.0,170.11
33032,Feb,2023,136.9,Delhi,Delhi,BSES Yamuna,Domestic,3.0,4.5,6.5,8.0,50.0,5.0,543.98
34053,Jun,2026,495.67,Delhi,Delhi,BSES Yamuna,Commercial,6.5,8.0,9.5,11.0,180.0,5.0,4572.99
32641,Jan,2026,51.89,West Bengal,Kolkata,CESC,Domestic,5.1,6.8,7.9,9.2,110.0,12.0,411.25
27844,Jul,2026,31.16,Maharashtra,Mumbai,MSEDCL,Domestic,5.5,8.2,10.5,12.0,125.0,16.0,348.11
34211,Sep,2023,126.78,Karnataka,Bangalore,BESCOM,Commercial,8.0,9.0,10.0,11.0,220.0,9.0,1359.51
20073,May,2025,216.41,Tamil Nadu,Chennai,TANGEDCO,Domestic,3.5,5.0,7.0,9.0,80.0,10.0,1119.79
34984,May,2026,198.24,Maharashtra,Mumbai,MSEDCL,Domestic,5.5,8.2,10.5,12.0,125.0,16.0,1689.78
25473,Apr,2026,32.82,Maharashtra,Mumbai,MSEDCL,Domestic,5.5,8.2,10.5,12.0,125.0,16.0,347.49
30107,Mar,2026,337.68,Delhi,Delhi,BSES Yamuna,Domestic,3.0,4.5,6.5,8.0,50.0,5.0,1557.76
25190,Sep,2024,564.45,Tamil Nadu,Chennai,TANGEDCO,Commercial,7.5,8.5,9.8,11.2,210.0,10.0,5913.89
22473,May,2023,137.66,West Bengal,Kolkata,CESC,Domestic,5.1,6.8,7.9,9.2,110.0,12.0,988.33
31239,Aug,2023,40.57,Tamil Nadu,Chennai,TANGEDCO,Domestic,3.5,5.0,7.0,9.0,80.0,10.0,242.25
20708,Sep,2023,222.63,Tamil Nadu,Chennai,TANGEDCO,Domestic,3.5,5.0,7.0,9.0,80.0,10.0,1127.73
21805,May,2023,134.27,Karnataka,Bangalore,BESCOM,Domestic,4.5,6.5,7.7,8.5,100.0,9.0,838.59
26705,Oct,2023,270.76,West Bengal,Kolkata,CESC,Commercial,8.5,9.5,10.2,11.5,250.0,12.0,3011.69
23714,Sep,2024,495.3,Maharashtra,Mumbai,MSEDCL,Commercial,9.5,11.0,12.5,14.0,300.0,16.0,6777.98
25052,Feb,2025,1276.22,Delhi,Delhi,BSES Yamuna,Commercial,6.5,8.0,9.5,11.0,180.0,5.0,13468.83
30757,Sep,2024,42.12,Maharashtra,Mumbai,MSEDCL,Domestic,5.5,8.2,10.5,12.0,125.0,16.0,414.21
22476,Nov,2026,35.93,Delhi,Delhi,BSES Yamuna,Domestic,3.0,4.5,6.5,8.0,50.0,5.0,166.43
23611,Apr,2024,491.2,West Bengal,Kolkata,CESC,Domestic,5.1,6.8,7.9,9.2,110.0,12.0,3891.91
24256,Jun,2023,893.55,Tamil Nadu,Chennai,TANGEDCO,Commercial,7.5,8.5,9.8,11.2,210.0,10.0,9936.3
34485,Jun,2024,34.43,Delhi,Delhi,BSES Yamuna,Domestic,3.0,4.5,6.5,8.0,50.0,5.0,159.17
31016,Jun,2023,174.99,Karnataka,Bangalore,BESCOM,Domestic,4.5,6.5,7.7,8.5,100.0,9.0,1150.09
27398,Feb,2024,172.36,Karnataka,Bangalore,BESCOM,Domestic,4.5,6.5,7.7,8.5,100.0,9.0,1095.08
21736,Jul,2023,135.06,Delhi,Delhi,BSES Yamuna,Domestic,3.0,4.5,6.5,8.0,50.0,5.0,528.02
29778,Jun,2026,313.91,Delhi,Delhi,BSES Yamuna,Domestic,3.0,4.5,6.5,8.0,50.0,5.0,1425.63
28259,Nov,2023,499.39,Tamil Nadu,Chennai,TANGEDCO,Commercial,7.5,8.5,9.8,11.2,210.0,10.0,4990.45
31254,Jan,2024,663.62,Maharashtra,Mumbai,MSEDCL,Domestic,5.5,8.2,10.5,12.0,125.0,16.0,7376.73
27980,Feb,2026,299.72,Maharashtra,Mumbai,MSEDCL,Domestic,5.5,8.2,10.5,12.0,125.0,16.0,2712.38
22429,Jul,2024,227.38,Tamil Nadu,Chennai,TANGEDCO,Domestic,3.5,5.0,7.0,9.0,80.0,10.0,1156.95
32346,Jan,2026,758.11,Maharashtra,Mumbai,MSEDCL,Commercial,9.5,11.0,12.5,14.0,300.0,16.0,11182.58
27427,Jan,2025,69.81,Delhi,Delhi,BSES Yamuna,Domestic,3.0,4.5,6.5,8.0,50.0,5.0,277.32
28534,Jan,2025,854.08,Karnataka,Bangalore,BESCOM,Domestic,4.5,6.5,7.7,8.5,100.0,9.0,7075.48
25250,Aug,2025,317.58,Maharashtra,Mumbai,MSEDCL,Domestic,5.5,8.2,10.5,12.0,125.0,16.0,2857.27
30967,Apr,2024,38.47,Maharashtra,Mumbai,MSEDCL,Domestic,5.5,8.2,10.5,12.0,125.0,16.0,384.22
25292,Apr,2024,399.95,West Bengal,Kolkata,CESC,Domestic,5.1,6.8,7.9,9.2,110.0,12.0,3102.72
22818,Feb,2026,84.54,Karnataka,Bangalore,BESCOM,Domestic,4.5,6.5,7.7,8.5,100.0,9.0,522.57
30854,Nov,2026,241.61,Tamil Nadu,Chennai,TANGEDCO,Domestic,3.5,5.0,7.0,9.0,80.0,10.0,1242.83
29425,Nov,2026,85.39,West Bengal,Kolkata,CESC,Domestic,5.1,6.8,7.9,9.2,110.0,12.0,612.21
23875,Nov,2026,206.51,West Bengal,Kolkata,CESC,Domestic,5.1,6.8,7.9,9.2,110.0,12.0,1490.74
30594,Jan,2023,146.13,Delhi,Delhi,BSES Yamuna,Domestic,3.0,4.5,6.5,8.0,50.0,5.0,582.9
29687,Dec,2025,145.64,West Bengal,Kolkata,CESC,Domestic,5.1,6.8,7.9,9.2,110.0,12.0,1051.63
34110,Oct,2023,399.34,West Bengal,Kolkata,CESC,Domestic,5.1,6.8,7.9,9.2,110.0,12.0,3102.62
24212,Sep,2023,603.6,Delhi,Delhi,BSES Yamuna,Domestic,3.0,4.5,6.5,8.0,50.0,5.0,3491.04
20662,Jul,2023,347.68,West Bengal,Kolkata,CESC,Domestic,5.1,6.8,7.9,9.2,110.0,12.0,2668.79
32076,Apr,2023,496.1,Karnataka,Bangalore,BESCOM,Domestic,4.5,6.5,7.7,8.5,100.0,9.0,3659.89
33754,Dec,2025,264.0,West Bengal,Kolkata,CESC,Commercial,8.5,9.5,10.2,11.5,250.0,12.0,2937.55
31812,Jun,2023,519.19,Tamil Nadu,Chennai,TANGEDCO,Domestic,3.5,5.0,7.0,9.0,80.0,10.0,3299.84
34789,Feb,2026,164.52,Delhi,Delhi,BSES Yamuna,Domestic,3.0,4.5,6.5,8.0,50.0,5.0,661.31
30061,Jul,2024,693.45,Delhi,Delhi,BSES Yamuna,Commercial,6.5,8.0,9.5,11.0,180.0,5.0,6751.42
30527,Feb,2026,79.2,Delhi,Delhi,BSES Yamuna,Domestic,3.0,4.5,6.5,8.0,50.0,5.0,299.26
23375,Oct,2024,397.1,Delhi,Delhi,BSES Yamuna,Commercial,6.5,8.0,9.5,11.0,180.0,5.0,3460.9
29209,Aug,2026,123.16,Karnataka,Bangalore,BESCOM,Domestic,4.5,6.5,7.7,8.5,100.0,9.0,776.55
32599,Aug,2026,418.65,West Bengal,Kolkata,CESC,Domestic,5.1,6.8,7.9,9.2,110.0,12.0,3281.75
20208,Jan,2024,263.01,West Bengal,Kolkata,CESC,Domestic,5.1,6.8,7.9,9.2,110.0,12.0,1946.0
22666,Aug,2025,876.47,Delhi,Delhi,BSES Yamuna,Domestic,3.0,4.5,6.5,8.0,50.0,5.0,5740.62
22494,Feb,2023,683.56,Maharashtra,Mumbai,MSEDCL,Domestic,5.5,8.2,10.5,12.0,125.0,16.0,7652.58
26814,Jun,2026,708.12,Delhi,Delhi,BSES Yamuna,Domestic,3.0,4.5,6.5,8.0,50.0,5.0,4417.67
20633,Jan,2025,228.33,Maharashtra,Mumbai,MSEDCL,Domestic,5.5,8.2,10.5,12.0,125.0,16.0,1975.02
30295,May,2023,271.76,West Bengal,Kolkata,CESC,Domestic,5.1,6.8,7.9,9.2,110.0,12.0,1971.85
31152,Nov,2025,907.27,Tamil Nadu,Chennai,TANGEDCO,Domestic,3.5,5.0,7.0,9.0,80.0,10.0,7185.66
23084,Jul,2025,86.49,West Bengal,Kolkata,CESC,Domestic,5.1,6.8,7.9,9.2,110.0,12.0,628.41
32945,Oct,2023,401.76,Maharashtra,Mumbai,MSEDCL,Domestic,5.5,8.2,10.5,12.0,125.0,16.0,3991.89
33712,Jan,2026,89.47,Maharashtra,Mumbai,MSEDCL,Domestic,5.5,8.2,10.5,12.0,125.0,16.0,716.21
30124,Feb,2025,523.26,Tamil Nadu,Chennai,TANGEDCO,Domestic,3.5,5.0,7.0,9.0,80.0,10.0,3328.84
23720,Jul,2026,616.2,West Bengal,Kolkata,CESC,Domestic,5.1,6.8,7.9,9.2,110.0,12.0,5264.99
27124,Jun,2026,440.91,Tamil Nadu,Chennai,TANGEDCO,Commercial,7.5,8.5,9.8,11.2,210.0,10.0,4417.99
30755,Mar,2026,1214.09,Tamil Nadu,Chennai,TANGEDCO,Commercial,7.5,8.5,9.8,11.2,210.0,10.0,13702.66
21680,Oct,2023,145.58,Karnataka,Bangalore,BESCOM,Domestic,4.5,6.5,7.7,8.5,100.0,9.0,921.25
20237,Feb,2024,319.32,Tamil Nadu,Chennai,TANGEDCO,Domestic,3.5,5.0,7.0,9.0,80.0,10.0,1687.78
27447,Oct,2026,335.48,Delhi,Delhi,BSES Yamuna,Domestic,3.0,4.5,6.5,8.0,50.0,5.0,1575.48
24444,Apr,2024,158.51,Delhi,Delhi,BSES Yamuna,Domestic,3.0,4.5,6.5,8.0,50.0,5.0,647.69
26771,Mar,2024,2071.06,Maharashtra,Mumbai,MSEDCL,Commercial,9.5,11.0,12.5,14.0,300.0,16.0,32362.14
32918,Jul,2025,819.97,Maharashtra,Mumbai,MSEDCL,Domestic,5.5,8.2,10.5,12.0,125.0,16.0,9654.12
29733,Aug,2026,460.5,Delhi,Delhi,BSES Yamuna,Commercial,6.5,8.0,9.5,11.0,180.0,5.0,4178.25
26100,Feb,2026,196.69,Delhi,Delhi,BSES Yamuna,Domestic,3.0,4.5,6.5,8.0,50.0,5.0,834.16
32136,Oct,2026,165.62,Karnataka,Bangalore,BESCOM,Domestic,4.5,6.5,7.7,8.5,100.0,9.0,1065.3
33560,Jul,2024,138.61,West Bengal,Kolkata,CESC,Domestic,5.1,6.8,7.9,9.2,110.0,12.0,987.9
28556,Aug,2023,50.36,Tamil Nadu,Chennai,TANGEDCO,Domestic,3.5,5.0,7.0,9.0,80.0,10.0,282.11
22369,Jun,2024,349.08,Maharashtra,Mumbai,MSEDCL,Domestic,5.5,8.2,10.5,12.0,125.0,16.0,3344.7
20286,Jun,2026,209.15,Maharashtra,Mumbai,MSEDCL,Domestic,5.5,8.2,10.5,12.0,125.0,16.0,1834.44
20149,Oct,2026,192.75,Delhi,Delhi,BSES Yamuna,Domestic,3.0,4.5,6.5,8.0,50.0,5.0,821.71
33396,Jan,2026,177.54,Karnataka,Bangalore,BESCOM,Domestic,4.5,6.5,7.7,8.5,100.0,9.0,1133.32
24038,Apr,2024,128.99,West Bengal,Kolkata,CESC,Domestic,5.1,6.8,7.9,9.2,110.0,12.0,899.49
26550,Jan,2026,231.79,Delhi,Delhi,BSES Yamuna,Domestic,3.0,4.5,6.5,8.0,50.0,5.0,998.69
27122,Apr,2025,201.12,Karnataka,Bangalore,BESCOM,Commercial,8.0,9.0,10.0,11.0,220.0,9.0,2126.61
32744,Feb,2026,65.49,Karnataka,Bangalore,BESCOM,Domestic,4.5,6.5,7.7,8.5,100.0,9.0,424.43
29959,Nov,2023,163.95,Karnataka,Bangalore,BESCOM,Domestic,4.5,6.5,7.7,8.5,100.0,9.0,1041.13
24896,May,2025,279.61,Maharashtra,Mumbai,MSEDCL,Commercial,9.5,11.0,12.5,14.0,300.0,16.0,3737.1
25281,Oct,2026,72.15,Tamil Nadu,Chennai,TANGEDCO,Domestic,3.5,5.0,7.0,9.0,80.0,10.0,368.99
21013,Sep,2025,96.84,Delhi,Delhi,BSES Yamuna,Domestic,3.0,4.5,6.5,8.0,50.0,5.0,363.56
31024,Nov,2026,222.66,West Bengal,Kolkata,CESC,Commercial,8.5,9.5,10.2,11.5,250.0,12.0,2577.51
30700,Dec,2023,405.31,Maharashtra,Mumbai,MSEDCL,Commercial,9.5,11.0,12.5,14.0,300.0,16.0,5467.8
29716,Oct,2026,66.77,Maharashtra,Mumbai,MSEDCL,Domestic,5.5,8.2,10.5,12.0,125.0,16.0,580.59
22786,Mar,2025,341.19,Delhi,Delhi,BSES Yamuna,Domestic,3.0,4.5,6.5,8.0,50.0,5.0,1616.22
30749,Aug,2023,236.26,Tamil Nadu,Chennai,TANGEDCO,Domestic,3.5,5.0,7.0,9.0,80.0,10.0,1243.04
23726,Mar,2024,423.73,Maharashtra,Mumbai,MSEDCL,Domestic,5.5,8.2,10.5,12.0,125.0,16.0,4141.88
24577,Jun,2023,882.33,West Bengal,Kolkata,CESC,Commercial,8.5,9.5,10.2,11.5,250.0,12.0,10384.18
25783,Apr,2023,47.94,Tamil Nadu,Chennai,TANGEDCO,Domestic,3.5,5.0,7.0,9.0,80.0,10.0,276.51
26258,Aug,2023,112.47,Karnataka,Bangalore,BESCOM,Domestic,4.5,6.5,7.7,8.5,100.0,9.0,698.64
29794,Nov,2025,140.01,Maharashtra,Mumbai,MSEDCL,Domestic,5.5,8.2,10.5,12.0,125.0,16.0,1145.16
22409,Jun,2023,85.87,Maharashtra,Mumbai,MSEDCL,Domestic,5.5,8.2,10.5,12.0,125.0,16.0,696.29
20341,Aug,2026,1146.42,Tamil Nadu,Chennai,TANGEDCO,Commercial,7.5,8.5,9.8,11.2,210.0,10.0,12868.84
22818,Jan,2023,539.14,Delhi,Delhi,BSES Yamuna,Domestic,3.0,4.5,6.5,8.0,50.0,5.0,3066.25
34299,Jun,2023,1765.29,West Bengal,Kolkata,CESC,Commercial,8.5,9.5,10.2,11.5,250.0,12.0,21732.31
22497,Jan,2026,211.68,Maharashtra,Mumbai,MSEDCL,Domestic,5.5,8.2,10.5,12.0,125.0,16.0,1852.05
25963,Jan,2026,419.67,Delhi,Delhi,BSES Yamuna,Domestic,3.0,4.5,6.5,8.0,50.0,5.0,2154.82
33123,Aug,2024,140.66,Maharashtra,Mumbai,MSEDCL,Commercial,9.5,11.0,12.5,14.0,300.0,16.0,1993.28
25300,Jul,2023,489.39,Tamil Nadu,Chennai,TANGEDCO,Commercial,7.5,8.5,9.8,11.2,210.0,10.0,4898.86
29918,Mar,2025,1289.67,West Bengal,Kolkata,CESC,Commercial,8.5,9.5,10.2,11.5,250.0,12.0,16067.26
27575,Jun,2023,533.81,West Bengal,Kolkata,CESC,Commercial,8.5,9.5,10.2,11.5,250.0,12.0,6132.04
21690,Sep,2023,562.54,Delhi,Delhi,BSES Yamuna,Domestic,3.0,4.5,6.5,8.0,50.0,5.0,3195.46
23268,Jul,2026,530.79,Karnataka,Bangalore,BESCOM,Domestic,4.5,6.5,7.7,8.5,100.0,9.0,4046.4
24407,Dec,2024,349.11,Karnataka,Bangalore,BESCOM,Commercial,8.0,9.0,10.0,11.0,220.0,9.0,3675.88
28454,Mar,2023,393.02,West Bengal,Kolkata,CESC,Domestic,5.1,6.8,7.9,9.2,110.0,12.0,2981.67
21443,Jun,2025,75.6,West Bengal,Kolkata,CESC,Domestic,5.1,6.8,7.9,9.2,110.0,12.0,544.46
28598,Nov,2023,65.12,Tamil Nadu,Chennai,TANGEDCO,Domestic,3.5,5.0,7.0,9.0,80.0,10.0,334.47
30383,Apr,2025,146.71,Maharashtra,Mumbai,MSEDCL,Domestic,5.5,8.2,10.5,12.0,125.0,16.0,1216.23
24438,Mar,2026,174.84,Karnataka,Bangalore,BESCOM,Commercial,8.0,9.0,10.0,11.0,220.0,9.0,1839.85
25436,Sep,2024,116.39,Tamil Nadu,Chennai,TANGEDCO,Domestic,3.5,5.0,7.0,9.0,80.0,10.0,558.75
28436,Oct,2023,261.49,Tamil Nadu,Chennai,TANGEDCO,Commercial,7.5,8.5,9.8,11.2,210.0,10.0,2532.36
32778,Feb,2024,533.64,Karnataka,Bangalore,BESCOM,Domestic,4.5,6.5,7.7,8.5,100.0,9.0,4008.19
24108,Jan,2023,138.18,Delhi,Delhi,BSES Yamuna,Domestic,3.0,4.5,6.5,8.0,50.0,5.0,539.71
20561,Feb,2025,208.26,Tamil Nadu,Chennai,TANGEDCO,Domestic,3.5,5.0,7.0,9.0,80.0,10.0,1077.15
32330,Jul,2024,214.01,Karnataka,Bangalore,BESCOM,Domestic,4.5,6.5,7.7,8.5,100.0,9.0,1422.76
30918,Oct,2023,222.08,Maharashtra,Mumbai,MSEDCL,Domestic,5.5,8.2,10.5,12.0,125.0,16.0,1955.75
28786,Jan,2026,676.76,Delhi,Delhi,BSES Yamuna,Domestic,3.0,4.5,6.5,8.0,50.0,5.0,4106.52
25549,Jun,2025,92.45,Delhi,Delhi,BSES Yamuna,Domestic,3.0,4.5,6.5,8.0,50.0,5.0,340.78
21827,Jul,2024,199.92,Delhi,Delhi,BSES Yamuna,Domestic,3.0,4.5,6.5,8.0,50.0,5.0,839.17
31422,Sep,2023,694.38,Tamil Nadu,Chennai,TANGEDCO,Domestic,3.5,5.0,7.0,9.0,80.0,10.0,5062.4
31480,Aug,2024,164.24,West Bengal,Kolkata,CESC,Domestic,5.1,6.8,7.9,9.2,110.0,12.0,1184.69
32266,Jun,2023,103.53,Delhi,Delhi,BSES Yamuna,Domestic,3.0,4.5,6.5,8.0,50.0,5.0,380.79
33982,Mar,2025,135.26,Karnataka,Bangalore,BESCOM,Domestic,4.5,6.5,7.7,8.5,100.0,9.0,837.59
27630,Aug,2026,561.92,Delhi,Delhi,BSES Yamuna,Commercial,6.5,8.0,9.5,11.0,180.0,5.0,5326.19
28326,Jul,2025,80.88,Tamil Nadu,Chennai,TANGEDCO,Domestic,3.5,5.0,7.0,9.0,80.0,10.0,392.26
23139,Mar,2024,853.1,Tamil Nadu,Chennai,TANGEDCO,Commercial,7.5,8.5,9.8,11.2,210.0,10.0,9426.54
32112,Sep,2024,1715.41,Delhi,Delhi,BSES Yamuna,Commercial,6.5,8.0,9.5,11.0,180.0,5.0,18457.12
33236,Dec,2023,563.98,Maharashtra,Mumbai,MSEDCL,Domestic,5.5,8.2,10.5,12.0,125.0,16.0,6006.85
27694,Feb,2025,1239.81,West Bengal,Kolkata,CESC,Commercial,8.5,9.5,10.2,11.5,250.0,12.0,15301.48
28265,Mar,2023,122.63,West Bengal,Kolkata,CESC,Domestic,5.1,6.8,7.9,9.2,110.0,12.0,863.54
32687,Feb,2025,1653.12,Delhi,Delhi,BSES Yamuna,Commercial,6.5,8.0,9.5,11.0,180.0,5.0,18002.64
33717,Jan,2024,237.53,Maharashtra,Mumbai,MSEDCL,Commercial,9.5,11.0,12.5,14.0,300.0,16.0,3150.96
27843,Apr,2023,91.19,Tamil Nadu,Chennai,TANGEDCO,Domestic,3.5,5.0,7.0,9.0,80.0,10.0,434.34
26722,May,2023,78.55,West Bengal,Kolkata,CESC,Domestic,5.1,6.8,7.9,9.2,110.0,12.0,569.58
27003,Jun,2025,226.19,Maharashtra,Mumbai,MSEDCL,Domestic,5.5,8.2,10.5,12.0,125.0,16.0,1966.73
24226,May,2026,218.97,West Bengal,Kolkata,CESC,Domestic,5.1,6.8,7.9,9.2,110.0,12.0,1569.77
22979,Jan,2025,244.51,Karnataka,Bangalore,BESCOM,Domestic,4.5,6.5,7.7,8.5,100.0,9.0,1595.08
27374,Mar,2026,150.01,Tamil Nadu,Chennai,TANGEDCO,Domestic,3.5,5.0,7.0,9.0,80.0,10.0,761.64
25908,Jan,2025,102.17,Delhi,Delhi,BSES Yamuna,Domestic,3.0,4.5,6.5,8.0,50.0,5.0,381.97
26098,Nov,2024,301.25,Maharashtra,Mumbai,MSEDCL,Domestic,5.5,8.2,10.5,12.0,125.0,16.0,2741.66
32554,May,2023,1685.16,West Bengal,Kolkata,CESC,Commercial,8.5,9.5,10.2,11.5,250.0,12.0,20536.18
25657,May,2025,853.98,Karnataka,Bangalore,BESCOM,Commercial,8.0,9.0,10.0,11.0,220.0,9.0,9527.49
30178,Dec,2024,301.1,Maharashtra,Mumbai,MSEDCL,Domestic,5.5,8.2,10.5,12.0,125.0,16.0,2650.72
28985,Nov,2025,149.69,Delhi,Delhi,BSES Yamuna,Domestic,3.0,4.5,6.5,8.0,50.0,5.0,609.95
34589,Jun,2023,428.0,Delhi,Delhi,BSES Yamuna,Domestic,3.0,4.5,6.5,8.0,50.0,5.0,2174.28
33601,Aug,2025,82.4,Delhi,Delhi,BSES Yamuna,Domestic,3.0,4.5,6.5,8.0,50.0,5.0,312.17
24260,Oct,2026,147.47,Tamil Nadu,Chennai,TANGEDCO,Commercial,7.5,8.5,9.8,11.2,210.0,10.0,1512.79
28287,Dec,2023,62.05,Delhi,Delhi,BSES Yamuna,Domestic,3.0,4.5,6.5,8.0,50.0,5.0,249.3
25902,Jan,2026,75.58,Maharashtra,Mumbai,MSEDCL,Domestic,5.5,8.2,10.5,12.0,125.0,16.0,634.64
29326,Apr,2024,236.25,West Bengal,Kolkata,CESC,Commercial,8.5,9.5,10.2,11.5,250.0,12.0,2715.75
34672,Oct,2024,1653.7,Karnataka,Bangalore,BESCOM,Commercial,8.0,9.0,10.0,11.0,220.0,9.0,19246.29
24918,Nov,2025,47.77,Delhi,Delhi,BSES Yamuna,Domestic,3.0,4.5,6.5,8.0,50.0,5.0,203.65
28430,Jan,2026,221.34,Tamil Nadu,Chennai,TANGEDCO,Domestic,3.5,5.0,7.0,9.0,80.0,10.0,1133.9
34717,Sep,2026,38.86,Delhi,Delhi,BSES Yamuna,Domestic,3.0,4.5,6.5,8.0,50.0,5.0,175.71
31139,Nov,2023,203.53,West Bengal,Kolkata,CESC,Domestic,5.1,6.8,7.9,9.2,110.0,12.0,1458.69
22531,Jul,2026,150.75,Maharashtra,Mumbai,MSEDCL,Commercial,9.5,11.0,12.5,14.0,300.0,16.0,2079.84
21961,Jul,2026,317.66,West Bengal,Kolkata,CESC,Domestic,5.1,6.8,7.9,9.2,110.0,12.0,2407.01
27046,Dec,2023,65.17,Maharashtra,Mumbai,MSEDCL,Domestic,5.5,8.2,10.5,12.0,125.0,16.0,549.91
21049,May,2023,1139.32,Karnataka,Bangalore,BESCOM,Commercial,8.0,9.0,10.0,11.0,220.0,9.0,12783.7
25773,Jul,2026,143.91,West Bengal,Kolkata,CESC,Domestic,5.1,6.8,7.9,9.2,110.0,12.0,1013.37
22530,Dec,2025,1659.4,Delhi,Delhi,BSES Yamuna,Commercial,6.5,8.0,9.5,11.0,180.0,5.0,18212.75
22965,Feb,2023,571.84,Karnataka,Bangalore,BESCOM,Domestic,4.5,6.5,7.7,8.5,100.0,9.0,4435.98
27138,Apr,2023,105.99,West Bengal,Kolkata,CESC,Domestic,5.1,6.8,7.9,9.2,110.0,12.0,732.71
20964,Jul,2026,258.4,Maharashtra,Mumbai,MSEDCL,Domestic,5.5,8.2,10.5,12.0,125.0,16.0,2281.31
20537,Mar,2026,137.51,West Bengal,Kolkata,CESC,Domestic,5.1,6.8,7.9,9.2,110.0,12.0,995.3
33892,Feb,2023,417.45,Karnataka,Bangalore,BESCOM,Domestic,4.5,6.5,7.7,8.5,100.0,9.0,3010.39
27341,Oct,2026,286.16,Maharashtra,Mumbai,MSEDCL,Domestic,5.5,8.2,10.5,12.0,125.0,16.0,2590.0
34268,Feb,2023,129.32,Delhi,Delhi,BSES Yamuna,Domestic,3.0,4.5,6.5,8.0,50.0,5.0,496.19
27180,Jan,2025,533.69,Tamil Nadu,Chennai,TANGEDCO,Commercial,7.5,8.5,9.8,11.2,210.0,10.0,5415.13
27968,May,2025,297.29,Karnataka,Bangalore,BESCOM,Domestic,4.5,6.5,7.7,8.5,100.0,9.0,1983.34
32416,Dec,2023,278.17,Tamil Nadu,Chennai,TANGEDCO,Domestic,3.5,5.0,7.0,9.0,80.0,10.0,1435.72
31872,Jun,2023,722.77,Delhi,Delhi,BSES Yamuna,Domestic,3.0,4.5,6.5,8.0,50.0,5.0,4522.21
32380,Jun,2024,396.42,Tamil Nadu,Chennai,TANGEDCO,Commercial,7.5,8.5,9.8,11.2,210.0,10.0,3900.65
31917,Sep,2024,84.53,Tamil Nadu,Chennai,TANGEDCO,Domestic,3.5,5.0,7.0,9.0,80.0,10.0,418.46
28735,Apr,2026,2327.05,West Bengal,Kolkata,CESC,Commercial,8.5,9.5,10.2,11.5,250.0,12.0,29350.14
20846,Jan,2026,316.99,Delhi,Delhi,BSES Yamuna,Domestic,3.0,4.5,6.5,8.0,50.0,5.0,1413.09
31796,Jun,2023,174.33,Delhi,Delhi,BSES Yamuna,Domestic,3.0,4.5,6.5,8.0,50.0,5.0,732.65
25778,May,2023,286.23,Maharashtra,Mumbai,MSEDCL,Domestic,5.5,8.2,10.5,12.0,125.0,16.0,2547.78
23037,Oct,2024,102.81,Delhi,Delhi,BSES Yamuna,Domestic,3.0,4.5,6.5,8.0,50.0,5.0,378.21
25948,Jun,2024,73.45,West Bengal,Kolkata,CESC,Domestic,5.1,6.8,7.9,9.2,110.0,12.0,545.71
22495,Mar,2023,170.94,West Bengal,Kolkata,CESC,Commercial,8.5,9.5,10.2,11.5,250.0,12.0,1956.18
32678,Feb,2025,538.58,Tamil Nadu,Chennai,TANGEDCO,Commercial,7.5,8.5,9.8,11.2,210.0,10.0,5449.92
22720,Jun,2025,32.95,Tamil Nadu,Chennai,TANGEDCO,Domestic,3.5,5.0,7.0,9.0,80.0,10.0,213.39
21885,Jan,2026,136.64,Delhi,Delhi,BSES Yamuna,Domestic,3.0,4.5,6.5,8.0,50.0,5.0,546.47
32331,Jul,2023,633.75,Delhi,Delhi,BSES Yamuna,Domestic,3.0,4.5,6.5,8.0,50.0,5.0,3861.72
24350,Jul,2023,251.73,West Bengal,Kolkata,CESC,Domestic,5.1,6.8,7.9,9.2,110.0,12.0,1816.02
31394,Oct,2026,421.04,Delhi,Delhi,BSES Yamuna,Commercial,6.5,8.0,9.5,11.0,180.0,5.0,3752.85
25180,Jul,2024,118.41,Tamil Nadu,Chennai,TANGEDCO,Domestic,3.5,5.0,7.0,9.0,80.0,10.0,580.2
30903,Dec,2024,60.45,Maharashtra,Mumbai,MSEDCL,Domestic,5.5,8.2,10.5,12.0,125.0,16.0,529.4
26611,Nov,2025,987.67,Karnataka,Bangalore,BESCOM,Commercial,8.0,9.0,10.0,11.0,220.0,9.0,10926.32
26431,Oct,2023,49.52,Delhi,Delhi,BSES Yamuna,Domestic,3.0,4.5,6.5,8.0,50.0,5.0,211.9
27155,Jan,2024,299.11,Delhi,Delhi,BSES Yamuna,Domestic,3.0,4.5,6.5,8.0,50.0,5.0,1287.73
33829,Apr,2025,149.83,Karnataka,Bangalore,BESCOM,Domestic,4.5,6.5,7.7,8.5,100.0,9.0,956.35
30146,Jul,2025,206.05,Karnataka,Bangalore,BESCOM,Domestic,4.5,6.5,7.7,8.5,100.0,9.0,1365.96
26489,Nov,2025,70.92,Tamil Nadu,Chennai,TANGEDCO,Domestic,3.5,5.0,7.0,9.0,80.0,10.0,356.1
24738,Sep,2024,49.78,Tamil Nadu,Chennai,TANGEDCO,Domestic,3.5,5.0,7.0,9.0,80.0,10.0,283.95
26526,May,2024,38.19,West Bengal,Kolkata,CESC,Domestic,5.1,6.8,7.9,9.2,110.0,12.0,347.07
23851,Feb,2023,83.39,Delhi,Delhi,BSES Yamuna,Domestic,3.0,4.5,6.5,8.0,50.0,5.0,310.71
20690,Jul,2023,368.29,Tamil Nadu,Chennai,TANGEDCO,Domestic,3.5,5.0,7.0,9.0,80.0,10.0,2062.01
33565,Oct,2025,446.77,Tamil Nadu,Chennai,TANGEDCO,Domestic,3.5,5.0,7.0,9.0,80.0,10.0,2746.27
30143,Jan,2025,145.98,Maharashtra,Mumbai,MSEDCL,Domestic,5.5,8.2,10.5,12.0,125.0,16.0,1204.5
25176,Jul,2024,516.25,Tamil Nadu,Chennai,TANGEDCO,Domestic,3.5,5.0,7.0,9.0,80.0,10.0,3259.1
33775,Jun,2024,85.64,Karnataka,Bangalore,BESCOM,Domestic,4.5,6.5,7.7,8.5,100.0,9.0,538.35
28649,Jul,2023,58.05,West Bengal,Kolkata,CESC,Domestic,5.1,6.8,7.9,9.2,110.0,12.0,460.2
25079,Oct,2023,163.91,Delhi,Delhi,BSES Yamuna,Domestic,3.0,4.5,6.5,8.0,50.0,5.0,660.46
30323,Mar,2026,136.09,Tamil Nadu,Chennai,TANGEDCO,Domestic,3.5,5.0,7.0,9.0,80.0,10.0,681.98
32169,Mar,2023,215.13,Karnataka,Bangalore,BESCOM,Commercial,8.0,9.0,10.0,11.0,220.0,9.0,2209.54
33411,Jul,2024,62.94,Tamil Nadu,Chennai,TANGEDCO,Domestic,3.5,5.0,7.0,9.0,80.0,10.0,324.33
32437,Feb,2025,280.64,Tamil Nadu,Chennai,TANGEDCO,Commercial,7.5,8.5,9.8,11.2,210.0,10.0,2723.15
25449,Jan,2026,750.19,Delhi,Delhi,BSES Yamuna,Commercial,6.5,8.0,9.5,11.0,180.0,5.0,7452.12
21180,Sep,2023,713.51,Maharashtra,Mumbai,MSEDCL,Domestic,5.5,8.2,10.5,12.0,125.0,16.0,7936.28
32478,Sep,2023,46.94,West Bengal,Kolkata,CESC,Domestic,5.1,6.8,7.9,9.2,110.0,12.0,397.42
31758,Jul,2024,1924.98,Maharashtra,Mumbai,MSEDCL,Commercial,9.5,11.0,12.5,14.0,300.0,16.0,29620.83
29075,Jul,2026,388.58,Delhi,Delhi,BSES Yamuna,Domestic,3.0,4.5,6.5,8.0,50.0,5.0,1900.38
26407,Mar,2023,554.51,Tamil Nadu,Chennai,TANGEDCO,Commercial,7.5,8.5,9.8,11.2,210.0,10.0,5643.94
28592,Oct,2025,142.26,Karnataka,Bangalore,BESCOM,Domestic,4.5,6.5,7.7,8.5,100.0,9.0,916.57
26908,Feb,2024,40.42,Delhi,Delhi,BSES Yamuna,Domestic,3.0,4.5,6.5,8.0,50.0,5.0,180.61
28801,Nov,2026,159.29,Tamil Nadu,Chennai,TANGEDCO,Domestic,3.5,5.0,7.0,9.0,80.0,10.0,793.27
34084,Jul,2023,33.92,Karnataka,Bangalore,BESCOM,Domestic,4.5,6.5,7.7,8.5,100.0,9.0,272.98
21639,Sep,2023,75.13,West Bengal,Kolkata,CESC,Domestic,5.1,6.8,7.9,9.2,110.0,12.0,562.72
25672,Jan,2026,451.54,West Bengal,Kolkata,CESC,Domestic,5.1,6.8,7.9,9.2,110.0,12.0,3573.09
26929,Apr,2024,690.65,Maharashtra,Mumbai,MSEDCL,Commercial,9.5,11.0,12.5,14.0,300.0,16.0,9922.59
30341,Jun,2026,1526.92,West Bengal,Kolkata,CESC,Commercial,8.5,9.5,10.2,11.5,250.0,12.0,18671.72
21383,Jul,2026,268.29,West Bengal,Kolkata,CESC,Domestic,5.1,6.8,7.9,9.2,110.0,12.0,2013.8
21404,Oct,2024,1007.57,Tamil Nadu,Chennai,TANGEDCO,Commercial,7.5,8.5,9.8,11.2,210.0,10.0,11211.72
29012,Jul,2023,411.01,Maharashtra,Mumbai,MSEDCL,Commercial,9.5,11.0,12.5,14.0,300.0,16.0,5690.68
23293,Oct,2025,845.4,Maharashtra,Mumbai,MSEDCL,Commercial,9.5,11.0,12.5,14.0,300.0,16.0,12306.3
29012,Feb,2024,195.32,West Bengal,Kolkata,CESC,Domestic,5.1,6.8,7.9,9.2,110.0,12.0,1400.42
20420,Apr,2025,366.89,Tamil Nadu,Chennai,TANGEDCO,Commercial,7.5,8.5,9.8,11.2,210.0,10.0,3714.77
32412,May,2023,322.82,Karnataka,Bangalore,BESCOM,Domestic,4.5,6.5,7.7,8.5,100.0,9.0,2249.15
24518,Dec,2026,238.89,Karnataka,Bangalore,BESCOM,Domestic,4.5,6.5,7.7,8.5,100.0,9.0,1587.48
23303,Jan,2025,2053.96,Maharashtra,Mumbai,MSEDCL,Commercial,9.5,11.0,12.5,14.0,300.0,16.0,32378.65
27858,Jan,2023,407.96,West Bengal,Kolkata,CESC,Domestic,5.1,6.8,7.9,9.2,110.0,12.0,3170.68
29701,Oct,2023,142.66,Karnataka,Bangalore,BESCOM,Domestic,4.5,6.5,7.7,8.5,100.0,9.0,908.16
27871,Mar,2026,158.08,West Bengal,Kolkata,CESC,Commercial,8.5,9.5,10.2,11.5,250.0,12.0,1847.78
25694,Oct,2026,347.51,Delhi,Delhi,BSES Yamuna,Domestic,3.0,4.5,6.5,8.0,50.0,5.0,1606.43
20768,Mar,2023,2800.0,Karnataka,Bangalore,BESCOM,Commercial,8.0,9.0,10.0,11.0,220.0,9.0,32999.96
22045,Dec,2023,279.91,Maharashtra,Mumbai,MSEDCL,Domestic,5.5,8.2,10.5,12.0,125.0,16.0,2523.87
34819,Aug,2025,527.84,Tamil Nadu,Chennai,TANGEDCO,Domestic,3.5,5.0,7.0,9.0,80.0,10.0,3423.21
34855,Sep,2023,437.7,Delhi,Delhi,BSES Yamuna,Domestic,3.0,4.5,6.5,8.0,50.0,5.0,2274.61
34491,Nov,2023,1333.56,Delhi,Delhi,BSES Yamuna,Commercial,6.5,8.0,9.5,11.0,180.0,5.0,14443.8
30332,Dec,2025,55.29,Maharashtra,Mumbai,MSEDCL,Domestic,5.5,8.2,10.5,12.0,125.0,16.0,503.0
31222,Jan,2024,290.65,West Bengal,Kolkata,CESC,Commercial,8.5,9.5,10.2,11.5,250.0,12.0,3310.39
21550,Nov,2025,701.42,Delhi,Delhi,BSES Yamuna,Commercial,6.5,8.0,9.5,11.0,180.0,5.0,6918.53
34791,Feb,2025,950.0,Maharashtra,Mumbai,MSEDCL,Domestic,5.5,8.2,10.5,12.0,125.0,16.0,11493.74
29957,Oct,2026,148.96,Karnataka,Bangalore,BESCOM,Domestic,4.5,6.5,7.7,8.5,100.0,9.0,941.27
26141,Feb,2025,249.21,Delhi,Delhi,BSES Yamuna,Commercial,6.5,8.0,9.5,11.0,180.0,5.0,2135.22
30838,Apr,2023,452.84,Tamil Nadu,Chennai,TANGEDCO,Domestic,3.5,5.0,7.0,9.0,80.0,10.0,2733.11
23717,Feb,2023,80.64,Tamil Nadu,Chennai,TANGEDCO,Domestic,3.5,5.0,7.0,9.0,80.0,10.0,402.8
32798,Jul,2023,872.74,Karnataka,Bangalore,BESCOM,Commercial,8.0,9.0,10.0,11.0,220.0,9.0,9771.61
33495,Sep,2024,950.08,West Bengal,Kolkata,CESC,Commercial,8.5,9.5,10.2,11.5,250.0,12.0,11246.4
24482,Jul,2023,72.28,West Bengal,Kolkata,CESC,Domestic,5.1,6.8,7.9,9.2,110.0,12.0,527.55
33886,Dec,2024,210.0,Maharashtra,Mumbai,MSEDCL,Domestic,5.5,8.2,10.5,12.0,125.0,16.0,1854.45
27899,Jun,2023,218.72,Tamil Nadu,Chennai,TANGEDCO,Domestic,3.5,5.0,7.0,9.0,80.0,10.0,1130.97
26549,Oct,2025,200.46,Maharashtra,Mumbai,MSEDCL,Domestic,5.5,8.2,10.5,12.0,125.0,16.0,1773.06
22294,Jan,2026,1607.84,Tamil Nadu,Chennai,TANGEDCO,Commercial,7.5,8.5,9.8,11.2,210.0,10.0,18364.14
24838,Nov,2023,342.34,West Bengal,Kolkata,CESC,Commercial,8.5,9.5,10.2,11.5,250.0,12.0,3892.72
27759,Oct,2024,594.08,Delhi,Delhi,BSES Yamuna,Domestic,3.0,4.5,6.5,8.0,50.0,5.0,3460.44
30901,Sep,2024,417.05,Maharashtra,Mumbai,MSEDCL,Commercial,9.5,11.0,12.5,14.0,300.0,16.0,5665.19
26794,May,2026,935.39,Karnataka,Bangalore,BESCOM,Commercial,8.0,9.0,10.0,11.0,220.0,9.0,10474.73
27639,Nov,2023,303.47,Tamil Nadu,Chennai,TANGEDCO,Domestic,3.5,5.0,7.0,9.0,80.0,10.0,1569.04
27994,May,2025,187.8,Delhi,Delhi,BSES Yamuna,Domestic,3.0,4.5,6.5,8.0,50.0,5.0,775.5
26008,Jun,2023,1880.66,Delhi,Delhi,BSES Yamuna,Commercial,6.5,8.0,9.5,11.0,180.0,5.0,20679.15
25543,Sep,2023,279.52,Delhi,Delhi,BSES Yamuna,Domestic,3.0,4.5,6.5,8.0,50.0,5.0,1218.3
29093,Aug,2026,407.72,Delhi,Delhi,BSES Yamuna,Domestic,3.0,4.5,6.5,8.0,50.0,5.0,2046.56
34401,Aug,2023,98.4,Maharashtra,Mumbai,MSEDCL,Domestic,5.5,8.2,10.5,12.0,125.0,16.0,781.84
31277,Aug,2025,860.33,Tamil Nadu,Chennai,TANGEDCO,Domestic,3.5,5.0,7.0,9.0,80.0,10.0,6691.57
26357,Jan,2024,95.37,Delhi,Delhi,BSES Yamuna,Domestic,3.0,4.5,6.5,8.0,50.0,5.0,350.4
30202,Jan,2026,615.83,Karnataka,Bangalore,BESCOM,Domestic,4.5,6.5,7.7,8.5,100.0,9.0,4828.87
28434,Aug,2025,557.49,Tamil Nadu,Chennai,TANGEDCO,Commercial,7.5,8.5,9.8,11.2,210.0,10.0,5811.59
34829,May,2024,315.6,Delhi,Delhi,BSES Yamuna,Domestic,3.0,4.5,6.5,8.0,50.0,5.0,1409.05
27381,Sep,2026,195.67,Delhi,Delhi,BSES Yamuna,Domestic,3.0,4.5,6.5,8.0,50.0,5.0,825.08
22386,Feb,2026,257.46,Karnataka,Bangalore,BESCOM,Domestic,4.5,6.5,7.7,8.5,100.0,9.0,1688.39
34309,Sep,2024,805.52,Maharashtra,Mumbai,MSEDCL,Domestic,5.5,8.2,10.5,12.0,125.0,16.0,9373.11
24269,Dec,2024,70.09,Karnataka,Bangalore,BESCOM,Domestic,4.5,6.5,7.7,8.5,100.0,9.0,451.54
20672,Aug,2025,500.29,West Bengal,Kolkata,CESC,Domestic,5.1,6.8,7.9,9.2,110.0,12.0,4041.03
20164,Sep,2023,80.56,Karnataka,Bangalore,BESCOM,Domestic,4.5,6.5,7.7,8.5,100.0,9.0,498.51
28657,Apr,2023,950.0,Karnataka,Bangalore,BESCOM,Domestic,4.5,6.5,7.7,8.5,100.0,9.0,7794.51
31235,Jan,2023,167.74,Delhi,Delhi,BSES Yamuna,Commercial,6.5,8.0,9.5,11.0,180.0,5.0,1429.36
24593,Jan,2023,381.82,Delhi,Delhi,BSES Yamuna,Domestic,3.0,4.5,6.5,8.0,50.0,5.0,1908.23
24796,May,2023,47.19,Karnataka,Bangalore,BESCOM,Domestic,4.5,6.5,7.7,8.5,100.0,9.0,337.17
30635,Feb,2025,278.34,Maharashtra,Mumbai,MSEDCL,Domestic,5.5,8.2,10.5,12.0,125.0,16.0,2506.58
24799,Aug,2026,197.42,Delhi,Delhi,BSES Yamuna,Domestic,3.0,4.5,6.5,8.0,50.0,5.0,824.41
26037,Oct,2025,1367.24,West Bengal,Kolkata,CESC,Commercial,8.5,9.5,10.2,11.5,250.0,12.0,16581.4
22356,Nov,2025,265.61,Maharashtra,Mumbai,MSEDCL,Domestic,5.5,8.2,10.5,12.0,125.0,16.0,2348.7
25888,May,2025,85.01,West Bengal,Kolkata,CESC,Domestic,5.1,6.8,7.9,9.2,110.0,12.0,598.91
32471,May,2026,657.92,Tamil Nadu,Chennai,TANGEDCO,Commercial,7.5,8.5,9.8,11.2,210.0,10.0,6938.66
32917,Feb,2025,823.21,Maharashtra,Mumbai,MSEDCL,Commercial,9.5,11.0,12.5,14.0,300.0,16.0,11937.58
27962,Jul,2025,69.02,Tamil Nadu,Chennai,TANGEDCO,Domestic,3.5,5.0,7.0,9.0,80.0,10.0,355.86
30750,Aug,2026,118.07,Maharashtra,Mumbai,MSEDCL,Domestic,5.5,8.2,10.5,12.0,125.0,16.0,951.03
25828,Oct,2025,58.79,Tamil Nadu,Chennai,TANGEDCO,Domestic,3.5,5.0,7.0,9.0,80.0,10.0,312.0
28738,Jan,2023,281.4,Delhi,Delhi,BSES Yamuna,Commercial,6.5,8.0,9.5,11.0,180.0,5.0,2413.71
33876,Feb,2024,77.44,Tamil Nadu,Chennai,TANGEDCO,Domestic,3.5,5.0,7.0,9.0,80.0,10.0,378.83
24720,Oct,2025,119.6,Tamil Nadu,Chennai,TANGEDCO,Domestic,3.5,5.0,7.0,9.0,80.0,10.0,585.85
32028,Apr,2024,248.07,Delhi,Delhi,BSES Yamuna,Domestic,3.0,4.5,6.5,8.0,50.0,5.0,1064.35
20594,May,2025,157.8,West Bengal,Kolkata,CESC,Domestic,5.1,6.8,7.9,9.2,110.0,12.0,1135.37
24840,Feb,2025,293.61,Maharashtra,Mumbai,MSEDCL,Domestic,5.5,8.2,10.5,12.0,125.0,16.0,2580.45
27395,Jan,2023,219.39,Karnataka,Bangalore,BESCOM,Commercial,8.0,9.0,10.0,11.0,220.0,9.0,2270.83
34057,Sep,2026,152.09,Karnataka,Bangalore,BESCOM,Domestic,4.5,6.5,7.7,8.5,100.0,9.0,987.32
31997,Jan,2024,932.6,Tamil Nadu,Chennai,TANGEDCO,Commercial,7.5,8.5,9.8,11.2,210.0,10.0,10487.82
29652,Apr,2026,372.17,Maharashtra,Mumbai,MSEDCL,Domestic,5.5,8.2,10.5,12.0,125.0,16.0,3602.43
34237,Feb,2023,456.32,Karnataka,Bangalore,BESCOM,Domestic,4.5,6.5,7.7,8.5,100.0,9.0,3284.76
23494,Nov,2023,123.19,Tamil Nadu,Chennai,TANGEDCO,Commercial,7.5,8.5,9.8,11.2,210.0,10.0,1284.91
30794,Apr,2024,96.42,West Bengal,Kolkata,CESC,Domestic,5.1,6.8,7.9,9.2,110.0,12.0,675.67
26165,Aug,2026,320.27,Tamil Nadu,Chennai,TANGEDCO,Domestic,3.5,5.0,7.0,9.0,80.0,10.0,1713.23
34890,Aug,2023,382.1,Tamil Nadu,Chennai,TANGEDCO,Commercial,7.5,8.5,9.8,11.2,210.0,10.0,3822.3
30637,Nov,2025,63.76,West Bengal,Kolkata,CESC,Domestic,5.1,6.8,7.9,9.2,110.0,12.0,493.69
22673,Dec,2025,114.76,West Bengal,Kolkata,CESC,Domestic,5.1,6.8,7.9,9.2,110.0,12.0,804.7
24201,Sep,2025,363.29,Tamil Nadu,Chennai,TANGEDCO,Domestic,3.5,5.0,7.0,9.0,80.0,10.0,2075.53
34528,Nov,2026,647.51,Delhi,Delhi,BSES Yamuna,Domestic,3.0,4.5,6.5,8.0,50.0,5.0,3959.53
20017,Dec,2025,1377.4,Karnataka,Bangalore,BESCOM,Commercial,8.0,9.0,10.0,11.0,220.0,9.0,15930.2
23192,May,2025,561.66,Karnataka,Bangalore,BESCOM,Domestic,4.5,6.5,7.7,8.5,100.0,9.0,4248.7
20393,Jul,2023,211.32,West Bengal,Kolkata,CESC,Commercial,8.5,9.5,10.2,11.5,250.0,12.0,2404.73
28617,Mar,2023,296.13,West Bengal,Kolkata,CESC,Domestic,5.1,6.8,7.9,9.2,110.0,12.0,2231.62
26273,Oct,2025,206.92,Tamil Nadu,Chennai,TANGEDCO,Domestic,3.5,5.0,7.0,9.0,80.0,10.0,1062.31
20572,Apr,2025,79.3,Maharashtra,Mumbai,MSEDCL,Domestic,5.5,8.2,10.5,12.0,125.0,16.0,658.75
23632,Oct,2023,1539.7,Tamil Nadu,Chennai,TANGEDCO,Commercial,7.5,8.5,9.8,11.2,210.0,10.0,18186.47
26173,Sep,2024,86.24,West Bengal,Kolkata,CESC,Domestic,5.1,6.8,7.9,9.2,110.0,12.0,609.77
29313,Oct,2026,415.07,West Bengal,Kolkata,CESC,Commercial,8.5,9.5,10.2,11.5,250.0,12.0,4690.96
27178,Oct,2026,186.8,Tamil Nadu,Chennai,TANGEDCO,Domestic,3.5,5.0,7.0,9.0,80.0,10.0,944.27
28434,Dec,2023,129.6,Karnataka,Bangalore,BESCOM,Commercial,8.0,9.0,10.0,11.0,220.0,9.0,1418.27
23898,Jan,2026,173.65,Delhi,Delhi,BSES Yamuna,Commercial,6.5,8.0,9.5,11.0,180.0,5.0,1478.02
32288,Feb,2023,180.75,Tamil Nadu,Chennai,TANGEDCO,Domestic,3.5,5.0,7.0,9.0,80.0,10.0,925.38
28124,May,2023,925.32,Maharashtra,Mumbai,MSEDCL,Commercial,9.5,11.0,12.5,14.0,300.0,16.0,13548.24
22280,Mar,2023,175.43,Delhi,Delhi,BSES Yamuna,Domestic,3.0,4.5,6.5,8.0,50.0,5.0,714.71
28981,Feb,2023,2800.0,Karnataka,Bangalore,BESCOM,Commercial,8.0,9.0,10.0,11.0,220.0,9.0,33447.06
27452,Jan,2024,138.29,Karnataka,Bangalore,BESCOM,Domestic,4.5,6.5,7.7,8.5,100.0,9.0,865.12
28907,Oct,2025,137.67,Delhi,Delhi,BSES Yamuna,Domestic,3.0,4.5,6.5,8.0,50.0,5.0,537.99
33047,Mar,2025,131.6,Maharashtra,Mumbai,MSEDCL,Domestic,5.5,8.2,10.5,12.0,125.0,16.0,1076.17
31042,Jan,2024,623.46,Tamil Nadu,Chennai,TANGEDCO,Domestic,3.5,5.0,7.0,9.0,80.0,10.0,4282.08
20776,Dec,2026,895.36,Maharashtra,Mumbai,MSEDCL,Domestic,5.5,8.2,10.5,12.0,125.0,16.0,10708.6
32219,Jan,2026,842.6,West Bengal,Kolkata,CESC,Domestic,5.1,6.8,7.9,9.2,110.0,12.0,7369.11
26870,Dec,2025,529.79,Tamil Nadu,Chennai,TANGEDCO,Domestic,3.5,5.0,7.0,9.0,80.0,10.0,3460.25
22248,Jan,2026,612.98,West Bengal,Kolkata,CESC,Domestic,5.1,6.8,7.9,9.2,110.0,12.0,5159.05
27089,Aug,2025,171.42,Tamil Nadu,Chennai,TANGEDCO,Domestic,3.5,5.0,7.0,9.0,80.0,10.0,858.1
20079,Mar,2025,462.85,Tamil Nadu,Chennai,TANGEDCO,Commercial,7.5,8.5,9.8,11.2,210.0,10.0,4672.39
28081,Nov,2024,134.08,Delhi,Delhi,BSES Yamuna,Commercial,6.5,8.0,9.5,11.0,180.0,5.0,1157.72
27100,Jan,2026,1518.99,Karnataka,Bangalore,BESCOM,Commercial,8.0,9.0,10.0,11.0,220.0,9.0,17471.14
23927,Jul,2024,567.42,Maharashtra,Mumbai,MSEDCL,Domestic,5.5,8.2,10.5,12.0,125.0,16.0,6049.94
29048,Oct,2025,109.66,West Bengal,Kolkata,CESC,Domestic,5.1,6.8,7.9,9.2,110.0,12.0,755.76
27341,Mar,2025,381.58,Maharashtra,Mumbai,MSEDCL,Commercial,9.5,11.0,12.5,14.0,300.0,16.0,5168.94
34803,Aug,2025,1973.97,Maharashtra,Mumbai,MSEDCL,Commercial,9.5,11.0,12.5,14.0,300.0,16.0,31068.4
34917,Apr,2023,256.12,West Bengal,Kolkata,CESC,Commercial,8.5,9.5,10.2,11.5,250.0,12.0,2858.62
33728,Apr,2023,136.91,West Bengal,Kolkata,CESC,Domestic,5.1,6.8,7.9,9.2,110.0,12.0,968.67
27084,May,2023,150.25,Tamil Nadu,Chennai,TANGEDCO,Domestic,3.5,5.0,7.0,9.0,80.0,10.0,734.66
34785,Jun,2024,180.46,Maharashtra,Mumbai,MSEDCL,Commercial,9.5,11.0,12.5,14.0,300.0,16.0,2436.23
26231,Jul,2025,356.94,Maharashtra,Mumbai,MSEDCL,Domestic,5.5,8.2,10.5,12.0,125.0,16.0,3381.28
30341,Apr,2026,201.01,Delhi,Delhi,BSES Yamuna,Domestic,3.0,4.5,6.5,8.0,50.0,5.0,848.78
29224,Aug,2024,539.73,West Bengal,Kolkata,CESC,Commercial,8.5,9.5,10.2,11.5,250.0,12.0,6104.97
24941,Jun,2024,118.92,Maharashtra,Mumbai,MSEDCL,Domestic,5.5,8.2,10.5,12.0,125.0,16.0,949.41
23272,Jan,2024,49.86,Tamil Nadu,Chennai,TANGEDCO,Domestic,3.5,5.0,7.0,9.0,80.0,10.0,279.66
31769,Jan,2026,475.42,Delhi,Delhi,BSES Yamuna,Domestic,3.0,4.5,6.5,8.0,50.0,5.0,2504.07
32375,Sep,2025,212.92,Delhi,Delhi,BSES Yamuna,Commercial,6.5,8.0,9.5,11.0,180.0,5.0,1820.6
34379,Oct,2023,196.05,Tamil Nadu,Chennai,TANGEDCO,Domestic,3.5,5.0,7.0,9.0,80.0,10.0,981.92
23457,Jun,2025,660.63,Delhi,Delhi,BSES Yamuna,Commercial,6.5,8.0,9.5,11.0,180.0,5.0,6465.43
27789,Oct,2025,183.41,West Bengal,Kolkata,CESC,Domestic,5.1,6.8,7.9,9.2,110.0,12.0,1355.83
31699,Aug,2024,405.56,West Bengal,Kolkata,CESC,Domestic,5.1,6.8,7.9,9.2,110.0,12.0,3119.65
28600,Jul,2024,44.28,Tamil Nadu,Chennai,TANGEDCO,Domestic,3.5,5.0,7.0,9.0,80.0,10.0,259.86
27651,Dec,2024,69.36,Delhi,Delhi,BSES Yamuna,Domestic,3.0,4.5,6.5,8.0,50.0,5.0,274.49
22712,Jun,2023,72.29,West Bengal,Kolkata,CESC,Domestic,5.1,6.8,7.9,9.2,110.0,12.0,539.64
31281,Apr,2023,76.06,Delhi,Delhi,BSES Yamuna,Domestic,3.0,4.5,6.5,8.0,50.0,5.0,292.0
21669,Jul,2023,226.86,West Bengal,Kolkata,CESC,Domestic,5.1,6.8,7.9,9.2,110.0,12.0,1681.76
20148,Sep,2025,408.64,Tamil Nadu,Chennai,TANGEDCO,Domestic,3.5,5.0,7.0,9.0,80.0,10.0,2380.11
26421,Nov,2024,203.7,West Bengal,Kolkata,CESC,Domestic,5.1,6.8,7.9,9.2,110.0,12.0,1474.7
32520,Oct,2026,138.36,Maharashtra,Mumbai,MSEDCL,Commercial,9.5,11.0,12.5,14.0,300.0,16.0,1923.22
32090,Oct,2025,358.4,Karnataka,Bangalore,BESCOM,Domestic,4.5,6.5,7.7,8.5,100.0,9.0,2473.94
30143,Jul,2023,240.91,Karnataka,Bangalore,BESCOM,Domestic,4.5,6.5,7.7,8.5,100.0,9.0,1580.87
20366,Jan,2026,149.74,Tamil Nadu,Chennai,TANGEDCO,Domestic,3.5,5.0,7.0,9.0,80.0,10.0,736.68
29867,Oct,2026,105.85,Tamil Nadu,Chennai,TANGEDCO,Domestic,3.5,5.0,7.0,9.0,80.0,10.0,495.82
24532,Sep,2024,188.33,Tamil Nadu,Chennai,TANGEDCO,Domestic,3.5,5.0,7.0,9.0,80.0,10.0,968.93
32687,Apr,2026,57.29,Tamil Nadu,Chennai,TANGEDCO,Domestic,3.5,5.0,7.0,9.0,80.0,10.0,307.77
25331,Mar,2023,224.51,Delhi,Delhi,BSES Yamuna,Domestic,3.0,4.5,6.5,8.0,50.0,5.0,960.94
25511,Apr,2024,903.31,Tamil Nadu,Chennai,TANGEDCO,Commercial,7.5,8.5,9.8,11.2,210.0,10.0,10111.66
30739,Apr,2026,833.07,West Bengal,Kolkata,CESC,Commercial,8.5,9.5,10.2,11.5,250.0,12.0,10024.07
34876,Oct,2024,1756.05,West Bengal,Kolkata,CESC,Commercial,8.5,9.5,10.2,11.5,250.0,12.0,21594.99
28755,Nov,2026,434.87,Maharashtra,Mumbai,MSEDCL,Domestic,5.5,8.2,10.5,12.0,125.0,16.0,4414.13
31755,Feb,2025,54.48,Tamil Nadu,Chennai,TANGEDCO,Domestic,3.5,5.0,7.0,9.0,80.0,10.0,297.57
30682,Dec,2025,276.59,Karnataka,Bangalore,BESCOM,Domestic,4.5,6.5,7.7,8.5,100.0,9.0,1871.04
33573,Jan,2023,85.19,Karnataka,Bangalore,BESCOM,Domestic,4.5,6.5,7.7,8.5,100.0,9.0,535.01
28965,Dec,2025,315.65,Delhi,Delhi,BSES Yamuna,Domestic,3.0,4.5,6.5,8.0,50.0,5.0,1404.57
26494,Oct,2025,99.91,Tamil Nadu,Chennai,TANGEDCO,Domestic,3.5,5.0,7.0,9.0,80.0,10.0,463.37
30230,Dec,2025,192.13,Delhi,Delhi,BSES Yamuna,Commercial,6.5,8.0,9.5,11.0,180.0,5.0,1655.88
31616,Jan,2026,68.18,West Bengal,Kolkata,CESC,Domestic,5.1,6.8,7.9,9.2,110.0,12.0,505.73
30760,Aug,2026,361.36,West Bengal,Kolkata,CESC,Domestic,5.1,6.8,7.9,9.2,110.0,12.0,2744.34
25440,Feb,2024,155.38,Maharashtra,Mumbai,MSEDCL,Domestic,5.5,8.2,10.5,12.0,125.0,16.0,1321.57
34474,Dec,2026,134.56,Delhi,Delhi,BSES Yamuna,Domestic,3.0,4.5,6.5,8.0,50.0,5.0,527.34
29766,Oct,2025,785.56,Maharashtra,Mumbai,MSEDCL,Commercial,9.5,11.0,12.5,14.0,300.0,16.0,11730.93
31887,May,2026,772.95,West Bengal,Kolkata,CESC,Domestic,5.1,6.8,7.9,9.2,110.0,12.0,6918.75
33280,Dec,2023,287.17,Maharashtra,Mumbai,MSEDCL,Domestic,5.5,8.2,10.5,12.0,125.0,16.0,2597.14
26512,Apr,2024,44.11,Tamil Nadu,Chennai,TANGEDCO,Domestic,3.5,5.0,7.0,9.0,80.0,10.0,255.78
31484,Aug,2024,173.3,Maharashtra,Mumbai,MSEDCL,Domestic,5.5,8.2,10.5,12.0,125.0,16.0,1466.7
27505,Feb,2026,247.66,West Bengal,Kolkata,CESC,Domestic,5.1,6.8,7.9,9.2,110.0,12.0,1818.79
21247,Oct,2025,606.5,Maharashtra,Mumbai,MSEDCL,Commercial,9.5,11.0,12.5,14.0,300.0,16.0,8758.34
31912,Sep,2024,1798.81,Delhi,Delhi,BSES Yamuna,Commercial,6.5,8.0,9.5,11.0,180.0,5.0,19639.95
23840,Jul,2023,106.16,Maharashtra,Mumbai,MSEDCL,Domestic,5.5,8.2,10.5,12.0,125.0,16.0,848.64
28552,Jul,2023,376.54,Delhi,Delhi,BSES Yamuna,Domestic,3.0,4.5,6.5,8.0,50.0,5.0,1818.18
33209,Jan,2024,131.29,Maharashtra,Mumbai,MSEDCL,Domestic,5.5,8.2,10.5,12.0,125.0,16.0,1069.65
22377,Dec,2025,409.68,Tamil Nadu,Chennai,TANGEDCO,Domestic,3.5,5.0,7.0,9.0,80.0,10.0,2399.04
23010,Feb,2025,1248.04,Tamil Nadu,Chennai,TANGEDCO,Commercial,7.5,8.5,9.8,11.2,210.0,10.0,14232.93
34799,Apr,2026,86.86,West Bengal,Kolkata,CESC,Domestic,5.1,6.8,7.9,9.2,110.0,12.0,630.34
31186,Apr,2026,506.91,Maharashtra,Mumbai,MSEDCL,Commercial,9.5,11.0,12.5,14.0,300.0,16.0,6934.22
29155,Nov,2024,87.49,Delhi,Delhi,BSES Yamuna,Domestic,3.0,4.5,6.5,8.0,50.0,5.0,322.64
31825,Mar,2026,107.34,West Bengal,Kolkata,CESC,Domestic,5.1,6.8,7.9,9.2,110.0,12.0,764.16
21828,Jul,2026,339.65,Tamil Nadu,Chennai,TANGEDCO,Domestic,3.5,5.0,7.0,9.0,80.0,10.0,1844.15
26980,Dec,2026,366.98,Karnataka,Bangalore,BESCOM,Domestic,4.5,6.5,7.7,8.5,100.0,9.0,2591.41
29806,Aug,2023,133.77,Maharashtra,Mumbai,MSEDCL,Domestic,5.5,8.2,10.5,12.0,125.0,16.0,1105.93
29833,Feb,2026,206.04,Maharashtra,Mumbai,MSEDCL,Domestic,5.5,8.2,10.5,12.0,125.0,16.0,1775.11
30409,Apr,2024,282.49,Maharashtra,Mumbai,MSEDCL,Domestic,5.5,8.2,10.5,12.0,125.0,16.0,2566.99
32505,Mar,2025,397.37,Delhi,Delhi,BSES Yamuna,Domestic,3.0,4.5,6.5,8.0,50.0,5.0,1972.17
28570,Feb,2026,396.51,Maharashtra,Mumbai,MSEDCL,Domestic,5.5,8.2,10.5,12.0,125.0,16.0,3850.57
32407,Dec,2025,50.72,Delhi,Delhi,BSES Yamuna,Domestic,3.0,4.5,6.5,8.0,50.0,5.0,208.91
24286,Jun,2026,44.95,Karnataka,Bangalore,BESCOM,Domestic,4.5,6.5,7.7,8.5,100.0,9.0,328.27
26911,Apr,2024,132.58,Karnataka,Bangalore,BESCOM,Domestic,4.5,6.5,7.7,8.5,100.0,9.0,840.95
28562,Jun,2023,594.62,Karnataka,Bangalore,BESCOM,Domestic,4.5,6.5,7.7,8.5,100.0,9.0,4485.92
34090,Feb,2024,398.24,Karnataka,Bangalore,BESCOM,Domestic,4.5,6.5,7.7,8.5,100.0,9.0,2815.69
22197,Dec,2023,1242.1,Delhi,Delhi,BSES Yamuna,Commercial,6.5,8.0,9.5,11.0,180.0,5.0,13308.79
23748,Apr,2026,54.07,West Bengal,Kolkata,CESC,Domestic,5.1,6.8,7.9,9.2,110.0,12.0,427.07
28844,Nov,2026,138.74,Karnataka,Bangalore,BESCOM,Domestic,4.5,6.5,7.7,8.5,100.0,9.0,874.12
25979,Jun,2023,295.62,Tamil Nadu,Chennai,TANGEDCO,Domestic,3.5,5.0,7.0,9.0,80.0,10.0,1523.8
25608,May,2024,768.6,Delhi,Delhi,BSES Yamuna,Commercial,6.5,8.0,9.5,11.0,180.0,5.0,7533.06
20770,Mar,2024,588.95,Delhi,Delhi,BSES Yamuna,Domestic,3.0,4.5,6.5,8.0,50.0,5.0,3492.0
30614,Aug,2023,98.37,Karnataka,Bangalore,BESCOM,Domestic,4.5,6.5,7.7,8.5,100.0,9.0,592.86
20781,Jul,2026,64.71,West Bengal,Kolkata,CESC,Domestic,5.1,6.8,7.9,9.2,110.0,12.0,487.94
29909,Mar,2023,258.28,Tamil Nadu,Chennai,TANGEDCO,Commercial,7.5,8.5,9.8,11.2,210.0,10.0,2563.71
26304,Jun,2026,240.61,Tamil Nadu,Chennai,TANGEDCO,Domestic,3.5,5.0,7.0,9.0,80.0,10.0,1257.96
34687,Apr,2023,94.86,Tamil Nadu,Chennai,TANGEDCO,Domestic,3.5,5.0,7.0,9.0,80.0,10.0,448.16
23984,Nov,2026,286.86,Karnataka,Bangalore,BESCOM,Commercial,8.0,9.0,10.0,11.0,220.0,9.0,2925.74
29504,May,2023,771.76,West Bengal,Kolkata,CESC,Commercial,8.5,9.5,10.2,11.5,250.0,12.0,8964.47
31552,Nov,2025,199.87,Maharashtra,Mumbai,MSEDCL,Domestic,5.5,8.2,10.5,12.0,125.0,16.0,1747.41
33538,May,2026,61.66,Delhi,Delhi,BSES Yamuna,Domestic,3.0,4.5,6.5,8.0,50.0,5.0,245.84
28715,Jul,2024,104.3,West Bengal,Kolkata,CESC,Domestic,5.1,6.8,7.9,9.2,110.0,12.0,722.59
20522,Nov,2023,632.37,Maharashtra,Mumbai,MSEDCL,Commercial,9.5,11.0,12.5,14.0,300.0,16.0,8903.13
33071,May,2024,30.92,Tamil Nadu,Chennai,TANGEDCO,Domestic,3.5,5.0,7.0,9.0,80.0,10.0,205.36
30513,Nov,2023,398.95,West Bengal,Kolkata,CESC,Domestic,5.1,6.8,7.9,9.2,110.0,12.0,3098.04
29128,Mar,2024,160.23,Delhi,Delhi,BSES Yamuna,Domestic,3.0,4.5,6.5,8.0,50.0,5.0,652.41
27570,Oct,2024,376.95,Tamil Nadu,Chennai,TANGEDCO,Domestic,3.5,5.0,7.0,9.0,80.0,10.0,2199.59
30423,May,2023,71.19,Karnataka,Bangalore,BESCOM,Domestic,4.5,6.5,7.7,8.5,100.0,9.0,454.45
32233,Jul,2023,60.2,Karnataka,Bangalore,BESCOM,Domestic,4.5,6.5,7.7,8.5,100.0,9.0,401.99
25785,May,2024,197.48,Tamil Nadu,Chennai,TANGEDCO,Domestic,3.5,5.0,7.0,9.0,80.0,10.0,997.72
24584,May,2024,232.39,Maharashtra,Mumbai,MSEDCL,Domestic,5.5,8.2,10.5,12.0,125.0,16.0,2020.29
25947,Sep,2024,111.42,West Bengal,Kolkata,CESC,Domestic,5.1,6.8,7.9,9.2,110.0,12.0,785.45
24942,Mar,2026,576.55,Karnataka,Bangalore,BESCOM,Commercial,8.0,9.0,10.0,11.0,220.0,9.0,6263.67
26268,Jun,2026,211.99,Tamil Nadu,Chennai,TANGEDCO,Commercial,7.5,8.5,9.8,11.2,210.0,10.0,2117.74
27129,Jan,2025,64.24,Delhi,Delhi,BSES Yamuna,Domestic,3.0,4.5,6.5,8.0,50.0,5.0,256.91
31890,Oct,2026,170.72,West Bengal,Kolkata,CESC,Domestic,5.1,6.8,7.9,9.2,110.0,12.0,1237.59
31030,May,2026,31.81,Maharashtra,Mumbai,MSEDCL,Domestic,5.5,8.2,10.5,12.0,125.0,16.0,350.31
32276,Aug,2023,341.39,Delhi,Delhi,BSES Yamuna,Domestic,3.0,4.5,6.5,8.0,50.0,5.0,1623.64
22462,May,2025,96.28,Maharashtra,Mumbai,MSEDCL,Domestic,5.5,8.2,10.5,12.0,125.0,16.0,763.3
34292,Sep,2025,136.22,Karnataka,Bangalore,BESCOM,Domestic,4.5,6.5,7.7,8.5,100.0,9.0,867.6
34037,Nov,2026,292.66,Karnataka,Bangalore,BESCOM,Domestic,4.5,6.5,7.7,8.5,100.0,9.0,1926.7
31436,Jun,2023,493.17,West Bengal,Kolkata,CESC,Domestic,5.1,6.8,7.9,9.2,110.0,12.0,3883.47
31552,Aug,2023,178.91,Maharashtra,Mumbai,MSEDCL,Commercial,9.5,11.0,12.5,14.0,300.0,16.0,2460.27
20686,Oct,2025,483.59,Tamil Nadu,Chennai,TANGEDCO,Commercial,7.5,8.5,9.8,11.2,210.0,10.0,4897.25
22161,Aug,2023,393.97,Tamil Nadu,Chennai,TANGEDCO,Domestic,3.5,5.0,7.0,9.0,80.0,10.0,2331.14
27032,Mar,2024,130.75,Tamil Nadu,Chennai,TANGEDCO,Domestic,3.5,5.0,7.0,9.0,80.0,10.0,646.13
32181,Jul,2026,50.2,Tamil Nadu,Chennai,TANGEDCO,Domestic,3.5,5.0,7.0,9.0,80.0,10.0,275.79
32259,Jul,2024,292.81,Maharashtra,Mumbai,MSEDCL,Domestic,5.5,8.2,10.5,12.0,125.0,16.0,2612.56
34458,Oct,2025,264.26,Tamil Nadu,Chennai,TANGEDCO,Domestic,3.5,5.0,7.0,9.0,80.0,10.0,1384.27
29760,Dec,2025,45.81,Delhi,Delhi,BSES Yamuna,Domestic,3.0,4.5,6.5,8.0,50.0,5.0,197.09
25342,Jun,2023,864.09,Maharashtra,Mumbai,MSEDCL,Commercial,9.5,11.0,12.5,14.0,300.0,16.0,12888.56
20039,Dec,2023,119.09,Maharashtra,Mumbai,MSEDCL,Domestic,5.5,8.2,10.5,12.0,125.0,16.0,952.22
30737,Jul,2025,423.12,West Bengal,Kolkata,CESC,Commercial,8.5,9.5,10.2,11.5,250.0,12.0,4763.68
24876,Feb,2025,49.25,Tamil Nadu,Chennai,TANGEDCO,Domestic,3.5,5.0,7.0,9.0,80.0,10.0,275.63
21257,Sep,2024,479.77,Delhi,Delhi,BSES Yamuna,Domestic,3.0,4.5,6.5,8.0,50.0,5.0,2573.93
31183,Oct,2024,58.79,West Bengal,Kolkata,CESC,Domestic,5.1,6.8,7.9,9.2,110.0,12.0,453.37
27698,Oct,2023,112.14,Tamil Nadu,Chennai,TANGEDCO,Domestic,3.5,5.0,7.0,9.0,80.0,10.0,534.53
22197,Jan,2024,1222.35,Maharashtra,Mumbai,MSEDCL,Commercial,9.5,11.0,12.5,14.0,300.0,16.0,18554.85
31661,Jan,2023,75.96,Tamil Nadu,Chennai,TANGEDCO,Domestic,3.5,5.0,7.0,9.0,80.0,10.0,383.57
27166,Mar,2023,160.93,Maharashtra,Mumbai,MSEDCL,Domestic,5.5,8.2,10.5,12.0,125.0,16.0,1341.82
30901,Mar,2026,200.83,Karnataka,Bangalore,BESCOM,Domestic,4.5,6.5,7.7,8.5,100.0,9.0,1299.26
34216,Jan,2023,87.02,Delhi,Delhi,BSES Yamuna,Domestic,3.0,4.5,6.5,8.0,50.0,5.0,320.59
20302,Dec,2024,142.06,Delhi,Delhi,BSES Yamuna,Domestic,3.0,4.5,6.5,8.0,50.0,5.0,570.83
27528,Jul,2025,598.61,Delhi,Delhi,BSES Yamuna,Domestic,3.0,4.5,6.5,8.0,50.0,5.0,3441.55
26382,Apr,2025,369.57,Delhi,Delhi,BSES Yamuna,Commercial,6.5,8.0,9.5,11.0,180.0,5.0,3203.54
20647,Oct,2024,105.98,Delhi,Delhi,BSES Yamuna,Domestic,3.0,4.5,6.5,8.0,50.0,5.0,400.52
32951,Feb,2025,558.38,Tamil Nadu,Chennai,TANGEDCO,Domestic,3.5,5.0,7.0,9.0,80.0,10.0,3668.01
34572,Oct,2023,225.3,Tamil Nadu,Chennai,TANGEDCO,Domestic,3.5,5.0,7.0,9.0,80.0,10.0,1180.65
29952,May,2025,41.09,Maharashtra,Mumbai,MSEDCL,Domestic,5.5,8.2,10.5,12.0,125.0,16.0,401.54
34539,Jun,2024,78.87,Tamil Nadu,Chennai,TANGEDCO,Domestic,3.5,5.0,7.0,9.0,80.0,10.0,388.59
32544,Sep,2025,1652.3,Tamil Nadu,Chennai,TANGEDCO,Commercial,7.5,8.5,9.8,11.2,210.0,10.0,19228.83
28790,Apr,2023,154.34,Karnataka,Bangalore,BESCOM,Domestic,4.5,6.5,7.7,8.5,100.0,9.0,988.34
28854,Feb,2023,176.45,Maharashtra,Mumbai,MSEDCL,Domestic,5.5,8.2,10.5,12.0,125.0,16.0,1505.8
24331,May,2024,46.15,Delhi,Delhi,BSES Yamuna,Domestic,3.0,4.5,6.5,8.0,50.0,5.0,198.81
29561,Mar,2024,779.44,West Bengal,Kolkata,CESC,Commercial,8.5,9.5,10.2,11.5,250.0,12.0,9236.45
30774,Feb,2024,486.9,Tamil Nadu,Chennai,TANGEDCO,Commercial,7.5,8.5,9.8,11.2,210.0,10.0,4987.76
27004,Dec,2026,93.4,Tamil Nadu,Chennai,TANGEDCO,Domestic,3.5,5.0,7.0,9.0,80.0,10.0,442.79
32061,Jan,2026,549.86,West Bengal,Kolkata,CESC,Domestic,5.1,6.8,7.9,9.2,110.0,12.0,4452.76
23538,Oct,2023,290.79,Karnataka,Bangalore,BESCOM,Domestic,4.5,6.5,7.7,8.5,100.0,9.0,1959.91
33058,Feb,2026,152.57,Karnataka,Bangalore,BESCOM,Commercial,8.0,9.0,10.0,11.0,220.0,9.0,1618.75
34877,Jun,2026,575.34,Delhi,Delhi,BSES Yamuna,Domestic,3.0,4.5,6.5,8.0,50.0,5.0,3282.46
32501,Aug,2025,30.38,Tamil Nadu,Chennai,TANGEDCO,Domestic,3.5,5.0,7.0,9.0,80.0,10.0,202.12
24559,Mar,2026,497.07,West Bengal,Kolkata,CESC,Domestic,5.1,6.8,7.9,9.2,110.0,12.0,3959.88
26580,Nov,2025,46.87,Tamil Nadu,Chennai,TANGEDCO,Domestic,3.5,5.0,7.0,9.0,80.0,10.0,270.91
28475,Sep,2024,206.43,Maharashtra,Mumbai,MSEDCL,Domestic,5.5,8.2,10.5,12.0,125.0,16.0,1782.37
31871,Dec,2025,290.48,Karnataka,Bangalore,BESCOM,Commercial,8.0,9.0,10.0,11.0,220.0,9.0,3015.96
29679,Sep,2025,239.78,West Bengal,Kolkata,CESC,Domestic,5.1,6.8,7.9,9.2,110.0,12.0,1753.49
24083,Feb,2024,1650.38,Maharashtra,Mumbai,MSEDCL,Commercial,9.5,11.0,12.5,14.0,300.0,16.0,25266.96
33719,Aug,2024,80.66,Tamil Nadu,Chennai,TANGEDCO,Domestic,3.5,5.0,7.0,9.0,80.0,10.0,405.48
24184,Oct,2023,209.67,Karnataka,Bangalore,BESCOM,Commercial,8.0,9.0,10.0,11.0,220.0,9.0,2150.83
33356,Nov,2023,243.94,Karnataka,Bangalore,BESCOM,Commercial,8.0,9.0,10.0,11.0,220.0,9.0,2523.71
28653,Dec,2023,100.59,West Bengal,Kolkata,CESC,Domestic,5.1,6.8,7.9,9.2,110.0,12.0,711.0
30518,May,2023,487.79,Maharashtra,Mumbai,MSEDCL,Commercial,9.5,11.0,12.5,14.0,300.0,16.0,6784.48
23755,Apr,2025,345.22,West Bengal,Kolkata,CESC,Domestic,5.1,6.8,7.9,9.2,110.0,12.0,2634.64
30661,Oct,2025,636.4,West Bengal,Kolkata,CESC,Domestic,5.1,6.8,7.9,9.2,110.0,12.0,5288.84
21725,May,2023,246.71,Maharashtra,Mumbai,MSEDCL,Domestic,5.5,8.2,10.5,12.0,125.0,16.0,2213.8
21377,Apr,2026,516.1,Tamil Nadu,Chennai,TANGEDCO,Commercial,7.5,8.5,9.8,11.2,210.0,10.0,5366.67
30936,Aug,2023,1578.68,Delhi,Delhi,BSES Yamuna,Commercial,6.5,8.0,9.5,11.0,180.0,5.0,16761.84
28707,Apr,2026,495.93,West Bengal,Kolkata,CESC,Domestic,5.1,6.8,7.9,9.2,110.0,12.0,3942.53
28895,Oct,2024,100.91,Delhi,Delhi,BSES Yamuna,Domestic,3.0,4.5,6.5,8.0,50.0,5.0,377.51
21654,Dec,2025,34.5,Delhi,Delhi,BSES Yamuna,Domestic,3.0,4.5,6.5,8.0,50.0,5.0,158.83
22067,Jun,2025,216.87,Maharashtra,Mumbai,MSEDCL,Commercial,9.5,11.0,12.5,14.0,300.0,16.0,2939.43
20023,Feb,2026,153.96,Karnataka,Bangalore,BESCOM,Domestic,4.5,6.5,7.7,8.5,100.0,9.0,969.26
22461,May,2023,461.02,Tamil Nadu,Chennai,TANGEDCO,Domestic,3.5,5.0,7.0,9.0,80.0,10.0,2789.92
33342,Jun,2025,302.13,West Bengal,Kolkata,CESC,Domestic,5.1,6.8,7.9,9.2,110.0,12.0,2245.03
25927,May,2026,173.12,Tamil Nadu,Chennai,TANGEDCO,Domestic,3.5,5.0,7.0,9.0,80.0,10.0,859.7
26252,Dec,2024,194.54,Karnataka,Bangalore,BESCOM,Domestic,4.5,6.5,7.7,8.5,100.0,9.0,1271.51
29497,Feb,2024,71.6,Maharashtra,Mumbai,MSEDCL,Domestic,5.5,8.2,10.5,12.0,125.0,16.0,607.73
27296,Jul,2025,219.18,West Bengal,Kolkata,CESC,Domestic,5.1,6.8,7.9,9.2,110.0,12.0,1584.37
23301,Apr,2023,362.29,Maharashtra,Mumbai,MSEDCL,Commercial,9.5,11.0,12.5,14.0,300.0,16.0,4996.62
33423,Aug,2026,67.48,Tamil Nadu,Chennai,TANGEDCO,Domestic,3.5,5.0,7.0,9.0,80.0,10.0,348.64
26280,Jul,2025,1900.27,Maharashtra,Mumbai,MSEDCL,Commercial,9.5,11.0,12.5,14.0,300.0,16.0,29545.83
28554,Jul,2024,89.26,Maharashtra,Mumbai,MSEDCL,Domestic,5.5,8.2,10.5,12.0,125.0,16.0,716.51
27354,Sep,2023,536.87,Tamil Nadu,Chennai,TANGEDCO,Domestic,3.5,5.0,7.0,9.0,80.0,10.0,3476.04
23728,Jan,2026,30.6,Karnataka,Bangalore,BESCOM,Domestic,4.5,6.5,7.7,8.5,100.0,9.0,256.54
26273,Oct,2025,361.2,Karnataka,Bangalore,BESCOM,Commercial,8.0,9.0,10.0,11.0,220.0,9.0,3757.06
25996,Jun,2026,352.39,Karnataka,Bangalore,BESCOM,Commercial,8.0,9.0,10.0,11.0,220.0,9.0,3713.19
29477,Jun,2023,151.13,Tamil Nadu,Chennai,TANGEDCO,Domestic,3.5,5.0,7.0,9.0,80.0,10.0,765.55
20515,Jun,2023,63.27,Maharashtra,Mumbai,MSEDCL,Domestic,5.5,8.2,10.5,12.0,125.0,16.0,548.14
20449,Dec,2024,102.71,West Bengal,Kolkata,CESC,Domestic,5.1,6.8,7.9,9.2,110.0,12.0,714.5
26020,Jun,2023,298.53,West Bengal,Kolkata,CESC,Domestic,5.1,6.8,7.9,9.2,110.0,12.0,2210.65
33795,Dec,2025,608.9,Tamil Nadu,Chennai,TANGEDCO,Commercial,7.5,8.5,9.8,11.2,210.0,10.0,6312.33
25344,Oct,2026,470.78,Maharashtra,Mumbai,MSEDCL,Domestic,5.5,8.2,10.5,12.0,125.0,16.0,4763.58
30048,Jul,2023,61.43,Karnataka,Bangalore,BESCOM,Domestic,4.5,6.5,7.7,8.5,100.0,9.0,413.43
33162,Oct,2023,66.99,Delhi,Delhi,BSES Yamuna,Domestic,3.0,4.5,6.5,8.0,50.0,5.0,266.11
28034,Jun,2025,767.49,Tamil Nadu,Chennai,TANGEDCO,Commercial,7.5,8.5,9.8,11.2,210.0,10.0,8421.37
31755,Jan,2026,193.18,Maharashtra,Mumbai,MSEDCL,Domestic,5.5,8.2,10.5,12.0,125.0,16.0,1689.94
22521,Mar,2026,299.42,Karnataka,Bangalore,BESCOM,Domestic,4.5,6.5,7.7,8.5,100.0,9.0,2013.21
23082,Feb,2024,348.65,Maharashtra,Mumbai,MSEDCL,Domestic,5.5,8.2,10.5,12.0,125.0,16.0,3271.23
21429,Jun,2024,175.18,Karnataka,Bangalore,BESCOM,Domestic,4.5,6.5,7.7,8.5,100.0,9.0,1127.39
23968,Aug,2026,41.31,Karnataka,Bangalore,BESCOM,Domestic,4.5,6.5,7.7,8.5,100.0,9.0,312.55
26446,Mar,2025,1028.84,Maharashtra,Mumbai,MSEDCL,Commercial,9.5,11.0,12.5,14.0,300.0,16.0,15667.77
34567,Oct,2025,118.77,West Bengal,Kolkata,CESC,Domestic,5.1,6.8,7.9,9.2,110.0,12.0,828.42
34043,Aug,2024,150.18,Delhi,Delhi,BSES Yamuna,Domestic,3.0,4.5,6.5,8.0,50.0,5.0,615.98
29115,Aug,2023,194.51,Karnataka,Bangalore,BESCOM,Domestic,4.5,6.5,7.7,8.5,100.0,9.0,1265.98
31330,May,2025,43.35,West Bengal,Kolkata,CESC,Domestic,5.1,6.8,7.9,9.2,110.0,12.0,366.1
22160,Aug,2023,30.33,Delhi,Delhi,BSES Yamuna,Domestic,3.0,4.5,6.5,8.0,50.0,5.0,149.97
25133,Jun,2025,243.46,West Bengal,Kolkata,CESC,Domestic,5.1,6.8,7.9,9.2,110.0,12.0,1791.14
33705,May,2026,81.42,Delhi,Delhi,BSES Yamuna,Domestic,3.0,4.5,6.5,8.0,50.0,5.0,314.8
22548,Sep,2024,202.51,Maharashtra,Mumbai,MSEDCL,Domestic,5.5,8.2,10.5,12.0,125.0,16.0,1741.64
22980,Jul,2023,32.89,Delhi,Delhi,BSES Yamuna,Domestic,3.0,4.5,6.5,8.0,50.0,5.0,153.11
34934,Aug,2023,950.0,Tamil Nadu,Chennai,TANGEDCO,Domestic,3.5,5.0,7.0,9.0,80.0,10.0,7472.15
30474,Jan,2026,63.7,Tamil Nadu,Chennai,TANGEDCO,Domestic,3.5,5.0,7.0,9.0,80.0,10.0,333.78
22650,Nov,2025,933.58,West Bengal,Kolkata,CESC,Domestic,5.1,6.8,7.9,9.2,110.0,12.0,8292.57
28506,Feb,2023,48.02,Tamil Nadu,Chennai,TANGEDCO,Domestic,3.5,5.0,7.0,9.0,80.0,10.0,276.68
30806,Aug,2025,539.17,Delhi,Delhi,BSES Yamuna,Domestic,3.0,4.5,6.5,8.0,50.0,5.0,3056.63
23084,Dec,2026,46.2,Tamil Nadu,Chennai,TANGEDCO,Domestic,3.5,5.0,7.0,9.0,80.0,10.0,261.84
30449,Sep,2024,163.73,Delhi,Delhi,BSES Yamuna,Domestic,3.0,4.5,6.5,8.0,50.0,5.0,661.62
34286,Apr,2023,2196.03,Tamil Nadu,Chennai,TANGEDCO,Commercial,7.5,8.5,9.8,11.2,210.0,10.0,26429.21
21038,Dec,2025,393.15,Karnataka,Bangalore,BESCOM,Domestic,4.5,6.5,7.7,8.5,100.0,9.0,2830.13
33945,Oct,2023,132.71,Maharashtra,Mumbai,MSEDCL,Domestic,5.5,8.2,10.5,12.0,125.0,16.0,1090.34
23490,Nov,2025,66.63,Karnataka,Bangalore,BESCOM,Domestic,4.5,6.5,7.7,8.5,100.0,9.0,434.99
27605,Oct,2025,181.73,West Bengal,Kolkata,CESC,Domestic,5.1,6.8,7.9,9.2,110.0,12.0,1333.71
27545,Sep,2025,277.43,Karnataka,Bangalore,BESCOM,Commercial,8.0,9.0,10.0,11.0,220.0,9.0,2871.0
22635,Apr,2026,539.11,West Bengal,Kolkata,CESC,Domestic,5.1,6.8,7.9,9.2,110.0,12.0,4382.62
23984,Oct,2024,61.78,Karnataka,Bangalore,BESCOM,Domestic,4.5,6.5,7.7,8.5,100.0,9.0,409.43
21779,Oct,2023,66.67,Karnataka,Bangalore,BESCOM,Domestic,4.5,6.5,7.7,8.5,100.0,9.0,441.62
27903,Oct,2024,414.85,Tamil Nadu,Chennai,TANGEDCO,Domestic,3.5,5.0,7.0,9.0,80.0,10.0,2502.42
25111,Sep,2025,950.0,Tamil Nadu,Chennai,TANGEDCO,Domestic,3.5,5.0,7.0,9.0,80.0,10.0,7558.88
25190,Nov,2025,40.0,West Bengal,Kolkata,CESC,Domestic,5.1,6.8,7.9,9.2,110.0,12.0,351.15
32088,Jul,2024,356.83,Karnataka,Bangalore,BESCOM,Domestic,4.5,6.5,7.7,8.5,100.0,9.0,2532.61
27379,Feb,2024,83.93,West Bengal,Kolkata,CESC,Domestic,5.1,6.8,7.9,9.2,110.0,12.0,598.23
21125,Sep,2023,74.81,Delhi,Delhi,BSES Yamuna,Domestic,3.0,4.5,6.5,8.0,50.0,5.0,292.76
20698,Apr,2025,159.93,Tamil Nadu,Chennai,TANGEDCO,Commercial,7.5,8.5,9.8,11.2,210.0,10.0,1610.97
22180,Aug,2024,211.69,Maharashtra,Mumbai,MSEDCL,Domestic,5.5,8.2,10.5,12.0,125.0,16.0,1868.84
29597,Jul,2026,240.73,West Bengal,Kolkata,CESC,Domestic,5.1,6.8,7.9,9.2,110.0,12.0,1799.47
25252,Jul,2025,327.3,Karnataka,Bangalore,BESCOM,Domestic,4.5,6.5,7.7,8.5,100.0,9.0,2236.12
29236,Aug,2025,416.47,Tamil Nadu,Chennai,TANGEDCO,Domestic,3.5,5.0,7.0,9.0,80.0,10.0,2477.44
21930,Jan,2023,228.99,West Bengal,Kolkata,CESC,Domestic,5.1,6.8,7.9,9.2,110.0,12.0,1650.06
34872,May,2026,41.57,Delhi,Delhi,BSES Yamuna,Domestic,3.0,4.5,6.5,8.0,50.0,5.0,186.73
21014,Feb,2023,461.47,Tamil Nadu,Chennai,TANGEDCO,Commercial,7.5,8.5,9.8,11.2,210.0,10.0,4615.49
20227,Feb,2026,109.65,West Bengal,Kolkata,CESC,Domestic,5.1,6.8,7.9,9.2,110.0,12.0,773.97
27322,Jan,2023,86.3,Karnataka,Bangalore,BESCOM,Domestic,4.5,6.5,7.7,8.5,100.0,9.0,538.07
21829,May,2026,586.99,Karnataka,Bangalore,BESCOM,Commercial,8.0,9.0,10.0,11.0,220.0,9.0,6403.03
27910,Feb,2026,92.27,West Bengal,Kolkata,CESC,Domestic,5.1,6.8,7.9,9.2,110.0,12.0,640.69
25589,Apr,2026,125.6,West Bengal,Kolkata,CESC,Domestic,5.1,6.8,7.9,9.2,110.0,12.0,903.04
33110,Mar,2024,485.54,Tamil Nadu,Chennai,TANGEDCO,Commercial,7.5,8.5,9.8,11.2,210.0,10.0,4918.82
22024,Mar,2025,178.73,Maharashtra,Mumbai,MSEDCL,Domestic,5.5,8.2,10.5,12.0,125.0,16.0,1524.13
24967,Feb,2026,104.28,Karnataka,Bangalore,BESCOM,Domestic,4.5,6.5,7.7,8.5,100.0,9.0,619.23
30645,Jun,2024,182.87,Maharashtra,Mumbai,MSEDCL,Domestic,5.5,8.2,10.5,12.0,125.0,16.0,1594.27
34538,Feb,2024,206.32,Karnataka,Bangalore,BESCOM,Domestic,4.5,6.5,7.7,8.5,100.0,9.0,1357.89
30278,Aug,2023,97.5,West Bengal,Kolkata,CESC,Domestic,5.1,6.8,7.9,9.2,110.0,12.0,674.1
25892,Aug,2025,498.59,Tamil Nadu,Chennai,TANGEDCO,Domestic,3.5,5.0,7.0,9.0,80.0,10.0,3060.56
32476,Dec,2025,235.31,West Bengal,Kolkata,CESC,Domestic,5.1,6.8,7.9,9.2,110.0,12.0,1742.79
21081,May,2023,46.62,Maharashtra,Mumbai,MSEDCL,Domestic,5.5,8.2,10.5,12.0,125.0,16.0,444.6
25037,Oct,2025,409.15,Maharashtra,Mumbai,MSEDCL,Commercial,9.5,11.0,12.5,14.0,300.0,16.0,5560.92
30513,Jul,2023,101.28,West Bengal,Kolkata,CESC,Domestic,5.1,6.8,7.9,9.2,110.0,12.0,713.17
31383,Apr,2024,1039.32,West Bengal,Kolkata,CESC,Commercial,8.5,9.5,10.2,11.5,250.0,12.0,12807.9
30823,Jan,2024,1017.92,Maharashtra,Mumbai,MSEDCL,Commercial,9.5,11.0,12.5,14.0,300.0,16.0,15047.91
22564,Nov,2026,828.91,Karnataka,Bangalore,BESCOM,Commercial,8.0,9.0,10.0,11.0,220.0,9.0,9220.04
23293,Feb,2023,161.58,Delhi,Delhi,BSES Yamuna,Commercial,6.5,8.0,9.5,11.0,180.0,5.0,1410.45
32814,Oct,2024,168.2,West Bengal,Kolkata,CESC,Domestic,5.1,6.8,7.9,9.2,110.0,12.0,1199.8
23587,Oct,2024,971.25,Maharashtra,Mumbai,MSEDCL,Commercial,9.5,11.0,12.5,14.0,300.0,16.0,14497.35
24432,Apr,2023,279.39,Karnataka,Bangalore,BESCOM,Domestic,4.5,6.5,7.7,8.5,100.0,9.0,1861.41
26842,Jan,2024,419.53,Karnataka,Bangalore,BESCOM,Domestic,4.5,6.5,7.7,8.5,100.0,9.0,3071.32
33367,Aug,2025,740.88,West Bengal,Kolkata,CESC,Commercial,8.5,9.5,10.2,11.5,250.0,12.0,8760.5
26644,Sep,2024,207.4,Karnataka,Bangalore,BESCOM,Domestic,4.5,6.5,7.7,8.5,100.0,9.0,1356.4
31140,Apr,2023,734.65,Karnataka,Bangalore,BESCOM,Commercial,8.0,9.0,10.0,11.0,220.0,9.0,7906.58
23960,Oct,2025,278.44,Maharashtra,Mumbai,MSEDCL,Commercial,9.5,11.0,12.5,14.0,300.0,16.0,3789.07
31006,Mar,2025,110.07,West Bengal,Kolkata,CESC,Domestic,5.1,6.8,7.9,9.2,110.0,12.0,775.41
30776,Feb,2024,2800.0,Maharashtra,Mumbai,MSEDCL,Commercial,9.5,11.0,12.5,14.0,300.0,16.0,43377.06
20162,May,2026,437.56,Karnataka,Bangalore,BESCOM,Domestic,4.5,6.5,7.7,8.5,100.0,9.0,3192.89
20594,Mar,2025,628.52,West Bengal,Kolkata,CESC,Domestic,5.1,6.8,7.9,9.2,110.0,12.0,5286.64
34227,Oct,2023,143.82,Tamil Nadu,Chennai,TANGEDCO,Domestic,3.5,5.0,7.0,9.0,80.0,10.0,716.1
34495,Jul,2026,70.58,Karnataka,Bangalore,BESCOM,Domestic,4.5,6.5,7.7,8.5,100.0,9.0,453.39
31452,Nov,2026,122.98,Karnataka,Bangalore,BESCOM,Domestic,4.5,6.5,7.7,8.5,100.0,9.0,752.09
32348,Jun,2025,328.42,Tamil Nadu,Chennai,TANGEDCO,Domestic,3.5,5.0,7.0,9.0,80.0,10.0,1771.27
31155,Jan,2024,82.57,West Bengal,Kolkata,CESC,Domestic,5.1,6.8,7.9,9.2,110.0,12.0,592.53
32081,Dec,2026,2742.54,Karnataka,Bangalore,BESCOM,Commercial,8.0,9.0,10.0,11.0,220.0,9.0,32596.43
23391,Aug,2024,359.29,Tamil Nadu,Chennai,TANGEDCO,Domestic,3.5,5.0,7.0,9.0,80.0,10.0,2053.97
25998,Feb,2025,108.87,Karnataka,Bangalore,BESCOM,Domestic,4.5,6.5,7.7,8.5,100.0,9.0,659.99
26355,May,2023,100.17,Tamil Nadu,Chennai,TANGEDCO,Domestic,3.5,5.0,7.0,9.0,80.0,10.0,469.5
32694,Sep,2026,2445.55,Tamil Nadu,Chennai,TANGEDCO,Commercial,7.5,8.5,9.8,11.2,210.0,10.0,28996.72
20664,Aug,2023,1237.42,West Bengal,Kolkata,CESC,Commercial,8.5,9.5,10.2,11.5,250.0,12.0,14993.36
29325,Feb,2024,236.17,West Bengal,Kolkata,CESC,Domestic,5.1,6.8,7.9,9.2,110.0,12.0,1732.72
33388,Sep,2024,539.55,Karnataka,Bangalore,BESCOM,Domestic,4.5,6.5,7.7,8.5,100.0,9.0,3982.36
20542,May,2023,697.67,Maharashtra,Mumbai,MSEDCL,Commercial,9.5,11.0,12.5,14.0,300.0,16.0,9945.34
25434,Oct,2025,950.0,West Bengal,Kolkata,CESC,Domestic,5.1,6.8,7.9,9.2,110.0,12.0,8628.4
25094,Jun,2025,136.99,Delhi,Delhi,BSES Yamuna,Domestic,3.0,4.5,6.5,8.0,50.0,5.0,534.64
33429,Mar,2026,43.42,Tamil Nadu,Chennai,TANGEDCO,Domestic,3.5,5.0,7.0,9.0,80.0,10.0,255.22
31167,Mar,2026,31.17,Maharashtra,Mumbai,MSEDCL,Domestic,5.5,8.2,10.5,12.0,125.0,16.0,338.3
20868,Oct,2025,376.67,Karnataka,Bangalore,BESCOM,Commercial,8.0,9.0,10.0,11.0,220.0,9.0,3915.92
30259,Aug,2025,94.64,Tamil Nadu,Chennai,TANGEDCO,Domestic,3.5,5.0,7.0,9.0,80.0,10.0,459.05
28624,Nov,2023,166.82,West Bengal,Kolkata,CESC,Domestic,5.1,6.8,7.9,9.2,110.0,12.0,1225.1
33028,Oct,2024,91.92,Tamil Nadu,Chennai,TANGEDCO,Domestic,3.5,5.0,7.0,9.0,80.0,10.0,433.42
25470,Oct,2024,140.79,Tamil Nadu,Chennai,TANGEDCO,Commercial,7.5,8.5,9.8,11.2,210.0,10.0,1427.11
32471,Dec,2026,257.71,Delhi,Delhi,BSES Yamuna,Commercial,6.5,8.0,9.5,11.0,180.0,5.0,2192.85
26257,Feb,2025,75.81,West Bengal,Kolkata,CESC,Domestic,5.1,6.8,7.9,9.2,110.0,12.0,564.66
29399,Nov,2023,116.0,Maharashtra,Mumbai,MSEDCL,Domestic,5.5,8.2,10.5,12.0,125.0,16.0,941.92
30721,Dec,2026,207.2,Maharashtra,Mumbai,MSEDCL,Domestic,5.5,8.2,10.5,12.0,125.0,16.0,1812.46
21170,Dec,2023,720.51,Tamil Nadu,Chennai,TANGEDCO,Commercial,7.5,8.5,9.8,11.2,210.0,10.0,7810.91
20831,Feb,2025,661.93,West Bengal,Kolkata,CESC,Domestic,5.1,6.8,7.9,9.2,110.0,12.0,5677.65
21652,May,2025,2470.19,Karnataka,Bangalore,BESCOM,Commercial,8.0,9.0,10.0,11.0,220.0,9.0,28925.24
21137,Jun,2025,613.81,Tamil Nadu,Chennai,TANGEDCO,Domestic,3.5,5.0,7.0,9.0,80.0,10.0,4250.53
22811,Dec,2024,378.46,Delhi,Delhi,BSES Yamuna,Domestic,3.0,4.5,6.5,8.0,50.0,5.0,1854.6
28668,Feb,2025,251.8,Delhi,Delhi,BSES Yamuna,Domestic,3.0,4.5,6.5,8.0,50.0,5.0,1096.03
31003,May,2026,504.45,Tamil Nadu,Chennai,TANGEDCO,Commercial,7.5,8.5,9.8,11.2,210.0,10.0,5092.9
29519,Jul,2024,1139.3,Delhi,Delhi,BSES Yamuna,Commercial,6.5,8.0,9.5,11.0,180.0,5.0,12024.53
33259,Oct,2023,207.37,Tamil Nadu,Chennai,TANGEDCO,Domestic,3.5,5.0,7.0,9.0,80.0,10.0,1064.13
21020,Oct,2026,82.65,West Bengal,Kolkata,CESC,Domestic,5.1,6.8,7.9,9.2,110.0,12.0,592.38
25238,Aug,2026,786.35,West Bengal,Kolkata,CESC,Commercial,8.5,9.5,10.2,11.5,250.0,12.0,9185.55
30029,Dec,2023,144.42,Tamil Nadu,Chennai,TANGEDCO,Domestic,3.5,5.0,7.0,9.0,80.0,10.0,729.35
32449,Jul,2024,701.0,Maharashtra,Mumbai,MSEDCL,Commercial,9.5,11.0,12.5,14.0,300.0,16.0,10311.23
30641,Aug,2026,82.71,Delhi,Delhi,BSES Yamuna,Domestic,3.0,4.5,6.5,8.0,50.0,5.0,306.96
32486,Dec,2026,650.5,Tamil Nadu,Chennai,TANGEDCO,Domestic,3.5,5.0,7.0,9.0,80.0,10.0,4560.34
21284,Sep,2026,267.28,Karnataka,Bangalore,BESCOM,Domestic,4.5,6.5,7.7,8.5,100.0,9.0,1819.51
20660,May,2024,174.88,Delhi,Delhi,BSES Yamuna,Domestic,3.0,4.5,6.5,8.0,50.0,5.0,727.91
34064,May,2024,442.51,Maharashtra,Mumbai,MSEDCL,Domestic,5.5,8.2,10.5,12.0,125.0,16.0,4340.25
33359,Nov,2024,193.22,Maharashtra,Mumbai,MSEDCL,Domestic,5.5,8.2,10.5,12.0,125.0,16.0,1691.48
22011,Oct,2026,110.56,Delhi,Delhi,BSES Yamuna,Domestic,3.0,4.5,6.5,8.0,50.0,5.0,412.77
28591,Apr,2025,286.49,Delhi,Delhi,BSES Yamuna,Domestic,3.0,4.5,6.5,8.0,50.0,5.0,1248.96
21734,Sep,2023,130.4,Delhi,Delhi,BSES Yamuna,Domestic,3.0,4.5,6.5,8.0,50.0,5.0,515.92
33871,May,2025,253.41,Maharashtra,Mumbai,MSEDCL,Commercial,9.5,11.0,12.5,14.0,300.0,16.0,3413.63
22126,Feb,2024,392.81,Delhi,Delhi,BSES Yamuna,Domestic,3.0,4.5,6.5,8.0,50.0,5.0,1911.8
22172,Oct,2026,330.04,Tamil Nadu,Chennai,TANGEDCO,Domestic,3.5,5.0,7.0,9.0,80.0,10.0,1821.45
28267,Aug,2026,194.29,Karnataka,Bangalore,BESCOM,Domestic,4.5,6.5,7.7,8.5,100.0,9.0,1249.2
34473,Jul,2025,101.63,Karnataka,Bangalore,BESCOM,Domestic,4.5,6.5,7.7,8.5,100.0,9.0,621.83
32890,Aug,2025,866.07,Delhi,Delhi,BSES Yamuna,Commercial,6.5,8.0,9.5,11.0,180.0,5.0,8831.96
23472,Dec,2023,61.45,Delhi,Delhi,BSES Yamuna,Domestic,3.0,4.5,6.5,8.0,50.0,5.0,250.74
29029,Mar,2026,267.98,Tamil Nadu,Chennai,TANGEDCO,Commercial,7.5,8.5,9.8,11.2,210.0,10.0,2620.75
25625,Apr,2025,164.11,Delhi,Delhi,BSES Yamuna,Domestic,3.0,4.5,6.5,8.0,50.0,5.0,671.77
28692,May,2023,950.0,Maharashtra,Mumbai,MSEDCL,Domestic,5.5,8.2,10.5,12.0,125.0,16.0,11352.81
33885,Jun,2024,80.76,Maharashtra,Mumbai,MSEDCL,Domestic,5.5,8.2,10.5,12.0,125.0,16.0,655.05
28330,Jan,2025,546.66,Delhi,Delhi,BSES Yamuna,Commercial,6.5,8.0,9.5,11.0,180.0,5.0,5008.62
22098,Apr,2024,298.56,Tamil Nadu,Chennai,TANGEDCO,Commercial,7.5,8.5,9.8,11.2,210.0,10.0,2957.75
34083,Nov,2023,117.44,West Bengal,Kolkata,CESC,Domestic,5.1,6.8,7.9,9.2,110.0,12.0,814.52
25069,Dec,2024,251.29,West Bengal,Kolkata,CESC,Commercial,8.5,9.5,10.2,11.5,250.0,12.0,2878.34
33931,Oct,2026,482.1,Tamil Nadu,Chennai,TANGEDCO,Domestic,3.5,5.0,7.0,9.0,80.0,10.0,2954.28
31889,May,2026,488.2,Maharashtra,Mumbai,MSEDCL,Commercial,9.5,11.0,12.5,14.0,300.0,16.0,6744.29
30078,Jul,2024,57.3,Tamil Nadu,Chennai,TANGEDCO,Domestic,3.5,5.0,7.0,9.0,80.0,10.0,311.89
26398,May,2026,134.72,Delhi,Delhi,BSES Yamuna,Domestic,3.0,4.5,6.5,8.0,50.0,5.0,538.39
34317,Jan,2023,95.07,Tamil Nadu,Chennai,TANGEDCO,Domestic,3.5,5.0,7.0,9.0,80.0,10.0,450.44
22758,Nov,2026,1611.77,Tamil Nadu,Chennai,TANGEDCO,Commercial,7.5,8.5,9.8,11.2,210.0,10.0,18647.01
23921,Jul,2024,650.25,West Bengal,Kolkata,CESC,Commercial,8.5,9.5,10.2,11.5,250.0,12.0,7683.26
28187,Aug,2024,355.43,Tamil Nadu,Chennai,TANGEDCO,Commercial,7.5,8.5,9.8,11.2,210.0,10.0,3483.94
21901,Jul,2024,161.72,Delhi,Delhi,BSES Yamuna,Commercial,6.5,8.0,9.5,11.0,180.0,5.0,1370.01
22611,Nov,2025,157.88,Maharashtra,Mumbai,MSEDCL,Domestic,5.5,8.2,10.5,12.0,125.0,16.0,1332.64
26901,Apr,2024,1593.88,Maharashtra,Mumbai,MSEDCL,Commercial,9.5,11.0,12.5,14.0,300.0,16.0,24202.25
32179,Aug,2023,284.02,Delhi,Delhi,BSES Yamuna,Commercial,6.5,8.0,9.5,11.0,180.0,5.0,2435.33
21450,May,2026,103.14,Karnataka,Bangalore,BESCOM,Domestic,4.5,6.5,7.7,8.5,100.0,9.0,611.54
28739,Oct,2026,73.88,Tamil Nadu,Chennai,TANGEDCO,Domestic,3.5,5.0,7.0,9.0,80.0,10.0,369.9
25018,Sep,2025,40.46,Delhi,Delhi,BSES Yamuna,Domestic,3.0,4.5,6.5,8.0,50.0,5.0,181.34
32869,Dec,2025,633.92,Tamil Nadu,Chennai,TANGEDCO,Commercial,7.5,8.5,9.8,11.2,210.0,10.0,6795.24
33661,Dec,2023,609.52,Tamil Nadu,Chennai,TANGEDCO,Commercial,7.5,8.5,9.8,11.2,210.0,10.0,6479.19
28000,Oct,2024,390.05,Maharashtra,Mumbai,MSEDCL,Commercial,9.5,11.0,12.5,14.0,300.0,16.0,5363.57
26053,May,2025,280.02,Tamil Nadu,Chennai,TANGEDCO,Commercial,7.5,8.5,9.8,11.2,210.0,10.0,2791.23
30196,Jan,2026,878.12,Tamil Nadu,Chennai,TANGEDCO,Commercial,7.5,8.5,9.8,11.2,210.0,10.0,9852.52
22097,Dec,2025,228.03,Delhi,Delhi,BSES Yamuna,Commercial,6.5,8.0,9.5,11.0,180.0,5.0,1941.46
28896,Sep,2025,76.45,Tamil Nadu,Chennai,TANGEDCO,Domestic,3.5,5.0,7.0,9.0,80.0,10.0,380.21
26405,Dec,2024,375.05,Delhi,Delhi,BSES Yamuna,Domestic,3.0,4.5,6.5,8.0,50.0,5.0,1812.03
30596,May,2025,323.58,Delhi,Delhi,BSES Yamuna,Domestic,3.0,4.5,6.5,8.0,50.0,5.0,1501.73
29818,Jun,2023,463.01,West Bengal,Kolkata,CESC,Domestic,5.1,6.8,7.9,9.2,110.0,12.0,3598.35
23332,Apr,2026,661.98,Maharashtra,Mumbai,MSEDCL,Commercial,9.5,11.0,12.5,14.0,300.0,16.0,9468.73
32926,Jun,2024,360.71,West Bengal,Kolkata,CESC,Domestic,5.1,6.8,7.9,9.2,110.0,12.0,2716.05
27463,Dec,2026,104.29,Karnataka,Bangalore,BESCOM,Domestic,4.5,6.5,7.7,8.5,100.0,9.0,622.88
25106,Aug,2023,295.74,Maharashtra,Mumbai,MSEDCL,Domestic,5.5,8.2,10.5,12.0,125.0,16.0,2627.89
22979,Mar,2023,71.94,Maharashtra,Mumbai,MSEDCL,Domestic,5.5,8.2,10.5,12.0,125.0,16.0,614.76
32929,May,2025,101.8,Delhi,Delhi,BSES Yamuna,Domestic,3.0,4.5,6.5,8.0,50.0,5.0,369.5
22840,Feb,2025,357.48,Maharashtra,Mumbai,MSEDCL,Domestic,5.5,8.2,10.5,12.0,125.0,16.0,3369.05
23385,Feb,2025,58.76,Delhi,Delhi,BSES Yamuna,Domestic,3.0,4.5,6.5,8.0,50.0,5.0,234.6
30852,Jul,2026,36.96,Delhi,Delhi,BSES Yamuna,Domestic,3.0,4.5,6.5,8.0,50.0,5.0,171.14
30054,Oct,2023,225.11,Karnataka,Bangalore,BESCOM,Domestic,4.5,6.5,7.7,8.5,100.0,9.0,1464.36
31049,Oct,2024,806.74,Tamil Nadu,Chennai,TANGEDCO,Domestic,3.5,5.0,7.0,9.0,80.0,10.0,6132.78
33494,Nov,2025,204.18,Karnataka,Bangalore,BESCOM,Domestic,4.5,6.5,7.7,8.5,100.0,9.0,1349.89
20686,Oct,2026,91.33,Delhi,Delhi,BSES Yamuna,Domestic,3.0,4.5,6.5,8.0,50.0,5.0,336.45
34140,Jun,2025,375.18,Tamil Nadu,Chennai,TANGEDCO,Domestic,3.5,5.0,7.0,9.0,80.0,10.0,2145.04
27532,Apr,2023,276.97,Tamil Nadu,Chennai,TANGEDCO,Domestic,3.5,5.0,7.0,9.0,80.0,10.0,1473.63
24284,May,2024,1178.16,Tamil Nadu,Chennai,TANGEDCO,Commercial,7.5,8.5,9.8,11.2,210.0,10.0,13341.26
27737,Jan,2023,295.58,Tamil Nadu,Chennai,TANGEDCO,Domestic,3.5,5.0,7.0,9.0,80.0,10.0,1529.77
27711,Jul,2026,386.35,Maharashtra,Mumbai,MSEDCL,Domestic,5.5,8.2,10.5,12.0,125.0,16.0,3711.69
21620,Aug,2025,44.24,Karnataka,Bangalore,BESCOM,Domestic,4.5,6.5,7.7,8.5,100.0,9.0,324.68
33976,Sep,2023,70.78,Karnataka,Bangalore,BESCOM,Domestic,4.5,6.5,7.7,8.5,100.0,9.0,456.59
33273,Aug,2026,45.68,Delhi,Delhi,BSES Yamuna,Domestic,3.0,4.5,6.5,8.0,50.0,5.0,197.01
32836,May,2025,78.04,West Bengal,Kolkata,CESC,Domestic,5.1,6.8,7.9,9.2,110.0,12.0,557.97
26869,Mar,2024,359.03,Tamil Nadu,Chennai,TANGEDCO,Domestic,3.5,5.0,7.0,9.0,80.0,10.0,2016.98
21432,Oct,2023,345.68,Karnataka,Bangalore,BESCOM,Domestic,4.5,6.5,7.7,8.5,100.0,9.0,2357.73
29068,Nov,2025,139.83,Maharashtra,Mumbai,MSEDCL,Domestic,5.5,8.2,10.5,12.0,125.0,16.0,1142.85
24714,Sep,2025,484.63,Tamil Nadu,Chennai,TANGEDCO,Commercial,7.5,8.5,9.8,11.2,210.0,10.0,4955.39
30654,Jun,2025,344.57,Maharashtra,Mumbai,MSEDCL,Domestic,5.5,8.2,10.5,12.0,125.0,16.0,3220.87
29558,May,2025,130.28,Tamil Nadu,Chennai,TANGEDCO,Commercial,7.5,8.5,9.8,11.2,210.0,10.0,1322.83
29436,Mar,2023,214.46,Karnataka,Bangalore,BESCOM,Domestic,4.5,6.5,7.7,8.5,100.0,9.0,1407.55
24999,Jun,2025,127.08,Maharashtra,Mumbai,MSEDCL,Domestic,5.5,8.2,10.5,12.0,125.0,16.0,1055.95
20163,Mar,2026,89.98,Maharashtra,Mumbai,MSEDCL,Domestic,5.5,8.2,10.5,12.0,125.0,16.0,724.49
21975,Oct,2023,402.15,Maharashtra,Mumbai,MSEDCL,Commercial,9.5,11.0,12.5,14.0,300.0,16.0,5532.6
23292,Dec,2025,192.59,Karnataka,Bangalore,BESCOM,Domestic,4.5,6.5,7.7,8.5,100.0,9.0,1272.64
28462,Jun,2023,103.71,West Bengal,Kolkata,CESC,Domestic,5.1,6.8,7.9,9.2,110.0,12.0,714.26
20632,Apr,2026,97.53,Tamil Nadu,Chennai,TANGEDCO,Domestic,3.5,5.0,7.0,9.0,80.0,10.0,470.78
20906,Feb,2026,564.03,Delhi,Delhi,BSES Yamuna,Domestic,3.0,4.5,6.5,8.0,50.0,5.0,3239.93
31664,Aug,2023,195.29,Tamil Nadu,Chennai,TANGEDCO,Commercial,7.5,8.5,9.8,11.2,210.0,10.0,1912.8
31446,Apr,2025,59.37,Maharashtra,Mumbai,MSEDCL,Domestic,5.5,8.2,10.5,12.0,125.0,16.0,524.32
22015,Sep,2025,67.98,Tamil Nadu,Chennai,TANGEDCO,Domestic,3.5,5.0,7.0,9.0,80.0,10.0,342.83
29834,Jul,2026,65.16,Tamil Nadu,Chennai,TANGEDCO,Domestic,3.5,5.0,7.0,9.0,80.0,10.0,345.18
27897,Dec,2025,68.92,Delhi,Delhi,BSES Yamuna,Domestic,3.0,4.5,6.5,8.0,50.0,5.0,270.08
20205,Feb,2026,34.88,Maharashtra,Mumbai,MSEDCL,Domestic,5.5,8.2,10.5,12.0,125.0,16.0,367.52
20582,Apr,2025,40.94,Delhi,Delhi,BSES Yamuna,Domestic,3.0,4.5,6.5,8.0,50.0,5.0,179.57
25676,May,2026,144.05,Karnataka,Bangalore,BESCOM,Domestic,4.5,6.5,7.7,8.5,100.0,9.0,918.84
29033,Mar,2024,287.32,Karnataka,Bangalore,BESCOM,Commercial,8.0,9.0,10.0,11.0,220.0,9.0,2902.19
34125,Sep,2025,82.86,Tamil Nadu,Chennai,TANGEDCO,Domestic,3.5,5.0,7.0,9.0,80.0,10.0,399.95
25348,May,2025,148.05,Delhi,Delhi,BSES Yamuna,Commercial,6.5,8.0,9.5,11.0,180.0,5.0,1289.47
29912,Feb,2025,103.72,Karnataka,Bangalore,BESCOM,Domestic,4.5,6.5,7.7,8.5,100.0,9.0,627.69
33931,Nov,2023,88.92,Maharashtra,Mumbai,MSEDCL,Domestic,5.5,8.2,10.5,12.0,125.0,16.0,707.36
22644,Mar,2025,349.69,Maharashtra,Mumbai,MSEDCL,Domestic,5.5,8.2,10.5,12.0,125.0,16.0,3353.01
28018,Sep,2023,289.16,Tamil Nadu,Chennai,TANGEDCO,Domestic,3.5,5.0,7.0,9.0,80.0,10.0,1537.47
22298,Jul,2023,314.77,Tamil Nadu,Chennai,TANGEDCO,Domestic,3.5,5.0,7.0,9.0,80.0,10.0,1690.26
20875,Feb,2026,31.55,West Bengal,Kolkata,CESC,Domestic,5.1,6.8,7.9,9.2,110.0,12.0,301.52
25561,Sep,2023,340.54,Tamil Nadu,Chennai,TANGEDCO,Domestic,3.5,5.0,7.0,9.0,80.0,10.0,1883.29
34532,Apr,2023,392.85,Karnataka,Bangalore,BESCOM,Commercial,8.0,9.0,10.0,11.0,220.0,9.0,4077.03
20690,Sep,2024,218.46,Delhi,Delhi,BSES Yamuna,Domestic,3.0,4.5,6.5,8.0,50.0,5.0,915.58
24001,Feb,2025,151.98,West Bengal,Kolkata,CESC,Domestic,5.1,6.8,7.9,9.2,110.0,12.0,1095.52
34299,Dec,2023,629.56,Maharashtra,Mumbai,MSEDCL,Domestic,5.5,8.2,10.5,12.0,125.0,16.0,6983.33
31334,Oct,2025,1142.19,West Bengal,Kolkata,CESC,Commercial,8.5,9.5,10.2,11.5,250.0,12.0,13883.11
34975,Dec,2023,795.72,Maharashtra,Mumbai,MSEDCL,Commercial,9.5,11.0,12.5,14.0,300.0,16.0,11570.9
29615,Apr,2026,177.75,Karnataka,Bangalore,BESCOM,Domestic,4.5,6.5,7.7,8.5,100.0,9.0,1152.78
34290,May,2024,244.4,West Bengal,Kolkata,CESC,Domestic,5.1,6.8,7.9,9.2,110.0,12.0,1778.02
20672,Feb,2023,160.56,Tamil Nadu,Chennai,TANGEDCO,Commercial,7.5,8.5,9.8,11.2,210.0,10.0,1618.57
27928,Oct,2025,264.11,Tamil Nadu,Chennai,TANGEDCO,Commercial,7.5,8.5,9.8,11.2,210.0,10.0,2632.8
21172,Jan,2026,115.63,Maharashtra,Mumbai,MSEDCL,Domestic,5.5,8.2,10.5,12.0,125.0,16.0,940.52
25592,Jul,2025,384.22,West Bengal,Kolkata,CESC,Commercial,8.5,9.5,10.2,11.5,250.0,12.0,4281.23
31919,Oct,2026,217.51,West Bengal,Kolkata,CESC,Domestic,5.1,6.8,7.9,9.2,110.0,12.0,1614.72
29136,Jan,2024,76.48,Maharashtra,Mumbai,MSEDCL,Domestic,5.5,8.2,10.5,12.0,125.0,16.0,630.64
26343,Nov,2026,158.6,Maharashtra,Mumbai,MSEDCL,Domestic,5.5,8.2,10.5,12.0,125.0,16.0,1316.8
21450,Nov,2025,519.07,Delhi,Delhi,BSES Yamuna,Domestic,3.0,4.5,6.5,8.0,50.0,5.0,2829.57
31930,Aug,2025,1371.91,West Bengal,Kolkata,CESC,Commercial,8.5,9.5,10.2,11.5,250.0,12.0,16617.73
22540,Mar,2023,242.9,Karnataka,Bangalore,BESCOM,Domestic,4.5,6.5,7.7,8.5,100.0,9.0,1594.69
23960,Oct,2026,531.46,Maharashtra,Mumbai,MSEDCL,Domestic,5.5,8.2,10.5,12.0,125.0,16.0,5666.14
33184,Jun,2025,363.09,Tamil Nadu,Chennai,TANGEDCO,Commercial,7.5,8.5,9.8,11.2,210.0,10.0,3611.3
26286,Jul,2023,276.94,West Bengal,Kolkata,CESC,Domestic,5.1,6.8,7.9,9.2,110.0,12.0,2049.17
25433,Oct,2024,32.36,Maharashtra,Mumbai,MSEDCL,Domestic,5.5,8.2,10.5,12.0,125.0,16.0,354.1
24261,Jan,2025,267.19,Tamil Nadu,Chennai,TANGEDCO,Commercial,7.5,8.5,9.8,11.2,210.0,10.0,2586.04
22362,Jun,2023,48.69,Maharashtra,Mumbai,MSEDCL,Domestic,5.5,8.2,10.5,12.0,125.0,16.0,450.69
26165,Jul,2025,129.68,West Bengal,Kolkata,CESC,Domestic,5.1,6.8,7.9,9.2,110.0,12.0,934.22
33394,Jun,2026,841.12,Delhi,Delhi,BSES Yamuna,Commercial,6.5,8.0,9.5,11.0,180.0,5.0,8427.19
31845,Apr,2023,76.62,West Bengal,Kolkata,CESC,Domestic,5.1,6.8,7.9,9.2,110.0,12.0,564.69
23671,Jan,2026,2090.51,Maharashtra,Mumbai,MSEDCL,Commercial,9.5,11.0,12.5,14.0,300.0,16.0,33330.65
21754,Nov,2024,107.82,West Bengal,Kolkata,CESC,Domestic,5.1,6.8,7.9,9.2,110.0,12.0,761.42
28101,Sep,2026,40.2,Karnataka,Bangalore,BESCOM,Domestic,4.5,6.5,7.7,8.5,100.0,9.0,308.08
30545,Apr,2023,656.9,Karnataka,Bangalore,BESCOM,Domestic,4.5,6.5,7.7,8.5,100.0,9.0,5191.06
21939,Jul,2025,259.51,West Bengal,Kolkata,CESC,Commercial,8.5,9.5,10.2,11.5,250.0,12.0,2971.14
28563,Jul,2023,950.0,Delhi,Delhi,BSES Yamuna,Domestic,3.0,4.5,6.5,8.0,50.0,5.0,6465.76
25977,Feb,2026,47.62,Tamil Nadu,Chennai,TANGEDCO,Domestic,3.5,5.0,7.0,9.0,80.0,10.0,273.41
33141,Jan,2026,173.58,Tamil Nadu,Chennai,TANGEDCO,Domestic,3.5,5.0,7.0,9.0,80.0,10.0,875.54
32672,Aug,2025,142.02,Delhi,Delhi,BSES Yamuna,Domestic,3.0,4.5,6.5,8.0,50.0,5.0,570.04
30124,Aug,2024,172.13,Tamil Nadu,Chennai,TANGEDCO,Domestic,3.5,5.0,7.0,9.0,80.0,10.0,854.35
26589,Jul,2023,261.51,Delhi,Delhi,BSES Yamuna,Commercial,6.5,8.0,9.5,11.0,180.0,5.0,2209.94
28617,Aug,2025,159.33,Tamil Nadu,Chennai,TANGEDCO,Commercial,7.5,8.5,9.8,11.2,210.0,10.0,1623.18
26305,Mar,2025,357.86,Tamil Nadu,Chennai,TANGEDCO,Domestic,3.5,5.0,7.0,9.0,80.0,10.0,1980.73
27346,Nov,2025,293.51,Delhi,Delhi,BSES Yamuna,Domestic,3.0,4.5,6.5,8.0,50.0,5.0,1260.71
32917,Feb,2023,165.34,Karnataka,Bangalore,BESCOM,Domestic,4.5,6.5,7.7,8.5,100.0,9.0,1071.68
27876,Jul,2023,602.05,Maharashtra,Mumbai,MSEDCL,Domestic,5.5,8.2,10.5,12.0,125.0,16.0,6542.69
29087,Aug,2023,886.63,Karnataka,Bangalore,BESCOM,Commercial,8.0,9.0,10.0,11.0,220.0,9.0,9849.92
26634,Jan,2024,158.66,Delhi,Delhi,BSES Yamuna,Commercial,6.5,8.0,9.5,11.0,180.0,5.0,1371.35
34663,Dec,2025,235.69,Karnataka,Bangalore,BESCOM,Commercial,8.0,9.0,10.0,11.0,220.0,9.0,2419.35
20598,Oct,2026,225.83,Maharashtra,Mumbai,MSEDCL,Domestic,5.5,8.2,10.5,12.0,125.0,16.0,1945.51
23063,Sep,2026,58.29,West Bengal,Kolkata,CESC,Domestic,5.1,6.8,7.9,9.2,110.0,12.0,447.67
22337,Nov,2025,208.77,West Bengal,Kolkata,CESC,Domestic,5.1,6.8,7.9,9.2,110.0,12.0,1546.79
32881,Apr,2026,151.28,Delhi,Delhi,BSES Yamuna,Domestic,3.0,4.5,6.5,8.0,50.0,5.0,608.06
29880,Dec,2024,74.63,Delhi,Delhi,BSES Yamuna,Domestic,3.0,4.5,6.5,8.0,50.0,5.0,287.13
20573,Apr,2024,754.81,Maharashtra,Mumbai,MSEDCL,Commercial,9.5,11.0,12.5,14.0,300.0,16.0,10876.26
27522,Mar,2023,981.32,Tamil Nadu,Chennai,TANGEDCO,Commercial,7.5,8.5,9.8,11.2,210.0,10.0,11018.81
26172,Jun,2023,674.91,Karnataka,Bangalore,BESCOM,Commercial,8.0,9.0,10.0,11.0,220.0,9.0,7472.45
27098,Jan,2023,148.59,Delhi,Delhi,BSES Yamuna,Commercial,6.5,8.0,9.5,11.0,180.0,5.0,1285.17
22091,Jun,2023,107.26,Tamil Nadu,Chennai,TANGEDCO,Domestic,3.5,5.0,7.0,9.0,80.0,10.0,514.14
33993,Feb,2023,190.66,Tamil Nadu,Chennai,TANGEDCO,Domestic,3.5,5.0,7.0,9.0,80.0,10.0,952.26
26567,Sep,2026,487.53,Tamil Nadu,Chennai,TANGEDCO,Domestic,3.5,5.0,7.0,9.0,80.0,10.0,2993.28
31862,Feb,2026,704.68,Delhi,Delhi,BSES Yamuna,Domestic,3.0,4.5,6.5,8.0,50.0,5.0,4361.31
32465,Jul,2023,116.35,West Bengal,Kolkata,CESC,Domestic,5.1,6.8,7.9,9.2,110.0,12.0,832.54
24625,Dec,2024,628.3,Delhi,Delhi,BSES Yamuna,Domestic,3.0,4.5,6.5,8.0,50.0,5.0,3771.55
21634,Jan,2026,39.87,Delhi,Delhi,BSES Yamuna,Domestic,3.0,4.5,6.5,8.0,50.0,5.0,180.1
33254,Dec,2024,211.73,Tamil Nadu,Chennai,TANGEDCO,Domestic,3.5,5.0,7.0,9.0,80.0,10.0,1072.7
21518,Jul,2024,45.01,Tamil Nadu,Chennai,TANGEDCO,Domestic,3.5,5.0,7.0,9.0,80.0,10.0,261.11
32486,May,2025,936.88,Delhi,Delhi,BSES Yamuna,Domestic,3.0,4.5,6.5,8.0,50.0,5.0,6309.14
30850,Aug,2025,140.69,Tamil Nadu,Chennai,TANGEDCO,Domestic,3.5,5.0,7.0,9.0,80.0,10.0,686.37
23649,Apr,2023,199.19,Tamil Nadu,Chennai,TANGEDCO,Domestic,3.5,5.0,7.0,9.0,80.0,10.0,1022.33
33141,Dec,2024,283.92,West Bengal,Kolkata,CESC,Domestic,5.1,6.8,7.9,9.2,110.0,12.0,2060.82
31781,Oct,2026,1580.66,West Bengal,Kolkata,CESC,Commercial,8.5,9.5,10.2,11.5,250.0,12.0,19526.26
21538,Jul,2025,32.54,Tamil Nadu,Chennai,TANGEDCO,Domestic,3.5,5.0,7.0,9.0,80.0,10.0,211.56
34358,Jun,2025,279.48,Delhi,Delhi,BSES Yamuna,Domestic,3.0,4.5,6.5,8.0,50.0,5.0,1193.3
33369,May,2024,52.44,Karnataka,Bangalore,BESCOM,Domestic,4.5,6.5,7.7,8.5,100.0,9.0,367.47
23138,Apr,2025,678.57,West Bengal,Kolkata,CESC,Commercial,8.5,9.5,10.2,11.5,250.0,12.0,8016.35
26986,Jul,2025,316.52,Karnataka,Bangalore,BESCOM,Domestic,4.5,6.5,7.7,8.5,100.0,9.0,2140.68
20098,Dec,2026,527.6,Tamil Nadu,Chennai,TANGEDCO,Commercial,7.5,8.5,9.8,11.2,210.0,10.0,5487.31
31408,May,2024,366.49,West Bengal,Kolkata,CESC,Commercial,8.5,9.5,10.2,11.5,250.0,12.0,4201.56
34192,May,2025,283.7,Delhi,Delhi,BSES Yamuna,Commercial,6.5,8.0,9.5,11.0,180.0,5.0,2451.57
32723,Jan,2024,186.82,Delhi,Delhi,BSES Yamuna,Domestic,3.0,4.5,6.5,8.0,50.0,5.0,764.87
32925,Feb,2025,49.07,Tamil Nadu,Chennai,TANGEDCO,Domestic,3.5,5.0,7.0,9.0,80.0,10.0,279.99
23751,May,2026,217.49,Tamil Nadu,Chennai,TANGEDCO,Domestic,3.5,5.0,7.0,9.0,80.0,10.0,1120.19
31350,Mar,2024,391.89,West Bengal,Kolkata,CESC,Domestic,5.1,6.8,7.9,9.2,110.0,12.0,3068.05
32876,Feb,2025,570.46,Tamil Nadu,Chennai,TANGEDCO,Domestic,3.5,5.0,7.0,9.0,80.0,10.0,3825.17
28536,Apr,2026,437.0,Maharashtra,Mumbai,MSEDCL,Commercial,9.5,11.0,12.5,14.0,300.0,16.0,5978.69
28175,Apr,2025,732.28,Tamil Nadu,Chennai,TANGEDCO,Commercial,7.5,8.5,9.8,11.2,210.0,10.0,7926.49
28104,Apr,2024,69.28,West Bengal,Kolkata,CESC,Domestic,5.1,6.8,7.9,9.2,110.0,12.0,510.16
25414,Apr,2025,39.95,Tamil Nadu,Chennai,TANGEDCO,Domestic,3.5,5.0,7.0,9.0,80.0,10.0,243.71
34268,Mar,2024,1128.96,Maharashtra,Mumbai,MSEDCL,Commercial,9.5,11.0,12.5,14.0,300.0,16.0,17362.25
24667,Dec,2024,96.61,West Bengal,Kolkata,CESC,Domestic,5.1,6.8,7.9,9.2,110.0,12.0,681.35
20611,Jul,2025,686.0,Karnataka,Bangalore,BESCOM,Domestic,4.5,6.5,7.7,8.5,100.0,9.0,5403.72
21728,Sep,2026,239.02,West Bengal,Kolkata,CESC,Domestic,5.1,6.8,7.9,9.2,110.0,12.0,1767.34
30483,Dec,2023,1951.34,Tamil Nadu,Chennai,TANGEDCO,Commercial,7.5,8.5,9.8,11.2,210.0,10.0,23231.2
21855,May,2026,829.61,Tamil Nadu,Chennai,TANGEDCO,Domestic,3.5,5.0,7.0,9.0,80.0,10.0,6436.56
30801,Apr,2026,1103.0,Maharashtra,Mumbai,MSEDCL,Commercial,9.5,11.0,12.5,14.0,300.0,16.0,17001.01
25056,Nov,2025,223.17,Tamil Nadu,Chennai,TANGEDCO,Domestic,3.5,5.0,7.0,9.0,80.0,10.0,1160.93
30272,Feb,2026,224.12,Tamil Nadu,Chennai,TANGEDCO,Domestic,3.5,5.0,7.0,9.0,80.0,10.0,1133.44
34727,Feb,2026,87.42,Delhi,Delhi,BSES Yamuna,Domestic,3.0,4.5,6.5,8.0,50.0,5.0,332.97
22325,May,2023,67.02,Karnataka,Bangalore,BESCOM,Domestic,4.5,6.5,7.7,8.5,100.0,9.0,444.0
32820,Jul,2026,328.32,Maharashtra,Mumbai,MSEDCL,Domestic,5.5,8.2,10.5,12.0,125.0,16.0,3083.76
29370,Oct,2023,103.03,Tamil Nadu,Chennai,TANGEDCO,Domestic,3.5,5.0,7.0,9.0,80.0,10.0,486.04
34719,Oct,2025,227.42,Maharashtra,Mumbai,MSEDCL,Commercial,9.5,11.0,12.5,14.0,300.0,16.0,3096.65
29284,Sep,2023,136.51,Maharashtra,Mumbai,MSEDCL,Domestic,5.5,8.2,10.5,12.0,125.0,16.0,1123.23
34190,Jul,2024,253.77,Karnataka,Bangalore,BESCOM,Commercial,8.0,9.0,10.0,11.0,220.0,9.0,2609.78
33172,May,2024,249.43,Maharashtra,Mumbai,MSEDCL,Commercial,9.5,11.0,12.5,14.0,300.0,16.0,3342.14
34550,Oct,2023,248.89,Delhi,Delhi,BSES Yamuna,Commercial,6.5,8.0,9.5,11.0,180.0,5.0,2103.22
25775,Oct,2024,1937.0,Tamil Nadu,Chennai,TANGEDCO,Commercial,7.5,8.5,9.8,11.2,210.0,10.0,22918.59
26520,Oct,2025,177.63,West Bengal,Kolkata,CESC,Domestic,5.1,6.8,7.9,9.2,110.0,12.0,1297.24
30984,Jun,2024,83.05,Maharashtra,Mumbai,MSEDCL,Domestic,5.5,8.2,10.5,12.0,125.0,16.0,671.8
34549,Nov,2023,366.47,Maharashtra,Mumbai,MSEDCL,Commercial,9.5,11.0,12.5,14.0,300.0,16.0,4935.77
34415,Dec,2025,876.96,West Bengal,Kolkata,CESC,Commercial,8.5,9.5,10.2,11.5,250.0,12.0,10532.84
21750,Mar,2024,1406.49,Karnataka,Bangalore,BESCOM,Commercial,8.0,9.0,10.0,11.0,220.0,9.0,16061.3
30868,May,2025,373.67,Karnataka,Bangalore,BESCOM,Domestic,4.5,6.5,7.7,8.5,100.0,9.0,2649.32
34940,Aug,2023,251.28,Delhi,Delhi,BSES Yamuna,Domestic,3.0,4.5,6.5,8.0,50.0,5.0,1099.54
20782,Jan,2024,52.62,Tamil Nadu,Chennai,TANGEDCO,Domestic,3.5,5.0,7.0,9.0,80.0,10.0,291.32
27549,Dec,2025,142.37,Maharashtra,Mumbai,MSEDCL,Domestic,5.5,8.2,10.5,12.0,125.0,16.0,1191.25
31241,Jan,2025,35.89,Maharashtra,Mumbai,MSEDCL,Domestic,5.5,8.2,10.5,12.0,125.0,16.0,377.47
26824,Jul,2024,209.7,Karnataka,Bangalore,BESCOM,Domestic,4.5,6.5,7.7,8.5,100.0,9.0,1358.03
22106,May,2025,281.83,Tamil Nadu,Chennai,TANGEDCO,Domestic,3.5,5.0,7.0,9.0,80.0,10.0,1446.57
23868,May,2025,62.09,West Bengal,Kolkata,CESC,Domestic,5.1,6.8,7.9,9.2,110.0,12.0,476.58
27194,Jan,2023,357.56,Tamil Nadu,Chennai,TANGEDCO,Domestic,3.5,5.0,7.0,9.0,80.0,10.0,2015.12
24977,Sep,2023,394.88,Tamil Nadu,Chennai,TANGEDCO,Commercial,7.5,8.5,9.8,11.2,210.0,10.0,3880.82
32735,Jan,2023,681.18,Maharashtra,Mumbai,MSEDCL,Commercial,9.5,11.0,12.5,14.0,300.0,16.0,9671.95
22114,May,2023,136.89,Karnataka,Bangalore,BESCOM,Domestic,4.5,6.5,7.7,8.5,100.0,9.0,855.14
25880,Oct,2023,317.56,West Bengal,Kolkata,CESC,Domestic,5.1,6.8,7.9,9.2,110.0,12.0,2354.03
33566,Sep,2023,400.45,Karnataka,Bangalore,BESCOM,Commercial,8.0,9.0,10.0,11.0,220.0,9.0,4214.57
23971,Apr,2024,290.05,Delhi,Delhi,BSES Yamuna,Domestic,3.0,4.5,6.5,8.0,50.0,5.0,1268.08
30184,Aug,2023,205.07,Maharashtra,Mumbai,MSEDCL,Domestic,5.5,8.2,10.5,12.0,125.0,16.0,1781.28
29260,Jun,2025,749.95,Delhi,Delhi,BSES Yamuna,Domestic,3.0,4.5,6.5,8.0,50.0,5.0,4801.8
27265,Nov,2024,53.94,Delhi,Delhi,BSES Yamuna,Domestic,3.0,4.5,6.5,8.0,50.0,5.0,219.35
21578,Mar,2025,78.32,Karnataka,Bangalore,BESCOM,Domestic,4.5,6.5,7.7,8.5,100.0,9.0,485.15
29204,Apr,2023,93.55,West Bengal,Kolkata,CESC,Domestic,5.1,6.8,7.9,9.2,110.0,12.0,667.17
22275,Feb,2023,251.8,Maharashtra,Mumbai,MSEDCL,Domestic,5.5,8.2,10.5,12.0,125.0,16.0,2226.01
24870,Jan,2025,368.8,Karnataka,Bangalore,BESCOM,Domestic,4.5,6.5,7.7,8.5,100.0,9.0,2569.44
30007,Aug,2025,237.8,Karnataka,Bangalore,BESCOM,Domestic,4.5,6.5,7.7,8.5,100.0,9.0,1551.61
26745,Jan,2025,182.34,Delhi,Delhi,BSES Yamuna,Domestic,3.0,4.5,6.5,8.0,50.0,5.0,764.12
22427,Nov,2026,63.08,West Bengal,Kolkata,CESC,Domestic,5.1,6.8,7.9,9.2,110.0,12.0,481.79
33490,Jan,2026,30.45,Karnataka,Bangalore,BESCOM,Domestic,4.5,6.5,7.7,8.5,100.0,9.0,253.69
25547,Apr,2026,42.36,Karnataka,Bangalore,BESCOM,Domestic,4.5,6.5,7.7,8.5,100.0,9.0,318.94
26853,Oct,2026,104.11,Karnataka,Bangalore,BESCOM,Domestic,4.5,6.5,7.7,8.5,100.0,9.0,630.84
32595,Dec,2024,329.0,Delhi,Delhi,BSES Yamuna,Domestic,3.0,4.5,6.5,8.0,50.0,5.0,1519.4
33067,Oct,2023,250.51,West Bengal,Kolkata,CESC,Domestic,5.1,6.8,7.9,9.2,110.0,12.0,1821.3
22552,Jun,2025,42.09,Karnataka,Bangalore,BESCOM,Domestic,4.5,6.5,7.7,8.5,100.0,9.0,318.65
26412,Sep,2023,343.9,Tamil Nadu,Chennai,TANGEDCO,Domestic,3.5,5.0,7.0,9.0,80.0,10.0,1894.76
31850,Jan,2025,470.12,Karnataka,Bangalore,BESCOM,Domestic,4.5,6.5,7.7,8.5,100.0,9.0,3388.63
20008,Jul,2023,69.52,Tamil Nadu,Chennai,TANGEDCO,Domestic,3.5,5.0,7.0,9.0,80.0,10.0,358.14
28088,Oct,2024,67.93,Tamil Nadu,Chennai,TANGEDCO,Domestic,3.5,5.0,7.0,9.0,80.0,10.0,343.46
22556,Nov,2026,82.72,Tamil Nadu,Chennai,TANGEDCO,Domestic,3.5,5.0,7.0,9.0,80.0,10.0,402.77
20476,May,2023,797.33,Karnataka,Bangalore,BESCOM,Domestic,4.5,6.5,7.7,8.5,100.0,9.0,6505.91
25417,Dec,2025,327.1,Tamil Nadu,Chennai,TANGEDCO,Domestic,3.5,5.0,7.0,9.0,80.0,10.0,1802.73
30404,Aug,2023,402.19,Delhi,Delhi,BSES Yamuna,Domestic,3.0,4.5,6.5,8.0,50.0,5.0,2028.38
28677,Jul,2024,262.58,Tamil Nadu,Chennai,TANGEDCO,Commercial,7.5,8.5,9.8,11.2,210.0,10.0,2590.57
27240,Apr,2024,208.17,Tamil Nadu,Chennai,TANGEDCO,Domestic,3.5,5.0,7.0,9.0,80.0,10.0,1061.4
26711,Apr,2023,267.09,Delhi,Delhi,BSES Yamuna,Domestic,3.0,4.5,6.5,8.0,50.0,5.0,1146.29
25001,Jun,2026,100.79,Delhi,Delhi,BSES Yamuna,Domestic,3.0,4.5,6.5,8.0,50.0,5.0,372.05
24655,Jun,2025,560.96,West Bengal,Kolkata,CESC,Domestic,5.1,6.8,7.9,9.2,110.0,12.0,4655.42
28079,Sep,2024,891.75,Maharashtra,Mumbai,MSEDCL,Commercial,9.5,11.0,12.5,14.0,300.0,16.0,13487.31
26064,Dec,2024,52.19,Tamil Nadu,Chennai,TANGEDCO,Domestic,3.5,5.0,7.0,9.0,80.0,10.0,288.13
22286,May,2023,155.61,Tamil Nadu,Chennai,TANGEDCO,Domestic,3.5,5.0,7.0,9.0,80.0,10.0,779.81
25224,Aug,2024,35.6,West Bengal,Kolkata,CESC,Domestic,5.1,6.8,7.9,9.2,110.0,12.0,324.1
33522,May,2024,587.52,Maharashtra,Mumbai,MSEDCL,Domestic,5.5,8.2,10.5,12.0,125.0,16.0,6461.98
34890,Feb,2025,34.09,Delhi,Delhi,BSES Yamuna,Domestic,3.0,4.5,6.5,8.0,50.0,5.0,161.3
26972,Jun,2026,247.73,Karnataka,Bangalore,BESCOM,Domestic,4.5,6.5,7.7,8.5,100.0,9.0,1620.08
32756,Sep,2025,123.42,Tamil Nadu,Chennai,TANGEDCO,Commercial,7.5,8.5,9.8,11.2,210.0,10.0,1256.49
23526,Mar,2026,493.87,Tamil Nadu,Chennai,TANGEDCO,Domestic,3.5,5.0,7.0,9.0,80.0,10.0,3103.29
31532,Jan,2025,118.65,Tamil Nadu,Chennai,TANGEDCO,Domestic,3.5,5.0,7.0,9.0,80.0,10.0,573.76
34722,Jan,2023,611.73,West Bengal,Kolkata,CESC,Domestic,5.1,6.8,7.9,9.2,110.0,12.0,5240.73
22823,Mar,2024,135.57,Tamil Nadu,Chennai,TANGEDCO,Domestic,3.5,5.0,7.0,9.0,80.0,10.0,661.96
24944,Oct,2026,358.39,Tamil Nadu,Chennai,TANGEDCO,Domestic,3.5,5.0,7.0,9.0,80.0,10.0,2025.35
26531,May,2023,243.73,Tamil Nadu,Chennai,TANGEDCO,Domestic,3.5,5.0,7.0,9.0,80.0,10.0,1241.05
31117,Mar,2024,603.32,Tamil Nadu,Chennai,TANGEDCO,Domestic,3.5,5.0,7.0,9.0,80.0,10.0,4097.26
20259,Sep,2024,356.81,Karnataka,Bangalore,BESCOM,Domestic,4.5,6.5,7.7,8.5,100.0,9.0,2516.33
20283,Aug,2024,978.21,Karnataka,Bangalore,BESCOM,Commercial,8.0,9.0,10.0,11.0,220.0,9.0,10825.94
33938,Mar,2025,72.02,West Bengal,Kolkata,CESC,Domestic,5.1,6.8,7.9,9.2,110.0,12.0,542.41
21899,Sep,2023,51.0,Tamil Nadu,Chennai,TANGEDCO,Domestic,3.5,5.0,7.0,9.0,80.0,10.0,283.58
24136,Jun,2023,148.68,Maharashtra,Mumbai,MSEDCL,Domestic,5.5,8.2,10.5,12.0,125.0,16.0,1229.03
26630,Jul,2024,394.73,Tamil Nadu,Chennai,TANGEDCO,Domestic,3.5,5.0,7.0,9.0,80.0,10.0,2346.58
31169,Apr,2026,493.56,Tamil Nadu,Chennai,TANGEDCO,Domestic,3.5,5.0,7.0,9.0,80.0,10.0,3018.73
30460,Apr,2023,132.86,West Bengal,Kolkata,CESC,Domestic,5.1,6.8,7.9,9.2,110.0,12.0,935.5
23201,Dec,2025,238.02,Tamil Nadu,Chennai,TANGEDCO,Domestic,3.5,5.0,7.0,9.0,80.0,10.0,1252.0
25111,Feb,2026,49.32,Delhi,Delhi,BSES Yamuna,Domestic,3.0,4.5,6.5,8.0,50.0,5.0,206.73
27168,May,2026,215.46,Karnataka,Bangalore,BESCOM,Commercial,8.0,9.0,10.0,11.0,220.0,9.0,2208.58
20613,Aug,2026,149.53,Karnataka,Bangalore,BESCOM,Domestic,4.5,6.5,7.7,8.5,100.0,9.0,962.94
34204,Jul,2026,64.85,Maharashtra,Mumbai,MSEDCL,Domestic,5.5,8.2,10.5,12.0,125.0,16.0,556.6
20688,Jul,2023,190.24,Delhi,Delhi,BSES Yamuna,Domestic,3.0,4.5,6.5,8.0,50.0,5.0,806.99
23691,Jun,2024,421.62,Tamil Nadu,Chennai,TANGEDCO,Commercial,7.5,8.5,9.8,11.2,210.0,10.0,4153.97
28805,Mar,2026,40.23,Karnataka,Bangalore,BESCOM,Domestic,4.5,6.5,7.7,8.5,100.0,9.0,311.24
22308,May,2025,180.84,Karnataka,Bangalore,BESCOM,Domestic,4.5,6.5,7.7,8.5,100.0,9.0,1166.96
27134,Jan,2025,846.6,Karnataka,Bangalore,BESCOM,Commercial,8.0,9.0,10.0,11.0,220.0,9.0,9300.51
31206,Jul,2024,262.46,Delhi,Delhi,BSES Yamuna,Domestic,3.0,4.5,6.5,8.0,50.0,5.0,1129.25
26510,Sep,2023,295.69,Maharashtra,Mumbai,MSEDCL,Domestic,5.5,8.2,10.5,12.0,125.0,16.0,2631.57
29974,Jan,2024,143.1,Delhi,Delhi,BSES Yamuna,Domestic,3.0,4.5,6.5,8.0,50.0,5.0,560.64
25907,Feb,2026,366.51,Delhi,Delhi,BSES Yamuna,Domestic,3.0,4.5,6.5,8.0,50.0,5.0,1766.79
22592,Mar,2023,589.51,West Bengal,Kolkata,CESC,Commercial,8.5,9.5,10.2,11.5,250.0,12.0,6876.54
30889,Mar,2023,2800.0,Tamil Nadu,Chennai,TANGEDCO,Commercial,7.5,8.5,9.8,11.2,210.0,10.0,34013.55
33836,Aug,2026,1476.54,Delhi,Delhi,BSES Yamuna,Commercial,6.5,8.0,9.5,11.0,180.0,5.0,15939.83
34219,Jul,2025,644.44,West Bengal,Kolkata,CESC,Commercial,8.5,9.5,10.2,11.5,250.0,12.0,7607.82
32151,Jun,2026,194.35,Delhi,Delhi,BSES Yamuna,Domestic,3.0,4.5,6.5,8.0,50.0,5.0,802.94
27184,Oct,2024,167.57,West Bengal,Kolkata,CESC,Commercial,8.5,9.5,10.2,11.5,250.0,12.0,1961.49
25249,Oct,2026,725.67,West Bengal,Kolkata,CESC,Domestic,5.1,6.8,7.9,9.2,110.0,12.0,6346.87
28767,Nov,2025,265.68,Maharashtra,Mumbai,MSEDCL,Domestic,5.5,8.2,10.5,12.0,125.0,16.0,2343.79
30103,Apr,2026,728.57,Karnataka,Bangalore,BESCOM,Domestic,4.5,6.5,7.7,8.5,100.0,9.0,5869.84
25109,Sep,2024,50.32,Maharashtra,Mumbai,MSEDCL,Domestic,5.5,8.2,10.5,12.0,125.0,16.0,471.7
23605,Jan,2024,393.42,Maharashtra,Mumbai,MSEDCL,Commercial,9.5,11.0,12.5,14.0,300.0,16.0,5389.29
20670,Nov,2025,117.57,Maharashtra,Mumbai,MSEDCL,Domestic,5.5,8.2,10.5,12.0,125.0,16.0,968.69
24365,Feb,2024,78.71,Delhi,Delhi,BSES Yamuna,Domestic,3.0,4.5,6.5,8.0,50.0,5.0,300.24
27330,Apr,2024,309.95,Karnataka,Bangalore,BESCOM,Domestic,4.5,6.5,7.7,8.5,100.0,9.0,2080.79
21284,Mar,2026,1104.96,Maharashtra,Mumbai,MSEDCL,Commercial,9.5,11.0,12.5,14.0,300.0,16.0,16629.37
20924,Jan,2023,635.69,West Bengal,Kolkata,CESC,Domestic,5.1,6.8,7.9,9.2,110.0,12.0,5328.3
21126,May,2024,99.46,Karnataka,Bangalore,BESCOM,Domestic,4.5,6.5,7.7,8.5,100.0,9.0,601.81
21530,Jul,2024,70.85,Maharashtra,Mumbai,MSEDCL,Domestic,5.5,8.2,10.5,12.0,125.0,16.0,599.34
34047,Feb,2025,246.24,Karnataka,Bangalore,BESCOM,Domestic,4.5,6.5,7.7,8.5,100.0,9.0,1604.48
29787,May,2025,195.8,Maharashtra,Mumbai,MSEDCL,Domestic,5.5,8.2,10.5,12.0,125.0,16.0,1684.44
28439,Jun,2026,158.28,Karnataka,Bangalore,BESCOM,Domestic,4.5,6.5,7.7,8.5,100.0,9.0,1021.73
23712,Nov,2026,181.86,West Bengal,Kolkata,CESC,Commercial,8.5,9.5,10.2,11.5,250.0,12.0,2118.11
28005,Jul,2024,347.32,Tamil Nadu,Chennai,TANGEDCO,Domestic,3.5,5.0,7.0,9.0,80.0,10.0,1929.78
29753,Jan,2023,718.73,Tamil Nadu,Chennai,TANGEDCO,Domestic,3.5,5.0,7.0,9.0,80.0,10.0,5260.44
26275,Jul,2023,92.28,Maharashtra,Mumbai,MSEDCL,Domestic,5.5,8.2,10.5,12.0,125.0,16.0,723.55
30593,Apr,2026,144.6,Tamil Nadu,Chennai,TANGEDCO,Domestic,3.5,5.0,7.0,9.0,80.0,10.0,709.02
30436,Aug,2025,72.75,West Bengal,Kolkata,CESC,Domestic,5.1,6.8,7.9,9.2,110.0,12.0,537.12
23865,Apr,2024,160.65,Maharashtra,Mumbai,MSEDCL,Domestic,5.5,8.2,10.5,12.0,125.0,16.0,1340.42
30132,Jun,2024,611.26,Maharashtra,Mumbai,MSEDCL,Domestic,5.5,8.2,10.5,12.0,125.0,16.0,6774.05
33218,Sep,2023,255.85,Maharashtra,Mumbai,MSEDCL,Commercial,9.5,11.0,12.5,14.0,300.0,16.0,3418.91
27834,May,2026,847.5,Delhi,Delhi,BSES Yamuna,Domestic,3.0,4.5,6.5,8.0,50.0,5.0,5534.54
31262,Dec,2023,181.53,Delhi,Delhi,BSES Yamuna,Domestic,3.0,4.5,6.5,8.0,50.0,5.0,741.77
26789,Apr,2023,146.32,Tamil Nadu,Chennai,TANGEDCO,Domestic,3.5,5.0,7.0,9.0,80.0,10.0,731.22
20227,Aug,2026,217.04,Delhi,Delhi,BSES Yamuna,Domestic,3.0,4.5,6.5,8.0,50.0,5.0,909.09
31740,Sep,2025,38.56,Delhi,Delhi,BSES Yamuna,Domestic,3.0,4.5,6.5,8.0,50.0,5.0,173.99
20265,Apr,2024,42.99,Delhi,Delhi,BSES Yamuna,Domestic,3.0,4.5,6.5,8.0,50.0,5.0,187.05
29588,Mar,2025,285.83,West Bengal,Kolkata,CESC,Commercial,8.5,9.5,10.2,11.5,250.0,12.0,3235.67
31750,Aug,2026,950.0,Karnataka,Bangalore,BESCOM,Domestic,4.5,6.5,7.7,8.5,100.0,9.0,7944.95
33746,May,2026,390.18,Karnataka,Bangalore,BESCOM,Domestic,4.5,6.5,7.7,8.5,100.0,9.0,2763.34
20646,Feb,2024,1475.89,Maharashtra,Mumbai,MSEDCL,Commercial,9.5,11.0,12.5,14.0,300.0,16.0,22681.3
34547,Oct,2025,294.39,Maharashtra,Mumbai,MSEDCL,Domestic,5.5,8.2,10.5,12.0,125.0,16.0,2632.24
27545,Sep,2024,166.45,West Bengal,Kolkata,CESC,Domestic,5.1,6.8,7.9,9.2,110.0,12.0,1182.62
33707,Mar,2023,51.15,Delhi,Delhi,BSES Yamuna,Domestic,3.0,4.5,6.5,8.0,50.0,5.0,212.18
25570,Dec,2023,153.97,West Bengal,Kolkata,CESC,Domestic,5.1,6.8,7.9,9.2,110.0,12.0,1098.32
22991,Feb,2023,151.66,Karnataka,Bangalore,BESCOM,Domestic,4.5,6.5,7.7,8.5,100.0,9.0,966.1
33676,Jan,2025,239.62,West Bengal,Kolkata,CESC,Domestic,5.1,6.8,7.9,9.2,110.0,12.0,1742.1
30092,Aug,2023,281.17,Karnataka,Bangalore,BESCOM,Commercial,8.0,9.0,10.0,11.0,220.0,9.0,2859.72
22505,Nov,2024,206.02,Tamil Nadu,Chennai,TANGEDCO,Domestic,3.5,5.0,7.0,9.0,80.0,10.0,1042.5
30965,Mar,2025,174.53,Tamil Nadu,Chennai,TANGEDCO,Domestic,3.5,5.0,7.0,9.0,80.0,10.0,897.37
33538,Jul,2024,42.76,Delhi,Delhi,BSES Yamuna,Domestic,3.0,4.5,6.5,8.0,50.0,5.0,189.55
33270,Jan,2026,531.9,West Bengal,Kolkata,CESC,Domestic,5.1,6.8,7.9,9.2,110.0,12.0,4301.82
29347,Jan,2025,195.98,Tamil Nadu,Chennai,TANGEDCO,Domestic,3.5,5.0,7.0,9.0,80.0,10.0,1009.24
20588,Dec,2024,584.2,Karnataka,Bangalore,BESCOM,Domestic,4.5,6.5,7.7,8.5,100.0,9.0,4387.55
32764,Sep,2024,105.53,Delhi,Delhi,BSES Yamuna,Domestic,3.0,4.5,6.5,8.0,50.0,5.0,390.46
30014,Dec,2025,49.55,Tamil Nadu,Chennai,TANGEDCO,Domestic,3.5,5.0,7.0,9.0,80.0,10.0,276.57
29178,Aug,2026,70.95,West Bengal,Kolkata,CESC,Domestic,5.1,6.8,7.9,9.2,110.0,12.0,527.76
24080,Dec,2025,621.7,Karnataka,Bangalore,BESCOM,Commercial,8.0,9.0,10.0,11.0,220.0,9.0,6678.55
23349,Mar,2023,225.26,West Bengal,Kolkata,CESC,Commercial,8.5,9.5,10.2,11.5,250.0,12.0,2541.71
26300,Jun,2023,737.55,Karnataka,Bangalore,BESCOM,Domestic,4.5,6.5,7.7,8.5,100.0,9.0,5859.45
23832,Nov,2026,876.69,West Bengal,Kolkata,CESC,Commercial,8.5,9.5,10.2,11.5,250.0,12.0,10328.81
29434,Mar,2024,950.0,Tamil Nadu,Chennai,TANGEDCO,Domestic,3.5,5.0,7.0,9.0,80.0,10.0,7661.66
28382,Dec,2024,237.51,Tamil Nadu,Chennai,TANGEDCO,Commercial,7.5,8.5,9.8,11.2,210.0,10.0,2311.09
33729,Apr,2024,462.42,Delhi,Delhi,BSES Yamuna,Domestic,3.0,4.5,6.5,8.0,50.0,5.0,2391.46
29173,Jan,2025,950.0,West Bengal,Kolkata,CESC,Domestic,5.1,6.8,7.9,9.2,110.0,12.0,8597.04
29891,May,2025,646.09,Karnataka,Bangalore,BESCOM,Commercial,8.0,9.0,10.0,11.0,220.0,9.0,7139.66
21716,Jan,2026,323.28,Delhi,Delhi,BSES Yamuna,Domestic,3.0,4.5,6.5,8.0,50.0,5.0,1451.31
30786,Jan,2023,535.9,Delhi,Delhi,BSES Yamuna,Commercial,6.5,8.0,9.5,11.0,180.0,5.0,5000.32
32329,Oct,2024,204.12,West Bengal,Kolkata,CESC,Commercial,8.5,9.5,10.2,11.5,250.0,12.0,2371.89
26451,Nov,2023,454.62,Karnataka,Bangalore,BESCOM,Commercial,8.0,9.0,10.0,11.0,220.0,9.0,4756.21
33231,Nov,2025,327.04,West Bengal,Kolkata,CESC,Domestic,5.1,6.8,7.9,9.2,110.0,12.0,2480.22
32626,Jul,2025,75.03,Karnataka,Bangalore,BESCOM,Domestic,4.5,6.5,7.7,8.5,100.0,9.0,475.96
25434,Dec,2025,122.54,West Bengal,Kolkata,CESC,Domestic,5.1,6.8,7.9,9.2,110.0,12.0,881.9
21099,Jun,2023,481.27,West Bengal,Kolkata,CESC,Commercial,8.5,9.5,10.2,11.5,250.0,12.0,5507.03
27097,Feb,2026,217.01,Karnataka,Bangalore,BESCOM,Domestic,4.5,6.5,7.7,8.5,100.0,9.0,1437.99
22327,Nov,2026,210.02,West Bengal,Kolkata,CESC,Domestic,5.1,6.8,7.9,9.2,110.0,12.0,1519.03
31440,Dec,2025,260.53,Maharashtra,Mumbai,MSEDCL,Domestic,5.5,8.2,10.5,12.0,125.0,16.0,2276.97
29088,Feb,2024,238.8,Tamil Nadu,Chennai,TANGEDCO,Domestic,3.5,5.0,7.0,9.0,80.0,10.0,1251.74
26417,Nov,2023,656.82,Karnataka,Bangalore,BESCOM,Domestic,4.5,6.5,7.7,8.5,100.0,9.0,5141.03
26981,Jul,2025,156.01,West Bengal,Kolkata,CESC,Domestic,5.1,6.8,7.9,9.2,110.0,12.0,1124.87
26764,Jan,2023,591.23,Karnataka,Bangalore,BESCOM,Commercial,8.0,9.0,10.0,11.0,220.0,9.0,6408.13
21675,Feb,2023,149.12,West Bengal,Kolkata,CESC,Domestic,5.1,6.8,7.9,9.2,110.0,12.0,1052.31
31102,Dec,2026,304.77,West Bengal,Kolkata,CESC,Commercial,8.5,9.5,10.2,11.5,250.0,12.0,3398.71
27951,Aug,2025,396.93,West Bengal,Kolkata,CESC,Domestic,5.1,6.8,7.9,9.2,110.0,12.0,3014.98
29123,Jun,2026,186.49,Karnataka,Bangalore,BESCOM,Domestic,4.5,6.5,7.7,8.5,100.0,9.0,1188.51
32577,Feb,2025,43.96,Maharashtra,Mumbai,MSEDCL,Domestic,5.5,8.2,10.5,12.0,125.0,16.0,433.44
28916,Jul,2023,133.74,Delhi,Delhi,BSES Yamuna,Domestic,3.0,4.5,6.5,8.0,50.0,5.0,536.03
31133,Apr,2026,173.49,Karnataka,Bangalore,BESCOM,Domestic,4.5,6.5,7.7,8.5,100.0,9.0,1131.93
34608,Feb,2023,2040.01,Tamil Nadu,Chennai,TANGEDCO,Commercial,7.5,8.5,9.8,11.2,210.0,10.0,23744.75
26050,Dec,2025,130.64,West Bengal,Kolkata,CESC,Domestic,5.1,6.8,7.9,9.2,110.0,12.0,910.39
21090,Jun,2024,393.9,Karnataka,Bangalore,BESCOM,Domestic,4.5,6.5,7.7,8.5,100.0,9.0,2761.29
24579,Nov,2026,177.25,Maharashtra,Mumbai,MSEDCL,Domestic,5.5,8.2,10.5,12.0,125.0,16.0,1546.44
29128,Sep,2026,233.09,Maharashtra,Mumbai,MSEDCL,Domestic,5.5,8.2,10.5,12.0,125.0,16.0,2021.38
30488,Nov,2023,57.45,Maharashtra,Mumbai,MSEDCL,Domestic,5.5,8.2,10.5,12.0,125.0,16.0,516.78
20156,Sep,2023,218.26,Karnataka,Bangalore,BESCOM,Domestic,4.5,6.5,7.7,8.5,100.0,9.0,1410.97
29263,Aug,2024,101.41,Delhi,Delhi,BSES Yamuna,Domestic,3.0,4.5,6.5,8.0,50.0,5.0,370.22
21959,Mar,2026,650.88,Maharashtra,Mumbai,MSEDCL,Commercial,9.5,11.0,12.5,14.0,300.0,16.0,9278.95
30694,Mar,2025,270.9,Tamil Nadu,Chennai,TANGEDCO,Domestic,3.5,5.0,7.0,9.0,80.0,10.0,1439.28
26345,Feb,2025,276.01,West Bengal,Kolkata,CESC,Domestic,5.1,6.8,7.9,9.2,110.0,12.0,2010.53
25780,May,2026,437.71,Tamil Nadu,Chennai,TANGEDCO,Domestic,3.5,5.0,7.0,9.0,80.0,10.0,2599.57
32412,Dec,2026,279.22,West Bengal,Kolkata,CESC,Commercial,8.5,9.5,10.2,11.5,250.0,12.0,3119.33
26145,Apr,2026,136.76,Delhi,Delhi,BSES Yamuna,Domestic,3.0,4.5,6.5,8.0,50.0,5.0,545.82
25064,Jul,2024,2139.42,West Bengal,Kolkata,CESC,Commercial,8.5,9.5,10.2,11.5,250.0,12.0,26543.62
23831,Apr,2025,277.99,Delhi,Delhi,BSES Yamuna,Domestic,3.0,4.5,6.5,8.0,50.0,5.0,1221.61
29047,Sep,2025,174.99,Karnataka,Bangalore,BESCOM,Domestic,4.5,6.5,7.7,8.5,100.0,9.0,1115.01
28832,Dec,2023,269.64,Tamil Nadu,Chennai,TANGEDCO,Domestic,3.5,5.0,7.0,9.0,80.0,10.0,1419.08
30431,Dec,2023,235.55,Karnataka,Bangalore,BESCOM,Commercial,8.0,9.0,10.0,11.0,220.0,9.0,2477.07
29795,Feb,2026,198.73,West Bengal,Kolkata,CESC,Domestic,5.1,6.8,7.9,9.2,110.0,12.0,1454.56
26660,Nov,2023,307.76,West Bengal,Kolkata,CESC,Commercial,8.5,9.5,10.2,11.5,250.0,12.0,3440.37
20442,Jun,2024,374.53,Maharashtra,Mumbai,MSEDCL,Domestic,5.5,8.2,10.5,12.0,125.0,16.0,3588.26
26041,Jul,2025,226.4,Delhi,Delhi,BSES Yamuna,Commercial,6.5,8.0,9.5,11.0,180.0,5.0,1914.04
34127,Apr,2025,368.01,Delhi,Delhi,BSES Yamuna,Domestic,3.0,4.5,6.5,8.0,50.0,5.0,1773.33
25926,Jun,2023,276.63,Delhi,Delhi,BSES Yamuna,Domestic,3.0,4.5,6.5,8.0,50.0,5.0,1198.05
34479,Jul,2026,48.6,Tamil Nadu,Chennai,TANGEDCO,Domestic,3.5,5.0,7.0,9.0,80.0,10.0,271.2
27359,Apr,2023,409.58,Karnataka,Bangalore,BESCOM,Domestic,4.5,6.5,7.7,8.5,100.0,9.0,2888.69
24629,Aug,2026,301.36,Karnataka,Bangalore,BESCOM,Domestic,4.5,6.5,7.7,8.5,100.0,9.0,2034.53
26371,Sep,2024,332.11,Delhi,Delhi,BSES Yamuna,Domestic,3.0,4.5,6.5,8.0,50.0,5.0,1534.28
29529,Jan,2025,254.44,West Bengal,Kolkata,CESC,Domestic,5.1,6.8,7.9,9.2,110.0,12.0,1838.09
31893,Jul,2024,41.51,Maharashtra,Mumbai,MSEDCL,Domestic,5.5,8.2,10.5,12.0,125.0,16.0,411.33
20949,Sep,2025,463.71,Tamil Nadu,Chennai,TANGEDCO,Domestic,3.5,5.0,7.0,9.0,80.0,10.0,2842.53
31566,Dec,2024,212.68,Maharashtra,Mumbai,MSEDCL,Domestic,5.5,8.2,10.5,12.0,125.0,16.0,1837.96
28180,Oct,2023,117.27,Maharashtra,Mumbai,MSEDCL,Domestic,5.5,8.2,10.5,12.0,125.0,16.0,932.22
26116,May,2024,535.6,Tamil Nadu,Chennai,TANGEDCO,Domestic,3.5,5.0,7.0,9.0,80.0,10.0,3401.68
20460,Dec,2024,106.9,West Bengal,Kolkata,CESC,Domestic,5.1,6.8,7.9,9.2,110.0,12.0,744.89
27569,Feb,2023,950.0,Delhi,Delhi,BSES Yamuna,Domestic,3.0,4.5,6.5,8.0,50.0,5.0,6459.47
24647,Oct,2025,1151.89,Delhi,Delhi,BSES Yamuna,Commercial,6.5,8.0,9.5,11.0,180.0,5.0,11999.93
20393,Jun,2025,271.2,Delhi,Delhi,BSES Yamuna,Commercial,6.5,8.0,9.5,11.0,180.0,5.0,2326.57
32131,Dec,2023,92.09,West Bengal,Kolkata,CESC,Domestic,5.1,6.8,7.9,9.2,110.0,12.0,642.19
21788,Dec,2024,94.87,Karnataka,Bangalore,BESCOM,Domestic,4.5,6.5,7.7,8.5,100.0,9.0,568.41
33133,Jul,2024,170.13,West Bengal,Kolkata,CESC,Domestic,5.1,6.8,7.9,9.2,110.0,12.0,1217.18
27375,Feb,2024,121.53,Delhi,Delhi,BSES Yamuna,Domestic,3.0,4.5,6.5,8.0,50.0,5.0,474.53
30450,Feb,2026,520.68,Karnataka,Bangalore,BESCOM,Domestic,4.5,6.5,7.7,8.5,100.0,9.0,3949.12
21139,Oct,2025,298.14,Maharashtra,Mumbai,MSEDCL,Domestic,5.5,8.2,10.5,12.0,125.0,16.0,2709.34
32001,Dec,2024,367.72,West Bengal,Kolkata,CESC,Domestic,5.1,6.8,7.9,9.2,110.0,12.0,2772.43
24742,Oct,2025,231.24,Tamil Nadu,Chennai,TANGEDCO,Domestic,3.5,5.0,7.0,9.0,80.0,10.0,1175.88
27419,Jan,2024,358.99,Delhi,Delhi,BSES Yamuna,Domestic,3.0,4.5,6.5,8.0,50.0,5.0,1690.08
26363,Apr,2023,198.57,Maharashtra,Mumbai,MSEDCL,Domestic,5.5,8.2,10.5,12.0,125.0,16.0,1753.85
22455,Jul,2023,882.37,Delhi,Delhi,BSES Yamuna,Domestic,3.0,4.5,6.5,8.0,50.0,5.0,5939.9
29659,Sep,2025,179.85,Delhi,Delhi,BSES Yamuna,Domestic,3.0,4.5,6.5,8.0,50.0,5.0,740.55
23675,Mar,2025,41.89,West Bengal,Kolkata,CESC,Domestic,5.1,6.8,7.9,9.2,110.0,12.0,360.61
21378,Dec,2023,775.03,Tamil Nadu,Chennai,TANGEDCO,Commercial,7.5,8.5,9.8,11.2,210.0,10.0,8378.53
26702,Nov,2026,123.65,Delhi,Delhi,BSES Yamuna,Commercial,6.5,8.0,9.5,11.0,180.0,5.0,1079.26
22598,Jul,2023,57.76,West Bengal,Kolkata,CESC,Domestic,5.1,6.8,7.9,9.2,110.0,12.0,450.17
20142,Jul,2024,52.55,Tamil Nadu,Chennai,TANGEDCO,Domestic,3.5,5.0,7.0,9.0,80.0,10.0,287.18
22660,Jul,2026,721.01,Maharashtra,Mumbai,MSEDCL,Domestic,5.5,8.2,10.5,12.0,125.0,16.0,8228.08
24597,Feb,2023,240.76,Tamil Nadu,Chennai,TANGEDCO,Domestic,3.5,5.0,7.0,9.0,80.0,10.0,1229.44
29032,Jun,2026,58.18,Tamil Nadu,Chennai,TANGEDCO,Domestic,3.5,5.0,7.0,9.0,80.0,10.0,310.76
31811,Feb,2026,138.82,Tamil Nadu,Chennai,TANGEDCO,Domestic,3.5,5.0,7.0,9.0,80.0,10.0,682.58
33971,Jun,2026,37.01,Delhi,Delhi,BSES Yamuna,Domestic,3.0,4.5,6.5,8.0,50.0,5.0,171.1
25662,Oct,2025,74.09,West Bengal,Kolkata,CESC,Domestic,5.1,6.8,7.9,9.2,110.0,12.0,545.92
26143,Mar,2023,1458.63,Maharashtra,Mumbai,MSEDCL,Commercial,9.5,11.0,12.5,14.0,300.0,16.0,22712.05
32110,Feb,2025,807.44,West Bengal,Kolkata,CESC,Commercial,8.5,9.5,10.2,11.5,250.0,12.0,9555.76
25627,Dec,2025,43.0,Tamil Nadu,Chennai,TANGEDCO,Domestic,3.5,5.0,7.0,9.0,80.0,10.0,254.41
28788,Jun,2024,57.22,Tamil Nadu,Chennai,TANGEDCO,Domestic,3.5,5.0,7.0,9.0,80.0,10.0,303.02
30097,Feb,2024,58.76,Tamil Nadu,Chennai,TANGEDCO,Domestic,3.5,5.0,7.0,9.0,80.0,10.0,318.12
28473,May,2026,452.89,Delhi,Delhi,BSES Yamuna,Domestic,3.0,4.5,6.5,8.0,50.0,5.0,2378.62
20424,Feb,2026,102.9,Maharashtra,Mumbai,MSEDCL,Domestic,5.5,8.2,10.5,12.0,125.0,16.0,803.5
27000,Mar,2024,2800.0,Karnataka,Bangalore,BESCOM,Commercial,8.0,9.0,10.0,11.0,220.0,9.0,32204.15
32558,Mar,2024,103.95,Tamil Nadu,Chennai,TANGEDCO,Domestic,3.5,5.0,7.0,9.0,80.0,10.0,494.8
24250,Jun,2023,184.16,Maharashtra,Mumbai,MSEDCL,Commercial,9.5,11.0,12.5,14.0,300.0,16.0,2544.14
34950,Jun,2026,259.48,Delhi,Delhi,BSES Yamuna,Domestic,3.0,4.5,6.5,8.0,50.0,5.0,1136.49
21751,Oct,2026,1179.94,West Bengal,Kolkata,CESC,Commercial,8.5,9.5,10.2,11.5,250.0,12.0,14564.61
24758,Mar,2024,147.81,Karnataka,Bangalore,BESCOM,Domestic,4.5,6.5,7.7,8.5,100.0,9.0,929.67
21968,Mar,2023,55.43,Karnataka,Bangalore,BESCOM,Domestic,4.5,6.5,7.7,8.5,100.0,9.0,375.72
24089,Dec,2024,190.58,Karnataka,Bangalore,BESCOM,Domestic,4.5,6.5,7.7,8.5,100.0,9.0,1224.97
24179,Jan,2024,666.45,Tamil Nadu,Chennai,TANGEDCO,Domestic,3.5,5.0,7.0,9.0,80.0,10.0,4672.91
27790,Jul,2025,76.67,Delhi,Delhi,BSES Yamuna,Domestic,3.0,4.5,6.5,8.0,50.0,5.0,292.53
22947,Aug,2026,41.57,Tamil Nadu,Chennai,TANGEDCO,Domestic,3.5,5.0,7.0,9.0,80.0,10.0,252.49
29642,Feb,2023,376.57,Maharashtra,Mumbai,MSEDCL,Domestic,5.5,8.2,10.5,12.0,125.0,16.0,3600.17
25395,Apr,2025,125.84,West Bengal,Kolkata,CESC,Domestic,5.1,6.8,7.9,9.2,110.0,12.0,897.17
27881,Oct,2026,312.99,Karnataka,Bangalore,BESCOM,Domestic,4.5,6.5,7.7,8.5,100.0,9.0,2150.59
30524,Jul,2024,305.75,Tamil Nadu,Chennai,TANGEDCO,Domestic,3.5,5.0,7.0,9.0,80.0,10.0,1639.27
25076,Aug,2023,204.67,Tamil Nadu,Chennai,TANGEDCO,Domestic,3.5,5.0,7.0,9.0,80.0,10.0,1060.37
30413,Jan,2026,81.79,Maharashtra,Mumbai,MSEDCL,Domestic,5.5,8.2,10.5,12.0,125.0,16.0,660.4
31982,Apr,2024,57.44,Maharashtra,Mumbai,MSEDCL,Domestic,5.5,8.2,10.5,12.0,125.0,16.0,504.75
27231,Jun,2025,40.19,Delhi,Delhi,BSES Yamuna,Domestic,3.0,4.5,6.5,8.0,50.0,5.0,181.51
31003,Mar,2023,466.72,Karnataka,Bangalore,BESCOM,Domestic,4.5,6.5,7.7,8.5,100.0,9.0,3364.61
33948,May,2026,195.57,West Bengal,Kolkata,CESC,Domestic,5.1,6.8,7.9,9.2,110.0,12.0,1422.4
33687,Oct,2025,200.9,Maharashtra,Mumbai,MSEDCL,Domestic,5.5,8.2,10.5,12.0,125.0,16.0,1727.92
32921,Sep,2024,364.55,Karnataka,Bangalore,BESCOM,Commercial,8.0,9.0,10.0,11.0,220.0,9.0,3826.73
21532,Nov,2024,66.46,Delhi,Delhi,BSES Yamuna,Domestic,3.0,4.5,6.5,8.0,50.0,5.0,265.13
33075,Mar,2026,169.94,Karnataka,Bangalore,BESCOM,Domestic,4.5,6.5,7.7,8.5,100.0,9.0,1099.75
22991,May,2024,524.89,West Bengal,Kolkata,CESC,Domestic,5.1,6.8,7.9,9.2,110.0,12.0,4190.96
27156,Aug,2023,898.9,Maharashtra,Mumbai,MSEDCL,Commercial,9.5,11.0,12.5,14.0,300.0,16.0,13606.67
24494,Jun,2026,636.64,Tamil Nadu,Chennai,TANGEDCO,Domestic,3.5,5.0,7.0,9.0,80.0,10.0,4392.92
29336,Apr,2025,215.37,West Bengal,Kolkata,CESC,Domestic,5.1,6.8,7.9,9.2,110.0,12.0,1602.39
20934,Aug,2026,500.96,Tamil Nadu,Chennai,TANGEDCO,Domestic,3.5,5.0,7.0,9.0,80.0,10.0,3132.87
21461,Nov,2026,86.15,Maharashtra,Mumbai,MSEDCL,Domestic,5.5,8.2,10.5,12.0,125.0,16.0,690.13
34141,Mar,2025,46.25,Karnataka,Bangalore,BESCOM,Domestic,4.5,6.5,7.7,8.5,100.0,9.0,333.77
22724,Mar,2024,252.3,Karnataka,Bangalore,BESCOM,Domestic,4.5,6.5,7.7,8.5,100.0,9.0,1649.48
30705,Apr,2025,59.76,West Bengal,Kolkata,CESC,Domestic,5.1,6.8,7.9,9.2,110.0,12.0,472.14
20286,Sep,2023,571.08,Delhi,Delhi,BSES Yamuna,Commercial,6.5,8.0,9.5,11.0,180.0,5.0,5448.59
20265,May,2024,341.74,Karnataka,Bangalore,BESCOM,Domestic,4.5,6.5,7.7,8.5,100.0,9.0,2354.01
30560,Aug,2026,147.22,Tamil Nadu,Chennai,TANGEDCO,Domestic,3.5,5.0,7.0,9.0,80.0,10.0,726.58
26817,Jun,2024,147.83,Tamil Nadu,Chennai,TANGEDCO,Domestic,3.5,5.0,7.0,9.0,80.0,10.0,748.15
31640,Mar,2024,334.34,Maharashtra,Mumbai,MSEDCL,Domestic,5.5,8.2,10.5,12.0,125.0,16.0,3077.37
34425,Aug,2023,1040.77,Tamil Nadu,Chennai,TANGEDCO,Commercial,7.5,8.5,9.8,11.2,210.0,10.0,11563.98
33966,Dec,2024,1072.63,Tamil Nadu,Chennai,TANGEDCO,Commercial,7.5,8.5,9.8,11.2,210.0,10.0,12164.51
33515,Sep,2024,194.89,Karnataka,Bangalore,BESCOM,Commercial,8.0,9.0,10.0,11.0,220.0,9.0,2079.65
33109,Aug,2024,678.01,West Bengal,Kolkata,CESC,Commercial,8.5,9.5,10.2,11.5,250.0,12.0,7946.12
21763,Apr,2026,44.97,Karnataka,Bangalore,BESCOM,Domestic,4.5,6.5,7.7,8.5,100.0,9.0,325.04
31241,Nov,2024,62.77,Maharashtra,Mumbai,MSEDCL,Domestic,5.5,8.2,10.5,12.0,125.0,16.0,555.08
30574,Jun,2025,183.43,Maharashtra,Mumbai,MSEDCL,Domestic,5.5,8.2,10.5,12.0,125.0,16.0,1582.64
30462,Jan,2024,404.27,Tamil Nadu,Chennai,TANGEDCO,Domestic,3.5,5.0,7.0,9.0,80.0,10.0,2334.08
20041,Apr,2023,174.22,Delhi,Delhi,BSES Yamuna,Commercial,6.5,8.0,9.5,11.0,180.0,5.0,1521.19
25828,Aug,2024,398.24,Delhi,Delhi,BSES Yamuna,Domestic,3.0,4.5,6.5,8.0,50.0,5.0,1959.17
28260,Jan,2024,92.77,Karnataka,Bangalore,BESCOM,Domestic,4.5,6.5,7.7,8.5,100.0,9.0,565.44
20988,Mar,2026,415.22,West Bengal,Kolkata,CESC,Commercial,8.5,9.5,10.2,11.5,250.0,12.0,4752.3
34088,Jan,2025,43.72,West Bengal,Kolkata,CESC,Domestic,5.1,6.8,7.9,9.2,110.0,12.0,369.73
34850,Sep,2024,1271.11,Delhi,Delhi,BSES Yamuna,Commercial,6.5,8.0,9.5,11.0,180.0,5.0,13634.7
27805,Feb,2025,360.23,Delhi,Delhi,BSES Yamuna,Domestic,3.0,4.5,6.5,8.0,50.0,5.0,1714.54
27790,Sep,2023,107.16,Delhi,Delhi,BSES Yamuna,Domestic,3.0,4.5,6.5,8.0,50.0,5.0,393.65
25718,Apr,2026,631.52,Maharashtra,Mumbai,MSEDCL,Domestic,5.5,8.2,10.5,12.0,125.0,16.0,6874.09
32201,Feb,2025,310.98,Maharashtra,Mumbai,MSEDCL,Domestic,5.5,8.2,10.5,12.0,125.0,16.0,2826.29
33944,Apr,2026,205.35,Karnataka,Bangalore,BESCOM,Domestic,4.5,6.5,7.7,8.5,100.0,9.0,1365.87
23199,Dec,2024,223.44,Tamil Nadu,Chennai,TANGEDCO,Domestic,3.5,5.0,7.0,9.0,80.0,10.0,1153.64
25375,Nov,2023,1131.1,West Bengal,Kolkata,CESC,Commercial,8.5,9.5,10.2,11.5,250.0,12.0,13649.09
24791,Nov,2026,76.69,Karnataka,Bangalore,BESCOM,Domestic,4.5,6.5,7.7,8.5,100.0,9.0,484.32
27184,Oct,2024,167.37,Tamil Nadu,Chennai,TANGEDCO,Domestic,3.5,5.0,7.0,9.0,80.0,10.0,852.53
22525,Jun,2025,104.27,West Bengal,Kolkata,CESC,Domestic,5.1,6.8,7.9,9.2,110.0,12.0,713.16
29278,Nov,2023,672.46,Maharashtra,Mumbai,MSEDCL,Commercial,9.5,11.0,12.5,14.0,300.0,16.0,9521.02
22480,Jul,2023,293.42,Tamil Nadu,Chennai,TANGEDCO,Domestic,3.5,5.0,7.0,9.0,80.0,10.0,1561.12
29886,Mar,2025,165.18,Karnataka,Bangalore,BESCOM,Domestic,4.5,6.5,7.7,8.5,100.0,9.0,1044.73
30508,Mar,2025,229.34,Tamil Nadu,Chennai,TANGEDCO,Domestic,3.5,5.0,7.0,9.0,80.0,10.0,1183.18
25155,Dec,2023,937.21,West Bengal,Kolkata,CESC,Domestic,5.1,6.8,7.9,9.2,110.0,12.0,8634.05
20779,Oct,2026,959.17,West Bengal,Kolkata,CESC,Commercial,8.5,9.5,10.2,11.5,250.0,12.0,11329.8
32782,Dec,2023,68.18,Tamil Nadu,Chennai,TANGEDCO,Domestic,3.5,5.0,7.0,9.0,80.0,10.0,348.47
29778,Aug,2025,145.24,Karnataka,Bangalore,BESCOM,Domestic,4.5,6.5,7.7,8.5,100.0,9.0,922.5
21493,May,2026,1361.52,Delhi,Delhi,BSES Yamuna,Commercial,6.5,8.0,9.5,11.0,180.0,5.0,14510.06
34079,Apr,2024,326.97,Maharashtra,Mumbai,MSEDCL,Domestic,5.5,8.2,10.5,12.0,125.0,16.0,2963.4
20661,Jul,2023,319.98,Delhi,Delhi,BSES Yamuna,Commercial,6.5,8.0,9.5,11.0,180.0,5.0,2706.6
21349,Jul,2025,61.65,Maharashtra,Mumbai,MSEDCL,Domestic,5.5,8.2,10.5,12.0,125.0,16.0,542.09
33616,Sep,2024,213.58,West Bengal,Kolkata,CESC,Domestic,5.1,6.8,7.9,9.2,110.0,12.0,1568.53
29492,Sep,2023,154.9,Tamil Nadu,Chennai,TANGEDCO,Domestic,3.5,5.0,7.0,9.0,80.0,10.0,788.94
32133,May,2023,1453.76,Delhi,Delhi,BSES Yamuna,Commercial,6.5,8.0,9.5,11.0,180.0,5.0,15488.91
30179,Dec,2026,240.85,Maharashtra,Mumbai,MSEDCL,Domestic,5.5,8.2,10.5,12.0,125.0,16.0,2094.6
27852,Aug,2025,180.87,Tamil Nadu,Chennai,TANGEDCO,Domestic,3.5,5.0,7.0,9.0,80.0,10.0,930.51
27157,Oct,2024,629.01,Tamil Nadu,Chennai,TANGEDCO,Domestic,3.5,5.0,7.0,9.0,80.0,10.0,4329.38
22045,Jan,2023,250.61,Delhi,Delhi,BSES Yamuna,Domestic,3.0,4.5,6.5,8.0,50.0,5.0,1080.33
27369,Sep,2026,624.64,Tamil Nadu,Chennai,TANGEDCO,Domestic,3.5,5.0,7.0,9.0,80.0,10.0,4353.64
23517,Aug,2024,79.07,Delhi,Delhi,BSES Yamuna,Domestic,3.0,4.5,6.5,8.0,50.0,5.0,304.3
34217,Jun,2024,557.39,Karnataka,Bangalore,BESCOM,Domestic,4.5,6.5,7.7,8.5,100.0,9.0,4255.13
33636,Mar,2023,258.04,West Bengal,Kolkata,CESC,Domestic,5.1,6.8,7.9,9.2,110.0,12.0,1890.54
29251,Mar,2024,520.27,West Bengal,Kolkata,CESC,Domestic,5.1,6.8,7.9,9.2,110.0,12.0,4267.63
29169,Aug,2023,902.95,Tamil Nadu,Chennai,TANGEDCO,Commercial,7.5,8.5,9.8,11.2,210.0,10.0,9937.49
24578,May,2026,35.12,Karnataka,Bangalore,BESCOM,Domestic,4.5,6.5,7.7,8.5,100.0,9.0,279.38
20728,Oct,2026,230.62,Maharashtra,Mumbai,MSEDCL,Domestic,5.5,8.2,10.5,12.0,125.0,16.0,2060.11
30720,Nov,2024,203.37,Karnataka,Bangalore,BESCOM,Commercial,8.0,9.0,10.0,11.0,220.0,9.0,2098.38
31329,Jul,2023,156.48,Tamil Nadu,Chennai,TANGEDCO,Domestic,3.5,5.0,7.0,9.0,80.0,10.0,790.65
33320,May,2025,72.45,Karnataka,Bangalore,BESCOM,Domestic,4.5,6.5,7.7,8.5,100.0,9.0,468.55
27469,Aug,2026,161.81,Maharashtra,Mumbai,MSEDCL,Domestic,5.5,8.2,10.5,12.0,125.0,16.0,1364.71
20343,Oct,2023,724.45,Maharashtra,Mumbai,MSEDCL,Domestic,5.5,8.2,10.5,12.0,125.0,16.0,8193.75
21448,Oct,2023,118.24,West Bengal,Kolkata,CESC,Domestic,5.1,6.8,7.9,9.2,110.0,12.0,835.69
30572,Apr,2023,165.63,West Bengal,Kolkata,CESC,Domestic,5.1,6.8,7.9,9.2,110.0,12.0,1183.25
26582,Feb,2024,98.23,West Bengal,Kolkata,CESC,Domestic,5.1,6.8,7.9,9.2,110.0,12.0,697.8
31852,Mar,2025,76.67,Maharashtra,Mumbai,MSEDCL,Domestic,5.5,8.2,10.5,12.0,125.0,16.0,635.29
26318,Aug,2024,166.51,Tamil Nadu,Chennai,TANGEDCO,Domestic,3.5,5.0,7.0,9.0,80.0,10.0,837.88
34895,Nov,2026,319.3,Delhi,Delhi,BSES Yamuna,Commercial,6.5,8.0,9.5,11.0,180.0,5.0,2691.61
20527,Jul,2024,126.66,West Bengal,Kolkata,CESC,Commercial,8.5,9.5,10.2,11.5,250.0,12.0,1514.18
30089,Feb,2023,534.59,West Bengal,Kolkata,CESC,Domestic,5.1,6.8,7.9,9.2,110.0,12.0,4291.6
32947,Jun,2024,125.88,Delhi,Delhi,BSES Yamuna,Domestic,3.0,4.5,6.5,8.0,50.0,5.0,480.13
30266,Sep,2023,250.27,Maharashtra,Mumbai,MSEDCL,Domestic,5.5,8.2,10.5,12.0,125.0,16.0,2194.22
33108,Apr,2025,965.78,Maharashtra,Mumbai,MSEDCL,Commercial,9.5,11.0,12.5,14.0,300.0,16.0,14363.01
26749,Sep,2024,106.08,Karnataka,Bangalore,BESCOM,Domestic,4.5,6.5,7.7,8.5,100.0,9.0,649.05
20406,Feb,2024,301.1,West Bengal,Kolkata,CESC,Domestic,5.1,6.8,7.9,9.2,110.0,12.0,2208.83
34568,Feb,2024,771.69,Karnataka,Bangalore,BESCOM,Domestic,4.5,6.5,7.7,8.5,100.0,9.0,6206.74
34869,Sep,2023,322.32,Maharashtra,Mumbai,MSEDCL,Domestic,5.5,8.2,10.5,12.0,125.0,16.0,2956.95
27987,Dec,2023,150.6,Delhi,Delhi,BSES Yamuna,Domestic,3.0,4.5,6.5,8.0,50.0,5.0,613.18
29766,Jul,2024,605.17,Tamil Nadu,Chennai,TANGEDCO,Domestic,3.5,5.0,7.0,9.0,80.0,10.0,4154.31
34100,Jul,2024,295.5,Karnataka,Bangalore,BESCOM,Domestic,4.5,6.5,7.7,8.5,100.0,9.0,1948.05
32793,Jan,2025,333.03,Karnataka,Bangalore,BESCOM,Domestic,4.5,6.5,7.7,8.5,100.0,9.0,2309.32
23741,Nov,2025,135.68,Delhi,Delhi,BSES Yamuna,Domestic,3.0,4.5,6.5,8.0,50.0,5.0,527.41
32467,Jun,2026,295.46,Maharashtra,Mumbai,MSEDCL,Domestic,5.5,8.2,10.5,12.0,125.0,16.0,2596.14
32420,Jul,2025,48.02,Maharashtra,Mumbai,MSEDCL,Domestic,5.5,8.2,10.5,12.0,125.0,16.0,448.86
21847,Nov,2025,687.44,Maharashtra,Mumbai,MSEDCL,Domestic,5.5,8.2,10.5,12.0,125.0,16.0,7676.02
21479,Jun,2025,225.32,Delhi,Delhi,BSES Yamuna,Domestic,3.0,4.5,6.5,8.0,50.0,5.0,946.76
30588,Jun,2023,790.5,Maharashtra,Mumbai,MSEDCL,Commercial,9.5,11.0,12.5,14.0,300.0,16.0,11760.4
34876,Feb,2025,667.54,Maharashtra,Mumbai,MSEDCL,Commercial,9.5,11.0,12.5,14.0,300.0,16.0,9633.48
20772,Jun,2025,64.08,Maharashtra,Mumbai,MSEDCL,Domestic,5.5,8.2,10.5,12.0,125.0,16.0,550.58
25526,Apr,2024,275.17,Maharashtra,Mumbai,MSEDCL,Domestic,5.5,8.2,10.5,12.0,125.0,16.0,2403.48
34412,Sep,2023,245.99,West Bengal,Kolkata,CESC,Commercial,8.5,9.5,10.2,11.5,250.0,12.0,2806.63
28771,Dec,2026,698.16,West Bengal,Kolkata,CESC,Domestic,5.1,6.8,7.9,9.2,110.0,12.0,6110.08
31094,Jan,2026,119.26,Delhi,Delhi,BSES Yamuna,Domestic,3.0,4.5,6.5,8.0,50.0,5.0,461.22
33804,Aug,2025,470.25,Delhi,Delhi,BSES Yamuna,Domestic,3.0,4.5,6.5,8.0,50.0,5.0,2488.38
20194,May,2026,80.74,Maharashtra,Mumbai,MSEDCL,Domestic,5.5,8.2,10.5,12.0,125.0,16.0,669.42
22008,Jan,2026,770.48,Delhi,Delhi,BSES Yamuna,Commercial,6.5,8.0,9.5,11.0,180.0,5.0,7814.12
21186,Apr,2026,95.5,Delhi,Delhi,BSES Yamuna,Domestic,3.0,4.5,6.5,8.0,50.0,5.0,346.34
22395,Jan,2025,270.84,West Bengal,Kolkata,CESC,Domestic,5.1,6.8,7.9,9.2,110.0,12.0,2017.15
31191,Jun,2026,76.25,Maharashtra,Mumbai,MSEDCL,Domestic,5.5,8.2,10.5,12.0,125.0,16.0,624.6
33673,Feb,2025,84.12,Karnataka,Bangalore,BESCOM,Domestic,4.5,6.5,7.7,8.5,100.0,9.0,527.43
29985,May,2024,130.23,Delhi,Delhi,BSES Yamuna,Domestic,3.0,4.5,6.5,8.0,50.0,5.0,519.44
29303,Jul,2024,369.44,Karnataka,Bangalore,BESCOM,Domestic,4.5,6.5,7.7,8.5,100.0,9.0,2569.06
24006,Feb,2026,248.34,Maharashtra,Mumbai,MSEDCL,Domestic,5.5,8.2,10.5,12.0,125.0,16.0,2199.37
27430,Jun,2024,1255.78,West Bengal,Kolkata,CESC,Commercial,8.5,9.5,10.2,11.5,250.0,12.0,15083.68
22262,Jun,2025,931.53,Delhi,Delhi,BSES Yamuna,Commercial,6.5,8.0,9.5,11.0,180.0,5.0,9400.7
23737,May,2024,241.05,Delhi,Delhi,BSES Yamuna,Commercial,6.5,8.0,9.5,11.0,180.0,5.0,2066.55
31986,May,2026,287.68,Delhi,Delhi,BSES Yamuna,Domestic,3.0,4.5,6.5,8.0,50.0,5.0,1270.36
30129,Mar,2025,854.15,Karnataka,Bangalore,BESCOM,Commercial,8.0,9.0,10.0,11.0,220.0,9.0,9659.6
26717,Oct,2023,300.02,Tamil Nadu,Chennai,TANGEDCO,Domestic,3.5,5.0,7.0,9.0,80.0,10.0,1591.46
24876,Oct,2025,90.15,Tamil Nadu,Chennai,TANGEDCO,Domestic,3.5,5.0,7.0,9.0,80.0,10.0,428.18
32550,Nov,2024,44.45,Karnataka,Bangalore,BESCOM,Domestic,4.5,6.5,7.7,8.5,100.0,9.0,323.41
28922,Dec,2023,102.87,West Bengal,Kolkata,CESC,Domestic,5.1,6.8,7.9,9.2,110.0,12.0,703.78
24379,Feb,2025,39.68,Maharashtra,Mumbai,MSEDCL,Domestic,5.5,8.2,10.5,12.0,125.0,16.0,391.48
27816,Jul,2023,47.38,Karnataka,Bangalore,BESCOM,Domestic,4.5,6.5,7.7,8.5,100.0,9.0,347.46
33779,Jan,2023,184.21,Tamil Nadu,Chennai,TANGEDCO,Domestic,3.5,5.0,7.0,9.0,80.0,10.0,941.49
23452,Jun,2023,163.26,Maharashtra,Mumbai,MSEDCL,Domestic,5.5,8.2,10.5,12.0,125.0,16.0,1381.76
32650,Jun,2025,600.03,West Bengal,Kolkata,CESC,Domestic,5.1,6.8,7.9,9.2,110.0,12.0,5004.31
27617,Mar,2024,577.13,Maharashtra,Mumbai,MSEDCL,Domestic,5.5,8.2,10.5,12.0,125.0,16.0,6175.79
32729,Feb,2025,583.56,Tamil Nadu,Chennai,TANGEDCO,Commercial,7.5,8.5,9.8,11.2,210.0,10.0,6137.57
30333,Dec,2024,98.29,Delhi,Delhi,BSES Yamuna,Domestic,3.0,4.5,6.5,8.0,50.0,5.0,364.69
29837,Feb,2025,114.39,Tamil Nadu,Chennai,TANGEDCO,Domestic,3.5,5.0,7.0,9.0,80.0,10.0,555.82
22801,Sep,2025,254.52,Maharashtra,Mumbai,MSEDCL,Domestic,5.5,8.2,10.5,12.0,125.0,16.0,2282.33
33155,Nov,2025,235.7,Tamil Nadu,Chennai,TANGEDCO,Commercial,7.5,8.5,9.8,11.2,210.0,10.0,2338.69
33736,May,2024,109.44,Delhi,Delhi,BSES Yamuna,Domestic,3.0,4.5,6.5,8.0,50.0,5.0,407.5
28334,Jul,2025,249.62,West Bengal,Kolkata,CESC,Domestic,5.1,6.8,7.9,9.2,110.0,12.0,1825.47
25411,Dec,2023,924.85,West Bengal,Kolkata,CESC,Commercial,8.5,9.5,10.2,11.5,250.0,12.0,11221.33
21456,May,2025,349.43,Tamil Nadu,Chennai,TANGEDCO,Domestic,3.5,5.0,7.0,9.0,80.0,10.0,1977.08
26893,Jul,2023,416.87,Maharashtra,Mumbai,MSEDCL,Domestic,5.5,8.2,10.5,12.0,125.0,16.0,4121.95
34164,Apr,2026,208.56,Maharashtra,Mumbai,MSEDCL,Domestic,5.5,8.2,10.5,12.0,125.0,16.0,1783.35
34136,Aug,2026,128.8,Karnataka,Bangalore,BESCOM,Domestic,4.5,6.5,7.7,8.5,100.0,9.0,817.63
25809,Nov,2024,267.03,Maharashtra,Mumbai,MSEDCL,Domestic,5.5,8.2,10.5,12.0,125.0,16.0,2342.0
26797,Oct,2024,129.03,Delhi,Delhi,BSES Yamuna,Domestic,3.0,4.5,6.5,8.0,50.0,5.0,512.36
24797,Nov,2026,194.96,Delhi,Delhi,BSES Yamuna,Domestic,3.0,4.5,6.5,8.0,50.0,5.0,813.6
25094,Oct,2025,118.02,Delhi,Delhi,BSES Yamuna,Domestic,3.0,4.5,6.5,8.0,50.0,5.0,453.77
30289,Jul,2025,414.04,Maharashtra,Mumbai,MSEDCL,Domestic,5.5,8.2,10.5,12.0,125.0,16.0,4024.79
21326,Oct,2025,313.76,Karnataka,Bangalore,BESCOM,Domestic,4.5,6.5,7.7,8.5,100.0,9.0,2139.19
24977,May,2026,199.9,Delhi,Delhi,BSES Yamuna,Domestic,3.0,4.5,6.5,8.0,50.0,5.0,854.76
29406,Nov,2023,138.67,Karnataka,Bangalore,BESCOM,Domestic,4.5,6.5,7.7,8.5,100.0,9.0,889.24
21160,Jun,2024,349.89,Karnataka,Bangalore,BESCOM,Domestic,4.5,6.5,7.7,8.5,100.0,9.0,2453.57
24651,May,2023,67.41,West Bengal,Kolkata,CESC,Domestic,5.1,6.8,7.9,9.2,110.0,12.0,513.79
32692,Jul,2026,119.01,Maharashtra,Mumbai,MSEDCL,Domestic,5.5,8.2,10.5,12.0,125.0,16.0,953.02
24988,Dec,2023,141.27,Maharashtra,Mumbai,MSEDCL,Domestic,5.5,8.2,10.5,12.0,125.0,16.0,1182.79
24698,Feb,2025,59.86,Karnataka,Bangalore,BESCOM,Domestic,4.5,6.5,7.7,8.5,100.0,9.0,399.99
34119,May,2025,414.2,Delhi,Delhi,BSES Yamuna,Commercial,6.5,8.0,9.5,11.0,180.0,5.0,3705.87
20341,Oct,2023,306.19,Maharashtra,Mumbai,MSEDCL,Domestic,5.5,8.2,10.5,12.0,125.0,16.0,2732.19
23829,Mar,2026,197.15,Karnataka,Bangalore,BESCOM,Domestic,4.5,6.5,7.7,8.5,100.0,9.0,1308.51
21969,Sep,2023,607.01,Tamil Nadu,Chennai,TANGEDCO,Domestic,3.5,5.0,7.0,9.0,80.0,10.0,4238.39
20704,Jun,2025,38.15,West Bengal,Kolkata,CESC,Domestic,5.1,6.8,7.9,9.2,110.0,12.0,335.05
32606,Oct,2025,802.51,Tamil Nadu,Chennai,TANGEDCO,Domestic,3.5,5.0,7.0,9.0,80.0,10.0,6195.29
34954,Mar,2026,35.33,Karnataka,Bangalore,BESCOM,Domestic,4.5,6.5,7.7,8.5,100.0,9.0,283.31
25483,Jul,2023,312.81,Delhi,Delhi,BSES Yamuna,Domestic,3.0,4.5,6.5,8.0,50.0,5.0,1387.59
30622,Apr,2025,525.04,Tamil Nadu,Chennai,TANGEDCO,Domestic,3.5,5.0,7.0,9.0,80.0,10.0,3348.27
26377,Mar,2025,212.84,Maharashtra,Mumbai,MSEDCL,Domestic,5.5,8.2,10.5,12.0,125.0,16.0,1854.22
21801,Aug,2023,123.78,Karnataka,Bangalore,BESCOM,Domestic,4.5,6.5,7.7,8.5,100.0,9.0,764.02
25464,Apr,2023,83.05,Maharashtra,Mumbai,MSEDCL,Domestic,5.5,8.2,10.5,12.0,125.0,16.0,683.44
33861,Nov,2024,950.0,Tamil Nadu,Chennai,TANGEDCO,Domestic,3.5,5.0,7.0,9.0,80.0,10.0,7645.63
24913,Jan,2026,431.84,Karnataka,Bangalore,BESCOM,Commercial,8.0,9.0,10.0,11.0,220.0,9.0,4520.82
24649,Jun,2026,37.23,Delhi,Delhi,BSES Yamuna,Domestic,3.0,4.5,6.5,8.0,50.0,5.0,172.06
20856,Oct,2023,279.71,Tamil Nadu,Chennai,TANGEDCO,Domestic,3.5,5.0,7.0,9.0,80.0,10.0,1490.22
30005,Nov,2026,237.88,Delhi,Delhi,BSES Yamuna,Commercial,6.5,8.0,9.5,11.0,180.0,5.0,2023.35
22867,Nov,2025,315.39,Delhi,Delhi,BSES Yamuna,Domestic,3.0,4.5,6.5,8.0,50.0,5.0,1436.68
31835,Jan,2023,154.75,Karnataka,Bangalore,BESCOM,Domestic,4.5,6.5,7.7,8.5,100.0,9.0,993.04
20183,May,2023,342.98,West Bengal,Kolkata,CESC,Commercial,8.5,9.5,10.2,11.5,250.0,12.0,3867.6
23113,Jul,2023,419.77,Tamil Nadu,Chennai,TANGEDCO,Domestic,3.5,5.0,7.0,9.0,80.0,10.0,2477.12
25671,Jun,2024,103.16,Tamil Nadu,Chennai,TANGEDCO,Domestic,3.5,5.0,7.0,9.0,80.0,10.0,498.01
24493,Feb,2026,422.5,Maharashtra,Mumbai,MSEDCL,Domestic,5.5,8.2,10.5,12.0,125.0,16.0,4145.89
25824,Nov,2024,74.06,Delhi,Delhi,BSES Yamuna,Domestic,3.0,4.5,6.5,8.0,50.0,5.0,285.1
21518,Apr,2025,350.1,Maharashtra,Mumbai,MSEDCL,Commercial,9.5,11.0,12.5,14.0,300.0,16.0,4655.41
25003,Nov,2026,575.88,West Bengal,Kolkata,CESC,Domestic,5.1,6.8,7.9,9.2,110.0,12.0,4772.2
21357,Feb,2024,1217.55,Maharashtra,Mumbai,MSEDCL,Commercial,9.5,11.0,12.5,14.0,300.0,16.0,18275.47
30367,Nov,2023,150.39,Tamil Nadu,Chennai,TANGEDCO,Domestic,3.5,5.0,7.0,9.0,80.0,10.0,739.0
23630,Jan,2024,111.42,Maharashtra,Mumbai,MSEDCL,Domestic,5.5,8.2,10.5,12.0,125.0,16.0,888.72
23629,Mar,2023,56.12,West Bengal,Kolkata,CESC,Domestic,5.1,6.8,7.9,9.2,110.0,12.0,445.0
32289,Mar,2024,352.23,Tamil Nadu,Chennai,TANGEDCO,Domestic,3.5,5.0,7.0,9.0,80.0,10.0,1988.58
31432,Dec,2024,65.71,West Bengal,Kolkata,CESC,Domestic,5.1,6.8,7.9,9.2,110.0,12.0,489.75
31884,Jul,2024,65.91,Maharashtra,Mumbai,MSEDCL,Domestic,5.5,8.2,10.5,12.0,125.0,16.0,572.28
28211,Jan,2023,148.19,Tamil Nadu,Chennai,TANGEDCO,Commercial,7.5,8.5,9.8,11.2,210.0,10.0,1525.31
31596,Sep,2024,846.19,Karnataka,Bangalore,BESCOM,Commercial,8.0,9.0,10.0,11.0,220.0,9.0,9292.21
32872,Nov,2026,664.74,West Bengal,Kolkata,CESC,Domestic,5.1,6.8,7.9,9.2,110.0,12.0,5705.07
32744,Jun,2026,353.33,Karnataka,Bangalore,BESCOM,Domestic,4.5,6.5,7.7,8.5,100.0,9.0,2466.58
31197,Apr,2026,132.49,West Bengal,Kolkata,CESC,Commercial,8.5,9.5,10.2,11.5,250.0,12.0,1548.73
26133,Mar,2023,477.27,West Bengal,Kolkata,CESC,Domestic,5.1,6.8,7.9,9.2,110.0,12.0,3728.8
29325,Mar,2023,130.76,Tamil Nadu,Chennai,TANGEDCO,Domestic,3.5,5.0,7.0,9.0,80.0,10.0,648.12
31532,Feb,2026,1304.68,Tamil Nadu,Chennai,TANGEDCO,Commercial,7.5,8.5,9.8,11.2,210.0,10.0,14713.17
26589,Feb,2026,234.65,Karnataka,Bangalore,BESCOM,Domestic,4.5,6.5,7.7,8.5,100.0,9.0,1543.44
23312,Dec,2026,168.72,Delhi,Delhi,BSES Yamuna,Domestic,3.0,4.5,6.5,8.0,50.0,5.0,692.74
26049,Oct,2025,120.54,Delhi,Delhi,BSES Yamuna,Domestic,3.0,4.5,6.5,8.0,50.0,5.0,460.17
31565,May,2026,63.88,Tamil Nadu,Chennai,TANGEDCO,Domestic,3.5,5.0,7.0,9.0,80.0,10.0,330.07
34938,Sep,2024,444.91,West Bengal,Kolkata,CESC,Domestic,5.1,6.8,7.9,9.2,110.0,12.0,3449.79
26247,Feb,2025,190.98,Karnataka,Bangalore,BESCOM,Domestic,4.5,6.5,7.7,8.5,100.0,9.0,1231.75
20988,Feb,2025,1494.15,Karnataka,Bangalore,BESCOM,Commercial,8.0,9.0,10.0,11.0,220.0,9.0,17443.4
23322,Dec,2023,117.35,West Bengal,Kolkata,CESC,Domestic,5.1,6.8,7.9,9.2,110.0,12.0,831.4
24616,Jun,2024,108.3,Tamil Nadu,Chennai,TANGEDCO,Domestic,3.5,5.0,7.0,9.0,80.0,10.0,523.61
33147,Oct,2023,86.06,Maharashtra,Mumbai,MSEDCL,Domestic,5.5,8.2,10.5,12.0,125.0,16.0,702.75
28366,Feb,2023,350.15,Delhi,Delhi,BSES Yamuna,Commercial,6.5,8.0,9.5,11.0,180.0,5.0,3029.69
33655,Dec,2024,736.61,West Bengal,Kolkata,CESC,Commercial,8.5,9.5,10.2,11.5,250.0,12.0,8694.56
23742,Apr,2023,2280.34,Maharashtra,Mumbai,MSEDCL,Commercial,9.5,11.0,12.5,14.0,300.0,16.0,36017.72
23053,Jun,2024,77.29,Tamil Nadu,Chennai,TANGEDCO,Domestic,3.5,5.0,7.0,9.0,80.0,10.0,382.88
26575,May,2024,2662.41,Karnataka,Bangalore,BESCOM,Commercial,8.0,9.0,10.0,11.0,220.0,9.0,31573.15
20727,Jan,2023,214.58,Delhi,Delhi,BSES Yamuna,Domestic,3.0,4.5,6.5,8.0,50.0,5.0,927.0
23761,Jun,2026,809.33,Maharashtra,Mumbai,MSEDCL,Domestic,5.5,8.2,10.5,12.0,125.0,16.0,9355.41
25807,Jan,2023,251.68,Maharashtra,Mumbai,MSEDCL,Domestic,5.5,8.2,10.5,12.0,125.0,16.0,2238.53
21876,Mar,2025,33.53,Delhi,Delhi,BSES Yamuna,Domestic,3.0,4.5,6.5,8.0,50.0,5.0,157.38
26994,Oct,2023,177.1,Tamil Nadu,Chennai,TANGEDCO,Commercial,7.5,8.5,9.8,11.2,210.0,10.0,1770.3
33970,May,2024,281.0,Delhi,Delhi,BSES Yamuna,Domestic,3.0,4.5,6.5,8.0,50.0,5.0,1200.85
24034,Oct,2025,459.95,Tamil Nadu,Chennai,TANGEDCO,Domestic,3.5,5.0,7.0,9.0,80.0,10.0,2798.94
25444,May,2024,242.06,Delhi,Delhi,BSES Yamuna,Domestic,3.0,4.5,6.5,8.0,50.0,5.0,1020.15
20990,Oct,2026,55.1,Tamil Nadu,Chennai,TANGEDCO,Domestic,3.5,5.0,7.0,9.0,80.0,10.0,305.53
23745,Jun,2026,90.27,Tamil Nadu,Chennai,TANGEDCO,Domestic,3.5,5.0,7.0,9.0,80.0,10.0,439.5
30879,Dec,2025,536.41,Tamil Nadu,Chennai,TANGEDCO,Domestic,3.5,5.0,7.0,9.0,80.0,10.0,3485.26
28612,Oct,2026,47.99,West Bengal,Kolkata,CESC,Domestic,5.1,6.8,7.9,9.2,110.0,12.0,404.89
20594,Aug,2026,104.28,Karnataka,Bangalore,BESCOM,Domestic,4.5,6.5,7.7,8.5,100.0,9.0,629.28
34821,May,2023,331.78,Delhi,Delhi,BSES Yamuna,Commercial,6.5,8.0,9.5,11.0,180.0,5.0,2865.51
21775,Nov,2023,316.43,Tamil Nadu,Chennai,TANGEDCO,Commercial,7.5,8.5,9.8,11.2,210.0,10.0,3135.18
30652,Jan,2026,907.75,Karnataka,Bangalore,BESCOM,Commercial,8.0,9.0,10.0,11.0,220.0,9.0,10278.13
20936,May,2026,181.83,Karnataka,Bangalore,BESCOM,Commercial,8.0,9.0,10.0,11.0,220.0,9.0,1912.93
33396,Mar,2023,72.87,Delhi,Delhi,BSES Yamuna,Domestic,3.0,4.5,6.5,8.0,50.0,5.0,278.05
33425,Apr,2026,1057.3,West Bengal,Kolkata,CESC,Commercial,8.5,9.5,10.2,11.5,250.0,12.0,12927.5
23809,Aug,2026,50.41,Tamil Nadu,Chennai,TANGEDCO,Domestic,3.5,5.0,7.0,9.0,80.0,10.0,283.03
20332,Jul,2024,617.07,Maharashtra,Mumbai,MSEDCL,Domestic,5.5,8.2,10.5,12.0,125.0,16.0,6751.75
31642,Nov,2026,103.98,Tamil Nadu,Chennai,TANGEDCO,Domestic,3.5,5.0,7.0,9.0,80.0,10.0,491.7
27923,May,2025,210.73,Tamil Nadu,Chennai,TANGEDCO,Commercial,7.5,8.5,9.8,11.2,210.0,10.0,2056.59
22703,Feb,2024,146.64,Maharashtra,Mumbai,MSEDCL,Domestic,5.5,8.2,10.5,12.0,125.0,16.0,1233.61
34377,Jun,2025,253.16,Tamil Nadu,Chennai,TANGEDCO,Domestic,3.5,5.0,7.0,9.0,80.0,10.0,1290.43
32199,Nov,2026,65.71,Delhi,Delhi,BSES Yamuna,Domestic,3.0,4.5,6.5,8.0,50.0,5.0,263.15
25890,Jun,2023,307.11,Karnataka,Bangalore,BESCOM,Domestic,4.5,6.5,7.7,8.5,100.0,9.0,2090.76
25055,Oct,2024,546.5,Tamil Nadu,Chennai,TANGEDCO,Commercial,7.5,8.5,9.8,11.2,210.0,10.0,5663.43
23869,Oct,2023,446.31,Maharashtra,Mumbai,MSEDCL,Domestic,5.5,8.2,10.5,12.0,125.0,16.0,4555.82
24201,Nov,2024,104.68,Maharashtra,Mumbai,MSEDCL,Domestic,5.5,8.2,10.5,12.0,125.0,16.0,828.85
20202,Jun,2023,702.19,Delhi,Delhi,BSES Yamuna,Commercial,6.5,8.0,9.5,11.0,180.0,5.0,6867.37
22498,Sep,2024,601.57,Karnataka,Bangalore,BESCOM,Domestic,4.5,6.5,7.7,8.5,100.0,9.0,4674.38
21843,Nov,2024,159.27,Maharashtra,Mumbai,MSEDCL,Domestic,5.5,8.2,10.5,12.0,125.0,16.0,1344.99
30059,Aug,2025,347.0,Maharashtra,Mumbai,MSEDCL,Domestic,5.5,8.2,10.5,12.0,125.0,16.0,3301.3
30189,Aug,2023,261.86,Delhi,Delhi,BSES Yamuna,Domestic,3.0,4.5,6.5,8.0,50.0,5.0,1131.71
33578,Jan,2025,277.24,Maharashtra,Mumbai,MSEDCL,Commercial,9.5,11.0,12.5,14.0,300.0,16.0,3644.54
29102,May,2025,446.91,Delhi,Delhi,BSES Yamuna,Commercial,6.5,8.0,9.5,11.0,180.0,5.0,4095.75
32498,Jul,2023,222.24,Delhi,Delhi,BSES Yamuna,Commercial,6.5,8.0,9.5,11.0,180.0,5.0,1882.18
24659,Jun,2024,140.29,Karnataka,Bangalore,BESCOM,Domestic,4.5,6.5,7.7,8.5,100.0,9.0,890.46
31382,May,2025,315.94,Delhi,Delhi,BSES Yamuna,Domestic,3.0,4.5,6.5,8.0,50.0,5.0,1414.1
27545,Aug,2023,417.07,Karnataka,Bangalore,BESCOM,Domestic,4.5,6.5,7.7,8.5,100.0,9.0,2998.87
27719,Mar,2024,540.25,West Bengal,Kolkata,CESC,Commercial,8.5,9.5,10.2,11.5,250.0,12.0,6107.97
33852,Jun,2025,168.97,Maharashtra,Mumbai,MSEDCL,Domestic,5.5,8.2,10.5,12.0,125.0,16.0,1467.76
20771,May,2025,695.97,Tamil Nadu,Chennai,TANGEDCO,Domestic,3.5,5.0,7.0,9.0,80.0,10.0,4955.35
23156,Aug,2025,354.48,Delhi,Delhi,BSES Yamuna,Domestic,3.0,4.5,6.5,8.0,50.0,5.0,1686.53
30694,Apr,2024,219.58,Karnataka,Bangalore,BESCOM,Domestic,4.5,6.5,7.7,8.5,100.0,9.0,1426.44
30907,Aug,2025,950.0,Tamil Nadu,Chennai,TANGEDCO,Domestic,3.5,5.0,7.0,9.0,80.0,10.0,7622.37
32917,Oct,2024,535.27,Karnataka,Bangalore,BESCOM,Domestic,4.5,6.5,7.7,8.5,100.0,9.0,4069.33
31778,Feb,2026,123.43,Delhi,Delhi,BSES Yamuna,Domestic,3.0,4.5,6.5,8.0,50.0,5.0,485.75
21629,Sep,2025,319.67,Delhi,Delhi,BSES Yamuna,Domestic,3.0,4.5,6.5,8.0,50.0,5.0,1463.57
33990,Sep,2026,150.86,Maharashtra,Mumbai,MSEDCL,Commercial,9.5,11.0,12.5,14.0,300.0,16.0,2073.5
20387,Oct,2023,84.17,Tamil Nadu,Chennai,TANGEDCO,Domestic,3.5,5.0,7.0,9.0,80.0,10.0,404.58
26032,Oct,2025,182.02,West Bengal,Kolkata,CESC,Domestic,5.1,6.8,7.9,9.2,110.0,12.0,1294.65
31614,Jun,2023,56.62,West Bengal,Kolkata,CESC,Domestic,5.1,6.8,7.9,9.2,110.0,12.0,451.92
26440,Apr,2023,156.53,Karnataka,Bangalore,BESCOM,Domestic,4.5,6.5,7.7,8.5,100.0,9.0,998.35
26402,Apr,2023,486.08,Delhi,Delhi,BSES Yamuna,Commercial,6.5,8.0,9.5,11.0,180.0,5.0,4380.94
33393,Jun,2026,31.67,Maharashtra,Mumbai,MSEDCL,Domestic,5.5,8.2,10.5,12.0,125.0,16.0,344.35
24009,May,2024,1036.19,Karnataka,Bangalore,BESCOM,Commercial,8.0,9.0,10.0,11.0,220.0,9.0,11830.58
32286,Jun,2026,46.56,Tamil Nadu,Chennai,TANGEDCO,Domestic,3.5,5.0,7.0,9.0,80.0,10.0,265.64
32556,Jul,2026,264.54,Maharashtra,Mumbai,MSEDCL,Commercial,9.5,11.0,12.5,14.0,300.0,16.0,3494.55
22467,Jul,2023,1082.41,Delhi,Delhi,BSES Yamuna,Commercial,6.5,8.0,9.5,11.0,180.0,5.0,11486.7
22283,Sep,2025,80.61,Maharashtra,Mumbai,MSEDCL,Domestic,5.5,8.2,10.5,12.0,125.0,16.0,646.93
21857,Aug,2024,68.74,Karnataka,Bangalore,BESCOM,Domestic,4.5,6.5,7.7,8.5,100.0,9.0,451.38
27981,Jun,2023,459.45,Karnataka,Bangalore,BESCOM,Domestic,4.5,6.5,7.7,8.5,100.0,9.0,3378.13
21999,Dec,2024,104.0,Tamil Nadu,Chennai,TANGEDCO,Domestic,3.5,5.0,7.0,9.0,80.0,10.0,491.56
25477,Jun,2026,119.39,Tamil Nadu,Chennai,TANGEDCO,Domestic,3.5,5.0,7.0,9.0,80.0,10.0,578.34
29429,May,2024,129.88,Delhi,Delhi,BSES Yamuna,Domestic,3.0,4.5,6.5,8.0,50.0,5.0,515.8
24670,Jan,2024,1573.38,Tamil Nadu,Chennai,TANGEDCO,Commercial,7.5,8.5,9.8,11.2,210.0,10.0,18223.55
32337,Sep,2025,76.0,Karnataka,Bangalore,BESCOM,Domestic,4.5,6.5,7.7,8.5,100.0,9.0,480.81
29343,Sep,2023,874.14,Karnataka,Bangalore,BESCOM,Commercial,8.0,9.0,10.0,11.0,220.0,9.0,9865.34
24319,Sep,2024,35.74,West Bengal,Kolkata,CESC,Domestic,5.1,6.8,7.9,9.2,110.0,12.0,329.58
27065,Nov,2024,200.6,Delhi,Delhi,BSES Yamuna,Domestic,3.0,4.5,6.5,8.0,50.0,5.0,838.55
27447,Aug,2026,792.31,West Bengal,Kolkata,CESC,Commercial,8.5,9.5,10.2,11.5,250.0,12.0,9439.67
21432,Oct,2026,33.3,Delhi,Delhi,BSES Yamuna,Domestic,3.0,4.5,6.5,8.0,50.0,5.0,159.44
25625,Mar,2024,666.92,Karnataka,Bangalore,BESCOM,Domestic,4.5,6.5,7.7,8.5,100.0,9.0,5151.87
27462,Jan,2023,167.74,West Bengal,Kolkata,CESC,Domestic,5.1,6.8,7.9,9.2,110.0,12.0,1203.83
21820,Nov,2024,341.24,Karnataka,Bangalore,BESCOM,Commercial,8.0,9.0,10.0,11.0,220.0,9.0,3572.2
30517,Dec,2024,275.29,Delhi,Delhi,BSES Yamuna,Domestic,3.0,4.5,6.5,8.0,50.0,5.0,1187.5
33750,Dec,2025,167.67,Delhi,Delhi,BSES Yamuna,Domestic,3.0,4.5,6.5,8.0,50.0,5.0,687.97
21131,Aug,2023,80.83,Maharashtra,Mumbai,MSEDCL,Domestic,5.5,8.2,10.5,12.0,125.0,16.0,657.24
33970,Jul,2025,950.0,Maharashtra,Mumbai,MSEDCL,Domestic,5.5,8.2,10.5,12.0,125.0,16.0,11224.93
26564,May,2023,464.07,Delhi,Delhi,BSES Yamuna,Domestic,3.0,4.5,6.5,8.0,50.0,5.0,2450.49
22659,Oct,2023,304.0,West Bengal,Kolkata,CESC,Domestic,5.1,6.8,7.9,9.2,110.0,12.0,2209.15
23501,Jul,2023,257.35,Karnataka,Bangalore,BESCOM,Domestic,4.5,6.5,7.7,8.5,100.0,9.0,1747.74
28567,Oct,2025,215.92,Delhi,Delhi,BSES Yamuna,Commercial,6.5,8.0,9.5,11.0,180.0,5.0,1864.11
22121,Apr,2025,1315.03,Tamil Nadu,Chennai,TANGEDCO,Commercial,7.5,8.5,9.8,11.2,210.0,10.0,14834.7
24021,Sep,2025,268.77,Tamil Nadu,Chennai,TANGEDCO,Domestic,3.5,5.0,7.0,9.0,80.0,10.0,1373.88
30214,Nov,2026,79.77,Karnataka,Bangalore,BESCOM,Domestic,4.5,6.5,7.7,8.5,100.0,9.0,505.33
31898,Oct,2025,479.07,Maharashtra,Mumbai,MSEDCL,Domestic,5.5,8.2,10.5,12.0,125.0,16.0,4808.88
33342,Feb,2026,255.49,Tamil Nadu,Chennai,TANGEDCO,Domestic,3.5,5.0,7.0,9.0,80.0,10.0,1350.98
23260,Sep,2026,31.92,Karnataka,Bangalore,BESCOM,Domestic,4.5,6.5,7.7,8.5,100.0,9.0,264.42
31628,Sep,2026,314.22,Karnataka,Bangalore,BESCOM,Domestic,4.5,6.5,7.7,8.5,100.0,9.0,2131.38
30082,May,2024,126.24,Karnataka,Bangalore,BESCOM,Domestic,4.5,6.5,7.7,8.5,100.0,9.0,787.31
21824,Nov,2024,579.21,Tamil Nadu,Chennai,TANGEDCO,Commercial,7.5,8.5,9.8,11.2,210.0,10.0,6165.36
21475,Jan,2024,320.88,Maharashtra,Mumbai,MSEDCL,Domestic,5.5,8.2,10.5,12.0,125.0,16.0,2951.5
22243,Jul,2026,1186.73,Delhi,Delhi,BSES Yamuna,Commercial,6.5,8.0,9.5,11.0,180.0,5.0,12355.37
33468,Oct,2026,429.58,Delhi,Delhi,BSES Yamuna,Domestic,3.0,4.5,6.5,8.0,50.0,5.0,2160.39
23244,Oct,2023,373.69,Karnataka,Bangalore,BESCOM,Domestic,4.5,6.5,7.7,8.5,100.0,9.0,2668.0
26991,Apr,2026,130.3,Maharashtra,Mumbai,MSEDCL,Domestic,5.5,8.2,10.5,12.0,125.0,16.0,1088.98
25161,Sep,2024,755.26,Tamil Nadu,Chennai,TANGEDCO,Commercial,7.5,8.5,9.8,11.2,210.0,10.0,8384.82
23135,Jun,2026,56.55,Karnataka,Bangalore,BESCOM,Domestic,4.5,6.5,7.7,8.5,100.0,9.0,382.43
22071,Mar,2026,69.65,West Bengal,Kolkata,CESC,Domestic,5.1,6.8,7.9,9.2,110.0,12.0,527.35
20360,Jun,2023,442.91,Maharashtra,Mumbai,MSEDCL,Domestic,5.5,8.2,10.5,12.0,125.0,16.0,4434.27
34896,Oct,2026,162.96,Maharashtra,Mumbai,MSEDCL,Domestic,5.5,8.2,10.5,12.0,125.0,16.0,1408.27
30234,Jun,2025,358.28,West Bengal,Kolkata,CESC,Domestic,5.1,6.8,7.9,9.2,110.0,12.0,2682.61
21142,May,2023,323.42,Karnataka,Bangalore,BESCOM,Domestic,4.5,6.5,7.7,8.5,100.0,9.0,2199.57
21636,Feb,2026,598.72,Karnataka,Bangalore,BESCOM,Domestic,4.5,6.5,7.7,8.5,100.0,9.0,4701.92
33692,Oct,2026,298.57,Tamil Nadu,Chennai,TANGEDCO,Domestic,3.5,5.0,7.0,9.0,80.0,10.0,1564.34
24001,Oct,2023,152.26,Maharashtra,Mumbai,MSEDCL,Domestic,5.5,8.2,10.5,12.0,125.0,16.0,1288.5
30136,Feb,2026,56.61,West Bengal,Kolkata,CESC,Domestic,5.1,6.8,7.9,9.2,110.0,12.0,445.1
32967,Jul,2024,97.18,West Bengal,Kolkata,CESC,Domestic,5.1,6.8,7.9,9.2,110.0,12.0,679.15
23362,Feb,2025,143.47,Maharashtra,Mumbai,MSEDCL,Domestic,5.5,8.2,10.5,12.0,125.0,16.0,1174.1
26584,Dec,2025,127.73,West Bengal,Kolkata,CESC,Domestic,5.1,6.8,7.9,9.2,110.0,12.0,918.96
27836,Jun,2024,98.05,Delhi,Delhi,BSES Yamuna,Domestic,3.0,4.5,6.5,8.0,50.0,5.0,368.35
31173,May,2026,453.44,Delhi,Delhi,BSES Yamuna,Commercial,6.5,8.0,9.5,11.0,180.0,5.0,4042.63
20007,Apr,2026,58.15,Maharashtra,Mumbai,MSEDCL,Domestic,5.5,8.2,10.5,12.0,125.0,16.0,522.67
23268,Jul,2025,353.77,Tamil Nadu,Chennai,TANGEDCO,Domestic,3.5,5.0,7.0,9.0,80.0,10.0,1977.26
26565,Aug,2026,393.08,Delhi,Delhi,BSES Yamuna,Domestic,3.0,4.5,6.5,8.0,50.0,5.0,1983.84
29784,Apr,2025,31.68,Tamil Nadu,Chennai,TANGEDCO,Domestic,3.5,5.0,7.0,9.0,80.0,10.0,210.37
24929,Jan,2025,188.55,Maharashtra,Mumbai,MSEDCL,Domestic,5.5,8.2,10.5,12.0,125.0,16.0,1620.09
31457,Jan,2024,83.36,West Bengal,Kolkata,CESC,Domestic,5.1,6.8,7.9,9.2,110.0,12.0,589.7
22607,Jan,2025,166.18,Karnataka,Bangalore,BESCOM,Commercial,8.0,9.0,10.0,11.0,220.0,9.0,1784.72
31412,Nov,2026,381.12,Delhi,Delhi,BSES Yamuna,Commercial,6.5,8.0,9.5,11.0,180.0,5.0,3317.63
25907,Jan,2026,402.73,Maharashtra,Mumbai,MSEDCL,Commercial,9.5,11.0,12.5,14.0,300.0,16.0,5410.8
23274,May,2023,707.75,Delhi,Delhi,BSES Yamuna,Domestic,3.0,4.5,6.5,8.0,50.0,5.0,4379.42
27612,Apr,2026,335.07,Maharashtra,Mumbai,MSEDCL,Commercial,9.5,11.0,12.5,14.0,300.0,16.0,4570.31
20914,Sep,2023,67.55,Tamil Nadu,Chennai,TANGEDCO,Domestic,3.5,5.0,7.0,9.0,80.0,10.0,346.75
22012,Mar,2025,440.34,Maharashtra,Mumbai,MSEDCL,Domestic,5.5,8.2,10.5,12.0,125.0,16.0,4377.81
21443,Jul,2026,295.13,West Bengal,Kolkata,CESC,Domestic,5.1,6.8,7.9,9.2,110.0,12.0,2214.42
25547,Nov,2024,155.46,Tamil Nadu,Chennai,TANGEDCO,Domestic,3.5,5.0,7.0,9.0,80.0,10.0,766.65
31247,Aug,2024,304.79,Maharashtra,Mumbai,MSEDCL,Domestic,5.5,8.2,10.5,12.0,125.0,16.0,2752.88
33791,Jun,2024,201.04,Tamil Nadu,Chennai,TANGEDCO,Domestic,3.5,5.0,7.0,9.0,80.0,10.0,1018.67
31739,Dec,2025,90.59,West Bengal,Kolkata,CESC,Domestic,5.1,6.8,7.9,9.2,110.0,12.0,636.63
32414,Oct,2025,717.49,West Bengal,Kolkata,CESC,Commercial,8.5,9.5,10.2,11.5,250.0,12.0,8359.58
34731,Jan,2023,206.25,Maharashtra,Mumbai,MSEDCL,Domestic,5.5,8.2,10.5,12.0,125.0,16.0,1761.19
33105,Aug,2024,114.94,Delhi,Delhi,BSES Yamuna,Domestic,3.0,4.5,6.5,8.0,50.0,5.0,430.34
31121,Oct,2023,135.96,Karnataka,Bangalore,BESCOM,Domestic,4.5,6.5,7.7,8.5,100.0,9.0,868.55
21830,Mar,2023,404.99,Delhi,Delhi,BSES Yamuna,Commercial,6.5,8.0,9.5,11.0,180.0,5.0,3663.38
28768,Aug,2026,520.65,Karnataka,Bangalore,BESCOM,Domestic,4.5,6.5,7.7,8.5,100.0,9.0,3899.58
26469,Dec,2026,101.07,Delhi,Delhi,BSES Yamuna,Domestic,3.0,4.5,6.5,8.0,50.0,5.0,373.98
33704,Apr,2024,803.05,West Bengal,Kolkata,CESC,Commercial,8.5,9.5,10.2,11.5,250.0,12.0,9363.48
20930,Aug,2025,338.59,West Bengal,Kolkata,CESC,Domestic,5.1,6.8,7.9,9.2,110.0,12.0,2589.33
31952,Nov,2026,84.83,Maharashtra,Mumbai,MSEDCL,Domestic,5.5,8.2,10.5,12.0,125.0,16.0,688.8
23700,Jan,2025,2113.56,Karnataka,Bangalore,BESCOM,Commercial,8.0,9.0,10.0,11.0,220.0,9.0,25052.43
29656,Mar,2023,679.97,Delhi,Delhi,BSES Yamuna,Domestic,3.0,4.5,6.5,8.0,50.0,5.0,4228.4
31468,Jun,2023,2800.0,West Bengal,Kolkata,CESC,Commercial,8.5,9.5,10.2,11.5,250.0,12.0,34657.3
33121,Sep,2023,117.84,Tamil Nadu,Chennai,TANGEDCO,Domestic,3.5,5.0,7.0,9.0,80.0,10.0,569.27
21055,Feb,2023,980.92,Maharashtra,Mumbai,MSEDCL,Commercial,9.5,11.0,12.5,14.0,300.0,16.0,14981.78
25745,Nov,2024,1942.24,Karnataka,Bangalore,BESCOM,Commercial,8.0,9.0,10.0,11.0,220.0,9.0,22725.79
21901,Jan,2023,146.75,Delhi,Delhi,BSES Yamuna,Domestic,3.0,4.5,6.5,8.0,50.0,5.0,598.92
29650,Oct,2026,165.16,Karnataka,Bangalore,BESCOM,Domestic,4.5,6.5,7.7,8.5,100.0,9.0,1055.56
26981,Mar,2023,1032.44,West Bengal,Kolkata,CESC,Commercial,8.5,9.5,10.2,11.5,250.0,12.0,12259.92
27070,Apr,2025,30.02,Tamil Nadu,Chennai,TANGEDCO,Domestic,3.5,5.0,7.0,9.0,80.0,10.0,200.02
29592,Nov,2026,125.14,Karnataka,Bangalore,BESCOM,Domestic,4.5,6.5,7.7,8.5,100.0,9.0,783.63
23416,May,2025,143.62,Maharashtra,Mumbai,MSEDCL,Domestic,5.5,8.2,10.5,12.0,125.0,16.0,1220.95
20443,Mar,2025,1167.36,Karnataka,Bangalore,BESCOM,Commercial,8.0,9.0,10.0,11.0,220.0,9.0,13462.95
31843,Oct,2024,658.19,Karnataka,Bangalore,BESCOM,Commercial,8.0,9.0,10.0,11.0,220.0,9.0,7015.2
26219,Nov,2024,103.91,Karnataka,Bangalore,BESCOM,Domestic,4.5,6.5,7.7,8.5,100.0,9.0,621.68
24653,Feb,2025,79.3,Karnataka,Bangalore,BESCOM,Domestic,4.5,6.5,7.7,8.5,100.0,9.0,503.09
27940,Feb,2025,1447.92,Karnataka,Bangalore,BESCOM,Commercial,8.0,9.0,10.0,11.0,220.0,9.0,16693.89
27834,Jul,2023,569.25,Tamil Nadu,Chennai,TANGEDCO,Commercial,7.5,8.5,9.8,11.2,210.0,10.0,5837.79
29371,Sep,2026,378.15,West Bengal,Kolkata,CESC,Domestic,5.1,6.8,7.9,9.2,110.0,12.0,2941.56
27598,Oct,2023,296.9,West Bengal,Kolkata,CESC,Commercial,8.5,9.5,10.2,11.5,250.0,12.0,3274.32
34326,Feb,2024,59.06,Maharashtra,Mumbai,MSEDCL,Domestic,5.5,8.2,10.5,12.0,125.0,16.0,516.6
24459,Jul,2024,74.65,Maharashtra,Mumbai,MSEDCL,Domestic,5.5,8.2,10.5,12.0,125.0,16.0,624.43
26592,Jul,2023,597.84,Maharashtra,Mumbai,MSEDCL,Commercial,9.5,11.0,12.5,14.0,300.0,16.0,8405.52
29450,Nov,2026,516.94,West Bengal,Kolkata,CESC,Domestic,5.1,6.8,7.9,9.2,110.0,12.0,4226.26
31827,Jul,2025,200.02,Delhi,Delhi,BSES Yamuna,Domestic,3.0,4.5,6.5,8.0,50.0,5.0,829.41
30034,Mar,2023,359.85,Delhi,Delhi,BSES Yamuna,Domestic,3.0,4.5,6.5,8.0,50.0,5.0,1735.1
22310,Dec,2024,376.5,Tamil Nadu,Chennai,TANGEDCO,Commercial,7.5,8.5,9.8,11.2,210.0,10.0,3822.53
34139,Jul,2026,125.5,Delhi,Delhi,BSES Yamuna,Commercial,6.5,8.0,9.5,11.0,180.0,5.0,1097.64
26269,Jan,2024,419.77,Tamil Nadu,Chennai,TANGEDCO,Domestic,3.5,5.0,7.0,9.0,80.0,10.0,2524.57
20911,Oct,2026,61.78,Tamil Nadu,Chennai,TANGEDCO,Domestic,3.5,5.0,7.0,9.0,80.0,10.0,328.99
24341,Jan,2026,466.42,Maharashtra,Mumbai,MSEDCL,Domestic,5.5,8.2,10.5,12.0,125.0,16.0,4735.8
32830,May,2026,183.45,West Bengal,Kolkata,CESC,Commercial,8.5,9.5,10.2,11.5,250.0,12.0,2114.76
24010,Feb,2023,564.64,Delhi,Delhi,BSES Yamuna,Domestic,3.0,4.5,6.5,8.0,50.0,5.0,3209.67
26629,Sep,2023,36.17,West Bengal,Kolkata,CESC,Domestic,5.1,6.8,7.9,9.2,110.0,12.0,332.37
22170,Jul,2023,197.83,Karnataka,Bangalore,BESCOM,Domestic,4.5,6.5,7.7,8.5,100.0,9.0,1271.4
22173,Apr,2026,183.09,Delhi,Delhi,BSES Yamuna,Domestic,3.0,4.5,6.5,8.0,50.0,5.0,757.53
25669,Apr,2026,50.94,Tamil Nadu,Chennai,TANGEDCO,Domestic,3.5,5.0,7.0,9.0,80.0,10.0,289.31
26314,Feb,2024,58.26,West Bengal,Kolkata,CESC,Domestic,5.1,6.8,7.9,9.2,110.0,12.0,456.19
28316,May,2025,230.27,Maharashtra,Mumbai,MSEDCL,Commercial,9.5,11.0,12.5,14.0,300.0,16.0,3103.19
28037,Apr,2023,96.82,Delhi,Delhi,BSES Yamuna,Domestic,3.0,4.5,6.5,8.0,50.0,5.0,355.08
31351,Dec,2026,602.82,Tamil Nadu,Chennai,TANGEDCO,Domestic,3.5,5.0,7.0,9.0,80.0,10.0,4114.17
26790,Jan,2024,54.78,Karnataka,Bangalore,BESCOM,Domestic,4.5,6.5,7.7,8.5,100.0,9.0,379.43
34020,Dec,2024,256.75,Karnataka,Bangalore,BESCOM,Domestic,4.5,6.5,7.7,8.5,100.0,9.0,1697.41
20786,Aug,2024,219.76,Karnataka,Bangalore,BESCOM,Domestic,4.5,6.5,7.7,8.5,100.0,9.0,1459.03
26140,Mar,2023,278.74,West Bengal,Kolkata,CESC,Domestic,5.1,6.8,7.9,9.2,110.0,12.0,2082.54
26345,Jun,2023,472.11,Tamil Nadu,Chennai,TANGEDCO,Domestic,3.5,5.0,7.0,9.0,80.0,10.0,2884.62
22417,Apr,2025,155.55,Karnataka,Bangalore,BESCOM,Commercial,8.0,9.0,10.0,11.0,220.0,9.0,1631.88
28989,Sep,2024,65.31,Maharashtra,Mumbai,MSEDCL,Domestic,5.5,8.2,10.5,12.0,125.0,16.0,564.91
32365,Jul,2023,238.76,Delhi,Delhi,BSES Yamuna,Domestic,3.0,4.5,6.5,8.0,50.0,5.0,1017.35
24155,Sep,2024,57.56,Tamil Nadu,Chennai,TANGEDCO,Domestic,3.5,5.0,7.0,9.0,80.0,10.0,306.48
34767,Oct,2026,531.99,Delhi,Delhi,BSES Yamuna,Domestic,3.0,4.5,6.5,8.0,50.0,5.0,2955.94
34974,Mar,2024,222.79,Delhi,Delhi,BSES Yamuna,Domestic,3.0,4.5,6.5,8.0,50.0,5.0,958.89
25620,Jan,2025,133.22,Tamil Nadu,Chennai,TANGEDCO,Commercial,7.5,8.5,9.8,11.2,210.0,10.0,1357.48
21937,May,2023,80.36,West Bengal,Kolkata,CESC,Domestic,5.1,6.8,7.9,9.2,110.0,12.0,573.35
30349,Mar,2026,237.8,Tamil Nadu,Chennai,TANGEDCO,Domestic,3.5,5.0,7.0,9.0,80.0,10.0,1235.81
23808,Jun,2023,266.88,Delhi,Delhi,BSES Yamuna,Commercial,6.5,8.0,9.5,11.0,180.0,5.0,2294.44
27152,Aug,2026,84.51,Tamil Nadu,Chennai,TANGEDCO,Domestic,3.5,5.0,7.0,9.0,80.0,10.0,417.65
29494,Nov,2024,898.8,Karnataka,Bangalore,BESCOM,Commercial,8.0,9.0,10.0,11.0,220.0,9.0,10210.52
32356,Apr,2024,49.79,Delhi,Delhi,BSES Yamuna,Domestic,3.0,4.5,6.5,8.0,50.0,5.0,210.11
31333,May,2025,167.11,West Bengal,Kolkata,CESC,Domestic,5.1,6.8,7.9,9.2,110.0,12.0,1189.59
23237,May,2025,66.5,West Bengal,Kolkata,CESC,Domestic,5.1,6.8,7.9,9.2,110.0,12.0,496.47
22353,Apr,2026,495.76,Maharashtra,Mumbai,MSEDCL,Commercial,9.5,11.0,12.5,14.0,300.0,16.0,6948.41
21933,Apr,2025,81.48,Delhi,Delhi,BSES Yamuna,Domestic,3.0,4.5,6.5,8.0,50.0,5.0,313.85
30914,Apr,2025,118.5,Tamil Nadu,Chennai,TANGEDCO,Domestic,3.5,5.0,7.0,9.0,80.0,10.0,579.12
28557,Apr,2025,545.97,Delhi,Delhi,BSES Yamuna,Domestic,3.0,4.5,6.5,8.0,50.0,5.0,3007.36
24917,Apr,2025,523.11,Delhi,Delhi,BSES Yamuna,Domestic,3.0,4.5,6.5,8.0,50.0,5.0,2881.06
25499,May,2024,116.26,Tamil Nadu,Chennai,TANGEDCO,Domestic,3.5,5.0,7.0,9.0,80.0,10.0,553.12
30583,Feb,2025,72.02,Karnataka,Bangalore,BESCOM,Domestic,4.5,6.5,7.7,8.5,100.0,9.0,465.84
20947,Feb,2024,276.85,Tamil Nadu,Chennai,TANGEDCO,Domestic,3.5,5.0,7.0,9.0,80.0,10.0,1427.87
33866,Sep,2024,44.79,Tamil Nadu,Chennai,TANGEDCO,Domestic,3.5,5.0,7.0,9.0,80.0,10.0,259.69
29570,Feb,2023,213.27,Maharashtra,Mumbai,MSEDCL,Domestic,5.5,8.2,10.5,12.0,125.0,16.0,1878.26
21440,Jun,2024,292.92,Delhi,Delhi,BSES Yamuna,Domestic,3.0,4.5,6.5,8.0,50.0,5.0,1267.42
31373,Feb,2024,275.16,Delhi,Delhi,BSES Yamuna,Domestic,3.0,4.5,6.5,8.0,50.0,5.0,1212.88
27731,May,2025,161.0,Karnataka,Bangalore,BESCOM,Domestic,4.5,6.5,7.7,8.5,100.0,9.0,1037.58
24858,Apr,2024,886.02,West Bengal,Kolkata,CESC,Commercial,8.5,9.5,10.2,11.5,250.0,12.0,10565.53
20341,Dec,2026,62.21,Maharashtra,Mumbai,MSEDCL,Domestic,5.5,8.2,10.5,12.0,125.0,16.0,549.58
31182,Jul,2025,684.12,Delhi,Delhi,BSES Yamuna,Commercial,6.5,8.0,9.5,11.0,180.0,5.0,6785.55
20383,Jul,2025,41.56,Delhi,Delhi,BSES Yamuna,Domestic,3.0,4.5,6.5,8.0,50.0,5.0,185.7
33292,Jun,2025,307.95,Tamil Nadu,Chennai,TANGEDCO,Domestic,3.5,5.0,7.0,9.0,80.0,10.0,1630.77
29749,Oct,2023,62.53,Maharashtra,Mumbai,MSEDCL,Domestic,5.5,8.2,10.5,12.0,125.0,16.0,540.66
28492,May,2025,375.49,West Bengal,Kolkata,CESC,Domestic,5.1,6.8,7.9,9.2,110.0,12.0,2848.66
20139,Jan,2024,574.39,Delhi,Delhi,BSES Yamuna,Domestic,3.0,4.5,6.5,8.0,50.0,5.0,3329.15
20359,Dec,2026,354.26,Tamil Nadu,Chennai,TANGEDCO,Commercial,7.5,8.5,9.8,11.2,210.0,10.0,3442.61
24932,Mar,2025,166.82,Karnataka,Bangalore,BESCOM,Commercial,8.0,9.0,10.0,11.0,220.0,9.0,1784.21
29715,Sep,2025,168.13,Karnataka,Bangalore,BESCOM,Domestic,4.5,6.5,7.7,8.5,100.0,9.0,1090.97
23457,Jan,2026,323.81,Maharashtra,Mumbai,MSEDCL,Domestic,5.5,8.2,10.5,12.0,125.0,16.0,2936.35
21628,May,2025,770.05,Karnataka,Bangalore,BESCOM,Commercial,8.0,9.0,10.0,11.0,220.0,9.0,8361.71
34271,Feb,2023,256.09,West Bengal,Kolkata,CESC,Domestic,5.1,6.8,7.9,9.2,110.0,12.0,1894.34
29496,Apr,2024,319.84,West Bengal,Kolkata,CESC,Domestic,5.1,6.8,7.9,9.2,110.0,12.0,2399.9
26627,Nov,2026,406.62,Tamil Nadu,Chennai,TANGEDCO,Domestic,3.5,5.0,7.0,9.0,80.0,10.0,2439.42
25005,Jan,2026,183.84,Delhi,Delhi,BSES Yamuna,Domestic,3.0,4.5,6.5,8.0,50.0,5.0,749.52
29327,Mar,2023,463.83,Maharashtra,Mumbai,MSEDCL,Domestic,5.5,8.2,10.5,12.0,125.0,16.0,4601.29
30379,Oct,2024,1746.95,Maharashtra,Mumbai,MSEDCL,Commercial,9.5,11.0,12.5,14.0,300.0,16.0,26959.88
33284,Jul,2023,202.3,Tamil Nadu,Chennai,TANGEDCO,Commercial,7.5,8.5,9.8,11.2,210.0,10.0,2047.1
34771,Oct,2024,73.33,Tamil Nadu,Chennai,TANGEDCO,Domestic,3.5,5.0,7.0,9.0,80.0,10.0,370.0
26653,Mar,2023,145.7,Karnataka,Bangalore,BESCOM,Commercial,8.0,9.0,10.0,11.0,220.0,9.0,1570.94
26417,Apr,2025,53.79,Tamil Nadu,Chennai,TANGEDCO,Domestic,3.5,5.0,7.0,9.0,80.0,10.0,299.49
23171,Feb,2023,117.77,Delhi,Delhi,BSES Yamuna,Domestic,3.0,4.5,6.5,8.0,50.0,5.0,460.07
23836,Mar,2026,417.87,Karnataka,Bangalore,BESCOM,Commercial,8.0,9.0,10.0,11.0,220.0,9.0,4335.96
28018,Sep,2026,434.07,Delhi,Delhi,BSES Yamuna,Domestic,3.0,4.5,6.5,8.0,50.0,5.0,2213.35
22152,Mar,2026,174.8,Karnataka,Bangalore,BESCOM,Domestic,4.5,6.5,7.7,8.5,100.0,9.0,1130.56
29430,Nov,2023,93.47,West Bengal,Kolkata,CESC,Domestic,5.1,6.8,7.9,9.2,110.0,12.0,658.12
34073,May,2026,214.55,Maharashtra,Mumbai,MSEDCL,Commercial,9.5,11.0,12.5,14.0,300.0,16.0,2939.43
31928,Feb,2026,371.34,Maharashtra,Mumbai,MSEDCL,Commercial,9.5,11.0,12.5,14.0,300.0,16.0,4959.49
26906,Apr,2025,158.7,Delhi,Delhi,BSES Yamuna,Commercial,6.5,8.0,9.5,11.0,180.0,5.0,1389.22
22835,Dec,2025,641.54,Tamil Nadu,Chennai,TANGEDCO,Domestic,3.5,5.0,7.0,9.0,80.0,10.0,4560.03
32453,Jul,2024,457.98,Maharashtra,Mumbai,MSEDCL,Commercial,9.5,11.0,12.5,14.0,300.0,16.0,6265.05
29191,Jul,2024,139.49,Karnataka,Bangalore,BESCOM,Domestic,4.5,6.5,7.7,8.5,100.0,9.0,871.57
22568,Dec,2024,995.46,Maharashtra,Mumbai,MSEDCL,Commercial,9.5,11.0,12.5,14.0,300.0,16.0,15088.15
21308,Mar,2023,84.9,West Bengal,Kolkata,CESC,Domestic,5.1,6.8,7.9,9.2,110.0,12.0,615.38
34853,May,2024,51.66,Delhi,Delhi,BSES Yamuna,Domestic,3.0,4.5,6.5,8.0,50.0,5.0,210.93
28849,Jan,2023,273.39,West Bengal,Kolkata,CESC,Domestic,5.1,6.8,7.9,9.2,110.0,12.0,2019.98
22661,Oct,2023,417.02,West Bengal,Kolkata,CESC,Commercial,8.5,9.5,10.2,11.5,250.0,12.0,4660.81
30404,Oct,2024,131.71,Delhi,Delhi,BSES Yamuna,Commercial,6.5,8.0,9.5,11.0,180.0,5.0,1125.42
30102,Oct,2024,101.6,Maharashtra,Mumbai,MSEDCL,Domestic,5.5,8.2,10.5,12.0,125.0,16.0,811.63
23731,Nov,2023,94.5,Tamil Nadu,Chennai,TANGEDCO,Domestic,3.5,5.0,7.0,9.0,80.0,10.0,460.65
30239,Jan,2025,780.2,Maharashtra,Mumbai,MSEDCL,Commercial,9.5,11.0,12.5,14.0,300.0,16.0,11311.98
26208,May,2026,214.18,Maharashtra,Mumbai,MSEDCL,Domestic,5.5,8.2,10.5,12.0,125.0,16.0,1905.3
23163,Oct,2026,372.97,Maharashtra,Mumbai,MSEDCL,Commercial,9.5,11.0,12.5,14.0,300.0,16.0,5040.26
21141,Sep,2026,659.67,Delhi,Delhi,BSES Yamuna,Commercial,6.5,8.0,9.5,11.0,180.0,5.0,6452.08
34178,Jan,2025,307.46,Maharashtra,Mumbai,MSEDCL,Domestic,5.5,8.2,10.5,12.0,125.0,16.0,2754.34
28459,Jan,2023,106.89,Karnataka,Bangalore,BESCOM,Domestic,4.5,6.5,7.7,8.5,100.0,9.0,642.7
30038,Apr,2024,385.15,Tamil Nadu,Chennai,TANGEDCO,Domestic,3.5,5.0,7.0,9.0,80.0,10.0,2255.2
21709,Apr,2023,215.02,Delhi,Delhi,BSES Yamuna,Domestic,3.0,4.5,6.5,8.0,50.0,5.0,900.74
23631,Feb,2023,884.27,West Bengal,Kolkata,CESC,Domestic,5.1,6.8,7.9,9.2,110.0,12.0,7902.72
23212,Sep,2024,99.91,Delhi,Delhi,BSES Yamuna,Domestic,3.0,4.5,6.5,8.0,50.0,5.0,360.66
30486,Sep,2025,53.53,West Bengal,Kolkata,CESC,Domestic,5.1,6.8,7.9,9.2,110.0,12.0,424.5
31925,Feb,2026,83.69,Delhi,Delhi,BSES Yamuna,Domestic,3.0,4.5,6.5,8.0,50.0,5.0,317.38
32022,Sep,2026,345.76,West Bengal,Kolkata,CESC,Domestic,5.1,6.8,7.9,9.2,110.0,12.0,2619.12
26539,Jun,2023,219.63,Maharashtra,Mumbai,MSEDCL,Domestic,5.5,8.2,10.5,12.0,125.0,16.0,1946.38
29703,Aug,2025,239.39,West Bengal,Kolkata,CESC,Commercial,8.5,9.5,10.2,11.5,250.0,12.0,2682.1
20476,Oct,2026,226.97,Tamil Nadu,Chennai,TANGEDCO,Domestic,3.5,5.0,7.0,9.0,80.0,10.0,1185.45
27685,Apr,2025,196.13,West Bengal,Kolkata,CESC,Domestic,5.1,6.8,7.9,9.2,110.0,12.0,1420.28
29169,Feb,2024,826.18,Tamil Nadu,Chennai,TANGEDCO,Commercial,7.5,8.5,9.8,11.2,210.0,10.0,8962.34
21208,Feb,2023,55.66,West Bengal,Kolkata,CESC,Domestic,5.1,6.8,7.9,9.2,110.0,12.0,432.9
33332,Sep,2023,625.3,Maharashtra,Mumbai,MSEDCL,Domestic,5.5,8.2,10.5,12.0,125.0,16.0,6756.14
21961,Jan,2025,377.97,Maharashtra,Mumbai,MSEDCL,Domestic,5.5,8.2,10.5,12.0,125.0,16.0,3664.54
20558,Dec,2026,412.15,Delhi,Delhi,BSES Yamuna,Commercial,6.5,8.0,9.5,11.0,180.0,5.0,3682.91
33306,Jul,2025,53.29,West Bengal,Kolkata,CESC,Domestic,5.1,6.8,7.9,9.2,110.0,12.0,429.97
33894,Nov,2024,476.91,Maharashtra,Mumbai,MSEDCL,Commercial,9.5,11.0,12.5,14.0,300.0,16.0,6484.99
20883,Mar,2026,850.5,Karnataka,Bangalore,BESCOM,Commercial,8.0,9.0,10.0,11.0,220.0,9.0,9320.12
30387,Mar,2026,396.81,Tamil Nadu,Chennai,TANGEDCO,Domestic,3.5,5.0,7.0,9.0,80.0,10.0,2362.88
24762,Feb,2025,53.66,Delhi,Delhi,BSES Yamuna,Domestic,3.0,4.5,6.5,8.0,50.0,5.0,223.62
30860,Oct,2024,185.57,Tamil Nadu,Chennai,TANGEDCO,Domestic,3.5,5.0,7.0,9.0,80.0,10.0,937.13
25868,Jun,2026,83.03,Maharashtra,Mumbai,MSEDCL,Domestic,5.5,8.2,10.5,12.0,125.0,16.0,681.11
26964,Oct,2023,69.0,Tamil Nadu,Chennai,TANGEDCO,Domestic,3.5,5.0,7.0,9.0,80.0,10.0,360.22
33152,Feb,2024,209.91,Delhi,Delhi,BSES Yamuna,Domestic,3.0,4.5,6.5,8.0,50.0,5.0,869.98
32870,Oct,2026,272.28,Maharashtra,Mumbai,MSEDCL,Domestic,5.5,8.2,10.5,12.0,125.0,16.0,2425.49
27167,Apr,2025,584.91,Karnataka,Bangalore,BESCOM,Commercial,8.0,9.0,10.0,11.0,220.0,9.0,6294.86
32983,Oct,2026,233.14,West Bengal,Kolkata,CESC,Domestic,5.1,6.8,7.9,9.2,110.0,12.0,1711.33
27930,Sep,2023,147.09,Tamil Nadu,Chennai,TANGEDCO,Domestic,3.5,5.0,7.0,9.0,80.0,10.0,731.94
25348,Sep,2024,185.88,Karnataka,Bangalore,BESCOM,Domestic,4.5,6.5,7.7,8.5,100.0,9.0,1226.71
27270,Jun,2026,286.47,Delhi,Delhi,BSES Yamuna,Domestic,3.0,4.5,6.5,8.0,50.0,5.0,1253.44
29803,Apr,2023,423.93,Delhi,Delhi,BSES Yamuna,Commercial,6.5,8.0,9.5,11.0,180.0,5.0,3857.93
31681,Jul,2026,36.84,Maharashtra,Mumbai,MSEDCL,Domestic,5.5,8.2,10.5,12.0,125.0,16.0,378.45
28126,Jan,2026,131.08,Karnataka,Bangalore,BESCOM,Domestic,4.5,6.5,7.7,8.5,100.0,9.0,821.69
33528,Dec,2024,85.08,Karnataka,Bangalore,BESCOM,Domestic,4.5,6.5,7.7,8.5,100.0,9.0,522.61
22455,Apr,2025,92.79,Delhi,Delhi,BSES Yamuna,Domestic,3.0,4.5,6.5,8.0,50.0,5.0,339.18
24495,May,2025,83.65,Tamil Nadu,Chennai,TANGEDCO,Domestic,3.5,5.0,7.0,9.0,80.0,10.0,409.21
21947,Aug,2023,148.95,Delhi,Delhi,BSES Yamuna,Domestic,3.0,4.5,6.5,8.0,50.0,5.0,609.68
33003,Dec,2023,181.97,Tamil Nadu,Chennai,TANGEDCO,Commercial,7.5,8.5,9.8,11.2,210.0,10.0,1805.52
32992,Feb,2023,1377.12,Delhi,Delhi,BSES Yamuna,Commercial,6.5,8.0,9.5,11.0,180.0,5.0,14740.55
22809,Dec,2024,42.83,West Bengal,Kolkata,CESC,Domestic,5.1,6.8,7.9,9.2,110.0,12.0,369.76
26643,May,2025,507.22,West Bengal,Kolkata,CESC,Domestic,5.1,6.8,7.9,9.2,110.0,12.0,3995.27
23826,Jun,2023,227.06,Maharashtra,Mumbai,MSEDCL,Domestic,5.5,8.2,10.5,12.0,125.0,16.0,1984.29
23537,May,2023,820.65,Delhi,Delhi,BSES Yamuna,Domestic,3.0,4.5,6.5,8.0,50.0,5.0,5400.63
34003,Sep,2026,55.39,West Bengal,Kolkata,CESC,Domestic,5.1,6.8,7.9,9.2,110.0,12.0,447.43
26069,Oct,2026,211.24,West Bengal,Kolkata,CESC,Domestic,5.1,6.8,7.9,9.2,110.0,12.0,1533.12
23803,Jan,2023,87.59,Tamil Nadu,Chennai,TANGEDCO,Domestic,3.5,5.0,7.0,9.0,80.0,10.0,417.31
32370,Mar,2026,48.36,Delhi,Delhi,BSES Yamuna,Domestic,3.0,4.5,6.5,8.0,50.0,5.0,203.51
24700,Feb,2026,171.67,Maharashtra,Mumbai,MSEDCL,Domestic,5.5,8.2,10.5,12.0,125.0,16.0,1474.63
21971,Dec,2026,30.86,Maharashtra,Mumbai,MSEDCL,Domestic,5.5,8.2,10.5,12.0,125.0,16.0,348.39
25807,Mar,2024,299.21,Delhi,Delhi,BSES Yamuna,Commercial,6.5,8.0,9.5,11.0,180.0,5.0,2516.61
26143,Oct,2023,950.0,Maharashtra,Mumbai,MSEDCL,Domestic,5.5,8.2,10.5,12.0,125.0,16.0,11292.09
32015,Sep,2023,93.16,Delhi,Delhi,BSES Yamuna,Domestic,3.0,4.5,6.5,8.0,50.0,5.0,343.86
22820,Sep,2026,395.98,Maharashtra,Mumbai,MSEDCL,Commercial,9.5,11.0,12.5,14.0,300.0,16.0,5479.65
29095,Oct,2024,39.78,West Bengal,Kolkata,CESC,Domestic,5.1,6.8,7.9,9.2,110.0,12.0,348.07
20365,Feb,2026,955.19,Maharashtra,Mumbai,MSEDCL,Commercial,9.5,11.0,12.5,14.0,300.0,16.0,14092.16
24259,Mar,2024,738.81,Maharashtra,Mumbai,MSEDCL,Domestic,5.5,8.2,10.5,12.0,125.0,16.0,8509.96
23120,Apr,2023,74.55,Karnataka,Bangalore,BESCOM,Domestic,4.5,6.5,7.7,8.5,100.0,9.0,470.62
30751,Sep,2026,94.47,West Bengal,Kolkata,CESC,Domestic,5.1,6.8,7.9,9.2,110.0,12.0,674.94
21864,Mar,2023,82.25,Karnataka,Bangalore,BESCOM,Domestic,4.5,6.5,7.7,8.5,100.0,9.0,521.57
20116,Jul,2024,408.9,Maharashtra,Mumbai,MSEDCL,Commercial,9.5,11.0,12.5,14.0,300.0,16.0,5486.54
27085,Dec,2025,434.36,Tamil Nadu,Chennai,TANGEDCO,Domestic,3.5,5.0,7.0,9.0,80.0,10.0,2626.95
28017,Mar,2024,201.99,West Bengal,Kolkata,CESC,Commercial,8.5,9.5,10.2,11.5,250.0,12.0,2346.49
22385,Jul,2025,179.48,Karnataka,Bangalore,BESCOM,Domestic,4.5,6.5,7.7,8.5,100.0,9.0,1170.45
33169,Jul,2023,238.6,Maharashtra,Mumbai,MSEDCL,Domestic,5.5,8.2,10.5,12.0,125.0,16.0,2091.47
23936,Sep,2023,47.42,Delhi,Delhi,BSES Yamuna,Domestic,3.0,4.5,6.5,8.0,50.0,5.0,202.12
33128,Feb,2026,239.46,West Bengal,Kolkata,CESC,Domestic,5.1,6.8,7.9,9.2,110.0,12.0,1789.22
34483,Jun,2025,136.56,Maharashtra,Mumbai,MSEDCL,Commercial,9.5,11.0,12.5,14.0,300.0,16.0,1923.7
27743,Sep,2024,131.74,Delhi,Delhi,BSES Yamuna,Domestic,3.0,4.5,6.5,8.0,50.0,5.0,524.49
25443,Dec,2023,270.96,Tamil Nadu,Chennai,TANGEDCO,Domestic,3.5,5.0,7.0,9.0,80.0,10.0,1401.59
22491,Dec,2025,514.35,Karnataka,Bangalore,BESCOM,Domestic,4.5,6.5,7.7,8.5,100.0,9.0,3794.87
26981,Feb,2024,358.46,West Bengal,Kolkata,CESC,Commercial,8.5,9.5,10.2,11.5,250.0,12.0,3991.6
33325,Feb,2025,135.6,Maharashtra,Mumbai,MSEDCL,Commercial,9.5,11.0,12.5,14.0,300.0,16.0,1884.93
29135,May,2024,515.69,West Bengal,Kolkata,CESC,Domestic,5.1,6.8,7.9,9.2,110.0,12.0,4216.33
27662,Oct,2024,417.57,Delhi,Delhi,BSES Yamuna,Domestic,3.0,4.5,6.5,8.0,50.0,5.0,2100.92
21725,Oct,2024,36.75,Karnataka,Bangalore,BESCOM,Domestic,4.5,6.5,7.7,8.5,100.0,9.0,294.49
30527,Dec,2024,168.23,Tamil Nadu,Chennai,TANGEDCO,Domestic,3.5,5.0,7.0,9.0,80.0,10.0,834.55
28183,Oct,2025,325.43,Karnataka,Bangalore,BESCOM,Commercial,8.0,9.0,10.0,11.0,220.0,9.0,3328.48
22768,Aug,2025,107.06,West Bengal,Kolkata,CESC,Domestic,5.1,6.8,7.9,9.2,110.0,12.0,755.56
21138,Nov,2026,340.91,Karnataka,Bangalore,BESCOM,Domestic,4.5,6.5,7.7,8.5,100.0,9.0,2366.95
30720,Sep,2025,174.56,Karnataka,Bangalore,BESCOM,Domestic,4.5,6.5,7.7,8.5,100.0,9.0,1126.29
24118,Feb,2025,186.05,Delhi,Delhi,BSES Yamuna,Domestic,3.0,4.5,6.5,8.0,50.0,5.0,780.68
23421,May,2026,1061.69,Maharashtra,Mumbai,MSEDCL,Commercial,9.5,11.0,12.5,14.0,300.0,16.0,15980.89
25846,Jul,2025,857.56,Maharashtra,Mumbai,MSEDCL,Domestic,5.5,8.2,10.5,12.0,125.0,16.0,9971.18
24779,Jun,2024,123.05,Maharashtra,Mumbai,MSEDCL,Domestic,5.5,8.2,10.5,12.0,125.0,16.0,1017.01
23907,Jun,2023,1557.83,West Bengal,Kolkata,CESC,Commercial,8.5,9.5,10.2,11.5,250.0,12.0,19350.11
23638,Jul,2023,139.84,West Bengal,Kolkata,CESC,Domestic,5.1,6.8,7.9,9.2,110.0,12.0,1002.8
22954,Mar,2026,151.8,Karnataka,Bangalore,BESCOM,Domestic,4.5,6.5,7.7,8.5,100.0,9.0,978.43
25930,Mar,2025,137.07,Delhi,Delhi,BSES Yamuna,Domestic,3.0,4.5,6.5,8.0,50.0,5.0,542.68
30560,Oct,2025,188.35,Maharashtra,Mumbai,MSEDCL,Domestic,5.5,8.2,10.5,12.0,125.0,16.0,1599.3
32414,Sep,2026,87.38,Tamil Nadu,Chennai,TANGEDCO,Domestic,3.5,5.0,7.0,9.0,80.0,10.0,432.58
20277,Aug,2023,520.88,Maharashtra,Mumbai,MSEDCL,Domestic,5.5,8.2,10.5,12.0,125.0,16.0,5374.05
22000,May,2024,198.29,Karnataka,Bangalore,BESCOM,Domestic,4.5,6.5,7.7,8.5,100.0,9.0,1293.71
21228,Jun,2025,63.87,Maharashtra,Mumbai,MSEDCL,Domestic,5.5,8.2,10.5,12.0,125.0,16.0,547.4
26338,Nov,2026,108.21,Delhi,Delhi,BSES Yamuna,Domestic,3.0,4.5,6.5,8.0,50.0,5.0,407.62
31945,Dec,2024,267.15,Tamil Nadu,Chennai,TANGEDCO,Domestic,3.5,5.0,7.0,9.0,80.0,10.0,1410.16
23736,Oct,2026,248.49,Maharashtra,Mumbai,MSEDCL,Domestic,5.5,8.2,10.5,12.0,125.0,16.0,2178.76
20696,Jan,2026,782.85,Tamil Nadu,Chennai,TANGEDCO,Commercial,7.5,8.5,9.8,11.2,210.0,10.0,8653.88
29502,Oct,2026,79.85,Karnataka,Bangalore,BESCOM,Domestic,4.5,6.5,7.7,8.5,100.0,9.0,500.5
24153,Dec,2023,157.42,Tamil Nadu,Chennai,TANGEDCO,Domestic,3.5,5.0,7.0,9.0,80.0,10.0,778.5
27902,Jan,2023,489.08,Maharashtra,Mumbai,MSEDCL,Commercial,9.5,11.0,12.5,14.0,300.0,16.0,6868.92
27471,Apr,2026,52.16,Delhi,Delhi,BSES Yamuna,Domestic,3.0,4.5,6.5,8.0,50.0,5.0,217.55
31427,Feb,2025,46.91,Maharashtra,Mumbai,MSEDCL,Domestic,5.5,8.2,10.5,12.0,125.0,16.0,447.85
32307,Nov,2024,95.81,Delhi,Delhi,BSES Yamuna,Domestic,3.0,4.5,6.5,8.0,50.0,5.0,359.21
27538,Jul,2025,127.95,West Bengal,Kolkata,CESC,Domestic,5.1,6.8,7.9,9.2,110.0,12.0,924.64
30504,Feb,2023,315.65,West Bengal,Kolkata,CESC,Domestic,5.1,6.8,7.9,9.2,110.0,12.0,2363.27
22842,Oct,2024,1091.76,Maharashtra,Mumbai,MSEDCL,Commercial,9.5,11.0,12.5,14.0,300.0,16.0,16241.59
24209,Feb,2026,430.34,Delhi,Delhi,BSES Yamuna,Commercial,6.5,8.0,9.5,11.0,180.0,5.0,3805.34
31752,May,2025,66.35,Karnataka,Bangalore,BESCOM,Domestic,4.5,6.5,7.7,8.5,100.0,9.0,427.64
31591,Apr,2025,98.85,Delhi,Delhi,BSES Yamuna,Domestic,3.0,4.5,6.5,8.0,50.0,5.0,358.69
28734,Aug,2026,551.7,Karnataka,Bangalore,BESCOM,Domestic,4.5,6.5,7.7,8.5,100.0,9.0,4143.89
30887,Apr,2025,1942.43,Karnataka,Bangalore,BESCOM,Commercial,8.0,9.0,10.0,11.0,220.0,9.0,22691.85
32867,Dec,2023,283.67,West Bengal,Kolkata,CESC,Domestic,5.1,6.8,7.9,9.2,110.0,12.0,2055.6
21089,Jun,2026,676.55,Maharashtra,Mumbai,MSEDCL,Domestic,5.5,8.2,10.5,12.0,125.0,16.0,7695.75
23364,May,2025,379.02,Delhi,Delhi,BSES Yamuna,Domestic,3.0,4.5,6.5,8.0,50.0,5.0,1828.22
20025,Nov,2026,94.42,West Bengal,Kolkata,CESC,Domestic,5.1,6.8,7.9,9.2,110.0,12.0,668.64
29765,Feb,2024,51.65,Tamil Nadu,Chennai,TANGEDCO,Domestic,3.5,5.0,7.0,9.0,80.0,10.0,289.51
26145,Nov,2026,469.0,West Bengal,Kolkata,CESC,Domestic,5.1,6.8,7.9,9.2,110.0,12.0,3739.33
31151,Dec,2025,452.29,West Bengal,Kolkata,CESC,Commercial,8.5,9.5,10.2,11.5,250.0,12.0,5082.14
25669,Aug,2023,449.01,Maharashtra,Mumbai,MSEDCL,Domestic,5.5,8.2,10.5,12.0,125.0,16.0,4508.94
24237,Feb,2026,244.11,Maharashtra,Mumbai,MSEDCL,Domestic,5.5,8.2,10.5,12.0,125.0,16.0,2146.79
29960,Sep,2026,876.54,Tamil Nadu,Chennai,TANGEDCO,Domestic,3.5,5.0,7.0,9.0,80.0,10.0,6713.32
32936,Sep,2025,167.43,West Bengal,Kolkata,CESC,Domestic,5.1,6.8,7.9,9.2,110.0,12.0,1189.99
28069,Mar,2023,56.7,Delhi,Delhi,BSES Yamuna,Domestic,3.0,4.5,6.5,8.0,50.0,5.0,235.32
22236,Apr,2023,72.18,Delhi,Delhi,BSES Yamuna,Domestic,3.0,4.5,6.5,8.0,50.0,5.0,284.2
27296,Aug,2024,39.06,Delhi,Delhi,BSES Yamuna,Domestic,3.0,4.5,6.5,8.0,50.0,5.0,177.52
28393,Sep,2024,249.16,West Bengal,Kolkata,CESC,Domestic,5.1,6.8,7.9,9.2,110.0,12.0,1797.79
31391,Mar,2025,95.73,Karnataka,Bangalore,BESCOM,Domestic,4.5,6.5,7.7,8.5,100.0,9.0,582.25
28449,May,2023,426.0,Karnataka,Bangalore,BESCOM,Commercial,8.0,9.0,10.0,11.0,220.0,9.0,4534.88
23748,Nov,2023,356.55,West Bengal,Kolkata,CESC,Domestic,5.1,6.8,7.9,9.2,110.0,12.0,2726.47
32835,Aug,2024,400.4,West Bengal,Kolkata,CESC,Domestic,5.1,6.8,7.9,9.2,110.0,12.0,3050.22
30434,Mar,2024,221.72,West Bengal,Kolkata,CESC,Domestic,5.1,6.8,7.9,9.2,110.0,12.0,1604.66
23176,Jul,2025,73.81,Karnataka,Bangalore,BESCOM,Domestic,4.5,6.5,7.7,8.5,100.0,9.0,461.63
31799,Nov,2023,81.27,West Bengal,Kolkata,CESC,Domestic,5.1,6.8,7.9,9.2,110.0,12.0,576.11
31529,Aug,2026,290.02,Delhi,Delhi,BSES Yamuna,Domestic,3.0,4.5,6.5,8.0,50.0,5.0,1284.56
24898,Oct,2024,147.85,Maharashtra,Mumbai,MSEDCL,Domestic,5.5,8.2,10.5,12.0,125.0,16.0,1246.51
25038,Nov,2025,583.76,Tamil Nadu,Chennai,TANGEDCO,Domestic,3.5,5.0,7.0,9.0,80.0,10.0,3945.02
27428,Mar,2023,215.5,Tamil Nadu,Chennai,TANGEDCO,Domestic,3.5,5.0,7.0,9.0,80.0,10.0,1113.45
28606,Feb,2023,165.11,Karnataka,Bangalore,BESCOM,Domestic,4.5,6.5,7.7,8.5,100.0,9.0,1057.47
22015,Oct,2024,425.53,Tamil Nadu,Chennai,TANGEDCO,Domestic,3.5,5.0,7.0,9.0,80.0,10.0,2552.35
21382,Jul,2025,302.14,Karnataka,Bangalore,BESCOM,Commercial,8.0,9.0,10.0,11.0,220.0,9.0,3135.73
21099,Dec,2026,157.04,Maharashtra,Mumbai,MSEDCL,Domestic,5.5,8.2,10.5,12.0,125.0,16.0,1334.98
23427,Sep,2024,2238.39,Delhi,Delhi,BSES Yamuna,Commercial,6.5,8.0,9.5,11.0,180.0,5.0,24707.62
23656,Jan,2025,155.27,Delhi,Delhi,BSES Yamuna,Commercial,6.5,8.0,9.5,11.0,180.0,5.0,1319.45
27939,Mar,2023,744.85,Tamil Nadu,Chennai,TANGEDCO,Commercial,7.5,8.5,9.8,11.2,210.0,10.0,8251.27
29102,May,2026,548.17,Maharashtra,Mumbai,MSEDCL,Domestic,5.5,8.2,10.5,12.0,125.0,16.0,5681.5
20188,Mar,2025,766.33,Karnataka,Bangalore,BESCOM,Commercial,8.0,9.0,10.0,11.0,220.0,9.0,8282.83
32237,Jan,2026,146.83,Tamil Nadu,Chennai,TANGEDCO,Domestic,3.5,5.0,7.0,9.0,80.0,10.0,736.46
31949,Jul,2025,332.48,West Bengal,Kolkata,CESC,Domestic,5.1,6.8,7.9,9.2,110.0,12.0,2500.06
30208,Jul,2025,290.54,Delhi,Delhi,BSES Yamuna,Domestic,3.0,4.5,6.5,8.0,50.0,5.0,1275.57
25410,Oct,2025,142.43,Delhi,Delhi,BSES Yamuna,Domestic,3.0,4.5,6.5,8.0,50.0,5.0,568.93
22093,Dec,2025,179.08,Karnataka,Bangalore,BESCOM,Domestic,4.5,6.5,7.7,8.5,100.0,9.0,1175.94
31837,Aug,2026,124.68,West Bengal,Kolkata,CESC,Domestic,5.1,6.8,7.9,9.2,110.0,12.0,887.0
22131,May,2024,316.26,Delhi,Delhi,BSES Yamuna,Domestic,3.0,4.5,6.5,8.0,50.0,5.0,1416.37
25243,Oct,2026,35.05,Tamil Nadu,Chennai,TANGEDCO,Domestic,3.5,5.0,7.0,9.0,80.0,10.0,220.81
28550,Dec,2025,114.24,Delhi,Delhi,BSES Yamuna,Domestic,3.0,4.5,6.5,8.0,50.0,5.0,427.68
25648,May,2026,65.91,Karnataka,Bangalore,BESCOM,Domestic,4.5,6.5,7.7,8.5,100.0,9.0,423.66
25186,May,2026,761.64,Karnataka,Bangalore,BESCOM,Commercial,8.0,9.0,10.0,11.0,220.0,9.0,8334.27
25777,Jan,2026,585.29,Delhi,Delhi,BSES Yamuna,Domestic,3.0,4.5,6.5,8.0,50.0,5.0,3414.57
30615,Oct,2025,391.36,Delhi,Delhi,BSES Yamuna,Domestic,3.0,4.5,6.5,8.0,50.0,5.0,1935.42
32450,May,2026,1347.37,Tamil Nadu,Chennai,TANGEDCO,Commercial,7.5,8.5,9.8,11.2,210.0,10.0,15428.66
27914,Jun,2023,408.6,West Bengal,Kolkata,CESC,Domestic,5.1,6.8,7.9,9.2,110.0,12.0,3149.76
27548,Dec,2025,141.35,Delhi,Delhi,BSES Yamuna,Domestic,3.0,4.5,6.5,8.0,50.0,5.0,565.05
27824,Jan,2026,197.84,Delhi,Delhi,BSES Yamuna,Commercial,6.5,8.0,9.5,11.0,180.0,5.0,1680.84
27356,Nov,2023,209.55,Maharashtra,Mumbai,MSEDCL,Commercial,9.5,11.0,12.5,14.0,300.0,16.0,2831.73
26466,Jul,2026,272.81,Karnataka,Bangalore,BESCOM,Domestic,4.5,6.5,7.7,8.5,100.0,9.0,1834.86
32738,Jan,2024,235.74,Maharashtra,Mumbai,MSEDCL,Domestic,5.5,8.2,10.5,12.0,125.0,16.0,2058.94
21498,Nov,2026,488.84,Maharashtra,Mumbai,MSEDCL,Commercial,9.5,11.0,12.5,14.0,300.0,16.0,6634.86
33325,Feb,2026,156.27,Delhi,Delhi,BSES Yamuna,Domestic,3.0,4.5,6.5,8.0,50.0,5.0,640.09
34520,Feb,2024,222.1,Karnataka,Bangalore,BESCOM,Domestic,4.5,6.5,7.7,8.5,100.0,9.0,1435.29
30351,May,2025,661.84,Delhi,Delhi,BSES Yamuna,Domestic,3.0,4.5,6.5,8.0,50.0,5.0,3984.14
34239,Oct,2024,42.38,West Bengal,Kolkata,CESC,Domestic,5.1,6.8,7.9,9.2,110.0,12.0,367.04
22556,Jul,2025,256.99,Tamil Nadu,Chennai,TANGEDCO,Commercial,7.5,8.5,9.8,11.2,210.0,10.0,2553.93
25410,Jan,2024,329.55,Delhi,Delhi,BSES Yamuna,Commercial,6.5,8.0,9.5,11.0,180.0,5.0,2868.57
30535,Oct,2026,243.91,Maharashtra,Mumbai,MSEDCL,Domestic,5.5,8.2,10.5,12.0,125.0,16.0,2115.61
22952,Jan,2026,138.16,Tamil Nadu,Chennai,TANGEDCO,Domestic,3.5,5.0,7.0,9.0,80.0,10.0,684.45
21239,Jan,2025,207.3,West Bengal,Kolkata,CESC,Domestic,5.1,6.8,7.9,9.2,110.0,12.0,1498.96
29166,Jun,2025,363.29,Delhi,Delhi,BSES Yamuna,Domestic,3.0,4.5,6.5,8.0,50.0,5.0,1714.12
24728,Feb,2023,558.97,Tamil Nadu,Chennai,TANGEDCO,Domestic,3.5,5.0,7.0,9.0,80.0,10.0,3627.45
23966,Jan,2023,239.21,Tamil Nadu,Chennai,TANGEDCO,Commercial,7.5,8.5,9.8,11.2,210.0,10.0,2395.03
25687,Jun,2026,551.46,Delhi,Delhi,BSES Yamuna,Commercial,6.5,8.0,9.5,11.0,180.0,5.0,5228.41
29243,Feb,2026,867.6,West Bengal,Kolkata,CESC,Domestic,5.1,6.8,7.9,9.2,110.0,12.0,7866.52
23702,Jun,2023,688.74,West Bengal,Kolkata,CESC,Domestic,5.1,6.8,7.9,9.2,110.0,12.0,6046.72
22781,Oct,2023,39.0,Tamil Nadu,Chennai,TANGEDCO,Domestic,3.5,5.0,7.0,9.0,80.0,10.0,240.39
27399,Aug,2025,1419.13,Maharashtra,Mumbai,MSEDCL,Commercial,9.5,11.0,12.5,14.0,300.0,16.0,21494.82
21589,Feb,2024,100.6,Maharashtra,Mumbai,MSEDCL,Domestic,5.5,8.2,10.5,12.0,125.0,16.0,775.27
32071,Nov,2025,381.51,West Bengal,Kolkata,CESC,Commercial,8.5,9.5,10.2,11.5,250.0,12.0,4322.75
22369,Sep,2023,248.72,Karnataka,Bangalore,BESCOM,Domestic,4.5,6.5,7.7,8.5,100.0,9.0,1633.99
25790,Aug,2026,335.17,Karnataka,Bangalore,BESCOM,Domestic,4.5,6.5,7.7,8.5,100.0,9.0,2324.98
20437,Dec,2023,56.57,Delhi,Delhi,BSES Yamuna,Domestic,3.0,4.5,6.5,8.0,50.0,5.0,230.64
22829,Oct,2026,84.76,Karnataka,Bangalore,BESCOM,Domestic,4.5,6.5,7.7,8.5,100.0,9.0,514.26
21557,Jan,2026,1157.72,Maharashtra,Mumbai,MSEDCL,Commercial,9.5,11.0,12.5,14.0,300.0,16.0,17722.35
27571,Jul,2026,206.0,Karnataka,Bangalore,BESCOM,Domestic,4.5,6.5,7.7,8.5,100.0,9.0,1367.85
33365,Oct,2026,212.51,Karnataka,Bangalore,BESCOM,Domestic,4.5,6.5,7.7,8.5,100.0,9.0,1407.21
32051,Jun,2024,380.09,West Bengal,Kolkata,CESC,Domestic,5.1,6.8,7.9,9.2,110.0,12.0,2873.43
27481,Jun,2023,49.78,West Bengal,Kolkata,CESC,Domestic,5.1,6.8,7.9,9.2,110.0,12.0,407.86
29497,Jun,2025,80.15,Maharashtra,Mumbai,MSEDCL,Domestic,5.5,8.2,10.5,12.0,125.0,16.0,651.16
34367,Jun,2026,140.93,Delhi,Delhi,BSES Yamuna,Domestic,3.0,4.5,6.5,8.0,50.0,5.0,550.47
30577,Oct,2026,65.7,Karnataka,Bangalore,BESCOM,Domestic,4.5,6.5,7.7,8.5,100.0,9.0,437.92
20183,Jul,2025,212.33,West Bengal,Kolkata,CESC,Domestic,5.1,6.8,7.9,9.2,110.0,12.0,1552.02
27191,Dec,2025,101.88,Tamil Nadu,Chennai,TANGEDCO,Domestic,3.5,5.0,7.0,9.0,80.0,10.0,492.95
26688,Mar,2026,37.2,Karnataka,Bangalore,BESCOM,Domestic,4.5,6.5,7.7,8.5,100.0,9.0,286.54
25566,Jun,2025,433.22,Delhi,Delhi,BSES Yamuna,Domestic,3.0,4.5,6.5,8.0,50.0,5.0,2188.93
27242,Mar,2025,81.65,Karnataka,Bangalore,BESCOM,Domestic,4.5,6.5,7.7,8.5,100.0,9.0,514.53
27652,Jul,2024,148.49,Tamil Nadu,Chennai,TANGEDCO,Domestic,3.5,5.0,7.0,9.0,80.0,10.0,745.14
25576,Jul,2025,110.53,Karnataka,Bangalore,BESCOM,Domestic,4.5,6.5,7.7,8.5,100.0,9.0,676.41
21590,Aug,2023,106.64,Karnataka,Bangalore,BESCOM,Domestic,4.5,6.5,7.7,8.5,100.0,9.0,653.76
29780,Feb,2023,461.75,Tamil Nadu,Chennai,TANGEDCO,Domestic,3.5,5.0,7.0,9.0,80.0,10.0,2855.42
28852,Sep,2023,474.64,Maharashtra,Mumbai,MSEDCL,Domestic,5.5,8.2,10.5,12.0,125.0,16.0,4826.98
20160,May,2026,192.92,Tamil Nadu,Chennai,TANGEDCO,Domestic,3.5,5.0,7.0,9.0,80.0,10.0,995.3
32146,Sep,2023,108.84,West Bengal,Kolkata,CESC,Domestic,5.1,6.8,7.9,9.2,110.0,12.0,771.33
26556,Oct,2024,977.73,Delhi,Delhi,BSES Yamuna,Commercial,6.5,8.0,9.5,11.0,180.0,5.0,10193.23
29204,May,2023,93.39,Tamil Nadu,Chennai,TANGEDCO,Domestic,3.5,5.0,7.0,9.0,80.0,10.0,443.9
28245,Jul,2026,76.6,Maharashtra,Mumbai,MSEDCL,Domestic,5.5,8.2,10.5,12.0,125.0,16.0,622.75
34744,Nov,2024,70.22,Tamil Nadu,Chennai,TANGEDCO,Domestic,3.5,5.0,7.0,9.0,80.0,10.0,354.98
33334,Sep,2023,131.41,West Bengal,Kolkata,CESC,Domestic,5.1,6.8,7.9,9.2,110.0,12.0,925.03
33342,Apr,2024,196.89,Karnataka,Bangalore,BESCOM,Domestic,4.5,6.5,7.7,8.5,100.0,9.0,1262.1
26847,Feb,2024,2442.69,Delhi,Delhi,BSES Yamuna,Commercial,6.5,8.0,9.5,11.0,180.0,5.0,26633.75
22308,Sep,2026,366.38,Maharashtra,Mumbai,MSEDCL,Domestic,5.5,8.2,10.5,12.0,125.0,16.0,3490.31
21229,Feb,2026,66.51,West Bengal,Kolkata,CESC,Domestic,5.1,6.8,7.9,9.2,110.0,12.0,498.07
27227,Mar,2024,247.09,Maharashtra,Mumbai,MSEDCL,Domestic,5.5,8.2,10.5,12.0,125.0,16.0,2148.14
25591,Oct,2023,63.8,Karnataka,Bangalore,BESCOM,Domestic,4.5,6.5,7.7,8.5,100.0,9.0,424.02
26920,Feb,2026,39.19,Maharashtra,Mumbai,MSEDCL,Domestic,5.5,8.2,10.5,12.0,125.0,16.0,388.82
25586,Mar,2024,1510.43,West Bengal,Kolkata,CESC,Commercial,8.5,9.5,10.2,11.5,250.0,12.0,18986.06
29228,Jun,2025,906.29,Maharashtra,Mumbai,MSEDCL,Commercial,9.5,11.0,12.5,14.0,300.0,16.0,13643.79
31895,Mar,2025,839.45,West Bengal,Kolkata,CESC,Commercial,8.5,9.5,10.2,11.5,250.0,12.0,9997.99
26047,Oct,2026,385.11,Delhi,Delhi,BSES Yamuna,Commercial,6.5,8.0,9.5,11.0,180.0,5.0,3353.21
32238,Aug,2023,182.22,Maharashtra,Mumbai,MSEDCL,Domestic,5.5,8.2,10.5,12.0,125.0,16.0,1585.44
24946,Nov,2025,227.35,Karnataka,Bangalore,BESCOM,Domestic,4.5,6.5,7.7,8.5,100.0,9.0,1506.59
27928,Jun,2025,116.82,Tamil Nadu,Chennai,TANGEDCO,Domestic,3.5,5.0,7.0,9.0,80.0,10.0,571.44
32642,Jul,2025,41.45,Karnataka,Bangalore,BESCOM,Domestic,4.5,6.5,7.7,8.5,100.0,9.0,316.35
33387,Jan,2023,909.56,Maharashtra,Mumbai,MSEDCL,Commercial,9.5,11.0,12.5,14.0,300.0,16.0,13681.93
27017,Mar,2023,564.24,Delhi,Delhi,BSES Yamuna,Commercial,6.5,8.0,9.5,11.0,180.0,5.0,5332.04
34028,Mar,2026,411.81,Tamil Nadu,Chennai,TANGEDCO,Commercial,7.5,8.5,9.8,11.2,210.0,10.0,4204.04
27759,Feb,2026,240.65,Delhi,Delhi,BSES Yamuna,Domestic,3.0,4.5,6.5,8.0,50.0,5.0,1015.59
33753,Jul,2025,345.38,Karnataka,Bangalore,BESCOM,Domestic,4.5,6.5,7.7,8.5,100.0,9.0,2420.58
25087,Sep,2023,46.12,Maharashtra,Mumbai,MSEDCL,Domestic,5.5,8.2,10.5,12.0,125.0,16.0,440.68
29457,Apr,2024,420.27,Tamil Nadu,Chennai,TANGEDCO,Domestic,3.5,5.0,7.0,9.0,80.0,10.0,2522.32
27162,Dec,2025,109.69,Tamil Nadu,Chennai,TANGEDCO,Domestic,3.5,5.0,7.0,9.0,80.0,10.0,525.87
21885,May,2026,653.37,West Bengal,Kolkata,CESC,Domestic,5.1,6.8,7.9,9.2,110.0,12.0,5574.0
21810,Mar,2023,1319.87,Karnataka,Bangalore,BESCOM,Commercial,8.0,9.0,10.0,11.0,220.0,9.0,14798.22
23168,Nov,2026,586.39,Tamil Nadu,Chennai,TANGEDCO,Commercial,7.5,8.5,9.8,11.2,210.0,10.0,6103.56
31990,Sep,2026,58.38,Tamil Nadu,Chennai,TANGEDCO,Domestic,3.5,5.0,7.0,9.0,80.0,10.0,317.8
30534,Apr,2023,259.92,Karnataka,Bangalore,BESCOM,Domestic,4.5,6.5,7.7,8.5,100.0,9.0,1710.68
26353,May,2025,313.92,Maharashtra,Mumbai,MSEDCL,Domestic,5.5,8.2,10.5,12.0,125.0,16.0,2869.84
31607,Jan,2023,318.3,Delhi,Delhi,BSES Yamuna,Domestic,3.0,4.5,6.5,8.0,50.0,5.0,1431.68
33400,Nov,2025,2066.65,Maharashtra,Mumbai,MSEDCL,Commercial,9.5,11.0,12.5,14.0,300.0,16.0,31894.65
29010,Dec,2026,561.3,Tamil Nadu,Chennai,TANGEDCO,Domestic,3.5,5.0,7.0,9.0,80.0,10.0,3782.96
34088,Feb,2023,99.5,Tamil Nadu,Chennai,TANGEDCO,Domestic,3.5,5.0,7.0,9.0,80.0,10.0,467.95
26057,Dec,2024,347.05,Maharashtra,Mumbai,MSEDCL,Domestic,5.5,8.2,10.5,12.0,125.0,16.0,3246.46
22438,Sep,2025,251.74,Karnataka,Bangalore,BESCOM,Domestic,4.5,6.5,7.7,8.5,100.0,9.0,1696.06
26469,Feb,2024,161.39,Tamil Nadu,Chennai,TANGEDCO,Commercial,7.5,8.5,9.8,11.2,210.0,10.0,1622.79
29081,May,2025,164.24,West Bengal,Kolkata,CESC,Domestic,5.1,6.8,7.9,9.2,110.0,12.0,1180.94
25952,Aug,2023,173.6,Karnataka,Bangalore,BESCOM,Commercial,8.0,9.0,10.0,11.0,220.0,9.0,1808.51
25277,Mar,2024,98.12,Tamil Nadu,Chennai,TANGEDCO,Domestic,3.5,5.0,7.0,9.0,80.0,10.0,460.42
28860,Jun,2023,253.9,Delhi,Delhi,BSES Yamuna,Domestic,3.0,4.5,6.5,8.0,50.0,5.0,1112.9
27819,Apr,2025,310.69,West Bengal,Kolkata,CESC,Domestic,5.1,6.8,7.9,9.2,110.0,12.0,2269.35
24729,Nov,2025,500.46,Maharashtra,Mumbai,MSEDCL,Domestic,5.5,8.2,10.5,12.0,125.0,16.0,5148.77
22625,Jul,2025,37.52,Tamil Nadu,Chennai,TANGEDCO,Domestic,3.5,5.0,7.0,9.0,80.0,10.0,236.01
25739,Oct,2025,87.94,West Bengal,Kolkata,CESC,Domestic,5.1,6.8,7.9,9.2,110.0,12.0,633.08
24233,Mar,2026,443.7,Delhi,Delhi,BSES Yamuna,Commercial,6.5,8.0,9.5,11.0,180.0,5.0,3978.95
34235,Jun,2025,98.46,West Bengal,Kolkata,CESC,Domestic,5.1,6.8,7.9,9.2,110.0,12.0,673.82
25794,Dec,2024,396.53,Tamil Nadu,Chennai,TANGEDCO,Commercial,7.5,8.5,9.8,11.2,210.0,10.0,3974.17
24524,Oct,2025,626.66,Tamil Nadu,Chennai,TANGEDCO,Domestic,3.5,5.0,7.0,9.0,80.0,10.0,4407.35
25572,Sep,2023,890.32,Tamil Nadu,Chennai,TANGEDCO,Commercial,7.5,8.5,9.8,11.2,210.0,10.0,9914.69
34948,Nov,2026,34.02,Karnataka,Bangalore,BESCOM,Domestic,4.5,6.5,7.7,8.5,100.0,9.0,280.55
29011,Oct,2024,785.15,West Bengal,Kolkata,CESC,Commercial,8.5,9.5,10.2,11.5,250.0,12.0,9213.64
30381,Jan,2026,692.72,West Bengal,Kolkata,CESC,Commercial,8.5,9.5,10.2,11.5,250.0,12.0,8007.39
29299,Mar,2026,144.88,Maharashtra,Mumbai,MSEDCL,Domestic,5.5,8.2,10.5,12.0,125.0,16.0,1214.68
22225,Feb,2026,449.14,Tamil Nadu,Chennai,TANGEDCO,Domestic,3.5,5.0,7.0,9.0,80.0,10.0,2697.51
28390,Aug,2023,334.11,Tamil Nadu,Chennai,TANGEDCO,Domestic,3.5,5.0,7.0,9.0,80.0,10.0,1866.85
30864,Jul,2026,328.2,Delhi,Delhi,BSES Yamuna,Domestic,3.0,4.5,6.5,8.0,50.0,5.0,1482.29
26092,Feb,2026,324.23,West Bengal,Kolkata,CESC,Domestic,5.1,6.8,7.9,9.2,110.0,12.0,2453.23
31685,Jun,2025,334.49,Tamil Nadu,Chennai,TANGEDCO,Domestic,3.5,5.0,7.0,9.0,80.0,10.0,1865.38
30641,Mar,2023,197.1,Tamil Nadu,Chennai,TANGEDCO,Commercial,7.5,8.5,9.8,11.2,210.0,10.0,1965.19
28663,Aug,2024,900.95,Karnataka,Bangalore,BESCOM,Commercial,8.0,9.0,10.0,11.0,220.0,9.0,10221.79
26362,Oct,2024,42.44,West Bengal,Kolkata,CESC,Domestic,5.1,6.8,7.9,9.2,110.0,12.0,362.33
21949,Mar,2024,466.92,Karnataka,Bangalore,BESCOM,Domestic,4.5,6.5,7.7,8.5,100.0,9.0,3437.61
33217,Oct,2023,82.75,Karnataka,Bangalore,BESCOM,Domestic,4.5,6.5,7.7,8.5,100.0,9.0,506.88
32092,Sep,2024,311.2,Karnataka,Bangalore,BESCOM,Domestic,4.5,6.5,7.7,8.5,100.0,9.0,2115.09
30203,Jan,2023,232.85,Karnataka,Bangalore,BESCOM,Domestic,4.5,6.5,7.7,8.5,100.0,9.0,1511.0
31993,May,2025,251.36,West Bengal,Kolkata,CESC,Domestic,5.1,6.8,7.9,9.2,110.0,12.0,1879.12
34968,Mar,2025,897.58,Maharashtra,Mumbai,MSEDCL,Commercial,9.5,11.0,12.5,14.0,300.0,16.0,13497.26
27095,Jun,2023,937.22,West Bengal,Kolkata,CESC,Domestic,5.1,6.8,7.9,9.2,110.0,12.0,8461.47
33194,Oct,2024,73.05,Tamil Nadu,Chennai,TANGEDCO,Domestic,3.5,5.0,7.0,9.0,80.0,10.0,367.76
26319,Feb,2023,265.11,Karnataka,Bangalore,BESCOM,Commercial,8.0,9.0,10.0,11.0,220.0,9.0,2775.98
32311,Sep,2023,215.2,Tamil Nadu,Chennai,TANGEDCO,Domestic,3.5,5.0,7.0,9.0,80.0,10.0,1125.89
23797,Jun,2026,225.09,Delhi,Delhi,BSES Yamuna,Domestic,3.0,4.5,6.5,8.0,50.0,5.0,971.07
32181,Jul,2023,91.21,West Bengal,Kolkata,CESC,Domestic,5.1,6.8,7.9,9.2,110.0,12.0,636.72
20235,May,2026,232.2,West Bengal,Kolkata,CESC,Domestic,5.1,6.8,7.9,9.2,110.0,12.0,1683.99
33413,Sep,2025,192.25,Maharashtra,Mumbai,MSEDCL,Domestic,5.5,8.2,10.5,12.0,125.0,16.0,1635.28
29121,Jan,2026,398.57,West Bengal,Kolkata,CESC,Domestic,5.1,6.8,7.9,9.2,110.0,12.0,3114.21
23608,May,2023,231.4,West Bengal,Kolkata,CESC,Domestic,5.1,6.8,7.9,9.2,110.0,12.0,1726.15
28044,Nov,2025,172.67,Delhi,Delhi,BSES Yamuna,Domestic,3.0,4.5,6.5,8.0,50.0,5.0,698.69
20523,Oct,2026,227.2,Maharashtra,Mumbai,MSEDCL,Domestic,5.5,8.2,10.5,12.0,125.0,16.0,1958.64
25905,Nov,2023,190.17,West Bengal,Kolkata,CESC,Commercial,8.5,9.5,10.2,11.5,250.0,12.0,2217.79
31716,Jun,2025,1082.1,West Bengal,Kolkata,CESC,Commercial,8.5,9.5,10.2,11.5,250.0,12.0,13164.95
32719,Jul,2026,747.49,Delhi,Delhi,BSES Yamuna,Domestic,3.0,4.5,6.5,8.0,50.0,5.0,4689.38
24889,Dec,2023,776.14,Delhi,Delhi,BSES Yamuna,Commercial,6.5,8.0,9.5,11.0,180.0,5.0,7675.73
29822,Apr,2023,252.65,Tamil Nadu,Chennai,TANGEDCO,Domestic,3.5,5.0,7.0,9.0,80.0,10.0,1327.99
25833,Dec,2024,1011.81,Maharashtra,Mumbai,MSEDCL,Commercial,9.5,11.0,12.5,14.0,300.0,16.0,15228.2
32821,Jan,2024,66.35,Karnataka,Bangalore,BESCOM,Domestic,4.5,6.5,7.7,8.5,100.0,9.0,442.61
27123,Nov,2026,138.98,Maharashtra,Mumbai,MSEDCL,Domestic,5.5,8.2,10.5,12.0,125.0,16.0,1139.78
25843,Aug,2026,310.92,Maharashtra,Mumbai,MSEDCL,Domestic,5.5,8.2,10.5,12.0,125.0,16.0,2838.81
33964,Oct,2026,123.89,Delhi,Delhi,BSES Yamuna,Domestic,3.0,4.5,6.5,8.0,50.0,5.0,472.41
21317,Apr,2023,379.9,Maharashtra,Mumbai,MSEDCL,Domestic,5.5,8.2,10.5,12.0,125.0,16.0,3731.52
31050,Mar,2026,230.25,Delhi,Delhi,BSES Yamuna,Domestic,3.0,4.5,6.5,8.0,50.0,5.0,980.21
33201,Dec,2023,45.32,Delhi,Delhi,BSES Yamuna,Domestic,3.0,4.5,6.5,8.0,50.0,5.0,195.57
21125,Jul,2026,58.95,West Bengal,Kolkata,CESC,Domestic,5.1,6.8,7.9,9.2,110.0,12.0,460.85
25622,Dec,2023,108.33,Delhi,Delhi,BSES Yamuna,Domestic,3.0,4.5,6.5,8.0,50.0,5.0,410.94
25424,Feb,2023,617.94,Tamil Nadu,Chennai,TANGEDCO,Domestic,3.5,5.0,7.0,9.0,80.0,10.0,4229.46
22588,Aug,2024,134.43,Tamil Nadu,Chennai,TANGEDCO,Domestic,3.5,5.0,7.0,9.0,80.0,10.0,653.81
29216,Jun,2025,270.08,Tamil Nadu,Chennai,TANGEDCO,Domestic,3.5,5.0,7.0,9.0,80.0,10.0,1403.2
25673,Jul,2023,42.68,Karnataka,Bangalore,BESCOM,Domestic,4.5,6.5,7.7,8.5,100.0,9.0,320.91
21379,May,2026,126.82,Karnataka,Bangalore,BESCOM,Commercial,8.0,9.0,10.0,11.0,220.0,9.0,1381.1
23375,Sep,2024,444.5,Delhi,Delhi,BSES Yamuna,Domestic,3.0,4.5,6.5,8.0,50.0,5.0,2300.37
21520,May,2026,290.88,Delhi,Delhi,BSES Yamuna,Domestic,3.0,4.5,6.5,8.0,50.0,5.0,1247.61
25778,Nov,2026,136.37,Delhi,Delhi,BSES Yamuna,Domestic,3.0,4.5,6.5,8.0,50.0,5.0,540.82
27936,May,2023,65.04,Tamil Nadu,Chennai,TANGEDCO,Domestic,3.5,5.0,7.0,9.0,80.0,10.0,342.96
26094,Mar,2023,175.06,West Bengal,Kolkata,CESC,Domestic,5.1,6.8,7.9,9.2,110.0,12.0,1289.63
28419,Nov,2025,482.51,Karnataka,Bangalore,BESCOM,Commercial,8.0,9.0,10.0,11.0,220.0,9.0,4990.41
25356,Jan,2023,59.7,West Bengal,Kolkata,CESC,Domestic,5.1,6.8,7.9,9.2,110.0,12.0,455.73
24969,Feb,2023,108.52,Maharashtra,Mumbai,MSEDCL,Domestic,5.5,8.2,10.5,12.0,125.0,16.0,849.32
29084,Aug,2025,252.29,West Bengal,Kolkata,CESC,Domestic,5.1,6.8,7.9,9.2,110.0,12.0,1861.78
25575,Jan,2026,58.77,Tamil Nadu,Chennai,TANGEDCO,Domestic,3.5,5.0,7.0,9.0,80.0,10.0,312.04
24073,Jul,2025,458.77,Karnataka,Bangalore,BESCOM,Domestic,4.5,6.5,7.7,8.5,100.0,9.0,3299.51
33325,May,2025,396.01,Delhi,Delhi,BSES Yamuna,Domestic,3.0,4.5,6.5,8.0,50.0,5.0,1967.36
22258,Mar,2025,2118.7,West Bengal,Kolkata,CESC,Commercial,8.5,9.5,10.2,11.5,250.0,12.0,26102.44
30981,Dec,2024,132.97,Tamil Nadu,Chennai,TANGEDCO,Domestic,3.5,5.0,7.0,9.0,80.0,10.0,652.8
28589,Dec,2026,140.31,West Bengal,Kolkata,CESC,Domestic,5.1,6.8,7.9,9.2,110.0,12.0,1012.63
33412,Nov,2024,329.98,West Bengal,Kolkata,CESC,Domestic,5.1,6.8,7.9,9.2,110.0,12.0,2499.91
30271,Jul,2024,83.97,Delhi,Delhi,BSES Yamuna,Domestic,3.0,4.5,6.5,8.0,50.0,5.0,312.7
32937,Sep,2023,127.97,Tamil Nadu,Chennai,TANGEDCO,Domestic,3.5,5.0,7.0,9.0,80.0,10.0,627.56
24425,Feb,2025,651.49,Karnataka,Bangalore,BESCOM,Commercial,8.0,9.0,10.0,11.0,220.0,9.0,7026.66
23238,Aug,2025,67.25,Tamil Nadu,Chennai,TANGEDCO,Domestic,3.5,5.0,7.0,9.0,80.0,10.0,341.43
33771,Sep,2024,200.3,West Bengal,Kolkata,CESC,Commercial,8.5,9.5,10.2,11.5,250.0,12.0,2275.74
23894,Nov,2023,53.11,West Bengal,Kolkata,CESC,Domestic,5.1,6.8,7.9,9.2,110.0,12.0,433.09
33240,Mar,2023,1664.31,Karnataka,Bangalore,BESCOM,Commercial,8.0,9.0,10.0,11.0,220.0,9.0,19324.56
22006,Feb,2023,933.73,West Bengal,Kolkata,CESC,Domestic,5.1,6.8,7.9,9.2,110.0,12.0,8291.75
22017,Jul,2026,180.36,Delhi,Delhi,BSES Yamuna,Domestic,3.0,4.5,6.5,8.0,50.0,5.0,741.83
31364,May,2024,134.15,Karnataka,Bangalore,BESCOM,Domestic,4.5,6.5,7.7,8.5,100.0,9.0,855.62
30861,May,2026,153.98,West Bengal,Kolkata,CESC,Domestic,5.1,6.8,7.9,9.2,110.0,12.0,1125.58
30071,Oct,2023,363.48,West Bengal,Kolkata,CESC,Domestic,5.1,6.8,7.9,9.2,110.0,12.0,2780.76
29389,May,2023,30.96,Maharashtra,Mumbai,MSEDCL,Domestic,5.5,8.2,10.5,12.0,125.0,16.0,336.59
21773,Apr,2023,450.2,Karnataka,Bangalore,BESCOM,Domestic,4.5,6.5,7.7,8.5,100.0,9.0,3222.04
28354,May,2025,103.14,Tamil Nadu,Chennai,TANGEDCO,Domestic,3.5,5.0,7.0,9.0,80.0,10.0,489.58
23977,Apr,2024,270.51,Tamil Nadu,Chennai,TANGEDCO,Domestic,3.5,5.0,7.0,9.0,80.0,10.0,1422.42
21752,Jun,2025,415.19,Delhi,Delhi,BSES Yamuna,Domestic,3.0,4.5,6.5,8.0,50.0,5.0,2064.03
28968,Apr,2026,107.65,Delhi,Delhi,BSES Yamuna,Domestic,3.0,4.5,6.5,8.0,50.0,5.0,410.61
27431,Feb,2025,155.41,Karnataka,Bangalore,BESCOM,Domestic,4.5,6.5,7.7,8.5,100.0,9.0,1010.36
34116,Sep,2024,496.42,Maharashtra,Mumbai,MSEDCL,Domestic,5.5,8.2,10.5,12.0,125.0,16.0,5161.04
34610,Feb,2025,153.31,Delhi,Delhi,BSES Yamuna,Domestic,3.0,4.5,6.5,8.0,50.0,5.0,613.69
27171,Sep,2023,34.94,Delhi,Delhi,BSES Yamuna,Domestic,3.0,4.5,6.5,8.0,50.0,5.0,160.17
33340,Oct,2026,126.9,Tamil Nadu,Chennai,TANGEDCO,Domestic,3.5,5.0,7.0,9.0,80.0,10.0,620.27
26470,Jun,2026,534.51,West Bengal,Kolkata,CESC,Domestic,5.1,6.8,7.9,9.2,110.0,12.0,4371.25
29132,Sep,2023,345.36,Karnataka,Bangalore,BESCOM,Domestic,4.5,6.5,7.7,8.5,100.0,9.0,2396.09
23221,Sep,2023,461.7,Tamil Nadu,Chennai,TANGEDCO,Domestic,3.5,5.0,7.0,9.0,80.0,10.0,2799.9
20540,Mar,2023,54.11,Maharashtra,Mumbai,MSEDCL,Domestic,5.5,8.2,10.5,12.0,125.0,16.0,499.88
34824,Jan,2024,368.84,Delhi,Delhi,BSES Yamuna,Domestic,3.0,4.5,6.5,8.0,50.0,5.0,1757.86
33110,Jan,2025,645.15,Tamil Nadu,Chennai,TANGEDCO,Domestic,3.5,5.0,7.0,9.0,80.0,10.0,4574.7
21462,Mar,2026,2800.0,Maharashtra,Mumbai,MSEDCL,Commercial,9.5,11.0,12.5,14.0,300.0,16.0,44453.01
25185,May,2025,61.09,West Bengal,Kolkata,CESC,Domestic,5.1,6.8,7.9,9.2,110.0,12.0,476.38
28548,Mar,2023,731.91,Delhi,Delhi,BSES Yamuna,Domestic,3.0,4.5,6.5,8.0,50.0,5.0,4710.71
31797,Dec,2023,121.16,West Bengal,Kolkata,CESC,Domestic,5.1,6.8,7.9,9.2,110.0,12.0,849.06
31516,Sep,2025,215.88,Maharashtra,Mumbai,MSEDCL,Domestic,5.5,8.2,10.5,12.0,125.0,16.0,1908.3
20235,Sep,2026,245.31,West Bengal,Kolkata,CESC,Commercial,8.5,9.5,10.2,11.5,250.0,12.0,2750.94
34563,Mar,2024,88.88,Tamil Nadu,Chennai,TANGEDCO,Domestic,3.5,5.0,7.0,9.0,80.0,10.0,427.73
21549,Mar,2025,276.06,Tamil Nadu,Chennai,TANGEDCO,Domestic,3.5,5.0,7.0,9.0,80.0,10.0,1454.84
27481,Dec,2023,948.51,Delhi,Delhi,BSES Yamuna,Commercial,6.5,8.0,9.5,11.0,180.0,5.0,9814.36
30289,May,2023,237.83,West Bengal,Kolkata,CESC,Domestic,5.1,6.8,7.9,9.2,110.0,12.0,1736.0
24214,Feb,2024,1366.51,West Bengal,Kolkata,CESC,Commercial,8.5,9.5,10.2,11.5,250.0,12.0,16672.86
30294,Jun,2025,1147.28,West Bengal,Kolkata,CESC,Commercial,8.5,9.5,10.2,11.5,250.0,12.0,13916.06
21674,Jul,2024,597.88,Delhi,Delhi,BSES Yamuna,Domestic,3.0,4.5,6.5,8.0,50.0,5.0,3516.37
26709,Sep,2024,170.71,Delhi,Delhi,BSES Yamuna,Domestic,3.0,4.5,6.5,8.0,50.0,5.0,712.69
33356,Jun,2026,60.97,Maharashtra,Mumbai,MSEDCL,Domestic,5.5,8.2,10.5,12.0,125.0,16.0,531.95
27983,Mar,2026,485.94,Tamil Nadu,Chennai,TANGEDCO,Domestic,3.5,5.0,7.0,9.0,80.0,10.0,3033.14
22101,Dec,2023,128.13,West Bengal,Kolkata,CESC,Domestic,5.1,6.8,7.9,9.2,110.0,12.0,921.11
31850,May,2025,386.33,West Bengal,Kolkata,CESC,Domestic,5.1,6.8,7.9,9.2,110.0,12.0,3000.11
32846,Apr,2026,796.0,West Bengal,Kolkata,CESC,Commercial,8.5,9.5,10.2,11.5,250.0,12.0,9590.29
31789,May,2023,41.15,West Bengal,Kolkata,CESC,Domestic,5.1,6.8,7.9,9.2,110.0,12.0,360.96
23749,Aug,2025,653.97,Delhi,Delhi,BSES Yamuna,Domestic,3.0,4.5,6.5,8.0,50.0,5.0,3902.7
23174,Aug,2023,142.67,Maharashtra,Mumbai,MSEDCL,Domestic,5.5,8.2,10.5,12.0,125.0,16.0,1206.6
21816,Jun,2026,243.34,West Bengal,Kolkata,CESC,Commercial,8.5,9.5,10.2,11.5,250.0,12.0,2763.06
23842,Jan,2023,33.78,Karnataka,Bangalore,BESCOM,Domestic,4.5,6.5,7.7,8.5,100.0,9.0,279.56
30198,Aug,2025,306.8,Delhi,Delhi,BSES Yamuna,Domestic,3.0,4.5,6.5,8.0,50.0,5.0,1378.8
28017,Aug,2025,568.69,Delhi,Delhi,BSES Yamuna,Commercial,6.5,8.0,9.5,11.0,180.0,5.0,5354.0
27012,Feb,2023,207.44,Karnataka,Bangalore,BESCOM,Commercial,8.0,9.0,10.0,11.0,220.0,9.0,2125.82
24494,Apr,2025,610.84,West Bengal,Kolkata,CESC,Commercial,8.5,9.5,10.2,11.5,250.0,12.0,7003.14
20675,Dec,2023,200.0,Maharashtra,Mumbai,MSEDCL,Domestic,5.5,8.2,10.5,12.0,125.0,16.0,1702.47
28089,Feb,2025,335.97,West Bengal,Kolkata,CESC,Domestic,5.1,6.8,7.9,9.2,110.0,12.0,2488.08
28579,Apr,2023,183.75,Maharashtra,Mumbai,MSEDCL,Domestic,5.5,8.2,10.5,12.0,125.0,16.0,1589.04
22159,Dec,2023,296.94,Maharashtra,Mumbai,MSEDCL,Domestic,5.5,8.2,10.5,12.0,125.0,16.0,2692.25
22662,Oct,2023,179.94,West Bengal,Kolkata,CESC,Domestic,5.1,6.8,7.9,9.2,110.0,12.0,1305.95
22065,Jul,2024,231.29,Karnataka,Bangalore,BESCOM,Domestic,4.5,6.5,7.7,8.5,100.0,9.0,1546.18
32044,Sep,2025,100.55,Tamil Nadu,Chennai,TANGEDCO,Domestic,3.5,5.0,7.0,9.0,80.0,10.0,478.88
23254,Aug,2026,1091.56,Tamil Nadu,Chennai,TANGEDCO,Commercial,7.5,8.5,9.8,11.2,210.0,10.0,12295.25
24980,Dec,2023,111.57,Tamil Nadu,Chennai,TANGEDCO,Domestic,3.5,5.0,7.0,9.0,80.0,10.0,544.08
27704,Sep,2024,357.1,West Bengal,Kolkata,CESC,Domestic,5.1,6.8,7.9,9.2,110.0,12.0,2701.19
32829,Aug,2026,277.07,Karnataka,Bangalore,BESCOM,Domestic,4.5,6.5,7.7,8.5,100.0,9.0,1855.48
32459,Feb,2023,348.15,West Bengal,Kolkata,CESC,Commercial,8.5,9.5,10.2,11.5,250.0,12.0,3857.77
34745,Jul,2026,100.11,Karnataka,Bangalore,BESCOM,Domestic,4.5,6.5,7.7,8.5,100.0,9.0,588.5
28932,Feb,2024,609.22,Delhi,Delhi,BSES Yamuna,Domestic,3.0,4.5,6.5,8.0,50.0,5.0,3611.58
21402,Dec,2026,240.84,Delhi,Delhi,BSES Yamuna,Domestic,3.0,4.5,6.5,8.0,50.0,5.0,1019.29
23260,Nov,2023,75.15,Karnataka,Bangalore,BESCOM,Domestic,4.5,6.5,7.7,8.5,100.0,9.0,484.11
30470,Feb,2026,77.75,West Bengal,Kolkata,CESC,Domestic,5.1,6.8,7.9,9.2,110.0,12.0,557.73
32097,Apr,2026,336.35,Maharashtra,Mumbai,MSEDCL,Commercial,9.5,11.0,12.5,14.0,300.0,16.0,4568.09
23924,Jan,2023,1151.2,Delhi,Delhi,BSES Yamuna,Commercial,6.5,8.0,9.5,11.0,180.0,5.0,11910.97
24215,May,2024,768.82,Karnataka,Bangalore,BESCOM,Commercial,8.0,9.0,10.0,11.0,220.0,9.0,8536.76
23228,Jun,2024,137.03,Tamil Nadu,Chennai,TANGEDCO,Domestic,3.5,5.0,7.0,9.0,80.0,10.0,686.21
31024,Sep,2026,636.33,West Bengal,Kolkata,CESC,Commercial,8.5,9.5,10.2,11.5,250.0,12.0,7254.3
31951,Oct,2025,440.95,Delhi,Delhi,BSES Yamuna,Commercial,6.5,8.0,9.5,11.0,180.0,5.0,3908.92
30705,Aug,2026,1118.49,Delhi,Delhi,BSES Yamuna,Commercial,6.5,8.0,9.5,11.0,180.0,5.0,11508.24
30344,Feb,2025,32.32,Delhi,Delhi,BSES Yamuna,Domestic,3.0,4.5,6.5,8.0,50.0,5.0,153.78
31868,Jan,2026,187.96,Maharashtra,Mumbai,MSEDCL,Domestic,5.5,8.2,10.5,12.0,125.0,16.0,1624.91
22746,Feb,2024,180.51,Tamil Nadu,Chennai,TANGEDCO,Domestic,3.5,5.0,7.0,9.0,80.0,10.0,919.88
26092,Jul,2026,567.75,Maharashtra,Mumbai,MSEDCL,Commercial,9.5,11.0,12.5,14.0,300.0,16.0,8060.36
23867,Apr,2026,56.39,Delhi,Delhi,BSES Yamuna,Domestic,3.0,4.5,6.5,8.0,50.0,5.0,231.49
31957,Oct,2025,126.02,Maharashtra,Mumbai,MSEDCL,Domestic,5.5,8.2,10.5,12.0,125.0,16.0,1023.5
33994,May,2024,1688.76,Karnataka,Bangalore,BESCOM,Commercial,8.0,9.0,10.0,11.0,220.0,9.0,19875.32
25819,Dec,2025,38.5,Tamil Nadu,Chennai,TANGEDCO,Domestic,3.5,5.0,7.0,9.0,80.0,10.0,235.63
22223,Jul,2026,598.27,Delhi,Delhi,BSES Yamuna,Domestic,3.0,4.5,6.5,8.0,50.0,5.0,3520.6
22793,Mar,2023,188.72,Karnataka,Bangalore,BESCOM,Commercial,8.0,9.0,10.0,11.0,220.0,9.0,1985.13
29890,Oct,2026,667.79,Delhi,Delhi,BSES Yamuna,Commercial,6.5,8.0,9.5,11.0,180.0,5.0,6542.58
33733,Feb,2026,543.04,Tamil Nadu,Chennai,TANGEDCO,Domestic,3.5,5.0,7.0,9.0,80.0,10.0,3475.22
31655,Jul,2025,304.4,West Bengal,Kolkata,CESC,Commercial,8.5,9.5,10.2,11.5,250.0,12.0,3463.99
24064,May,2023,207.09,Karnataka,Bangalore,BESCOM,Domestic,4.5,6.5,7.7,8.5,100.0,9.0,1349.86
34048,Jan,2023,78.54,Karnataka,Bangalore,BESCOM,Domestic,4.5,6.5,7.7,8.5,100.0,9.0,497.1
21525,Jan,2025,209.8,Delhi,Delhi,BSES Yamuna,Domestic,3.0,4.5,6.5,8.0,50.0,5.0,890.78
32953,Sep,2024,145.14,Maharashtra,Mumbai,MSEDCL,Domestic,5.5,8.2,10.5,12.0,125.0,16.0,1189.47
28225,May,2023,215.26,West Bengal,Kolkata,CESC,Domestic,5.1,6.8,7.9,9.2,110.0,12.0,1600.81
26199,Jan,2023,459.38,Tamil Nadu,Chennai,TANGEDCO,Domestic,3.5,5.0,7.0,9.0,80.0,10.0,2760.89
24026,Jul,2025,883.7,Delhi,Delhi,BSES Yamuna,Commercial,6.5,8.0,9.5,11.0,180.0,5.0,9014.09
22567,Sep,2024,42.67,Tamil Nadu,Chennai,TANGEDCO,Domestic,3.5,5.0,7.0,9.0,80.0,10.0,255.48
22804,Nov,2024,564.34,Karnataka,Bangalore,BESCOM,Commercial,8.0,9.0,10.0,11.0,220.0,9.0,5911.96
32089,Jan,2026,537.79,West Bengal,Kolkata,CESC,Domestic,5.1,6.8,7.9,9.2,110.0,12.0,4385.77
23710,Oct,2026,193.42,Tamil Nadu,Chennai,TANGEDCO,Domestic,3.5,5.0,7.0,9.0,80.0,10.0,995.1
26156,Apr,2025,688.63,West Bengal,Kolkata,CESC,Commercial,8.5,9.5,10.2,11.5,250.0,12.0,7914.48
33840,Mar,2024,131.88,West Bengal,Kolkata,CESC,Commercial,8.5,9.5,10.2,11.5,250.0,12.0,1584.79
20720,May,2025,142.97,Karnataka,Bangalore,BESCOM,Domestic,4.5,6.5,7.7,8.5,100.0,9.0,913.83
34891,Jul,2026,144.99,Maharashtra,Mumbai,MSEDCL,Domestic,5.5,8.2,10.5,12.0,125.0,16.0,1220.18
26517,Aug,2025,405.75,Maharashtra,Mumbai,MSEDCL,Domestic,5.5,8.2,10.5,12.0,125.0,16.0,3954.54
24580,Feb,2025,632.41,Delhi,Delhi,BSES Yamuna,Domestic,3.0,4.5,6.5,8.0,50.0,5.0,3841.65
20973,Jul,2023,446.94,West Bengal,Kolkata,CESC,Commercial,8.5,9.5,10.2,11.5,250.0,12.0,5114.57
23719,Jan,2023,37.3,Delhi,Delhi,BSES Yamuna,Domestic,3.0,4.5,6.5,8.0,50.0,5.0,168.11
27396,Jul,2023,223.38,Delhi,Delhi,BSES Yamuna,Domestic,3.0,4.5,6.5,8.0,50.0,5.0,966.82
34959,Aug,2026,778.1,West Bengal,Kolkata,CESC,Domestic,5.1,6.8,7.9,9.2,110.0,12.0,6803.01
24403,Feb,2025,198.7,West Bengal,Kolkata,CESC,Domestic,5.1,6.8,7.9,9.2,110.0,12.0,1421.05
24553,Sep,2023,571.32,West Bengal,Kolkata,CESC,Domestic,5.1,6.8,7.9,9.2,110.0,12.0,4687.3
22208,Jan,2023,803.91,Delhi,Delhi,BSES Yamuna,Domestic,3.0,4.5,6.5,8.0,50.0,5.0,5270.09
24427,Jun,2023,178.64,Karnataka,Bangalore,BESCOM,Domestic,4.5,6.5,7.7,8.5,100.0,9.0,1165.95
26920,Jan,2026,102.7,West Bengal,Kolkata,CESC,Domestic,5.1,6.8,7.9,9.2,110.0,12.0,718.86
32513,Mar,2026,182.97,Maharashtra,Mumbai,MSEDCL,Domestic,5.5,8.2,10.5,12.0,125.0,16.0,1545.42
31223,Nov,2025,678.2,Tamil Nadu,Chennai,TANGEDCO,Domestic,3.5,5.0,7.0,9.0,80.0,10.0,4858.75
