user_id,vehicle_count,vehicle_type,daily_distance_km,work_days,vacation_days,previous_month_liters,previous_bill,trip_frequency
U401,1,Diesel,101,15,13,219,21871.05,Daily
U402,3,Diesel,5,15,10,10,996.1,Daily
U403,2,Petrol,55,26,6,108,10728.08,Weekdays
U404,1,Diesel,9,18,3,20,1999.2,Daily
U405,1,Diesel,17,19,1,36,3775.33,Weekdays
U406,1,Diesel,23,23,14,50,4899.18,Daily
U407,1,Hybrid,16,25,6,29,2933.43,Weekends
U408,2,Petrol,52,21,12,99,9642.11,Daily
U409,1,Diesel,29,21,0,57,5680.97,Daily
U410,2,Petrol,61,22,3,115,11155.06,Weekends
U411,1,Petrol,119,19,8,218,21926.86,Daily
U412,3,Petrol,39,19,13,74,7226.11,Daily
U413,2,Petrol,80,15,3,165,15735.7,Weekends
U414,1,Petrol,98,23,11,210,21662.07,Daily
U415,1,Diesel,9,20,12,19,1829.37,Daily
U416,1,Petrol,102,23,2,185,18255.87,Daily
U417,1,Diesel,26,17,9,52,5188.13,Daily
U418,1,Petrol,107,19,9,199,19765.64,Daily
U419,1,Petrol,81,16,1,163,16667.84,Weekdays
U420,1,Diesel,61,24,13,123,12419.04,Weekdays
U421,1,Petrol,51,19,14,104,10187.19,Daily
U422,1,Petrol,58,22,2,130,12417.21,Daily
U423,1,Diesel,7,25,0,15,1540.14,Weekends
U424,1,Petrol,57,16,9,120,11823.03,Rarely
U425,1,Petrol,88,22,7,197,20467.76,Daily
U426,2,Petrol,35,18,0,74,7322.34,Weekends
U427,1,Hybrid,73,24,2,161,16450.43,Weekdays
U428,1,Diesel,92,24,13,191,19939.57,Daily
U429,1,Diesel,108,15,2,222,22535.56,Daily
U430,1,Diesel,37,19,12,79,7831.66,Daily
U431,1,Petrol,76,15,14,137,13792.34,Weekends
U432,1,Petrol,92,21,1,197,19785.59,Weekdays
U433,1,Diesel,54,22,13,122,12303.48,Weekdays
U434,3,Petrol,88,17,4,189,18232.49,Daily
U435,3,Petrol,20,17,9,36,3671.46,Weekdays
U436,2,Petrol,118,21,2,234,22569.4,Weekdays
U437,1,Petrol,80,18,2,176,16745.73,Weekends
U438,1,Electric,81,17,7,0,0.0,Daily
U439,2,Petrol,113,22,3,224,21541.89,Weekdays
U440,1,Petrol,110,17,3,244,25059.8,Daily
U441,1,Petrol,43,21,2,95,9847.67,Weekdays
U442,1,Electric,93,16,10,0,0.0,Weekdays
U443,1,Petrol,50,25,0,111,11282.57,Daily
U444,3,Petrol,100,25,7,196,19564.75,Weekdays
U445,1,Diesel,92,15,14,192,18916.38,Daily
U446,2,Diesel,116,26,0,240,23978.22,Weekends
U447,1,Petrol,51,20,6,108,10465.58,Daily
U448,1,Petrol,48,22,4,104,10242.36,Weekdays
U449,1,Petrol,13,15,3,26,2656.66,Weekends
U450,1,Petrol,108,24,3,242,23516.16,Daily
U451,3,Petrol,118,26,7,260,25386.57,Weekdays
U452,2,Petrol,91,23,10,199,20396.16,Daily
U453,3,Petrol,54,17,10,109,10548.84,Daily
U454,2,Petrol,81,17,12,147,14326.45,Weekdays
U455,1,Diesel,64,18,13,130,12372.81,Weekdays
U456,3,Electric,100,25,5,0,0.0,Weekends
U457,1,Diesel,118,15,13,223,22562.92,Weekends
U458,1,Petrol,19,23,11,43,4383.59,Weekdays
U459,1,Petrol,40,25,0,88,8548.61,Weekdays
U460,1,Electric,117,17,13,0,0.0,Weekends
U461,1,Petrol,67,24,9,143,14437.82,Daily
U462,1,Petrol,73,18,7,152,14996.51,Daily
U463,2,Diesel,90,15,12,194,19279.38,Daily
U464,1,Diesel,84,18,13,168,16914.11,Weekends
U465,1,Diesel,45,15,1,100,9993.29,Weekdays
U466,1,Petrol,78,19,5,167,16936.85,Weekdays
U467,1,Petrol,28,19,8,61,5905.4,Daily
U468,2,Electric,86,25,0,0,0.0,Rarely
U469,1,Petrol,53,21,5,97,9651.77,Daily
U470,4,Diesel,22,22,7,40,3984.41,Weekdays
U471,2,Diesel,11,18,9,24,2392.65,Daily
U472,1,Diesel,8,21,12,15,1557.22,Daily
U473,1,Petrol,94,18,1,196,20224.51,Weekdays
U474,2,Petrol,73,17,4,147,14890.47,Rarely
U475,2,Diesel,64,20,5,115,11748.96,Daily
U476,2,Diesel,59,18,4,107,10210.8,Daily
U477,2,Hybrid,20,17,2,44,4507.36,Daily
U478,1,Petrol,103,23,3,216,21570.12,Daily
U479,1,Petrol,94,19,6,193,18948.25,Daily
U480,1,Hybrid,86,21,3,195,18797.57,Weekdays
U481,2,Diesel,33,26,8,62,5936.63,Weekends
U482,1,Diesel,27,20,10,52,4963.34,Daily
U483,1,Petrol,18,24,11,39,3768.1,Weekdays
U484,1,Diesel,83,19,13,181,17249.56,Daily
U485,1,Diesel,53,21,12,106,10846.6,Daily
U486,1,Diesel,37,25,12,84,8188.84,Daily
U487,2,Petrol,29,20,9,65,6414.68,Weekdays
U488,1,Petrol,25,24,1,45,4645.22,Daily
U489,2,Diesel,21,16,4,39,3749.72,Daily
U490,1,Petrol,27,17,7,59,6098.0,Daily
U491,1,Petrol,61,16,13,120,12167.45,Daily
U492,2,Electric,111,26,4,0,0.0,Daily
U493,2,Petrol,85,17,9,186,17889.12,Weekends
U494,1,Diesel,62,15,11,125,11989.37,Weekdays
U495,2,Petrol,18,22,7,36,3540.79,Weekends
U496,1,Diesel,97,20,7,183,17641.83,Daily
U497,1,Electric,24,16,8,0,0.0,Daily
U498,1,Petrol,34,22,9,70,6687.07,Daily
U499,1,Petrol,23,20,5,43,4340.85,Daily
U500,1,Petrol,57,21,11,112,10802.71,Weekdays
U501,1,Petrol,107,25,3,224,22975.08,Daily
U502,1,Diesel,60,15,11,135,13119.54,Daily
U503,1,Hybrid,81,21,10,183,18845.3,Weekdays
U504,1,Petrol,86,17,2,167,16182.1,Daily
U505,3,Petrol,27,25,14,58,5928.39,Rarely
U506,1,Petrol,66,26,11,144,14159.63,Daily
U507,1,Diesel,114,22,13,251,25308.63,Weekdays
U508,2,Petrol,37,20,4,77,7344.77,Daily
U509,1,Diesel,107,18,5,193,19290.82,Rarely
U510,1,Diesel,108,25,2,235,22674.42,Daily
U511,1,Diesel,22,22,1,40,3994.53,Weekdays
U512,1,Petrol,77,23,6,143,13787.14,Daily
U513,3,Diesel,37,24,10,77,7651.56,Weekdays
U514,2,Petrol,36,16,4,82,7880.71,Daily
U515,1,Petrol,65,20,8,124,12052.74,Daily
U516,2,Diesel,58,19,14,123,12416.95,Weekends
U517,2,Diesel,21,19,2,40,4190.66,Rarely
U518,1,Petrol,23,24,13,51,5074.08,Daily
U519,2,Petrol,95,25,14,199,20272.48,Weekends
U520,1,Petrol,74,17,7,140,14055.19,Daily
U521,2,Petrol,103,26,5,198,19796.75,Weekends
U522,2,Petrol,105,22,3,211,20181.53,Weekdays
U523,1,Petrol,38,22,11,70,6751.01,Daily
U524,1,Petrol,88,26,11,161,16716.72,Weekends
U525,1,Diesel,29,19,14,62,6144.3,Weekends
U526,1,Diesel,72,22,8,144,14564.64,Daily
U527,2,Diesel,78,24,4,168,16847.43,Weekdays
U528,2,Petrol,78,22,14,144,14225.59,Daily
U529,1,Electric,92,17,9,0,0.0,Weekends
U530,1,Diesel,89,16,5,179,17999.28,Weekdays
U531,1,Diesel,15,23,13,27,2603.11,Daily
U532,1,Diesel,95,16,14,196,19379.03,Weekdays
U533,1,Hybrid,20,23,14,36,3580.91,Weekdays
U534,1,Petrol,94,18,12,208,21809.06,Weekdays
U535,3,Petrol,65,26,8,137,13496.49,Daily
U536,1,Diesel,98,16,6,203,20593.5,Daily
U537,1,Diesel,117,24,11,218,21009.57,Weekdays
U538,2,Diesel,84,15,4,163,15591.73,Daily
U539,1,Petrol,11,18,1,22,2281.74,Daily
U540,3,Petrol,20,23,3,42,4296.91,Weekdays
U541,3,Petrol,103,26,1,194,19045.95,Daily
U542,1,Hybrid,20,23,2,36,3601.65,Weekdays
U543,1,Diesel,44,18,9,86,8286.74,Weekdays
U544,1,Petrol,16,23,11,32,3266.29,Weekdays
U545,1,Petrol,39,26,2,73,6986.34,Daily
U546,1,Petrol,117,20,3,239,24514.31,Daily
U547,1,Diesel,25,15,5,49,4922.95,Daily
U548,1,Diesel,54,24,11,109,10658.95,Weekends
U549,1,Diesel,47,20,2,92,9533.57,Daily
U550,1,Petrol,104,23,9,219,22964.5,Rarely
U551,3,Diesel,116,16,13,211,20581.68,Weekdays
U552,1,Petrol,21,20,0,39,4019.44,Weekends
U553,1,Diesel,36,16,0,72,7380.12,Daily
U554,1,Petrol,45,18,8,89,9120.0,Daily
U555,4,Petrol,10,22,8,19,1986.87,Weekends
U556,1,Diesel,92,21,4,202,20172.97,Daily
U557,2,Hybrid,31,25,8,69,7020.18,Daily
U558,2,Petrol,24,26,10,46,4748.98,Daily
U559,1,Diesel,29,23,6,64,6386.9,Rarely
U560,2,Petrol,70,21,8,142,14173.63,Weekdays
U561,1,Petrol,13,15,11,25,2454.66,Weekdays
U562,1,Petrol,96,16,6,220,22617.82,Weekdays
U563,1,Petrol,57,20,8,126,12834.61,Daily
U564,1,Petrol,65,21,14,149,14827.2,Weekdays
U565,1,Petrol,42,17,1,79,7836.28,Daily
U566,2,Petrol,7,23,10,13,1244.44,Weekends
U567,1,Hybrid,88,21,10,180,17111.7,Daily
U568,1,Petrol,74,20,7,156,15645.07,Daily
U569,1,Diesel,107,20,6,201,19934.16,Weekdays
U570,1,Petrol,101,15,5,225,23166.08,Daily
U571,2,Diesel,59,19,4,121,12151.61,Weekdays
U572,1,Petrol,5,24,3,10,1043.67,Daily
U573,1,Petrol,105,17,6,220,21331.51,Daily
U574,1,Petrol,74,21,2,156,16364.63,Daily
U575,1,Petrol,49,24,7,89,8720.15,Weekdays
U576,1,Petrol,102,17,1,234,23733.27,Daily
U577,2,Diesel,51,19,0,101,10101.87,Weekdays
U578,1,Diesel,83,21,10,151,14887.96,Daily
U579,3,Diesel,113,17,1,251,24194.67,Daily
U580,1,Diesel,30,24,8,68,6551.69,Daily
U581,1,Petrol,18,16,4,39,3982.49,Weekends
U582,1,Petrol,58,20,10,129,12742.16,Weekdays
U583,3,Petrol,75,22,7,158,16528.85,Daily
U584,2,Petrol,50,18,2,113,11102.98,Weekdays
U585,1,Petrol,35,23,6,63,6604.62,Weekends
U586,2,Petrol,92,26,14,200,19410.85,Daily
U587,2,Petrol,63,26,1,134,12867.77,Weekends
U588,1,Petrol,99,22,7,180,17662.63,Daily
U589,1,Diesel,33,21,13,68,7062.2,Weekends
U590,1,Diesel,110,21,6,226,22649.39,Weekdays
U591,1,Petrol,100,17,11,214,20620.29,Daily
U592,2,Hybrid,21,20,4,38,3686.95,Daily
U593,3,Electric,18,19,11,0,0.0,Rarely
U594,1,Petrol,108,15,10,201,20281.24,Weekdays
U595,1,Petrol,40,25,3,80,7865.9,Weekdays
U596,1,Petrol,62,17,0,138,14140.93,Daily
U597,2,Hybrid,116,26,4,241,24380.27,Daily
U598,2,Diesel,28,15,11,55,5705.6,Daily
U599,2,Petrol,113,18,8,206,20601.98,Daily
U600,2,Petrol,67,24,9,143,14058.58,Weekdays
U601,1,Diesel,95,17,3,217,22776.91,Weekends
U602,1,Petrol,29,25,12,65,6406.16,Weekdays
U603,1,Petrol,63,18,8,135,13403.61,Daily
U604,2,Diesel,36,23,11,66,6804.02,Weekdays
U605,1,Diesel,86,17,1,165,15821.25,Weekends
U606,1,Diesel,114,26,3,215,21255.95,Weekdays
U607,1,Diesel,22,20,8,43,4121.86,Weekdays
U608,2,Diesel,41,20,3,78,7518.66,Rarely
U609,1,Petrol,30,21,4,57,5417.65,Weekdays
U610,1,Diesel,13,23,10,27,2567.58,Daily
U611,1,Petrol,103,26,7,201,19859.38,Daily
U612,2,Diesel,68,21,0,145,14948.29,Rarely
U613,2,Petrol,76,15,0,172,17349.65,Daily
U614,1,Diesel,24,22,8,50,5067.46,Daily
U615,2,Petrol,58,19,8,126,12624.25,Daily
U616,1,Petrol,110,23,3,239,24664.31,Weekdays
U617,1,Petrol,90,24,12,176,18269.47,Rarely
U618,2,Petrol,87,26,1,157,16249.09,Daily
U619,1,Diesel,34,19,12,62,6393.52,Weekdays
U620,2,Diesel,57,19,8,110,10650.98,Weekends
U621,2,Petrol,96,26,13,205,20692.45,Daily
U622,1,Petrol,103,26,3,232,23390.62,Daily
U623,1,Petrol,111,16,5,253,25370.7,Weekends
U624,1,Petrol,67,26,11,121,12076.78,Daily
U625,1,Petrol,15,25,0,34,3260.32,Weekdays
U626,1,Diesel,35,17,11,68,6529.47,Weekdays
U627,3,Petrol,53,24,8,117,12170.67,Daily
U628,1,Petrol,116,23,4,219,22185.11,Weekends
U629,2,Petrol,107,21,14,195,19036.52,Daily
U630,1,Petrol,104,15,2,206,20145.36,Daily
U631,2,Petrol,98,17,3,218,22040.22,Daily
U632,1,Diesel,91,26,0,173,17139.0,Daily
U633,1,Petrol,23,16,13,43,4274.77,Weekends
U634,1,Petrol,16,15,8,36,3441.83,Weekdays
U635,1,Petrol,19,23,13,43,4144.66,Weekends
U636,2,Petrol,35,22,7,63,6232.81,Daily
U637,1,Petrol,47,19,3,101,10301.68,Weekdays
U638,1,Electric,105,25,1,0,0.0,Weekdays
U639,1,Diesel,41,26,13,81,7965.99,Weekends
U640,1,Diesel,83,16,8,168,17127.72,Weekdays
U641,3,Petrol,33,15,3,66,6792.75,Daily
U642,3,Petrol,118,21,8,242,23450.33,Daily
U643,3,Petrol,111,25,9,232,23737.05,Daily
U644,1,Diesel,30,25,2,60,6273.25,Weekdays
U645,1,Diesel,112,16,6,240,24976.35,Rarely
U646,3,Petrol,6,15,6,12,1234.73,Daily
U647,1,Petrol,88,16,9,177,18075.82,Daily
U648,3,Petrol,19,21,12,35,3407.3,Daily
U649,3,Diesel,8,21,3,16,1621.42,Weekdays
U650,2,Diesel,90,24,1,196,19880.82,Daily
U651,1,Petrol,54,20,10,114,11293.78,Daily
U652,1,Petrol,42,19,8,87,8693.92,Daily
U653,2,Diesel,27,17,3,51,5198.95,Weekdays
U654,1,Petrol,63,26,7,133,13901.3,Weekdays
U655,1,Petrol,94,17,13,184,18023.36,Weekdays
U656,1,Petrol,119,25,1,268,26120.25,Daily
U657,3,Diesel,79,26,7,168,16971.04,Daily
U658,2,Petrol,32,23,10,62,5971.1,Daily
U659,1,Petrol,70,18,9,142,14317.2,Daily
U660,1,Diesel,12,23,4,26,2493.1,Daily
U661,1,Petrol,33,18,6,64,6393.97,Daily
U662,4,Petrol,15,16,6,30,3036.12,Weekdays
U663,1,Petrol,105,18,11,224,21437.05,Daily
U664,1,Petrol,22,20,8,47,4562.27,Daily
U665,2,Diesel,59,20,2,111,10917.27,Weekends
U666,2,Petrol,54,19,9,112,11052.83,Weekdays
U667,2,Petrol,18,15,3,40,4070.44,Weekdays
U668,2,Diesel,78,17,9,178,17851.66,Weekends
U669,1,Diesel,103,19,3,219,21641.82,Daily
U670,1,Diesel,13,20,14,29,2885.7,Weekdays
U671,2,Petrol,103,15,12,214,20357.77,Weekdays
U672,2,Petrol,15,23,9,30,3081.16,Daily
U673,2,Diesel,67,17,4,139,13262.0,Daily
U674,3,Petrol,112,24,13,208,21484.98,Daily
U675,1,Diesel,80,17,5,160,16065.59,Daily
U676,1,Diesel,71,25,14,144,14440.06,Daily
U677,2,Diesel,57,16,2,126,12857.77,Daily
U678,1,Petrol,43,22,12,93,9634.39,Daily
U679,2,Petrol,82,17,3,172,17961.35,Daily
U680,2,Diesel,60,20,2,118,11851.18,Daily
U681,2,Petrol,32,16,1,60,5790.39,Daily
U682,1,Petrol,79,21,9,155,16086.88,Daily
U683,1,Diesel,43,18,11,92,8777.42,Weekdays
U684,1,Diesel,29,23,8,56,5772.11,Daily
U685,1,Petrol,25,24,0,50,5090.21,Weekends
U686,1,Petrol,14,23,1,27,2809.28,Weekends
U687,1,Petrol,47,21,7,102,10605.41,Weekdays
U688,1,Diesel,19,26,14,42,4012.32,Weekdays
U689,1,Hybrid,87,22,6,187,18904.66,Daily
U690,1,Petrol,52,17,11,102,9817.16,Daily
U691,1,Petrol,90,25,0,181,17337.03,Weekends
U692,1,Diesel,25,19,4,46,4576.21,Daily
U693,2,Petrol,64,16,9,120,11517.12,Weekends
U694,1,Petrol,112,24,5,210,21478.6,Weekdays
U695,1,Electric,100,21,4,0,0.0,Daily
U696,1,Petrol,54,22,3,102,10270.97,Daily
U697,2,Diesel,27,23,13,51,4964.94,Weekdays
U698,1,Petrol,17,25,12,31,3206.39,Daily
U699,1,Petrol,73,25,0,154,15943.78,Daily
U700,1,Diesel,8,21,6,18,1841.9,Weekdays
U701,1,Petrol,96,24,8,215,21747.53,Weekdays
U702,1,Electric,82,24,5,0,0.0,Daily
U703,1,Diesel,76,22,2,152,14688.2,Daily
U704,1,Petrol,13,26,14,28,2920.85,Weekends
U705,2,Petrol,119,23,9,222,23192.79,Weekdays
U706,3,Petrol,39,20,13,86,8919.91,Weekdays
U707,1,Petrol,105,26,3,220,21451.46,Rarely
U708,1,Petrol,25,26,9,56,5800.58,Daily
U709,2,Petrol,62,24,4,138,13796.74,Daily
U710,1,Petrol,22,16,14,47,4744.62,Weekends
U711,1,Diesel,101,16,11,215,22232.29,Weekdays
U712,1,Diesel,76,18,11,144,13722.6,Daily
U713,1,Diesel,119,23,0,221,21797.1,Daily
U714,3,Petrol,117,21,4,234,24138.72,Weekdays
U715,2,Petrol,85,16,0,160,16502.33,Daily
U716,2,Diesel,47,22,8,87,9003.36,Weekends
U717,1,Petrol,99,25,6,193,18661.59,Daily
U718,1,Petrol,102,21,2,227,23167.36,Daily
U719,1,Diesel,10,23,8,18,1736.37,Daily
U720,1,Diesel,90,22,1,175,17998.92,Weekdays
U721,1,Petrol,82,17,11,164,15982.01,Weekends
U722,2,Petrol,71,15,6,145,14844.84,Weekdays
U723,2,Diesel,16,16,8,30,2986.5,Weekends
U724,1,Diesel,104,16,5,237,24852.44,Daily
U725,3,Diesel,16,18,9,33,3326.36,Daily
U726,2,Diesel,113,20,4,232,23507.58,Weekends
U727,1,Diesel,70,18,11,126,12433.89,Weekends
U728,1,Petrol,6,23,6,12,1228.14,Weekends
U729,1,Petrol,19,18,13,42,4197.85,Weekdays
U730,1,Diesel,27,20,14,51,4854.21,Daily
U731,1,Diesel,33,20,14,65,6570.58,Daily
U732,2,Diesel,85,24,5,153,15805.6,Weekends
U733,1,Petrol,100,25,4,228,22199.91,Daily
U734,1,Petrol,11,24,13,20,1944.21,Daily
U735,1,Diesel,98,15,1,220,22239.55,Weekdays
U736,1,Diesel,32,22,7,62,6397.15,Daily
U737,2,Hybrid,18,26,14,37,3607.36,Weekends
U738,2,Diesel,48,17,12,102,10640.91,Daily
U739,1,Diesel,34,20,6,63,6569.25,Weekdays
U740,1,Diesel,85,17,5,171,16587.92,Weekdays
U741,1,Diesel,36,25,4,70,6834.65,Weekdays
U742,1,Diesel,114,16,4,208,21217.25,Daily
U743,1,Diesel,74,19,8,164,17140.84,Daily
U744,1,Petrol,119,15,0,216,22053.35,Daily
U745,1,Petrol,92,23,8,195,19392.56,Daily
U746,1,Diesel,10,25,5,19,1837.11,Weekdays
U747,1,Petrol,31,21,3,58,5777.39,Daily
U748,1,Petrol,86,17,9,183,18495.39,Daily
U749,1,Petrol,92,18,13,192,18875.43,Daily
U750,1,Petrol,105,20,6,205,20521.03,Weekdays
U751,1,Petrol,28,17,8,57,5489.22,Daily
U752,2,Petrol,106,26,4,203,20202.94,Weekends
U753,2,Hybrid,38,21,13,84,8056.25,Weekdays
U754,1,Petrol,44,20,4,86,8212.22,Weekdays
U755,1,Petrol,51,23,7,98,10150.1,Weekends
U756,1,Petrol,83,26,6,180,17469.15,Daily
U757,1,Diesel,79,19,12,142,14306.72,Weekends
U758,1,Petrol,90,18,12,174,16789.23,Weekdays
U759,3,Diesel,28,17,7,55,5369.39,Weekends
U760,1,Diesel,69,24,10,154,15186.46,Weekends
U761,1,Diesel,22,15,11,50,4821.84,Daily
U762,1,Petrol,48,17,9,103,9832.34,Daily
U763,1,Diesel,80,17,1,163,16914.77,Weekdays
U764,1,Petrol,61,21,8,129,12270.26,Weekdays
U765,3,Hybrid,111,21,2,222,21226.13,Daily
U766,1,Diesel,32,26,5,62,6389.14,Daily
U767,3,Petrol,108,15,5,245,23965.92,Daily
U768,3,Petrol,75,17,1,139,14209.72,Weekdays
U769,1,Petrol,27,22,11,53,5112.5,Rarely
U770,1,Diesel,89,23,12,200,19474.56,Weekdays
U771,1,Petrol,38,21,6,82,8259.68,Daily
U772,1,Diesel,15,21,8,27,2831.93,Daily
U773,1,Petrol,90,26,11,163,15604.71,Daily
U774,2,Diesel,110,25,9,226,22375.25,Daily
U775,1,Diesel,39,22,10,79,7539.03,Weekends
U776,1,Diesel,97,20,0,196,19010.48,Daily
U777,2,Diesel,46,25,7,89,9262.65,Weekdays
U778,1,Petrol,32,17,1,73,7005.42,Weekends
U779,2,Petrol,86,15,13,166,17192.38,Weekends
U780,1,Diesel,82,21,0,167,16161.93,Daily
U781,1,Petrol,86,15,7,172,17822.27,Daily
U782,2,Petrol,96,15,1,180,18068.44,Daily
U783,1,Petrol,28,23,5,53,5500.45,Weekdays
U784,2,Petrol,12,24,14,27,2605.96,Rarely
U785,2,Petrol,110,21,5,245,25141.99,Daily
U786,2,Diesel,113,25,4,214,21786.69,Daily
U787,1,Petrol,57,18,7,127,12754.53,Weekends
U788,1,Diesel,76,20,2,144,14847.25,Weekdays
U789,2,Petrol,8,15,12,16,1623.72,Rarely
U790,2,Diesel,95,21,9,174,18056.06,Daily
U791,4,Petrol,104,26,14,232,22924.06,Daily
U792,1,Diesel,9,20,3,16,1614.39,Daily
U793,1,Diesel,101,18,6,209,21674.56,Daily
U794,2,Petrol,53,21,14,116,11269.18,Weekdays
U795,1,Hybrid,102,17,6,189,18873.05,Daily
U796,3,Electric,34,15,12,0,0.0,Daily
U797,2,Diesel,76,18,11,138,13763.57,Weekends
U798,1,Diesel,107,17,13,229,22333.98,Daily
U799,2,Petrol,67,15,7,130,12806.4,Weekdays
U800,2,Diesel,51,16,1,106,11008.19,Daily
U801,1,Petrol,30,25,10,67,7004.77,Weekends
U802,3,Petrol,61,19,11,119,12435.63,Daily
U803,1,Electric,41,22,1,0,0.0,Weekdays
U804,2,Petrol,102,15,3,218,21820.93,Daily
U805,1,Diesel,11,18,12,24,2323.85,Daily
U806,2,Diesel,44,18,9,100,9623.22,Weekdays
U807,1,Diesel,96,19,12,180,17207.58,Daily
U808,1,Electric,43,21,8,0,0.0,Daily
U809,3,Petrol,66,26,9,146,15152.05,Weekends
U810,1,Petrol,107,22,11,235,24226.35,Weekends
U811,1,Petrol,96,20,8,202,20337.0,Daily
U812,3,Petrol,82,15,12,158,16587.98,Daily
U813,3,Petrol,57,21,12,110,11498.36,Daily
U814,1,Petrol,118,17,3,219,22239.69,Daily
U815,1,Diesel,106,20,8,239,23815.33,Rarely
U816,1,Diesel,8,22,14,15,1447.83,Weekdays
U817,1,Petrol,110,21,13,229,22935.71,Daily
U818,1,Diesel,86,24,2,179,17287.36,Rarely
U819,2,Petrol,112,20,11,222,21974.56,Weekdays
U820,2,Petrol,116,23,4,229,23913.66,Weekdays
U821,2,Diesel,29,23,9,61,6003.61,Daily
U822,2,Diesel,11,15,8,21,2027.09,Daily
U823,1,Diesel,106,15,5,204,20568.09,Weekdays
U824,1,Petrol,32,15,2,63,6364.49,Daily
U825,1,Diesel,73,22,9,160,15510.09,Daily
U826,1,Diesel,71,26,8,162,15708.47,Daily
U827,1,Diesel,112,26,5,237,24860.23,Daily
U828,2,Diesel,99,24,3,216,21045.49,Weekdays
U829,1,Diesel,115,21,13,237,24501.52,Weekdays
U830,1,Diesel,110,17,3,232,23131.15,Daily
U831,1,Diesel,24,16,7,55,5464.24,Daily
U832,2,Electric,87,18,6,0,0.0,Weekdays
U833,1,Diesel,116,17,0,212,21780.51,Daily
U834,1,Petrol,15,21,5,34,3529.42,Weekdays
U835,1,Diesel,108,24,7,237,23133.87,Weekdays
U836,2,Petrol,71,22,2,141,13529.09,Daily
U837,1,Petrol,91,20,13,208,20044.79,Weekdays
U838,2,Diesel,11,17,8,21,2161.49,Weekdays
U839,2,Hybrid,27,20,9,53,5265.99,Daily
U840,1,Hybrid,65,16,1,136,13099.4,Daily
U841,1,Petrol,75,26,13,145,14268.42,Rarely
U842,4,Petrol,114,21,5,245,24534.88,Daily
U843,1,Petrol,38,25,11,71,7349.96,Weekends
U844,1,Electric,110,24,0,0,0.0,Weekdays
U845,2,Electric,23,21,11,0,0.0,Daily
U846,3,Diesel,62,18,10,128,12363.14,Daily
U847,4,Diesel,13,22,14,24,2378.96,Daily
U848,2,Diesel,52,18,1,118,11298.73,Daily
U849,1,Diesel,119,21,12,248,25433.83,Weekdays
U850,1,Petrol,86,18,4,161,15941.34,Weekends
U851,2,Petrol,45,26,0,88,8661.86,Weekends
U852,1,Diesel,52,19,7,114,11410.38,Daily
U853,1,Diesel,49,21,0,101,10311.05,Weekends
U854,3,Petrol,110,24,12,208,20944.24,Weekends
U855,1,Hybrid,29,17,8,53,5460.27,Weekends
U856,1,Petrol,82,24,9,165,16713.45,Daily
U857,1,Petrol,112,19,10,220,22633.53,Weekdays
U858,1,Diesel,29,25,2,61,6220.04,Weekdays
U859,1,Diesel,23,17,11,52,5040.42,Daily
U860,1,Diesel,43,19,1,82,7832.93,Rarely
U861,1,Petrol,83,17,14,184,19142.25,Daily
U862,1,Petrol,84,25,0,189,19742.29,Daily
U863,2,Diesel,31,24,8,69,7056.58,Weekends
U864,1,Diesel,108,25,14,245,25049.3,Daily
U865,3,Petrol,78,21,3,173,16902.35,Weekends
U866,1,Diesel,67,15,11,140,14059.42,Weekdays
U867,1,Petrol,72,23,0,144,15108.83,Daily
U868,2,Diesel,119,23,0,243,25165.43,Daily
U869,1,Diesel,23,19,6,51,5000.24,Weekdays
U870,3,Petrol,32,23,1,62,6076.65,Weekdays
U871,1,Petrol,89,24,6,167,16672.57,Weekends
U872,3,Diesel,115,20,11,215,21294.89,Weekends
U873,1,Diesel,82,19,14,181,17866.79,Daily
U874,2,Diesel,37,17,6,80,8101.58,Daily
U875,1,Diesel,116,25,14,237,22542.24,Weekends
U876,4,Diesel,14,25,9,27,2771.1,Weekdays
U877,1,Electric,87,22,13,0,0.0,Daily
U878,1,Petrol,34,18,8,61,6301.5,Weekends
U879,3,Petrol,26,24,12,54,5584.38,Weekends
U880,1,Petrol,7,17,6,13,1308.63,Weekdays
U881,1,Petrol,105,20,12,240,24672.18,Daily
U882,2,Diesel,109,22,13,223,22283.04,Weekdays
U883,1,Petrol,86,23,0,178,18603.72,Weekdays
U884,1,Hybrid,79,20,11,170,16474.19,Weekends
U885,1,Diesel,52,19,12,106,11040.55,Rarely
U886,3,Diesel,6,26,7,11,1073.44,Weekdays
U887,1,Petrol,80,25,7,165,15844.49,Weekdays
U888,1,Petrol,58,16,3,131,13020.23,Rarely
U889,3,Petrol,10,16,12,20,2022.98,Daily
U890,2,Petrol,111,23,7,237,23062.45,Daily
U891,1,Petrol,44,16,3,100,10055.8,Weekends
U892,1,Diesel,112,16,14,248,25563.58,Daily
U893,1,Diesel,97,17,7,206,20099.6,Daily
U894,1,Diesel,98,17,4,212,21370.28,Daily
U895,1,Diesel,6,18,3,13,1279.11,Daily
U896,1,Petrol,77,21,5,175,17552.09,Daily
U897,1,Diesel,115,23,1,262,26637.33,Daily
U898,1,Diesel,6,16,11,12,1182.05,Rarely
U899,3,Petrol,97,18,1,193,20254.35,Weekdays
U900,4,Diesel,101,23,1,188,18919.9,Weekdays
U901,2,Petrol,78,16,8,155,16002.92,Daily
U902,1,Diesel,102,24,14,231,23620.06,Weekdays
U903,1,Electric,112,25,13,0,0.0,Weekdays
U904,2,Petrol,59,15,9,121,11705.3,Weekdays
U905,2,Diesel,76,24,2,157,15264.41,Daily
U906,1,Diesel,105,22,14,205,20474.19,Daily
U907,3,Electric,64,23,9,0,0.0,Weekends
U908,2,Petrol,101,21,3,217,21043.81,Weekdays
U909,3,Diesel,115,22,9,230,24083.45,Weekdays
U910,2,Petrol,10,18,11,18,1732.97,Weekdays
U911,1,Petrol,112,18,7,231,22349.43,Daily
U912,1,Petrol,108,16,3,206,19914.5,Weekdays
U913,3,Electric,113,22,10,0,0.0,Daily
U914,2,Diesel,23,25,9,45,4687.89,Weekdays
U915,1,Diesel,100,16,9,225,21949.0,Rarely
U916,1,Hybrid,31,23,12,59,5931.29,Weekdays
U917,1,Petrol,5,18,6,9,870.82,Daily
U918,2,Petrol,111,15,4,234,23706.86,Daily
U919,4,Petrol,37,18,8,81,7794.83,Weekdays
U920,1,Petrol,44,17,3,91,9092.09,Weekends
U921,1,Petrol,36,26,2,68,6905.52,Weekdays
U922,1,Petrol,73,20,12,132,13304.45,Weekdays
U923,3,Petrol,21,21,1,44,4241.6,Daily
U924,2,Petrol,12,22,0,22,2125.5,Weekdays
U925,2,Petrol,61,16,10,120,12205.67,Weekdays
U926,1,Petrol,46,20,5,98,10102.73,Rarely
U927,1,Electric,102,20,9,0,0.0,Daily
U928,1,Diesel,13,24,1,24,2475.27,Weekdays
U929,1,Electric,91,26,7,0,0.0,Daily
U930,2,Petrol,39,19,5,89,8818.34,Weekdays
U931,2,Petrol,118,24,11,235,23103.24,Weekends
U932,4,Diesel,75,24,11,168,16007.35,Daily
U933,4,Petrol,83,21,4,161,16019.33,Daily
U934,1,Petrol,57,17,12,124,12587.7,Weekdays
U935,2,Petrol,58,18,1,110,11346.95,Weekdays
U936,3,Petrol,88,24,6,180,17581.42,Daily
U937,2,Petrol,118,23,1,261,26135.47,Daily
U938,1,Petrol,29,18,12,64,6503.69,Weekdays
U939,1,Diesel,71,17,13,155,15579.98,Weekends
U940,1,Petrol,66,16,4,145,14172.33,Daily
U941,3,Petrol,59,19,1,112,11531.84,Weekends
U942,1,Diesel,50,18,10,102,9866.83,Daily
U943,1,Petrol,28,22,9,57,5930.84,Daily
U944,2,Petrol,102,21,10,229,23936.45,Daily
U945,1,Diesel,50,20,10,97,9569.61,Weekends
U946,1,Petrol,26,25,1,58,5728.19,Daily
U947,1,Petrol,15,26,14,30,3072.98,Weekdays
U948,2,Petrol,52,16,6,111,11051.48,Daily
U949,1,Petrol,12,17,8,23,2191.58,Rarely
U950,2,Diesel,43,24,4,86,8961.09,Weekends
U951,1,Diesel,111,23,6,239,23734.49,Weekdays
U952,2,Petrol,39,23,3,80,7762.8,Weekends
U953,1,Diesel,53,19,1,120,12066.8,Weekdays
U954,1,Petrol,50,17,2,108,10496.42,Weekends
U955,2,Petrol,42,16,1,87,8444.24,Daily
U956,1,Diesel,12,22,4,26,2611.89,Daily
U957,1,Petrol,58,20,5,123,12165.98,Weekdays
U958,1,Petrol,41,24,14,87,8763.5,Daily
U959,2,Petrol,95,25,14,182,19104.22,Daily
U960,1,Petrol,96,26,6,191,19785.72,Weekdays
U961,2,Petrol,44,21,2,94,8937.21,Daily
U962,1,Diesel,38,15,3,85,8117.97,Weekdays
U963,1,Petrol,100,15,7,195,19714.65,Daily
U964,1,Petrol,83,24,3,158,15999.48,Rarely
U965,1,Petrol,112,16,6,234,24284.97,Weekends
U966,1,Diesel,21,24,11,38,3849.04,Weekends
U967,1,Diesel,37,17,5,79,7684.89,Daily
U968,1,Diesel,51,26,6,109,10865.68,Weekdays
U969,3,Diesel,114,15,0,225,23195.22,Rarely
U970,1,Diesel,56,19,2,125,13028.53,Weekends
U971,1,Petrol,84,17,5,172,16747.49,Weekdays
U972,2,Petrol,97,15,2,205,20581.19,Daily
U973,1,Diesel,13,22,14,24,2318.14,Weekdays
U974,1,Electric,37,26,13,0,0.0,Weekdays
U975,2,Diesel,64,25,14,142,13617.96,Daily
U976,3,Petrol,117,20,13,223,23285.05,Weekdays
U977,1,Petrol,97,23,6,193,19566.45,Weekends
U978,3,Petrol,81,17,8,158,16359.66,Weekdays
U979,1,Diesel,25,23,2,46,4829.22,Daily
U980,1,Petrol,62,23,13,120,11619.2,Weekdays
U981,1,Petrol,89,26,0,170,17330.04,Rarely
U982,4,Diesel,73,26,9,165,17138.53,Weekdays
U983,1,Petrol,14,15,14,30,3022.78,Weekdays
U984,1,Diesel,10,17,12,19,1926.54,Weekdays
U985,1,Petrol,119,20,5,259,25660.87,Weekdays
U986,1,Petrol,17,22,11,30,3052.43,Weekdays
U987,1,Petrol,69,18,0,142,14051.72,Daily
U988,1,Diesel,24,19,0,46,4589.25,Daily
U989,1,Petrol,61,23,13,113,10851.29,Daily
U990,1,Petrol,115,20,7,257,24435.07,Daily
U991,1,Electric,50,26,8,0,0.0,Daily
U992,1,Petrol,12,21,1,26,2520.06,Daily
U993,1,Diesel,14,21,8,28,2787.85,Weekends
U994,1,Diesel,77,18,4,139,13234.18,Daily
U995,2,Petrol,117,18,12,253,24429.52,Daily
U996,1,Diesel,109,18,7,228,23441.69,Daily
U997,2,Petrol,71,25,6,140,14367.03,Weekdays
U998,1,Diesel,15,19,6,29,2984.02,Daily
U999,1,Petrol,16,19,3,29,3022.25,Daily
U1000,1,Diesel,14,22,1,31,2981.91,Daily
U1001,1,Petrol,29,23,4,59,5701.25,Weekends
U1002,1,Diesel,53,16,13,97,9538.55,Rarely
U1003,1,Petrol,53,25,10,118,12289.87,Rarely
U1004,1,Petrol,93,21,10,180,18495.86,Daily
U1005,1,Petrol,15,15,2,28,2750.75,Weekdays
U1006,1,Petrol,66,15,14,128,12272.17,Weekdays
U1007,1,Diesel,40,18,13,83,8396.6,Daily
U1008,1,Petrol,43,24,8,78,7610.32,Daily
U1009,1,Hybrid,57,21,5,116,11636.14,Daily
U1010,2,Electric,94,16,0,0,0.0,Weekdays
U1011,1,Diesel,82,25,2,155,15612.56,Daily
U1012,2,Petrol,107,16,11,210,21890.05,Daily
U1013,1,Petrol,60,15,3,119,11772.72,Daily
U1014,1,Diesel,108,24,8,226,22901.37,Weekdays
U1015,2,Petrol,5,16,10,11,1143.33,Weekends
U1016,3,Petrol,60,21,5,119,12004.7,Weekdays
U1017,1,Diesel,8,23,3,14,1416.09,Weekdays
U1018,1,Diesel,34,20,0,67,6844.93,Weekdays
U1019,2,Diesel,16,24,7,30,3114.63,Daily
U1020,2,Petrol,39,16,13,82,7862.31,Daily
U1021,1,Diesel,81,26,10,146,14361.81,Rarely
U1022,1,Petrol,56,24,1,108,10689.5,Rarely
U1023,1,Petrol,35,24,10,72,7494.99,Weekdays
U1024,1,Diesel,106,23,14,205,21434.82,Daily
U1025,1,Petrol,111,21,10,230,22126.88,Daily
U1026,1,Petrol,91,25,7,169,16256.29,Daily
U1027,1,Petrol,72,15,5,163,17008.82,Weekends
U1028,2,Diesel,56,26,7,108,10579.43,Weekdays
U1029,1,Diesel,84,23,5,189,18412.03,Weekends
U1030,1,Diesel,11,16,4,21,2002.48,Weekdays
U1031,2,Diesel,26,18,4,56,5474.33,Daily
U1032,2,Petrol,97,23,13,186,18959.96,Daily
U1033,1,Petrol,79,18,13,168,16675.74,Daily
U1034,1,Petrol,60,17,9,117,11719.74,Weekdays
U1035,1,Petrol,101,15,9,207,21563.8,Daily
U1036,1,Petrol,62,21,10,132,12691.39,Weekdays
U1037,1,Hybrid,97,20,7,203,19429.62,Weekdays
U1038,1,Petrol,68,24,6,141,14596.22,Daily
U1039,1,Petrol,107,18,7,196,20138.72,Daily
U1040,1,Petrol,16,20,11,30,2929.12,Daily
U1041,1,Petrol,11,20,7,22,2161.33,Weekdays
U1042,1,Hybrid,59,18,6,106,10398.89,Daily
U1043,1,Petrol,107,20,1,206,20904.49,Daily
U1044,1,Petrol,110,24,10,210,20078.54,Weekends
U1045,1,Diesel,66,25,14,127,12686.54,Weekdays
U1046,2,Petrol,116,22,8,239,23024.96,Weekdays
U1047,1,Petrol,94,17,12,196,20226.69,Weekdays
U1048,2,Petrol,108,18,6,243,24010.01,Weekends
U1049,2,Diesel,77,24,11,153,15342.19,Weekdays
U1050,1,Electric,109,26,10,0,0.0,Daily
U1051,1,Diesel,102,15,14,216,20645.85,Daily
U1052,1,Petrol,113,18,5,254,25844.64,Weekdays
U1053,1,Diesel,81,25,8,179,18377.52,Weekdays
U1054,2,Petrol,59,24,12,126,12864.64,Weekdays
U1055,1,Petrol,40,24,0,79,8087.24,Weekends
U1056,1,Petrol,93,26,10,178,17096.22,Weekends
U1057,1,Petrol,28,23,1,53,5402.53,Daily
U1058,1,Petrol,48,22,12,109,10553.1,Daily
U1059,1,Diesel,21,25,0,47,4511.07,Daily
U1060,1,Hybrid,6,18,9,12,1230.86,Weekdays
U1061,1,Petrol,17,26,11,38,3947.97,Daily
U1062,4,Petrol,35,21,2,79,8071.2,Daily
U1063,1,Petrol,97,24,10,199,20508.09,Daily
U1064,1,Petrol,118,17,4,249,26122.81,Daily
U1065,1,Diesel,32,23,0,64,6166.24,Daily
U1066,1,Petrol,64,24,3,128,13395.4,Daily
U1067,1,Diesel,31,18,13,56,5656.67,Weekdays
U1068,1,Petrol,19,16,12,38,3919.04,Daily
U1069,1,Petrol,99,24,7,211,21416.86,Daily
U1070,1,Petrol,108,19,5,217,21851.98,Weekends
U1071,1,Petrol,83,16,12,185,18876.7,Weekends
U1072,2,Petrol,37,24,0,72,7070.59,Daily
U1073,1,Diesel,24,20,11,44,4586.68,Daily
U1074,1,Petrol,46,25,0,101,9711.45,Weekdays
U1075,1,Diesel,16,24,2,34,3338.13,Daily
U1076,4,Petrol,105,15,13,201,19157.64,Daily
U1077,1,Petrol,77,20,9,159,15536.4,Daily
U1078,1,Petrol,27,18,14,54,5247.84,Daily
U1079,3,Diesel,76,17,7,172,16425.37,Weekdays
U1080,2,Petrol,100,16,10,210,20982.73,Weekends
U1081,2,Diesel,116,21,10,217,21631.94,Weekdays
U1082,1,Petrol,18,23,13,36,3447.99,Weekdays
U1083,1,Diesel,95,26,7,211,20597.5,Daily
U1084,2,Petrol,29,17,12,61,6376.53,Weekdays
U1085,3,Diesel,81,20,2,179,17203.22,Daily
U1086,1,Diesel,89,23,6,171,16766.58,Daily
U1087,1,Hybrid,113,16,11,253,24125.73,Weekdays
U1088,1,Petrol,35,21,2,76,7333.15,Weekends
U1089,2,Petrol,105,19,3,227,23152.63,Daily
U1090,1,Petrol,116,19,8,228,22496.11,Weekends
U1091,1,Diesel,111,25,12,249,24780.67,Daily
U1092,1,Petrol,58,21,3,122,11781.51,Daily
U1093,1,Diesel,9,23,2,20,2036.43,Daily
U1094,1,Petrol,17,18,4,33,3383.0,Weekdays
U1095,1,Petrol,32,23,6,59,5711.86,Weekends
U1096,1,Petrol,47,25,4,92,8781.39,Weekdays
U1097,1,Electric,93,24,3,0,0.0,Daily
U1098,1,Diesel,119,23,7,245,24884.76,Daily
U1099,1,Hybrid,103,18,3,211,20330.93,Weekdays
U1100,1,Petrol,51,17,1,105,10493.61,Daily
U1101,1,Diesel,107,16,9,237,22876.76,Daily
U1102,1,Diesel,75,23,12,141,13634.91,Rarely
U1103,1,Petrol,42,26,13,82,7793.58,Weekdays
U1104,1,Diesel,100,16,5,224,21998.65,Daily
U1105,1,Hybrid,71,20,1,147,14097.0,Daily
U1106,4,Diesel,66,19,2,138,13653.67,Daily
U1107,1,Diesel,113,19,0,230,23224.9,Weekdays
U1108,2,Petrol,43,18,4,89,8782.1,Weekends
U1109,1,Petrol,41,20,8,77,7857.91,Weekdays
U1110,2,Electric,118,19,1,0,0.0,Daily
U1111,2,Petrol,90,25,11,206,21005.01,Daily
U1112,1,Diesel,12,18,6,24,2504.81,Rarely
U1113,1,Diesel,85,23,4,154,14995.43,Rarely
U1114,1,Diesel,56,20,1,123,11918.03,Weekdays
U1115,1,Electric,95,25,7,0,0.0,Daily
U1116,3,Petrol,37,24,10,69,6965.47,Weekdays
U1117,2,Petrol,114,24,14,254,25425.65,Weekends
U1118,3,Petrol,85,24,12,161,15302.01,Weekdays
U1119,1,Petrol,46,17,12,103,10356.9,Weekdays
U1120,2,Petrol,80,24,5,161,16796.8,Daily
U1121,3,Petrol,116,20,3,251,24684.79,Daily
U1122,1,Diesel,114,15,12,236,24703.53,Daily
U1123,1,Hybrid,31,19,3,59,5815.49,Weekends
U1124,2,Petrol,116,24,1,247,23810.44,Weekdays
U1125,1,Petrol,12,20,2,27,2672.57,Weekdays
U1126,2,Hybrid,27,25,14,58,5796.87,Daily
U1127,1,Petrol,110,22,6,231,23399.06,Weekends
U1128,2,Petrol,117,25,2,268,26813.07,Weekends
U1129,1,Petrol,68,23,12,131,13148.1,Daily
U1130,1,Diesel,97,25,4,177,16857.6,Weekends
U1131,1,Petrol,118,17,9,214,20872.75,Daily
U1132,2,Electric,24,16,5,0,0.0,Daily
U1133,2,Petrol,20,18,5,44,4614.32,Daily
U1134,1,Petrol,21,22,13,44,4310.05,Weekends
U1135,1,Petrol,84,25,3,189,19649.53,Weekends
U1136,2,Petrol,23,22,5,49,4804.32,Daily
U1137,1,Diesel,12,17,2,23,2207.11,Weekdays
U1138,2,Diesel,42,18,6,79,7700.62,Weekdays
U1139,1,Diesel,42,17,6,95,9284.19,Weekends
U1140,1,Diesel,57,24,3,105,11002.16,Daily
U1141,1,Hybrid,97,16,1,200,20348.58,Weekdays
U1142,1,Diesel,109,18,10,213,22219.48,Weekdays
U1143,2,Diesel,104,20,6,201,20773.34,Daily
U1144,1,Petrol,94,25,2,199,20056.41,Daily
U1145,1,Petrol,35,25,14,67,6817.51,Weekdays
U1146,2,Petrol,48,19,0,108,10934.82,Daily
U1147,1,Diesel,64,17,1,128,13012.82,Rarely
U1148,1,Petrol,80,16,9,171,16697.76,Daily
U1149,3,Petrol,21,23,8,45,4458.66,Rarely
U1150,1,Diesel,83,15,11,177,17863.93,Daily
U1151,1,Diesel,77,23,14,173,16497.16,Daily
U1152,3,Hybrid,43,15,7,82,8185.92,Daily
U1153,1,Petrol,46,21,14,84,8702.17,Weekdays
U1154,1,Diesel,52,20,14,95,9492.75,Weekdays
U1155,1,Petrol,16,21,13,35,3518.31,Daily
U1156,2,Petrol,100,17,5,228,22120.34,Daily
U1157,1,Petrol,93,17,13,181,18632.76,Weekdays
U1158,1,Petrol,107,25,5,229,22576.83,Daily
U1159,2,Petrol,22,15,13,39,4078.07,Weekdays
U1160,2,Diesel,83,18,0,157,16475.13,Daily
U1161,1,Petrol,100,26,1,214,22290.24,Weekdays
U1162,1,Diesel,10,16,3,18,1725.28,Weekdays
U1163,1,Petrol,112,24,2,227,22321.33,Rarely
U1164,2,Petrol,47,22,13,100,10445.14,Weekdays
U1165,1,Petrol,39,17,0,85,8758.85,Daily
U1166,1,Petrol,102,21,7,206,21447.04,Daily
U1167,2,Diesel,106,21,6,224,22562.52,Weekdays
U1168,2,Petrol,58,26,3,120,11976.48,Weekdays
U1169,1,Petrol,66,23,11,120,11527.8,Weekends
U1170,2,Petrol,73,20,11,158,16336.37,Weekdays
U1171,1,Petrol,86,15,8,162,16597.13,Weekdays
U1172,2,Hybrid,20,22,10,36,3441.2,Daily
U1173,1,Petrol,12,15,13,24,2330.26,Daily
U1174,1,Diesel,93,17,3,207,20818.56,Daily
U1175,2,Diesel,100,25,0,187,19044.83,Daily
U1176,1,Hybrid,94,19,14,169,16287.66,Weekdays
U1177,1,Diesel,90,22,9,166,16176.41,Daily
U1178,2,Diesel,35,23,14,69,6688.25,Daily
U1179,2,Diesel,111,21,0,231,22453.19,Daily
U1180,1,Diesel,14,23,0,26,2709.39,Daily
U1181,2,Petrol,60,25,0,132,13484.88,Daily
U1182,1,Petrol,80,17,3,174,17812.57,Weekdays
U1183,1,Petrol,96,19,0,206,21205.63,Daily
U1184,1,Diesel,74,24,1,151,14883.43,Weekdays
U1185,1,Diesel,24,22,3,47,4825.58,Weekdays
U1186,3,Petrol,9,26,6,17,1781.33,Rarely
U1187,1,Diesel,27,15,1,55,5609.12,Daily
U1188,1,Petrol,13,22,7,23,2280.85,Daily
U1189,1,Petrol,62,21,12,132,13485.59,Daily
U1190,3,Electric,63,15,6,0,0.0,Daily
U1191,1,Petrol,97,24,8,185,17813.21,Weekends
U1192,1,Petrol,84,26,13,162,15819.78,Weekdays
U1193,1,Diesel,58,24,5,109,11357.03,Weekdays
U1194,1,Diesel,50,26,3,112,11699.78,Daily
U1195,1,Petrol,26,20,5,48,4792.39,Weekdays
U1196,2,Diesel,68,15,14,152,15009.32,Daily
U1197,3,Petrol,12,16,3,25,2445.7,Weekdays
U1198,1,Petrol,24,19,6,53,5299.34,Weekdays
U1199,2,Petrol,55,16,8,112,11686.67,Daily
U1200,3,Diesel,82,24,2,185,17852.15,Daily
U1201,2,Petrol,43,15,2,81,8035.06,Weekends
U1202,1,Hybrid,41,20,1,85,8849.87,Daily
U1203,1,Diesel,54,22,0,100,9849.12,Daily
U1204,1,Electric,38,22,13,0,0.0,Daily
U1205,1,Petrol,79,22,0,164,16218.39,Daily
U1206,2,Electric,108,25,12,0,0.0,Weekdays
U1207,3,Petrol,37,20,2,73,7651.13,Weekdays
U1208,3,Petrol,35,25,13,64,6328.21,Weekdays
U1209,1,Petrol,58,17,6,123,12724.47,Daily
U1210,1,Petrol,48,15,14,98,10278.65,Weekdays
U1211,4,Diesel,38,16,10,71,7443.52,Weekends
U1212,2,Petrol,118,19,8,267,26523.17,Daily
U1213,1,Petrol,75,24,13,170,16975.79,Daily
U1214,3,Diesel,117,19,1,260,25488.84,Weekends
U1215,2,Petrol,66,24,6,146,14328.47,Daily
U1216,1,Diesel,27,15,0,49,4896.31,Daily
U1217,1,Petrol,50,15,1,114,11058.59,Daily
U1218,1,Diesel,60,23,5,120,12253.35,Daily
U1219,1,Diesel,11,16,10,20,2007.26,Daily
U1220,1,Petrol,93,21,4,205,21316.04,Daily
U1221,2,Petrol,65,24,7,124,12785.12,Weekdays
U1222,1,Petrol,7,18,11,14,1375.15,Daily
U1223,1,Diesel,42,21,10,78,7804.53,Weekends
U1224,1,Petrol,88,22,1,179,18348.42,Daily
U1225,1,Petrol,38,19,0,79,7657.63,Rarely
U1226,3,Petrol,117,26,6,236,22494.57,Rarely
U1227,1,Petrol,48,26,5,88,9110.03,Weekdays
U1228,1,Petrol,112,15,7,228,21973.61,Weekends
U1229,2,Diesel,34,18,10,69,7168.69,Weekdays
U1230,1,Petrol,21,24,14,40,4165.44,Weekends
U1231,1,Petrol,63,17,14,142,14144.19,Daily
U1232,1,Diesel,14,24,12,28,2885.9,Daily
U1233,1,Diesel,103,26,13,229,22586.71,Weekdays
U1234,1,Petrol,88,19,7,163,16883.97,Daily
U1235,1,Petrol,22,24,1,43,4439.61,Weekends
U1236,1,Petrol,49,24,13,92,8812.24,Weekends
U1237,3,Hybrid,112,20,7,224,22585.03,Daily
U1238,1,Petrol,95,16,5,176,17846.4,Weekends
U1239,1,Hybrid,63,21,8,127,12066.09,Daily
U1240,1,Diesel,66,17,11,130,13623.89,Daily
U1241,1,Petrol,63,15,6,120,11887.88,Weekdays
U1242,2,Petrol,53,24,1,112,11219.42,Daily
U1243,1,Petrol,104,17,7,236,22879.74,Weekdays
U1244,3,Petrol,67,23,8,127,12840.87,Weekdays
U1245,1,Petrol,91,24,6,196,20208.81,Daily
U1246,1,Diesel,36,25,3,78,7867.0,Weekdays
U1247,1,Electric,14,25,8,0,0.0,Weekdays
U1248,4,Diesel,15,20,3,33,3376.27,Daily
U1249,1,Diesel,106,25,11,242,23565.13,Daily
U1250,1,Petrol,74,20,3,146,14506.29,Weekends
U1251,1,Petrol,109,18,8,231,22288.33,Weekends
U1252,2,Petrol,66,22,13,140,13358.71,Daily
U1253,1,Diesel,51,19,7,102,9754.33,Daily
U1254,2,Hybrid,38,21,3,74,7727.45,Weekends
U1255,1,Diesel,104,23,13,235,24638.66,Weekdays
U1256,1,Petrol,105,19,7,230,22068.45,Daily
U1257,1,Petrol,21,25,14,39,3835.73,Weekdays
U1258,1,Diesel,108,19,7,200,19228.84,Daily
U1259,1,Petrol,108,18,6,244,25215.52,Weekdays
U1260,1,Diesel,58,20,9,106,10596.07,Daily
U1261,2,Diesel,80,16,12,171,17307.36,Daily
U1262,1,Diesel,89,17,5,170,17067.85,Daily
U1263,1,Petrol,44,15,7,79,8066.1,Rarely
U1264,1,Petrol,23,16,6,42,4124.04,Weekdays
U1265,1,Petrol,71,16,4,141,13588.87,Weekdays
U1266,1,Petrol,86,22,11,158,15037.84,Weekdays
U1267,1,Petrol,57,22,12,119,11835.37,Daily
U1268,1,Diesel,119,16,12,252,26227.74,Weekends
U1269,2,Diesel,68,20,3,135,13237.11,Daily
U1270,3,Petrol,87,19,13,188,18228.4,Weekends
U1271,1,Petrol,51,17,11,104,10843.08,Daily
U1272,1,Petrol,10,19,1,20,1921.09,Daily
U1273,1,Petrol,20,19,10,40,3820.72,Weekdays
U1274,1,Diesel,76,19,7,153,15880.5,Weekdays
U1275,1,Petrol,116,17,8,264,26930.4,Weekends
U1276,1,Petrol,22,17,3,47,4663.37,Weekdays
U1277,2,Petrol,56,18,3,109,11175.05,Daily
U1278,2,Diesel,52,21,4,112,11470.41,Weekends
U1279,1,Diesel,47,26,1,92,8776.86,Daily
U1280,1,Petrol,43,26,6,80,8141.0,Weekends
U1281,1,Petrol,53,26,14,107,10850.73,Weekdays
U1282,2,Diesel,117,16,4,254,26578.0,Daily
U1283,1,Electric,16,24,5,0,0.0,Daily
U1284,1,Petrol,113,18,3,252,24892.05,Daily
U1285,2,Diesel,14,18,7,27,2724.26,Daily
U1286,1,Hybrid,75,15,7,148,14269.21,Daily
U1287,2,Hybrid,114,24,11,262,25064.12,Daily
U1288,1,Diesel,59,22,4,120,11919.34,Daily
U1289,1,Diesel,5,15,11,11,1120.89,Weekdays
U1290,1,Petrol,53,22,5,116,11678.6,Weekends
U1291,2,Diesel,40,21,2,90,8936.69,Daily
U1292,2,Petrol,25,23,0,46,4746.33,Daily
U1293,2,Diesel,41,22,8,79,8132.6,Daily
U1294,1,Petrol,28,19,8,61,6241.48,Weekdays
U1295,2,Diesel,59,22,2,122,11683.98,Weekends
U1296,1,Diesel,29,25,3,60,6177.88,Weekdays
U1297,1,Petrol,11,24,12,20,2083.88,Weekends
U1298,2,Diesel,110,26,6,213,20361.61,Weekdays
U1299,1,Petrol,85,26,1,175,17327.92,Weekdays
U1300,1,Diesel,97,17,11,188,19718.11,Daily
U1301,1,Petrol,98,24,2,186,18784.58,Weekends
U1302,1,Petrol,75,21,5,138,13818.74,Weekends
U1303,1,Hybrid,101,26,10,189,18290.37,Weekdays
U1304,1,Petrol,75,18,7,163,16406.74,Weekends
U1305,1,Diesel,28,19,14,60,5963.43,Daily
U1306,2,Petrol,15,23,0,27,2599.41,Weekends
U1307,2,Petrol,77,21,3,146,14547.93,Daily
U1308,1,Petrol,16,18,14,33,3189.25,Daily
U1309,1,Diesel,39,20,0,76,7775.3,Daily
U1310,1,Petrol,67,24,1,148,15501.0,Rarely
U1311,1,Petrol,72,25,7,157,15652.24,Weekends
U1312,1,Petrol,104,21,5,233,23608.42,Weekends
U1313,1,Petrol,96,24,8,199,19762.64,Weekends
U1314,1,Electric,61,23,1,0,0.0,Daily
U1315,1,Electric,17,18,2,0,0.0,Weekends
U1316,1,Petrol,27,24,8,49,4718.49,Rarely
U1317,1,Diesel,87,17,8,157,15090.25,Weekdays
U1318,3,Petrol,110,22,12,198,19719.16,Daily
U1319,2,Diesel,105,15,5,210,21333.66,Weekdays
U1320,1,Diesel,43,23,13,82,8081.04,Rarely
U1321,2,Hybrid,92,15,14,172,16671.13,Weekends
U1322,1,Petrol,84,16,2,177,18264.57,Weekends
U1323,2,Diesel,101,22,4,232,22882.4,Weekends
U1324,2,Petrol,16,23,14,30,2908.3,Weekends
U1325,1,Electric,38,21,1,0,0.0,Weekdays
U1326,1,Petrol,75,17,6,139,13503.23,Weekdays
U1327,1,Diesel,79,21,9,179,17934.81,Daily
U1328,1,Diesel,35,20,10,68,6914.44,Weekdays
U1329,1,Diesel,97,16,7,217,22350.04,Weekdays
U1330,1,Petrol,66,17,5,128,12451.28,Weekends
U1331,1,Hybrid,17,25,7,37,3576.77,Daily
U1332,2,Petrol,35,26,1,66,6282.94,Daily
U1333,4,Diesel,6,24,2,11,1070.09,Daily
U1334,1,Petrol,107,24,6,202,19238.29,Weekdays
U1335,1,Petrol,19,26,9,36,3544.37,Weekdays
U1336,1,Petrol,61,19,11,135,13021.69,Daily
U1337,1,Petrol,79,24,0,167,16833.43,Daily
U1338,3,Petrol,38,18,6,76,7511.63,Daily
U1339,1,Petrol,107,16,5,244,23408.35,Daily
U1340,1,Petrol,72,18,7,146,14453.81,Daily
U1341,1,Diesel,79,26,6,180,17476.83,Daily
U1342,1,Diesel,33,22,3,62,6311.71,Daily
U1343,2,Petrol,70,19,2,157,15487.16,Daily
U1344,2,Petrol,20,19,2,36,3472.93,Daily
U1345,1,Petrol,43,26,14,89,8766.15,Weekends
U1346,1,Petrol,81,26,3,162,15753.49,Daily
U1347,1,Diesel,41,24,14,84,8648.45,Daily
U1348,3,Diesel,85,17,8,176,18450.73,Daily
U1349,2,Petrol,25,22,8,49,4667.49,Daily
U1350,1,Petrol,48,20,12,110,11209.02,Daily
U1351,1,Petrol,23,16,1,52,5077.26,Daily
U1352,2,Diesel,75,16,4,171,16358.56,Weekdays
U1353,1,Electric,106,23,0,0,0.0,Weekdays
U1354,3,Petrol,12,21,3,26,2699.06,Weekdays
U1355,1,Petrol,81,24,1,185,18229.17,Weekdays
U1356,1,Diesel,105,23,7,235,24662.18,Daily
U1357,1,Hybrid,70,20,3,140,13919.33,Weekends
U1358,1,Petrol,45,19,4,98,9493.85,Daily
U1359,1,Petrol,79,26,10,178,18293.32,Weekdays
U1360,2,Petrol,92,15,3,198,20644.45,Daily
U1361,1,Diesel,74,26,4,148,15267.12,Weekends
U1362,1,Petrol,65,20,4,119,12191.79,Weekdays
U1363,1,Petrol,30,20,4,66,6490.9,Daily
U1364,1,Diesel,75,17,10,170,16259.63,Weekdays
U1365,1,Petrol,107,17,2,211,20469.74,Daily
U1366,1,Diesel,87,17,6,163,16213.3,Weekdays
U1367,2,Petrol,74,17,2,145,15161.49,Weekdays
U1368,1,Petrol,111,21,1,232,23717.02,Daily
U1369,1,Diesel,33,24,2,64,6610.1,Daily
U1370,1,Petrol,111,25,10,233,22781.09,Daily
U1371,2,Electric,107,16,2,0,0.0,Weekdays
U1372,3,Petrol,70,24,7,149,15440.03,Daily
U1373,2,Petrol,23,24,3,45,4490.74,Weekdays
U1374,1,Diesel,72,16,2,163,16185.72,Rarely
U1375,1,Petrol,62,17,9,129,13183.03,Daily
U1376,1,Hybrid,74,24,4,137,13782.08,Rarely
U1377,1,Petrol,117,26,3,239,25078.68,Weekdays
U1378,1,Petrol,61,21,8,129,12803.38,Daily
U1379,1,Petrol,41,17,7,90,8708.35,Daily
U1380,1,Petrol,65,21,10,147,14658.74,Weekdays
U1381,1,Diesel,96,23,6,188,18302.19,Daily
U1382,2,Diesel,34,25,14,63,6338.59,Daily
U1383,1,Petrol,75,24,7,137,13187.34,Daily
U1384,1,Petrol,77,26,12,167,17451.46,Weekdays
U1385,2,Diesel,29,25,4,63,6526.69,Weekdays
U1386,1,Hybrid,101,18,3,202,19504.24,Weekdays
U1387,2,Petrol,69,21,6,137,13251.18,Daily
U1388,1,Petrol,119,23,0,270,27033.58,Weekends
U1389,1,Petrol,10,22,5,22,2260.03,Rarely
U1390,2,Diesel,22,22,14,42,4082.01,Daily
U1391,2,Petrol,14,23,7,30,2868.29,Daily
U1392,2,Petrol,96,19,6,202,20291.98,Weekends
U1393,1,Diesel,15,19,1,28,2853.65,Weekends
U1394,1,Petrol,101,17,13,199,19391.29,Weekdays
U1395,1,Petrol,69,19,12,130,13311.7,Weekends
U1396,1,Petrol,81,22,13,157,16407.51,Weekdays
U1397,3,Petrol,105,26,6,221,21297.93,Daily
U1398,1,Petrol,88,19,12,174,17419.19,Weekdays
U1399,3,Petrol,69,18,5,137,13092.87,Weekdays
U1400,1,Petrol,56,22,12,115,11162.66,Rarely
U1401,1,Diesel,71,21,4,130,12466.77,Daily
U1402,1,Diesel,86,20,3,186,18421.45,Weekdays
U1403,2,Diesel,109,19,0,218,22499.41,Weekdays
U1404,2,Petrol,82,19,12,167,16828.81,Daily
U1405,2,Petrol,35,24,1,80,7778.07,Daily
U1406,2,Petrol,95,16,14,187,17840.01,Weekends
U1407,2,Petrol,21,18,6,44,4423.5,Daily
U1408,2,Petrol,59,22,9,117,11270.37,Weekdays
U1409,1,Diesel,114,22,2,256,25197.4,Weekends
U1410,1,Petrol,97,25,4,215,21521.91,Daily
U1411,1,Petrol,40,15,7,76,7906.84,Rarely
U1412,4,Petrol,105,16,12,225,21559.1,Weekdays
U1413,3,Diesel,30,19,12,54,5491.05,Daily
U1414,1,Petrol,57,23,7,130,12368.31,Daily
U1415,2,Diesel,21,24,5,41,4153.26,Rarely
U1416,3,Petrol,90,25,4,199,20002.55,Daily
U1417,1,Diesel,29,26,12,56,5774.65,Daily
U1418,1,Diesel,6,25,1,12,1203.8,Daily
U1419,3,Petrol,90,21,8,206,20296.39,Daily
U1420,1,Petrol,9,24,0,20,1948.55,Daily
U1421,2,Petrol,8,19,10,15,1437.79,Rarely
U1422,1,Petrol,40,15,1,82,8228.38,Weekends
U1423,3,Diesel,10,20,12,19,1973.78,Daily
U1424,3,Diesel,25,26,0,50,5007.37,Daily
U1425,3,Diesel,81,22,11,159,16280.17,Weekdays
U1426,1,Diesel,105,21,3,206,20184.78,Daily
U1427,2,Petrol,93,16,3,192,19100.41,Weekends
U1428,2,Petrol,30,26,4,56,5501.78,Weekends
U1429,1,Diesel,59,19,4,122,11723.3,Weekends
U1430,2,Petrol,43,25,7,83,8231.1,Daily
U1431,1,Diesel,88,18,10,171,17551.93,Daily
U1432,1,Petrol,37,23,14,80,7915.98,Daily
U1433,1,Petrol,18,24,10,32,3248.06,Daily
U1434,1,Electric,60,15,2,0,0.0,Daily
U1435,1,Petrol,104,26,5,208,20431.29,Weekends
U1436,2,Electric,85,20,11,0,0.0,Weekends
U1437,1,Electric,25,17,12,0,0.0,Rarely
U1438,2,Diesel,50,25,11,99,9658.55,Weekends
U1439,1,Diesel,20,23,2,38,3694.53,Daily
U1440,1,Diesel,114,19,12,255,24734.76,Weekdays
U1441,1,Diesel,20,20,1,45,4606.71,Daily
U1442,2,Petrol,88,25,7,159,16516.14,Daily
U1443,1,Petrol,33,23,0,68,6616.84,Weekdays
U1444,1,Diesel,96,23,8,189,18116.1,Weekdays
U1445,2,Petrol,12,22,10,23,2257.17,Weekdays
U1446,1,Petrol,92,23,6,181,18385.7,Daily
U1447,1,Petrol,7,18,11,14,1381.59,Daily
U1448,1,Diesel,93,20,9,176,17686.55,Daily
U1449,2,Diesel,23,19,12,51,5224.6,Daily
U1450,1,Petrol,101,19,14,205,20312.38,Daily
U1451,2,Hybrid,70,18,11,137,14384.58,Weekdays
U1452,1,Diesel,83,16,10,181,17734.29,Weekends
U1453,3,Diesel,90,26,3,162,16974.76,Daily
U1454,2,Diesel,78,20,2,157,15233.76,Weekdays
U1455,4,Diesel,86,23,5,170,16338.58,Daily
U1456,1,Petrol,26,26,8,51,5227.92,Rarely
U1457,2,Diesel,50,15,14,98,9998.26,Daily
U1458,1,Petrol,117,21,8,212,21859.68,Weekends
U1459,1,Diesel,95,20,3,178,17521.59,Weekends
U1460,1,Electric,17,17,9,0,0.0,Weekends
U1461,2,Petrol,37,15,4,84,8080.36,Daily
U1462,4,Petrol,9,18,10,16,1524.84,Weekdays
U1463,2,Diesel,94,23,12,177,17347.0,Daily
U1464,1,Petrol,81,16,8,185,19050.05,Daily
U1465,1,Diesel,31,17,1,65,6612.44,Daily
U1466,2,Petrol,82,16,1,166,16494.11,Weekends
U1467,1,Petrol,28,16,4,51,4975.69,Weekends
U1468,1,Electric,71,24,0,0,0.0,Daily
U1469,1,Diesel,115,25,7,214,21052.26,Weekdays
U1470,1,Diesel,119,25,4,254,25298.45,Rarely
U1471,1,Petrol,67,22,11,153,15586.15,Daily
U1472,1,Diesel,117,17,9,241,24451.79,Daily
U1473,1,Diesel,98,21,1,186,19432.06,Daily
U1474,1,Diesel,103,22,11,217,20832.86,Weekdays
U1475,4,Diesel,52,17,8,106,10426.52,Daily
U1476,1,Diesel,67,16,1,138,13774.58,Weekdays
U1477,1,Petrol,82,22,6,167,16985.06,Daily
U1478,2,Petrol,16,17,7,34,3398.45,Daily
U1479,1,Diesel,32,21,13,66,6872.42,Daily
U1480,3,Petrol,48,26,5,110,11119.54,Daily
U1481,2,Diesel,97,15,13,214,20414.88,Daily
U1482,1,Petrol,47,26,10,90,8652.29,Daily
U1483,1,Diesel,21,20,6,45,4614.07,Weekends
U1484,2,Diesel,44,26,10,83,8479.1,Daily
U1485,3,Petrol,53,26,0,116,11198.06,Weekdays
U1486,1,Petrol,89,23,3,166,15867.79,Rarely
U1487,1,Petrol,61,26,12,124,12497.61,Weekends
U1488,1,Diesel,91,17,6,199,20170.12,Rarely
U1489,4,Diesel,88,21,0,170,16380.01,Weekdays
U1490,1,Petrol,68,20,12,150,14960.43,Daily
U1491,3,Diesel,79,22,0,167,16375.74,Weekends
U1492,1,Petrol,61,17,10,121,12621.88,Weekends
U1493,1,Petrol,102,17,5,205,19924.36,Weekends
U1494,1,Hybrid,78,18,3,176,18010.54,Weekdays
U1495,1,Petrol,78,17,2,148,14826.84,Weekdays
U1496,1,Petrol,111,23,11,238,22637.42,Daily
U1497,1,Petrol,74,25,14,159,15927.03,Weekdays
U1498,1,Petrol,104,18,4,235,22558.76,Daily
U1499,2,Petrol,92,20,8,198,20114.94,Daily
U1500,1,Petrol,80,22,9,167,16809.42,Weekdays
U1501,1,Diesel,47,25,9,105,9985.95,Daily
U1502,3,Petrol,27,22,11,59,5725.77,Daily
U1503,2,Petrol,31,19,13,66,6782.31,Weekends
U1504,3,Petrol,62,19,13,112,10948.87,Weekends
U1505,4,Petrol,113,20,11,224,22398.39,Weekdays
U1506,1,Diesel,41,24,10,86,8438.32,Weekdays
U1507,1,Electric,10,21,9,0,0.0,Rarely
U1508,2,Petrol,69,24,2,135,13549.38,Daily
U1509,2,Diesel,10,21,4,18,1835.31,Weekdays
U1510,1,Diesel,54,18,9,112,10733.49,Daily
U1511,2,Diesel,26,20,4,50,4770.17,Daily
U1512,1,Petrol,109,21,8,208,20299.19,Weekdays
U1513,1,Petrol,92,19,10,183,17950.72,Weekdays
U1514,1,Petrol,29,19,11,63,6418.24,Daily
U1515,1,Diesel,83,16,9,169,17016.83,Daily
U1516,1,Petrol,94,21,10,179,17675.5,Weekdays
U1517,1,Hybrid,76,26,3,141,14317.31,Weekdays
U1518,2,Petrol,55,20,0,112,10823.19,Weekdays
U1519,1,Petrol,92,25,9,202,19318.25,Daily
U1520,1,Diesel,52,15,4,110,11389.96,Weekdays
U1521,2,Petrol,106,18,0,203,20429.81,Daily
U1522,3,Petrol,74,17,5,149,15122.15,Daily
U1523,2,Diesel,103,26,11,229,22458.58,Weekdays
U1524,2,Hybrid,110,17,9,207,20434.95,Weekdays
U1525,2,Diesel,69,21,9,142,13606.96,Daily
U1526,1,Diesel,64,25,14,126,13049.81,Daily
U1527,1,Diesel,50,26,6,93,9385.97,Weekdays
U1528,1,Hybrid,40,24,0,72,6900.21,Daily
U1529,1,Petrol,62,18,9,128,13189.8,Daily
U1530,1,Petrol,80,26,3,144,14319.53,Daily
U1531,2,Petrol,42,22,8,77,7904.13,Daily
U1532,1,Petrol,15,25,12,29,2758.66,Daily
U1533,1,Diesel,16,23,0,29,2763.33,Weekends
U1534,1,Diesel,46,17,8,92,8897.12,Weekdays
U1535,2,Diesel,118,19,7,220,21364.02,Weekdays
U1536,1,Petrol,43,18,4,84,8621.72,Weekdays
U1537,2,Diesel,75,26,5,164,16738.98,Weekdays
U1538,1,Petrol,15,24,6,31,3135.99,Weekends
U1539,1,Diesel,40,20,3,80,8307.89,Weekdays
U1540,1,Diesel,56,25,13,103,10039.56,Daily
U1541,2,Petrol,35,24,13,73,7595.22,Weekdays
U1542,1,Petrol,37,18,5,69,7182.54,Daily
U1543,2,Petrol,17,22,6,31,3079.62,Weekdays
U1544,1,Diesel,22,17,10,46,4413.42,Weekdays
U1545,1,Hybrid,45,25,14,101,10328.83,Weekends
U1546,2,Diesel,62,19,5,125,12296.16,Weekdays
U1547,2,Petrol,60,15,10,109,11221.47,Daily
U1548,2,Petrol,28,20,12,62,5991.49,Daily
U1549,2,Diesel,77,25,14,141,14155.72,Daily
U1550,2,Diesel,35,19,11,78,7806.3,Daily
U1551,2,Petrol,59,22,5,117,11232.37,Daily
U1552,2,Petrol,109,23,1,216,21304.8,Daily
U1553,2,Diesel,14,22,4,28,2683.73,Daily
U1554,2,Petrol,64,22,2,145,14448.87,Rarely
U1555,1,Petrol,6,26,6,13,1344.58,Daily
U1556,2,Petrol,106,17,3,215,21005.94,Daily
U1557,1,Petrol,19,18,0,40,4105.94,Daily
U1558,2,Diesel,7,25,11,14,1355.68,Weekdays
U1559,2,Electric,47,18,11,0,0.0,Daily
U1560,1,Diesel,35,25,5,77,8019.96,Weekdays
U1561,2,Petrol,74,19,5,134,13164.06,Daily
U1562,1,Petrol,71,23,6,139,14456.57,Weekdays
U1563,1,Petrol,60,26,14,136,13607.37,Weekends
U1564,2,Petrol,67,23,10,152,14921.54,Daily
U1565,1,Diesel,79,24,7,142,14763.04,Daily
U1566,2,Petrol,19,26,14,36,3431.53,Daily
U1567,2,Petrol,113,15,2,259,24677.57,Weekdays
U1568,1,Petrol,96,22,13,196,19795.67,Daily
U1569,1,Petrol,14,15,5,29,2986.06,Weekdays
U1570,1,Petrol,42,16,9,79,8098.72,Weekdays
U1571,1,Petrol,51,21,1,114,10920.6,Weekdays
U1572,4,Electric,61,22,12,0,0.0,Daily
U1573,1,Petrol,54,15,13,102,10407.12,Daily
U1574,1,Petrol,118,17,8,225,23510.5,Weekdays
U1575,1,Diesel,75,21,1,169,16611.18,Weekends
U1576,1,Electric,19,23,2,0,0.0,Rarely
U1577,2,Diesel,22,22,11,48,4972.77,Weekends
U1578,1,Diesel,86,22,14,171,16895.59,Weekdays
U1579,2,Petrol,109,23,14,245,25638.91,Weekdays
U1580,1,Petrol,92,24,12,201,19627.64,Weekdays
U1581,3,Petrol,6,17,9,13,1276.03,Daily
U1582,1,Diesel,108,22,11,246,25634.01,Weekdays
U1583,1,Diesel,88,15,11,174,18217.21,Daily
U1584,3,Petrol,102,22,1,214,20940.32,Daily
U1585,1,Petrol,47,21,8,105,10118.21,Weekdays
U1586,3,Diesel,30,22,0,65,6668.39,Daily
U1587,2,Petrol,75,15,4,156,16270.28,Daily
U1588,1,Diesel,42,20,0,77,7777.55,Daily
U1589,1,Diesel,98,21,4,208,21079.8,Weekends
U1590,2,Diesel,46,25,7,94,9647.17,Weekdays
U1591,1,Diesel,9,19,7,17,1641.02,Weekdays
U1592,1,Diesel,15,19,10,33,3456.24,Daily
U1593,1,Petrol,69,21,7,136,13415.49,Daily
U1594,1,Diesel,38,25,1,75,7596.18,Daily
U1595,1,Diesel,5,17,7,10,996.86,Daily
U1596,2,Petrol,87,20,11,177,17643.68,Weekdays
U1597,3,Petrol,6,21,4,11,1122.3,Daily
U1598,3,Petrol,89,15,14,177,18575.55,Daily
U1599,2,Petrol,24,26,0,44,4469.99,Daily
U1600,1,Diesel,65,16,6,123,12661.69,Daily
U1601,2,Diesel,91,26,12,164,15625.29,Daily
U1602,1,Petrol,25,18,5,47,4845.9,Weekdays
U1603,1,Petrol,92,22,4,180,17639.96,Weekdays
U1604,1,Electric,72,25,0,0,0.0,Weekends
U1605,1,Petrol,16,24,13,36,3460.8,Weekdays
U1606,2,Petrol,26,20,13,53,5395.33,Daily
U1607,2,Diesel,24,15,0,51,5353.78,Weekdays
U1608,1,Petrol,86,24,5,170,17282.53,Weekdays
U1609,1,Petrol,5,19,9,10,976.23,Daily
U1610,4,Petrol,34,21,11,71,6889.35,Weekdays
U1611,1,Petrol,101,20,6,205,20553.21,Weekends
U1612,1,Diesel,28,26,9,53,5069.47,Daily
U1613,1,Petrol,18,23,9,35,3464.77,Weekdays
U1614,2,Petrol,40,22,0,84,8539.64,Weekends
U1615,2,Diesel,73,18,8,146,15282.79,Weekdays
U1616,1,Diesel,79,25,14,177,17568.41,Weekdays
U1617,1,Petrol,28,26,3,53,5141.12,Daily
U1618,2,Petrol,64,19,4,117,12071.31,Daily
U1619,2,Diesel,99,21,1,207,21205.49,Weekdays
U1620,1,Petrol,59,22,13,132,13674.81,Weekdays
U1621,3,Petrol,81,19,11,160,15543.55,Weekends
U1622,1,Diesel,84,23,9,178,17630.6,Daily
U1623,1,Diesel,28,24,12,53,5555.22,Daily
U1624,3,Diesel,81,26,7,168,16225.51,Daily
U1625,1,Diesel,28,18,13,61,6204.58,Daily
U1626,1,Diesel,58,18,1,129,12560.97,Daily
U1627,1,Petrol,30,22,2,55,5500.09,Daily
U1628,1,Diesel,70,15,14,138,14214.7,Daily
U1629,4,Petrol,84,22,11,178,17779.68,Daily
U1630,1,Petrol,42,19,14,76,7832.17,Daily
U1631,2,Diesel,114,25,8,244,24220.26,Rarely
U1632,1,Diesel,69,15,1,142,14909.08,Weekdays
U1633,1,Petrol,117,18,13,227,22554.33,Daily
U1634,1,Hybrid,79,16,5,174,16789.92,Weekends
U1635,2,Petrol,55,18,11,106,10495.98,Weekdays
U1636,1,Petrol,39,22,3,89,9115.91,Weekends
U1637,2,Petrol,47,19,6,103,10658.38,Daily
U1638,1,Diesel,33,15,13,71,7071.67,Daily
U1639,3,Diesel,41,21,13,75,7570.86,Weekends
U1640,1,Petrol,85,15,5,191,19758.74,Daily
U1641,2,Diesel,62,23,9,136,14026.42,Weekends
U1642,2,Petrol,58,17,13,111,11275.07,Weekends
U1643,2,Diesel,43,26,8,85,8767.77,Rarely
U1644,2,Petrol,46,17,13,88,8866.8,Daily
U1645,2,Petrol,32,20,8,73,6938.39,Daily
U1646,1,Hybrid,33,24,9,73,6965.12,Daily
U1647,1,Petrol,47,20,3,106,11108.6,Rarely
U1648,1,Petrol,7,25,0,15,1446.75,Daily
U1649,3,Diesel,14,25,1,28,2773.26,Weekdays
U1650,1,Electric,63,20,7,0,0.0,Daily
U1651,2,Petrol,110,15,13,209,20262.63,Daily
U1652,1,Petrol,18,19,9,33,3413.45,Daily
U1653,1,Petrol,80,26,7,165,17025.14,Weekdays
U1654,1,Petrol,51,20,13,115,12059.28,Weekends
U1655,2,Petrol,46,22,14,105,10270.77,Daily
U1656,1,Diesel,98,15,1,190,18649.12,Weekends
U1657,1,Electric,36,19,3,0,0.0,Weekdays
U1658,1,Petrol,36,17,0,75,7300.56,Weekdays
U1659,1,Petrol,46,16,6,94,9445.03,Weekdays
U1660,1,Petrol,36,25,3,76,7757.58,Daily
U1661,1,Petrol,30,22,10,59,5765.41,Daily
U1662,2,Diesel,119,21,13,270,28183.71,Weekdays
U1663,1,Petrol,5,24,7,10,1016.57,Daily
U1664,1,Petrol,60,21,8,130,12411.28,Daily
U1665,1,Diesel,110,19,11,211,20331.41,Daily
U1666,1,Petrol,6,26,8,11,1065.99,Weekdays
U1667,1,Diesel,85,23,2,169,16468.98,Daily
U1668,1,Petrol,34,19,4,74,7570.7,Weekdays
U1669,1,Diesel,107,16,5,242,23205.22,Daily
U1670,1,Hybrid,75,17,5,151,14874.4,Rarely
U1671,2,Diesel,56,18,9,122,12701.89,Daily
U1672,2,Electric,95,19,7,0,0.0,Weekdays
U1673,2,Petrol,13,17,5,25,2441.37,Weekdays
U1674,1,Petrol,26,26,5,56,5855.95,Weekdays
U1675,1,Diesel,38,21,3,83,8087.78,Daily
U1676,1,Diesel,114,19,6,216,22475.02,Weekdays
U1677,1,Petrol,53,19,13,103,10532.54,Daily
U1678,4,Petrol,5,20,13,10,1024.05,Daily
U1679,1,Petrol,77,21,7,145,14884.16,Weekdays
U1680,1,Petrol,88,24,2,199,19913.07,Weekdays
U1681,1,Petrol,57,24,6,119,12274.35,Weekdays
U1682,2,Diesel,87,22,2,161,16641.27,Weekends
U1683,1,Petrol,104,23,7,196,19326.55,Daily
U1684,1,Petrol,44,25,0,100,9900.34,Weekends
U1685,1,Diesel,49,18,0,106,11012.08,Daily
U1686,1,Diesel,72,19,13,156,15638.58,Weekdays
U1687,1,Diesel,13,19,5,23,2384.4,Weekdays
U1688,1,Diesel,109,22,9,244,24709.32,Daily
U1689,1,Petrol,26,23,8,52,5248.66,Daily
U1690,1,Diesel,22,21,11,46,4384.25,Weekdays
U1691,1,Petrol,80,19,13,182,17795.77,Daily
U1692,1,Petrol,110,17,3,203,20304.18,Daily
U1693,1,Diesel,47,15,5,95,9582.95,Daily
U1694,2,Hybrid,43,25,11,78,7901.74,Weekdays
U1695,2,Petrol,77,23,4,157,16039.47,Daily
U1696,1,Petrol,10,19,11,19,1929.68,Daily
U1697,1,Petrol,87,23,14,196,20283.21,Daily
U1698,1,Petrol,52,24,0,103,10089.33,Daily
U1699,1,Petrol,115,26,5,243,24644.02,Weekends
U1700,2,Diesel,11,18,8,24,2292.28,Weekends
U1701,1,Petrol,84,19,14,192,19161.96,Daily
U1702,3,Hybrid,73,18,14,149,14554.37,Weekdays
U1703,1,Diesel,20,16,11,40,3952.35,Weekdays
U1704,1,Diesel,5,26,2,9,886.92,Weekdays
U1705,2,Diesel,119,15,10,214,20459.32,Weekdays
U1706,2,Petrol,41,22,14,86,8571.32,Daily
U1707,2,Petrol,107,18,2,196,20569.47,Daily
U1708,2,Diesel,87,19,13,173,16952.16,Daily
U1709,1,Diesel,41,20,1,73,7472.39,Daily
U1710,2,Diesel,85,22,12,179,17985.54,Weekdays
U1711,1,Petrol,68,25,3,136,13362.31,Daily
U1712,2,Hybrid,94,22,9,175,16781.81,Daily
U1713,1,Petrol,90,21,2,175,17002.75,Daily
U1714,2,Diesel,66,18,11,137,14086.14,Weekdays
U1715,1,Electric,76,20,1,0,0.0,Weekends
U1716,1,Petrol,65,18,0,132,12730.48,Weekdays
U1717,1,Diesel,37,21,2,81,7963.35,Daily
U1718,2,Petrol,70,26,9,129,13008.42,Weekdays
U1719,1,Petrol,34,26,5,62,6326.15,Daily
U1720,1,Petrol,115,25,8,209,20664.59,Daily
U1721,1,Diesel,24,15,10,49,4899.09,Daily
U1722,1,Hybrid,64,19,4,137,13638.24,Weekdays
U1723,2,Diesel,86,24,14,160,15214.41,Weekdays
U1724,1,Petrol,111,26,2,235,23254.66,Weekends
U1725,3,Diesel,78,24,13,159,16038.84,Weekdays
U1726,1,Electric,28,18,4,0,0.0,Daily
U1727,1,Petrol,8,25,4,17,1742.46,Daily
U1728,2,Electric,41,21,4,0,0.0,Daily
U1729,2,Petrol,8,23,11,16,1564.29,Weekdays
U1730,1,Diesel,81,19,11,186,18145.5,Weekdays
U1731,1,Petrol,93,18,6,212,21123.98,Rarely
U1732,2,Petrol,81,23,4,167,17089.06,Weekdays
U1733,1,Petrol,22,19,6,44,4221.28,Weekends
U1734,4,Diesel,92,23,8,186,19433.89,Weekdays
U1735,3,Petrol,70,22,4,140,14060.41,Weekends
U1736,2,Petrol,52,18,1,107,10492.86,Weekdays
U1737,1,Diesel,37,25,4,71,7237.31,Weekdays
U1738,2,Hybrid,62,25,7,140,13362.62,Weekdays
U1739,1,Petrol,87,21,11,177,17672.38,Weekdays
U1740,1,Petrol,77,19,3,171,17076.01,Daily
U1741,1,Petrol,32,24,1,65,6280.28,Daily
U1742,1,Petrol,39,18,9,84,8683.41,Daily
U1743,2,Diesel,107,19,2,210,21623.31,Daily
U1744,2,Diesel,14,19,8,29,2799.29,Weekdays
U1745,2,Diesel,69,25,8,141,13908.0,Daily
U1746,1,Petrol,46,23,7,91,8736.39,Daily
U1747,1,Diesel,89,26,7,199,20593.73,Daily
U1748,1,Diesel,13,23,7,24,2357.6,Weekdays
U1749,4,Diesel,64,20,7,130,12921.11,Daily
U1750,1,Diesel,115,18,7,218,21416.04,Daily
U1751,2,Diesel,19,16,0,42,4120.21,Daily
U1752,1,Diesel,103,17,5,198,20289.66,Daily
U1753,1,Petrol,61,16,11,129,13219.36,Weekends
U1754,2,Electric,73,19,8,0,0.0,Daily
U1755,1,Petrol,109,20,7,218,22143.6,Weekdays
U1756,2,Diesel,26,25,2,58,5806.76,Weekdays
U1757,3,Petrol,68,19,10,128,12196.59,Rarely
U1758,1,Diesel,45,16,0,95,9087.71,Daily
U1759,1,Diesel,91,26,1,173,17098.87,Daily
U1760,1,Petrol,75,19,10,150,15374.62,Daily
U1761,3,Petrol,60,23,14,124,12912.4,Daily
U1762,1,Diesel,27,18,1,56,5336.64,Weekdays
U1763,1,Diesel,112,26,6,235,23189.87,Daily
U1764,1,Petrol,29,24,11,61,5931.51,Daily
U1765,2,Petrol,95,16,5,183,18876.83,Weekends
U1766,1,Diesel,109,17,10,218,22554.21,Weekdays
U1767,2,Petrol,10,17,1,18,1747.15,Daily
U1768,3,Petrol,38,23,7,83,8474.99,Daily
U1769,1,Petrol,67,18,14,148,15143.0,Daily
U1770,1,Petrol,13,15,8,24,2322.49,Weekends
U1771,3,Petrol,64,15,14,121,12019.77,Weekends
U1772,1,Petrol,53,21,6,96,9715.52,Weekends
U1773,2,Petrol,101,21,3,230,21909.95,Weekends
U1774,1,Petrol,55,16,12,121,11984.56,Weekdays
U1775,1,Petrol,64,23,12,126,12165.25,Daily
U1776,2,Petrol,74,23,0,151,15163.26,Daily
U1777,1,Petrol,41,19,3,79,8170.9,Weekdays
U1778,1,Diesel,35,17,3,73,7318.07,Weekends
U1779,1,Petrol,102,17,7,220,20979.16,Daily
U1780,1,Petrol,45,26,3,91,8671.99,Weekdays
U1781,1,Petrol,66,17,3,147,14855.09,Weekends
U1782,1,Petrol,97,20,12,199,19557.68,Daily
U1783,3,Diesel,62,18,1,116,11684.29,Weekends
U1784,1,Diesel,18,22,11,38,3672.18,Daily
U1785,2,Diesel,40,25,9,81,8324.26,Daily
U1786,1,Diesel,40,25,6,90,9324.65,Daily
U1787,2,Electric,83,25,14,0,0.0,Weekdays
U1788,1,Petrol,12,19,3,24,2352.98,Weekdays
U1789,3,Petrol,30,15,10,63,6401.26,Daily
U1790,1,Petrol,40,23,5,82,8018.81,Weekends
U1791,1,Petrol,52,15,2,103,10570.64,Weekdays
U1792,1,Petrol,89,20,6,204,19625.87,Weekdays
U1793,1,Diesel,32,15,5,62,6362.91,Daily
U1794,1,Petrol,72,17,2,139,13816.22,Weekends
U1795,1,Hybrid,66,24,3,147,15222.66,Daily
U1796,2,Diesel,84,19,9,151,15460.79,Daily
U1797,1,Petrol,90,24,13,171,16888.85,Daily
U1798,1,Petrol,80,21,4,167,17373.91,Daily
U1799,1,Petrol,84,24,8,158,15457.67,Weekends
U1800,2,Petrol,55,22,13,126,13188.41,Daily
U1801,1,Petrol,108,26,5,219,22485.18,Daily
U1802,1,Petrol,106,23,12,222,23289.3,Weekends
U1803,1,Petrol,46,20,3,86,8216.36,Weekdays
U1804,2,Petrol,105,25,10,204,19939.03,Weekdays
U1805,2,Electric,33,23,10,0,0.0,Daily
U1806,1,Diesel,86,22,6,178,18551.6,Weekdays
U1807,2,Hybrid,14,23,1,30,2858.63,Daily
U1808,2,Petrol,110,24,3,212,20140.02,Rarely
U1809,1,Petrol,43,18,4,91,8878.18,Weekdays
U1810,2,Diesel,86,23,3,167,17289.14,Weekdays
U1811,1,Petrol,5,21,3,10,1026.72,Daily
U1812,1,Petrol,43,19,10,90,8856.25,Daily
U1813,1,Diesel,25,19,12,46,4370.93,Daily
U1814,1,Diesel,69,15,8,143,14378.23,Daily
U1815,1,Petrol,19,16,13,34,3310.9,Daily
U1816,3,Petrol,8,24,10,16,1639.3,Weekdays
U1817,1,Petrol,64,17,12,137,13626.5,Daily
U1818,1,Petrol,65,22,1,119,12112.54,Weekdays
U1819,1,Petrol,24,20,5,54,5590.25,Daily
U1820,3,Petrol,14,26,13,28,2810.01,Daily
U1821,1,Petrol,91,24,7,206,20262.07,Weekdays
U1822,1,Electric,109,25,7,0,0.0,Weekdays
U1823,1,Diesel,38,19,10,86,8398.06,Daily
U1824,1,Diesel,114,15,6,211,21926.1,Daily
U1825,4,Petrol,52,26,9,105,10050.0,Weekdays
U1826,3,Petrol,37,25,10,83,8578.44,Daily
U1827,1,Petrol,102,26,3,195,18703.53,Daily
U1828,3,Petrol,107,23,6,194,18538.91,Weekdays
U1829,1,Petrol,65,17,12,142,14005.82,Daily
U1830,2,Diesel,14,17,9,29,3032.4,Daily
U1831,1,Diesel,58,16,5,119,12475.35,Weekends
U1832,1,Petrol,88,18,10,159,15426.29,Weekdays
U1833,1,Petrol,69,26,5,146,14087.01,Daily
U1834,2,Hybrid,81,16,1,152,14976.49,Weekdays
U1835,1,Petrol,5,23,7,11,1082.08,Daily
U1836,1,Petrol,9,26,7,19,1949.32,Weekends
U1837,1,Petrol,84,24,13,180,17899.2,Weekdays
U1838,2,Diesel,19,21,10,36,3700.76,Daily
U1839,1,Electric,117,22,6,0,0.0,Daily
U1840,2,Petrol,32,17,10,66,6651.68,Daily
U1841,3,Diesel,99,20,8,220,22733.73,Weekdays
U1842,1,Diesel,27,24,7,52,5041.74,Weekdays
U1843,2,Petrol,116,20,13,252,24347.76,Daily
U1844,1,Petrol,113,15,8,235,24089.03,Daily
U1845,2,Petrol,111,20,14,202,19684.49,Daily
U1846,1,Electric,21,17,8,0,0.0,Daily
U1847,2,Petrol,117,25,5,221,23010.43,Daily
U1848,2,Diesel,102,17,1,201,20347.1,Weekdays
U1849,3,Petrol,17,17,11,33,3281.83,Weekdays
U1850,2,Diesel,18,24,6,36,3681.27,Rarely
U1851,1,Petrol,15,25,2,31,3048.33,Weekends
U1852,1,Diesel,32,25,12,66,6899.42,Weekdays
U1853,2,Diesel,46,24,6,83,7941.95,Weekdays
U1854,1,Diesel,100,25,8,217,22005.86,Rarely
U1855,1,Diesel,103,22,9,234,24048.86,Daily
U1856,3,Petrol,65,19,13,128,12760.48,Daily
U1857,2,Diesel,68,18,9,128,13126.36,Daily
U1858,2,Petrol,35,23,1,72,7507.38,Weekdays
U1859,1,Petrol,85,23,13,182,18644.07,Weekdays
U1860,2,Petrol,115,15,12,246,24131.04,Daily
U1861,1,Petrol,77,16,5,162,16300.19,Weekdays
U1862,2,Petrol,14,22,12,26,2707.02,Weekdays
U1863,1,Electric,12,19,5,0,0.0,Daily
U1864,2,Petrol,25,21,8,50,5090.85,Daily
U1865,4,Diesel,81,15,12,154,15346.89,Daily
U1866,1,Petrol,63,26,8,116,11160.76,Daily
U1867,3,Petrol,54,24,14,108,10323.29,Weekends
U1868,1,Petrol,73,26,12,153,15991.98,Weekends
U1869,2,Hybrid,74,19,4,157,15876.69,Weekends
U1870,2,Diesel,34,25,13,77,7394.94,Weekdays
U1871,1,Hybrid,99,26,4,185,19161.26,Weekdays
U1872,2,Electric,21,17,8,0,0.0,Weekdays
U1873,2,Petrol,79,24,7,168,17256.85,Weekdays
U1874,1,Petrol,24,26,6,48,4620.84,Weekdays
U1875,1,Diesel,52,26,7,116,12072.02,Weekdays
U1876,2,Petrol,77,16,5,165,16649.38,Daily
U1877,2,Petrol,6,16,2,11,1126.21,Weekdays
U1878,2,Petrol,41,23,6,91,8673.56,Daily
U1879,2,Diesel,5,18,7,10,981.53,Weekdays
U1880,1,Diesel,8,18,14,17,1660.47,Daily
U1881,2,Petrol,104,21,7,233,24347.56,Daily
U1882,1,Petrol,58,24,0,117,11331.85,Rarely
U1883,1,Diesel,29,24,6,61,6226.3,Daily
U1884,1,Diesel,7,16,2,15,1431.41,Daily
U1885,1,Petrol,13,17,1,26,2521.4,Daily
U1886,1,Diesel,90,17,13,165,16233.69,Weekends
U1887,1,Petrol,91,20,1,198,20383.12,Weekdays
U1888,2,Petrol,80,17,13,145,14920.47,Weekdays
U1889,1,Diesel,78,25,14,168,17560.37,Weekends
U1890,1,Diesel,38,19,13,85,8854.25,Daily
U1891,1,Petrol,47,18,7,92,8814.99,Daily
U1892,1,Diesel,78,17,8,144,14875.01,Daily
U1893,1,Diesel,98,22,2,187,18608.69,Weekdays
U1894,1,Diesel,26,24,13,54,5597.58,Weekdays
U1895,1,Diesel,74,17,2,168,16110.0,Daily
U1896,2,Diesel,118,20,5,242,24981.1,Daily
U1897,1,Petrol,6,21,10,11,1062.56,Daily
U1898,1,Petrol,98,21,9,207,20356.05,Weekdays
U1899,1,Petrol,70,16,0,151,14388.56,Daily
U1900,2,Petrol,36,17,5,71,6832.85,Daily
U1901,1,Diesel,110,26,11,237,23571.37,Daily
U1902,1,Petrol,20,24,2,39,4024.15,Weekdays
U1903,1,Petrol,80,24,10,175,17978.92,Weekdays
U1904,1,Petrol,5,18,3,9,876.18,Daily
U1905,1,Petrol,76,21,8,146,14091.47,Weekdays
U1906,1,Petrol,52,16,2,116,11471.55,Weekdays
U1907,1,Diesel,54,17,0,112,11629.26,Rarely
U1908,1,Petrol,17,21,2,33,3165.17,Daily
U1909,1,Diesel,19,21,6,43,4318.45,Weekdays
U1910,2,Hybrid,57,24,12,122,11698.35,Daily
U1911,2,Petrol,48,17,6,91,9072.89,Daily
U1912,2,Petrol,12,26,10,25,2406.7,Weekdays
U1913,3,Petrol,78,15,4,174,16669.79,Daily
U1914,1,Diesel,50,26,13,107,10369.21,Daily
U1915,1,Diesel,73,17,0,140,13657.36,Daily
U1916,1,Petrol,118,19,10,250,24440.66,Daily
U1917,1,Petrol,23,21,7,48,4869.73,Daily
U1918,2,Diesel,115,18,9,254,24269.65,Daily
U1919,1,Petrol,42,25,7,79,7568.84,Weekdays
U1920,3,Petrol,15,25,9,32,3100.39,Weekdays
U1921,1,Diesel,47,15,11,85,8816.25,Daily
U1922,3,Diesel,24,20,9,51,5165.59,Weekdays
U1923,1,Diesel,24,16,12,54,5524.4,Weekends
U1924,1,Diesel,25,26,9,47,4639.07,Daily
U1925,1,Diesel,86,17,1,168,16318.21,Daily
U1926,1,Petrol,61,18,9,127,12113.21,Weekdays
U1927,1,Diesel,54,20,2,116,11586.7,Weekdays
U1928,1,Hybrid,78,20,3,153,15413.65,Daily
U1929,2,Diesel,102,21,0,217,22561.5,Daily
U1930,1,Petrol,30,19,3,67,6956.0,Weekdays
U1931,1,Petrol,34,21,4,73,7245.02,Rarely
U1932,1,Petrol,77,16,2,165,16373.9,Daily
U1933,2,Petrol,114,15,13,226,21834.14,Rarely
U1934,1,Petrol,119,26,10,268,26149.96,Daily
U1935,1,Diesel,35,24,14,67,6985.19,Daily
U1936,1,Diesel,46,22,9,87,8387.7,Daily
U1937,1,Petrol,72,15,1,142,14865.55,Weekdays
U1938,2,Diesel,65,26,12,138,13806.54,Daily
U1939,1,Petrol,65,16,5,145,14437.08,Daily
U1940,1,Petrol,74,25,7,138,13351.0,Weekends
U1941,2,Petrol,82,26,6,180,18290.77,Rarely
U1942,1,Petrol,72,24,10,158,15736.56,Daily
U1943,1,Petrol,94,20,13,196,19346.5,Daily
U1944,1,Petrol,115,15,0,250,24411.29,Weekdays
U1945,3,Petrol,116,24,3,219,20950.61,Weekdays
U1946,1,Diesel,107,17,2,201,20138.85,Daily
U1947,2,Petrol,21,21,5,46,4513.94,Weekends
U1948,1,Diesel,23,26,8,47,4797.7,Daily
U1949,1,Diesel,55,22,8,105,10734.7,Weekdays
U1950,1,Diesel,117,18,6,250,24580.27,Daily
U1951,3,Hybrid,74,26,14,166,16880.74,Weekdays
U1952,1,Petrol,67,17,11,141,13759.73,Daily
U1953,2,Petrol,97,15,8,191,19533.9,Weekdays
U1954,2,Diesel,79,26,7,161,15320.88,Rarely
U1955,1,Petrol,84,23,4,182,17565.93,Daily
U1956,1,Diesel,34,24,8,62,6041.91,Weekdays
U1957,1,Diesel,29,20,13,55,5650.11,Daily
U1958,1,Diesel,108,20,6,219,20950.36,Weekends
U1959,2,Hybrid,79,23,4,166,16082.17,Rarely
U1960,3,Electric,75,15,14,0,0.0,Weekdays
U1961,1,Diesel,30,20,7,58,5515.32,Weekdays
U1962,1,Petrol,60,26,14,109,11185.71,Rarely
U1963,2,Diesel,26,19,6,47,4728.25,Daily
U1964,1,Petrol,93,25,8,180,18721.22,Daily
U1965,2,Petrol,23,20,9,47,4479.58,Weekdays
U1966,1,Diesel,35,25,0,72,7035.4,Daily
U1967,2,Petrol,30,22,14,61,6241.06,Weekends
U1968,1,Petrol,46,19,12,92,9361.14,Weekdays
U1969,1,Petrol,45,16,8,86,8379.03,Daily
U1970,1,Diesel,104,26,14,208,20999.03,Daily
U1971,1,Petrol,27,26,6,50,5146.88,Daily
U1972,1,Diesel,51,16,0,94,8961.38,Weekdays
U1973,2,Petrol,17,24,0,33,3371.82,Daily
U1974,2,Diesel,93,19,4,213,20771.97,Daily
U1975,1,Diesel,70,17,7,137,14313.56,Weekdays
U1976,1,Petrol,70,24,8,158,15860.39,Weekends
U1977,1,Petrol,20,17,11,39,3718.02,Weekends
U1978,1,Petrol,77,22,5,155,15350.32,Rarely
U1979,1,Electric,32,21,11,0,0.0,Weekdays
U1980,1,Diesel,81,15,12,149,15243.26,Daily
U1981,1,Hybrid,39,26,9,73,7154.35,Weekends
U1982,1,Petrol,45,26,11,102,10276.77,Daily
U1983,1,Diesel,81,19,7,166,16764.51,Weekdays
U1984,1,Diesel,35,23,14,63,5999.71,Weekdays
U1985,4,Diesel,89,18,5,162,15679.71,Weekends
U1986,1,Electric,36,15,10,0,0.0,Daily
U1987,2,Petrol,58,22,5,129,12774.55,Daily
U1988,1,Petrol,102,19,3,206,19961.48,Weekdays
U1989,1,Diesel,76,16,10,143,14689.92,Daily
U1990,2,Diesel,63,26,4,139,13884.7,Rarely
U1991,2,Diesel,45,15,13,88,8632.78,Weekdays
U1992,4,Petrol,116,26,1,233,22511.71,Weekdays
U1993,1,Petrol,70,26,2,149,15065.63,Weekends
U1994,1,Petrol,106,26,2,209,21247.49,Weekdays
U1995,2,Petrol,100,17,13,211,21457.85,Daily
U1996,1,Diesel,58,23,11,130,12636.37,Daily
U1997,1,Diesel,44,15,10,96,9691.52,Weekdays
U1998,1,Petrol,32,18,4,63,6555.41,Weekends
U1999,1,Petrol,41,22,13,79,7784.02,Weekdays
U2000,2,Petrol,109,22,4,211,20489.72,Rarely
U2001,1,Petrol,69,24,5,136,13970.12,Daily
U2002,1,Diesel,109,26,4,223,21579.45,Daily
U2003,1,Hybrid,78,25,11,156,15215.85,Daily
U2004,1,Petrol,59,25,5,110,10560.71,Weekdays
U2005,1,Diesel,8,22,7,15,1465.18,Daily
U2006,1,Diesel,103,24,14,203,20117.98,Daily
U2007,1,Diesel,14,22,1,29,2773.61,Weekdays
U2008,2,Petrol,51,18,3,106,10994.01,Daily
U2009,1,Electric,79,22,12,0,0.0,Weekdays
U2010,1,Petrol,18,23,5,39,3934.36,Daily
U2011,2,Petrol,42,21,11,91,8982.87,Daily
U2012,2,Petrol,16,26,4,32,3254.35,Daily
U2013,1,Petrol,49,16,0,91,9037.92,Weekends
U2014,1,Petrol,21,23,8,43,4412.36,Daily
U2015,1,Petrol,84,25,2,167,17236.74,Daily
U2016,2,Petrol,39,22,1,72,7323.73,Daily
U2017,4,Diesel,70,19,8,160,15986.14,Daily
U2018,2,Diesel,79,26,6,156,16040.34,Weekends
U2019,1,Petrol,45,17,4,95,9494.57,Daily
U2020,2,Diesel,71,21,11,145,13936.69,Weekends
U2021,1,Diesel,33,16,5,61,5865.97,Daily
U2022,1,Diesel,22,17,11,40,4179.43,Weekends
U2023,1,Petrol,24,26,10,50,4856.78,Weekdays
U2024,3,Diesel,115,23,3,221,22798.19,Weekdays
U2025,1,Hybrid,18,18,0,34,3313.88,Weekdays
U2026,2,Diesel,38,18,3,86,8540.47,Daily
U2027,1,Petrol,53,17,8,107,10865.79,Weekdays
U2028,1,Petrol,58,19,0,105,10141.81,Daily
U2029,1,Diesel,35,17,9,68,6961.33,Daily
U2030,1,Petrol,62,23,2,129,13144.99,Weekdays
U2031,2,Petrol,108,17,14,212,21291.34,Daily
U2032,1,Petrol,46,16,14,83,8354.69,Weekends
U2033,2,Diesel,62,26,4,125,12007.21,Daily
U2034,2,Diesel,86,19,6,159,15798.16,Weekdays
U2035,3,Petrol,34,20,8,71,6806.47,Weekends
U2036,1,Electric,29,15,5,0,0.0,Weekdays
U2037,1,Petrol,67,26,2,121,12584.38,Weekdays
U2038,1,Diesel,23,25,12,44,4432.79,Weekdays
U2039,4,Diesel,76,20,6,152,15568.91,Weekends
U2040,3,Diesel,96,24,14,199,20047.03,Daily
U2041,1,Hybrid,12,17,13,23,2229.67,Weekdays
U2042,2,Petrol,99,18,3,192,19382.03,Daily
U2043,1,Diesel,7,20,2,16,1640.86,Daily
U2044,1,Petrol,71,22,13,129,12433.54,Daily
U2045,1,Diesel,112,23,6,256,26411.28,Daily
U2046,2,Diesel,90,20,10,164,16490.84,Weekdays
U2047,1,Diesel,85,21,10,165,15682.05,Weekends
U2048,2,Petrol,104,19,6,212,21241.93,Weekdays
U2049,2,Diesel,21,26,3,39,3859.31,Weekdays
U2050,2,Petrol,18,23,11,33,3232.83,Daily
U2051,1,Petrol,119,18,6,229,23521.18,Daily
U2052,1,Diesel,13,24,10,29,3015.85,Daily
U2053,1,Petrol,66,25,13,131,13444.08,Weekdays
U2054,1,Diesel,98,20,1,204,21107.42,Daily
U2055,1,Petrol,25,19,0,53,5516.65,Weekdays
U2056,3,Petrol,80,15,11,173,18013.85,Weekends
U2057,1,Diesel,41,19,14,87,8364.74,Weekdays
U2058,1,Petrol,100,19,1,196,19514.52,Weekdays
U2059,1,Petrol,15,23,3,27,2565.08,Weekdays
U2060,1,Diesel,24,15,7,46,4602.97,Daily
U2061,1,Petrol,39,19,2,74,7713.94,Daily
U2062,1,Diesel,57,21,14,106,10281.05,Weekends
U2063,3,Petrol,51,25,9,92,9328.6,Weekdays
U2064,1,Diesel,114,20,14,258,26172.5,Weekdays
U2065,4,Diesel,79,20,5,178,17195.43,Daily
U2066,2,Diesel,56,26,5,102,9933.3,Weekdays
U2067,1,Petrol,12,21,12,22,2191.64,Daily
U2068,3,Diesel,8,20,8,14,1356.35,Daily
U2069,1,Diesel,31,19,8,60,6051.0,Daily
U2070,2,Diesel,48,24,3,91,9085.93,Daily
U2071,1,Petrol,44,19,8,100,10019.2,Daily
U2072,2,Diesel,106,23,14,195,18787.21,Daily
U2073,2,Diesel,51,22,14,97,9716.73,Weekdays
U2074,2,Petrol,98,26,12,180,17189.06,Weekdays
U2075,2,Petrol,48,24,5,109,11315.87,Weekdays
U2076,1,Diesel,52,18,1,117,11516.6,Daily
U2077,1,Petrol,116,18,9,250,25890.84,Rarely
U2078,1,Electric,95,24,13,0,0.0,Daily
U2079,1,Diesel,89,19,10,168,17247.17,Daily
U2080,2,Diesel,56,17,5,107,10501.56,Weekdays
U2081,1,Petrol,88,22,1,177,17218.11,Daily
U2082,3,Petrol,72,21,7,157,15553.58,Weekdays
U2083,1,Hybrid,15,19,3,28,2666.78,Weekdays
U2084,2,Petrol,81,24,4,158,16461.63,Rarely
U2085,1,Diesel,77,17,7,161,15918.09,Weekends
U2086,2,Petrol,8,19,13,15,1573.28,Weekends
U2087,3,Petrol,80,17,10,167,17136.62,Daily
U2088,1,Petrol,77,24,7,153,14658.19,Weekends
U2089,1,Petrol,81,19,11,147,14935.48,Daily
U2090,2,Electric,52,15,13,0,0.0,Weekdays
U2091,1,Petrol,30,20,11,67,6528.29,Weekdays
U2092,1,Petrol,106,24,5,206,20098.52,Daily
U2093,1,Petrol,110,18,3,215,22394.56,Weekdays
U2094,1,Petrol,81,18,14,148,14799.97,Daily
U2095,1,Petrol,43,22,0,90,9152.52,Daily
U2096,1,Diesel,96,16,11,213,20833.42,Weekends
U2097,1,Petrol,62,18,6,122,12228.0,Daily
U2098,1,Petrol,23,16,7,44,4334.04,Daily
U2099,3,Petrol,92,15,8,209,20526.18,Daily
U2100,1,Electric,87,24,1,0,0.0,Weekends
U2101,3,Petrol,117,17,0,243,24078.89,Daily
U2102,1,Petrol,81,26,3,158,16052.85,Daily
U2103,1,Diesel,81,22,12,154,14971.95,Weekends
U2104,1,Diesel,62,20,4,133,13919.04,Daily
U2105,1,Petrol,32,26,9,65,6256.0,Daily
U2106,1,Petrol,70,21,11,144,14371.5,Weekdays
U2107,1,Diesel,14,16,0,25,2396.26,Weekdays
U2108,1,Petrol,90,20,4,185,17616.93,Weekends
U2109,1,Diesel,81,22,5,179,18656.59,Daily
U2110,2,Diesel,62,22,2,140,14434.54,Weekends
U2111,1,Petrol,77,18,11,142,14475.7,Weekends
U2112,1,Petrol,101,20,14,213,22077.86,Daily
U2113,2,Petrol,18,19,6,37,3812.05,Daily
U2114,1,Diesel,116,23,13,260,26382.82,Rarely
U2115,1,Petrol,88,22,5,191,19763.42,Daily
U2116,4,Petrol,19,16,3,43,4253.04,Weekdays
U2117,1,Diesel,100,26,2,228,22920.27,Weekdays
U2118,2,Electric,37,21,4,0,0.0,Weekdays
U2119,4,Petrol,21,21,2,45,4313.16,Weekends
U2120,1,Hybrid,28,25,9,57,5904.43,Daily
U2121,1,Petrol,34,26,8,64,6180.37,Daily
U2122,1,Petrol,66,15,8,125,12955.68,Weekends
U2123,1,Petrol,17,15,5,31,3041.51,Weekends
U2124,1,Petrol,66,26,12,145,14248.84,Weekdays
U2125,2,Petrol,51,18,10,100,9573.95,Rarely
U2126,1,Petrol,116,19,5,258,26795.62,Weekdays
U2127,1,Hybrid,20,18,11,42,4063.29,Daily
U2128,4,Diesel,70,21,13,149,15093.77,Weekends
U2129,2,Diesel,85,17,3,165,16737.55,Daily
U2130,1,Petrol,100,21,3,202,19757.93,Daily
U2131,1,Petrol,47,22,1,94,9856.52,Daily
U2132,1,Petrol,12,20,9,23,2199.76,Weekdays
U2133,1,Diesel,7,20,3,15,1516.18,Rarely
U2134,1,Hybrid,16,22,7,33,3293.25,Daily
U2135,1,Petrol,88,22,12,160,15592.77,Daily
U2136,2,Petrol,20,21,9,44,4251.96,Weekdays
U2137,1,Petrol,82,20,1,151,15458.0,Weekends
U2138,1,Petrol,84,20,8,168,17499.41,Weekdays
U2139,1,Petrol,63,24,13,131,12585.89,Weekdays
U2140,1,Diesel,53,25,0,95,9209.28,Weekdays
U2141,2,Diesel,67,20,12,142,14890.5,Daily
U2142,2,Petrol,66,22,1,140,13321.03,Daily
U2143,2,Petrol,111,15,14,236,23619.47,Daily
U2144,1,Electric,53,19,1,0,0.0,Weekends
U2145,1,Petrol,55,17,10,106,10348.95,Daily
U2146,1,Petrol,37,26,12,71,7215.75,Weekdays
U2147,1,Petrol,34,22,14,77,8042.6,Daily
U2148,1,Petrol,63,25,13,115,11442.75,Daily
U2149,2,Petrol,80,20,5,161,16501.57,Daily
U2150,1,Diesel,19,16,14,42,4261.35,Daily
U2151,1,Petrol,86,21,13,187,18649.4,Daily
U2152,1,Petrol,96,21,6,212,20245.6,Weekdays
U2153,1,Diesel,27,19,12,61,6247.47,Daily
U2154,1,Petrol,82,22,14,163,16077.1,Weekdays
U2155,3,Diesel,98,19,14,191,18573.78,Daily
U2156,2,Diesel,101,15,2,183,19120.33,Weekdays
U2157,3,Petrol,49,23,10,91,9348.89,Weekdays
U2158,1,Diesel,66,18,8,137,14333.31,Rarely
U2159,1,Petrol,83,16,4,155,15122.14,Daily
U2160,1,Electric,75,18,4,0,0.0,Daily
U2161,1,Petrol,19,23,10,34,3436.63,Weekends
U2162,2,Electric,110,16,11,0,0.0,Daily
U2163,1,Diesel,50,18,3,107,11177.56,Weekends
U2164,1,Petrol,68,16,8,131,13719.59,Daily
U2165,1,Petrol,106,19,7,229,23934.55,Weekdays
U2166,1,Electric,50,17,11,0,0.0,Daily
U2167,2,Diesel,60,24,3,131,13415.82,Weekends
U2168,1,Petrol,48,16,3,94,9185.62,Weekdays
U2169,1,Diesel,79,23,1,177,18062.9,Daily
U2170,1,Petrol,33,19,8,60,6288.37,Daily
U2171,1,Petrol,99,24,2,214,20414.23,Daily
U2172,2,Petrol,66,19,3,119,11979.72,Weekdays
U2173,2,Petrol,93,15,13,175,17911.17,Daily
U2174,3,Diesel,56,20,6,128,12484.3,Daily
U2175,2,Petrol,58,21,9,114,11086.64,Weekdays
U2176,1,Diesel,92,15,7,203,19407.5,Daily
U2177,2,Petrol,61,23,7,121,11608.64,Daily
U2178,1,Petrol,87,22,3,193,19602.53,Daily
U2179,1,Petrol,70,26,14,159,15908.28,Weekdays
U2180,2,Petrol,26,22,6,52,4955.64,Rarely
U2181,1,Petrol,24,21,9,49,5130.13,Daily
U2182,3,Petrol,37,19,0,78,7921.72,Weekdays
U2183,1,Diesel,76,17,5,172,17226.61,Daily
U2184,1,Petrol,29,26,5,55,5375.0,Daily
U2185,2,Petrol,50,23,5,105,10666.0,Weekdays
U2186,2,Petrol,77,21,11,151,14894.89,Daily
U2187,1,Diesel,102,25,1,194,19792.84,Weekdays
U2188,1,Hybrid,61,24,7,112,11404.48,Weekends
U2189,1,Petrol,91,24,13,192,18418.07,Weekends
U2190,1,Petrol,9,22,14,20,2081.85,Daily
U2191,1,Petrol,59,20,14,116,11584.89,Daily
U2192,2,Electric,65,26,4,0,0.0,Rarely
U2193,1,Petrol,93,25,4,197,20597.26,Daily
U2194,2,Petrol,12,19,1,24,2385.17,Weekdays
U2195,1,Petrol,20,22,3,45,4599.55,Daily
U2196,1,Petrol,52,17,11,103,10459.79,Daily
U2197,2,Petrol,113,26,8,210,20296.79,Daily
U2198,1,Diesel,65,21,8,121,12694.28,Weekends
U2199,1,Petrol,19,16,5,42,4184.71,Weekends
U2200,1,Diesel,69,17,10,158,15633.76,Daily
U2201,3,Petrol,26,26,14,50,5209.81,Weekends
U2202,2,Petrol,7,16,8,13,1303.8,Daily
U2203,1,Hybrid,106,19,3,216,22042.97,Daily
U2204,1,Petrol,58,21,14,124,12829.35,Weekdays
U2205,1,Diesel,18,25,10,37,3602.13,Weekdays
U2206,2,Petrol,40,24,0,91,8799.21,Daily
U2207,2,Petrol,86,25,1,189,18084.48,Daily
U2208,1,Electric,115,25,12,0,0.0,Rarely
U2209,1,Petrol,109,25,0,225,21825.83,Weekends
U2210,1,Diesel,86,24,7,168,16477.03,Weekends
U2211,2,Petrol,71,15,8,152,14874.43,Daily
U2212,2,Diesel,14,24,9,28,2745.28,Weekdays
U2213,1,Petrol,53,23,11,103,10473.1,Daily
U2214,1,Petrol,107,15,5,200,20908.23,Rarely
U2215,1,Diesel,115,15,1,237,23295.8,Daily
U2216,3,Hybrid,69,26,5,144,14267.01,Daily
U2217,1,Hybrid,95,24,8,198,20336.87,Daily
U2218,2,Diesel,61,22,11,113,11223.54,Weekends
U2219,1,Diesel,31,20,2,64,6672.67,Weekdays
U2220,1,Petrol,79,20,8,148,14804.76,Daily
U2221,1,Petrol,117,26,1,249,24520.86,Weekdays
U2222,1,Petrol,9,23,10,18,1884.88,Weekends
U2223,1,Petrol,75,18,4,166,16476.8,Daily
U2224,2,Petrol,87,22,10,190,18489.23,Weekends
U2225,1,Petrol,61,18,1,131,12677.79,Weekends
U2226,1,Petrol,97,16,6,208,21829.98,Daily
U2227,1,Diesel,19,25,10,39,3998.67,Daily
U2228,3,Petrol,103,22,9,188,18628.28,Daily
U2229,2,Petrol,115,26,14,244,25196.33,Daily
U2230,1,Petrol,105,21,8,213,21399.7,Daily
U2231,3,Diesel,80,18,6,162,15904.17,Weekdays
U2232,1,Diesel,34,23,11,67,6863.07,Weekdays
U2233,1,Diesel,24,23,4,54,5532.78,Daily
U2234,2,Petrol,41,22,14,78,7800.13,Weekdays
U2235,2,Petrol,7,15,3,13,1240.87,Weekdays
U2236,2,Petrol,77,21,11,175,16759.79,Weekends
U2237,1,Petrol,45,19,3,99,10185.86,Daily
U2238,1,Petrol,43,21,14,77,7949.08,Weekdays
U2239,3,Petrol,30,26,9,67,6819.45,Weekends
U2240,1,Petrol,6,23,7,11,1137.3,Weekdays
U2241,1,Electric,27,16,9,0,0.0,Daily
U2242,1,Electric,27,25,12,0,0.0,Daily
U2243,1,Petrol,89,18,9,184,17756.73,Weekends
U2244,1,Petrol,20,18,13,43,4251.73,Daily
U2245,3,Petrol,13,16,9,24,2391.39,Weekends
U2246,1,Petrol,17,17,9,31,3037.28,Weekends
U2247,1,Hybrid,32,25,9,68,6953.25,Daily
U2248,1,Petrol,31,22,0,60,6247.46,Weekdays
U2249,2,Diesel,55,26,4,125,12390.6,Daily
U2250,1,Petrol,68,23,13,137,14304.91,Daily
U2251,1,Electric,56,20,1,0,0.0,Weekdays
U2252,2,Petrol,85,24,12,182,18240.98,Weekdays
U2253,2,Diesel,42,16,10,82,8282.18,Daily
U2254,2,Petrol,104,16,8,194,18950.56,Weekends
U2255,3,Diesel,69,21,6,138,13639.04,Daily
U2256,1,Petrol,22,22,9,50,5026.62,Daily
U2257,2,Petrol,67,22,7,134,13992.26,Daily
U2258,1,Hybrid,55,20,5,108,10954.11,Daily
U2259,2,Hybrid,13,24,8,26,2556.61,Rarely
U2260,2,Diesel,17,22,5,30,2853.14,Weekdays
U2261,2,Diesel,44,15,6,82,8594.97,Weekdays
U2262,2,Diesel,59,23,6,131,13090.81,Weekdays
U2263,1,Petrol,113,26,8,258,26931.32,Daily
U2264,1,Petrol,83,15,10,155,15576.49,Daily
U2265,4,Petrol,47,17,7,97,9802.3,Weekdays
U2266,3,Diesel,48,26,12,109,11130.98,Weekends
U2267,1,Petrol,114,23,0,214,21016.89,Weekends
U2268,1,Petrol,72,25,3,136,13870.62,Daily
U2269,1,Diesel,37,19,6,83,8322.24,Daily
U2270,2,Diesel,28,23,10,60,6103.49,Daily
U2271,2,Petrol,40,23,7,75,7751.87,Daily
U2272,1,Petrol,119,20,6,237,22951.62,Daily
U2273,1,Petrol,109,25,11,199,20125.97,Weekdays
U2274,2,Petrol,14,15,2,28,2674.59,Daily
U2275,2,Petrol,104,24,14,227,21796.8,Weekdays
U2276,1,Diesel,24,21,3,49,4985.55,Weekdays
U2277,1,Diesel,109,20,11,231,22108.87,Daily
U2278,1,Diesel,113,23,6,221,22310.74,Weekdays
U2279,1,Petrol,112,21,7,210,20412.03,Daily
U2280,1,Diesel,79,26,6,142,13921.8,Weekdays
U2281,2,Petrol,16,25,5,35,3370.37,Weekends
U2282,2,Petrol,66,26,8,139,13550.65,Weekdays
U2283,1,Diesel,22,18,8,42,4334.94,Weekends
U2284,2,Petrol,98,21,10,196,19872.2,Daily
U2285,1,Petrol,112,16,12,246,25706.41,Weekdays
U2286,1,Diesel,116,20,6,240,22916.99,Weekdays
U2287,1,Petrol,105,20,7,204,20996.52,Weekdays
U2288,1,Diesel,67,16,5,129,13156.81,Weekends
U2289,2,Petrol,88,18,0,167,16300.69,Weekdays
U2290,4,Diesel,29,22,0,64,6546.67,Weekdays
U2291,1,Petrol,16,22,5,33,3371.46,Daily
U2292,1,Petrol,25,22,1,53,5278.45,Daily
U2293,2,Diesel,29,22,13,64,6520.73,Weekdays
U2294,1,Petrol,15,15,7,34,3381.16,Weekdays
U2295,1,Petrol,68,16,0,130,12786.21,Rarely
U2296,2,Petrol,77,26,12,145,14451.41,Daily
U2297,1,Petrol,54,18,1,109,11330.69,Daily
U2298,1,Petrol,66,26,7,119,11762.65,Weekdays
U2299,1,Petrol,93,23,11,204,20203.52,Weekends
U2300,2,Hybrid,103,17,5,230,23249.33,Weekends
U2301,1,Petrol,100,20,11,214,21941.42,Daily
U2302,1,Petrol,53,21,9,102,10439.31,Daily
U2303,2,Petrol,18,22,1,33,3141.53,Daily
U2304,1,Petrol,5,21,1,9,916.87,Daily
U2305,2,Hybrid,85,17,10,188,18707.04,Rarely
U2306,1,Petrol,29,20,13,57,5713.73,Daily
U2307,3,Electric,63,19,6,0,0.0,Daily
U2308,1,Petrol,76,26,4,147,15040.63,Daily
U2309,1,Diesel,73,24,4,167,17253.33,Daily
U2310,1,Petrol,9,18,7,19,1927.79,Weekends
U2311,1,Diesel,109,15,11,245,24656.57,Daily
U2312,2,Diesel,103,21,11,225,22215.98,Daily
U2313,4,Petrol,23,22,6,47,4529.8,Rarely
U2314,1,Petrol,27,16,11,50,5229.29,Daily
U2315,1,Petrol,13,21,13,25,2490.46,Weekdays
U2316,2,Hybrid,98,20,8,205,20635.74,Daily
U2317,2,Petrol,54,19,3,120,12301.29,Weekdays
U2318,1,Petrol,20,18,9,38,3636.0,Daily
U2319,1,Diesel,37,16,3,68,7041.41,Daily
U2320,1,Petrol,6,24,1,12,1235.64,Weekdays
U2321,2,Electric,18,20,2,0,0.0,Daily
U2322,1,Diesel,114,19,0,239,22757.54,Weekdays
U2323,1,Diesel,5,16,0,9,902.39,Daily
U2324,1,Diesel,94,24,6,180,17197.68,Weekdays
U2325,2,Petrol,62,21,13,123,12362.57,Weekends
U2326,1,Petrol,93,20,13,194,19823.79,Daily
U2327,1,Petrol,20,26,4,41,3944.96,Daily
U2328,1,Petrol,83,25,2,159,16209.86,Weekends
U2329,1,Diesel,94,23,6,211,20993.51,Weekdays
U2330,1,Hybrid,51,25,13,94,9692.86,Daily
U2331,1,Petrol,48,24,1,87,8729.22,Daily
U2332,1,Petrol,84,19,2,176,17311.57,Daily
U2333,1,Electric,18,23,0,0,0.0,Daily
U2334,1,Petrol,97,23,7,199,20691.0,Weekends
U2335,2,Petrol,28,15,1,63,6270.31,Weekdays
U2336,2,Petrol,115,19,14,247,24467.21,Weekdays
U2337,1,Hybrid,59,23,6,124,11829.44,Daily
U2338,2,Diesel,19,21,10,39,3847.09,Daily
U2339,1,Diesel,87,20,8,164,16973.39,Weekends
U2340,1,Diesel,76,20,5,153,15699.31,Daily
U2341,1,Petrol,38,25,1,74,7193.48,Daily
U2342,1,Petrol,6,21,1,13,1288.7,Daily
U2343,2,Diesel,31,15,8,59,5720.98,Weekdays
U2344,2,Petrol,78,18,9,158,16517.66,Daily
U2345,2,Diesel,103,15,7,233,23528.61,Daily
U2346,1,Hybrid,91,20,13,199,20406.17,Weekends
U2347,1,Diesel,117,18,13,267,27270.87,Weekdays
U2348,1,Diesel,76,15,13,159,16494.17,Daily
U2349,1,Diesel,96,23,8,188,19644.74,Weekdays
U2350,1,Diesel,27,26,3,59,5624.14,Daily
U2351,1,Petrol,72,18,3,140,14665.42,Daily
U2352,1,Petrol,18,26,14,33,3422.28,Weekdays
U2353,1,Petrol,67,20,14,144,14231.44,Daily
U2354,2,Diesel,110,21,1,233,24085.37,Daily
U2355,4,Petrol,97,22,13,217,22213.33,Weekdays
U2356,3,Diesel,69,26,9,157,16160.19,Weekends
U2357,1,Petrol,72,25,0,160,15553.11,Weekdays
U2358,1,Diesel,67,23,9,122,12381.25,Daily
U2359,1,Petrol,100,23,12,213,20290.22,Daily
U2360,2,Diesel,101,22,3,221,22869.59,Daily
U2361,1,Petrol,117,24,9,268,28008.8,Daily
U2362,1,Petrol,94,25,9,186,18901.55,Daily
U2363,2,Petrol,85,26,10,160,16020.27,Weekdays
U2364,1,Diesel,107,26,7,238,24337.24,Daily
U2365,1,Petrol,91,17,1,178,17490.92,Daily
U2366,1,Petrol,68,26,12,142,14379.47,Weekdays
U2367,1,Electric,36,16,11,0,0.0,Daily
U2368,1,Diesel,83,19,10,166,16006.85,Rarely
U2369,1,Electric,17,15,7,0,0.0,Daily
U2370,1,Petrol,70,17,0,138,14098.27,Weekends
U2371,1,Petrol,23,15,14,49,4866.57,Weekends
U2372,2,Diesel,28,17,0,50,5194.6,Weekends
U2373,1,Petrol,113,18,3,221,21684.38,Daily
U2374,1,Diesel,92,21,6,180,17176.38,Weekends
U2375,1,Petrol,15,26,8,32,3247.96,Daily
U2376,3,Petrol,63,26,4,123,12526.61,Daily
U2377,1,Petrol,90,19,1,190,19101.82,Daily
U2378,1,Petrol,19,19,11,40,4073.33,Daily
U2379,2,Petrol,14,15,6,29,2906.89,Daily
U2380,2,Petrol,45,22,10,94,9581.07,Daily
U2381,1,Electric,31,18,1,0,0.0,Daily
U2382,2,Petrol,64,24,8,127,12532.86,Weekdays
U2383,1,Diesel,77,19,8,160,15537.31,Daily
U2384,1,Diesel,56,16,2,102,9791.31,Weekdays
U2385,1,Diesel,32,26,12,71,6911.21,Rarely
U2386,1,Petrol,69,15,7,152,14730.79,Daily
U2387,2,Diesel,21,23,10,41,4293.98,Weekdays
U2388,1,Diesel,99,16,3,206,20160.28,Rarely
U2389,1,Diesel,48,20,2,108,10509.44,Daily
U2390,2,Diesel,14,15,0,27,2790.42,Daily
U2391,2,Electric,67,15,4,0,0.0,Weekends
U2392,1,Diesel,105,23,12,193,19148.43,Weekends
U2393,1,Petrol,97,18,13,199,19787.75,Weekdays
U2394,1,Diesel,86,23,10,192,19039.75,Daily
U2395,2,Petrol,51,25,3,105,10317.89,Weekends
U2396,2,Diesel,42,19,0,88,8611.98,Daily
U2397,3,Petrol,107,21,9,241,25020.52,Daily
U2398,1,Petrol,117,15,7,252,24347.5,Daily
U2399,1,Diesel,74,20,7,158,15296.08,Daily
U2400,1,Diesel,108,22,12,226,22762.09,Weekdays
U2401,1,Petrol,80,15,7,169,16635.78,Weekends
U2402,1,Petrol,57,23,2,125,12401.91,Weekdays
U2403,3,Diesel,82,17,5,187,19273.24,Daily
U2404,1,Petrol,48,15,11,105,10923.81,Weekdays
U2405,1,Diesel,78,15,11,167,17185.22,Weekdays
U2406,2,Petrol,58,25,6,108,10513.72,Daily
U2407,1,Diesel,24,20,8,53,5554.38,Weekends
U2408,2,Diesel,83,25,4,179,17655.09,Weekends
U2409,1,Petrol,35,20,8,76,7348.49,Weekdays
U2410,1,Petrol,11,15,5,21,2099.89,Daily
U2411,1,Petrol,62,17,9,139,14213.15,Weekdays
U2412,1,Diesel,109,21,9,201,19262.37,Weekends
U2413,3,Petrol,14,24,9,26,2634.91,Daily
U2414,1,Diesel,14,17,3,29,3003.84,Weekends
U2415,1,Petrol,116,17,12,247,24111.6,Daily
U2416,1,Petrol,43,17,0,84,8562.22,Weekdays
U2417,1,Petrol,32,26,0,68,6731.94,Weekdays
U2418,2,Petrol,34,21,13,67,6642.47,Weekdays
U2419,1,Diesel,41,18,9,73,7139.99,Weekends
U2420,2,Diesel,71,18,4,133,13465.44,Daily
U2421,3,Diesel,118,17,12,264,26033.04,Daily
U2422,1,Petrol,47,24,13,89,9194.5,Weekdays
U2423,3,Electric,83,25,2,0,0.0,Daily
U2424,1,Diesel,89,23,4,190,19826.67,Daily
U2425,1,Hybrid,56,16,4,113,10919.34,Daily
U2426,1,Petrol,105,18,0,230,21882.64,Daily
U2427,2,Petrol,60,22,13,133,13218.16,Weekdays
U2428,4,Petrol,80,20,7,177,18105.12,Weekdays
U2429,1,Diesel,72,21,4,140,14668.44,Daily
U2430,2,Petrol,115,21,4,236,24268.88,Daily
U2431,1,Petrol,13,16,8,27,2721.75,Daily
U2432,1,Petrol,107,18,7,209,19910.08,Daily
U2433,1,Diesel,110,24,12,200,20651.08,Daily
U2434,3,Diesel,96,24,0,196,18967.2,Daily
U2435,1,Petrol,27,20,2,48,4586.69,Weekdays
U2436,1,Petrol,67,17,11,152,15732.55,Weekdays
U2437,1,Diesel,113,23,6,248,24964.3,Daily
U2438,1,Electric,65,18,0,0,0.0,Weekdays
U2439,1,Diesel,44,24,0,85,8403.56,Weekends
U2440,1,Hybrid,48,16,4,109,10448.24,Daily
U2441,2,Diesel,90,20,8,178,18045.66,Daily
U2442,1,Diesel,28,15,5,61,5967.28,Weekdays
U2443,1,Petrol,55,20,9,111,11506.36,Daily
U2444,1,Diesel,62,26,1,138,13603.76,Weekdays
U2445,2,Diesel,94,24,10,202,20189.16,Weekends
U2446,2,Diesel,98,15,8,177,16927.44,Daily
U2447,1,Petrol,37,22,5,72,7038.43,Weekdays
U2448,2,Petrol,20,19,4,41,4172.47,Weekdays
U2449,1,Petrol,26,20,4,58,5937.03,Daily
U2450,1,Petrol,117,16,14,216,21044.5,Daily
U2451,1,Petrol,61,16,11,128,12804.89,Weekends
U2452,1,Diesel,66,26,2,128,13206.44,Weekends
U2453,1,Petrol,118,23,13,264,26082.96,Weekdays
U2454,3,Petrol,111,17,5,242,23313.73,Weekends
U2455,2,Petrol,86,20,14,170,16884.18,Daily
U2456,2,Diesel,75,24,14,141,14241.89,Daily
U2457,1,Petrol,118,19,12,213,20250.76,Daily
U2458,1,Petrol,94,26,3,198,19500.16,Daily
U2459,2,Diesel,76,18,12,152,15363.3,Weekends
U2460,1,Petrol,74,24,11,144,15050.75,Rarely
U2461,1,Hybrid,34,16,9,77,7629.58,Weekends
U2462,1,Hybrid,107,22,13,217,20968.65,Weekdays
U2463,2,Petrol,27,24,14,58,5819.85,Daily
U2464,1,Petrol,36,21,1,67,6556.45,Daily
U2465,1,Diesel,90,25,12,162,15737.94,Daily
U2466,2,Petrol,110,16,2,220,22198.89,Weekdays
U2467,1,Petrol,111,20,8,236,24581.49,Daily
U2468,1,Petrol,61,22,10,125,12919.03,Weekends
U2469,1,Hybrid,113,21,10,253,24496.2,Weekends
U2470,1,Petrol,13,15,8,26,2669.13,Daily
U2471,2,Diesel,35,19,5,68,6616.31,Daily
U2472,1,Diesel,75,16,9,169,16546.29,Weekdays
U2473,1,Petrol,13,20,9,26,2709.21,Daily
U2474,2,Petrol,17,21,13,32,3331.54,Weekdays
U2475,2,Electric,62,21,8,0,0.0,Weekdays
U2476,2,Petrol,7,17,3,15,1434.63,Daily
U2477,1,Diesel,39,21,10,86,8422.08,Daily
U2478,1,Petrol,101,19,4,183,18449.65,Daily
U2479,4,Petrol,25,22,9,49,5084.68,Weekends
U2480,2,Petrol,68,26,5,147,14139.69,Daily
U2481,1,Petrol,99,22,12,225,22308.66,Weekends
U2482,1,Petrol,56,21,14,111,10846.64,Weekdays
U2483,1,Diesel,38,20,8,84,7992.54,Weekdays
U2484,3,Petrol,100,16,12,199,20474.01,Daily
U2485,1,Petrol,39,20,4,73,7528.7,Weekdays
U2486,1,Petrol,19,26,7,34,3305.22,Weekdays
U2487,1,Diesel,100,25,10,196,18916.43,Weekdays
U2488,2,Petrol,10,23,0,19,1832.47,Weekdays
U2489,2,Diesel,113,16,4,256,25507.7,Weekdays
U2490,1,Petrol,89,15,9,169,16471.58,Weekends
U2491,2,Petrol,101,25,0,201,20122.82,Daily
U2492,3,Petrol,36,19,9,65,6425.15,Weekends
U2493,1,Diesel,56,25,13,122,11847.29,Daily
U2494,1,Petrol,87,20,5,196,20092.34,Weekends
U2495,1,Petrol,101,17,6,193,18625.2,Weekends
U2496,2,Petrol,32,22,11,64,6591.3,Daily
U2497,1,Diesel,99,21,13,184,18513.06,Weekdays
U2498,1,Petrol,89,16,4,180,18597.67,Weekdays
U2499,2,Petrol,102,26,0,190,18059.04,Daily
U2500,1,Petrol,68,21,5,140,14348.86,Daily
U2501,3,Petrol,83,15,9,179,17097.21,Daily
U2502,1,Diesel,82,23,4,170,17765.17,Weekends
U2503,1,Diesel,23,21,5,44,4489.21,Weekends
U2504,2,Petrol,111,20,10,219,21506.18,Weekdays
U2505,2,Petrol,19,16,9,40,3927.94,Weekdays
U2506,1,Petrol,10,17,14,20,2072.3,Weekdays
U2507,2,Petrol,77,15,6,143,14876.06,Daily
U2508,3,Petrol,105,24,6,233,24212.37,Daily
U2509,1,Diesel,88,19,1,179,18452.65,Weekdays
U2510,4,Electric,102,23,14,0,0.0,Weekends
U2511,1,Electric,42,20,11,0,0.0,Weekdays
U2512,1,Diesel,30,19,2,68,6479.2,Weekdays
U2513,1,Diesel,86,26,11,166,15914.04,Weekdays
U2514,2,Diesel,96,17,5,216,21923.04,Daily
U2515,2,Petrol,55,19,2,110,10891.28,Weekdays
U2516,1,Diesel,77,22,1,153,15402.98,Daily
U2517,1,Petrol,100,26,3,215,20921.82,Daily
U2518,1,Petrol,57,16,4,102,10352.41,Weekdays
U2519,1,Diesel,60,19,10,118,11496.54,Weekdays
U2520,2,Petrol,63,20,9,122,12152.19,Daily
U2521,2,Petrol,74,24,8,165,16464.89,Weekdays
U2522,1,Hybrid,82,22,2,169,16355.26,Weekdays
U2523,3,Petrol,96,22,2,190,19714.79,Weekdays
U2524,1,Petrol,62,19,5,119,11930.73,Weekends
U2525,4,Hybrid,92,23,4,192,19904.22,Daily
U2526,2,Diesel,17,18,5,31,3026.39,Rarely
U2527,1,Petrol,47,26,6,90,8705.1,Weekdays
U2528,1,Petrol,80,23,10,155,14752.93,Weekdays
U2529,2,Petrol,55,25,2,115,11032.94,Weekdays
U2530,1,Diesel,23,21,14,45,4341.36,Daily
U2531,1,Diesel,25,20,12,51,4885.22,Daily
U2532,1,Petrol,95,18,4,201,20897.73,Weekdays
U2533,1,Petrol,87,16,7,198,20614.65,Weekdays
U2534,1,Petrol,28,22,3,61,6366.79,Weekdays
U2535,2,Electric,30,20,9,0,0.0,Daily
U2536,2,Petrol,49,26,1,106,10591.35,Daily
U2537,1,Diesel,32,17,3,72,7221.62,Daily
U2538,2,Petrol,114,21,1,233,22439.83,Weekdays
U2539,1,Diesel,86,24,2,172,16575.73,Daily
U2540,2,Hybrid,112,21,3,205,21059.15,Weekdays
U2541,2,Diesel,104,20,3,233,24128.85,Daily
U2542,1,Petrol,110,16,9,211,21700.75,Weekdays
U2543,2,Diesel,33,22,8,60,6200.75,Daily
U2544,1,Diesel,21,15,9,43,4203.93,Daily
U2545,1,Petrol,72,15,5,160,15945.71,Weekdays
U2546,2,Diesel,48,20,8,96,9560.83,Weekdays
U2547,1,Diesel,113,19,3,247,25923.35,Daily
U2548,1,Diesel,65,23,8,144,15046.82,Weekends
U2549,1,Diesel,97,26,10,196,19793.03,Daily
U2550,2,Petrol,72,21,12,150,14456.96,Daily
U2551,1,Petrol,78,16,8,161,15711.34,Daily
U2552,1,Petrol,29,26,5,65,6411.45,Daily
U2553,2,Hybrid,99,21,4,214,22198.67,Daily
U2554,2,Diesel,71,17,2,160,15473.01,Daily
U2555,1,Diesel,115,15,13,219,21286.25,Weekdays
U2556,1,Petrol,6,25,14,11,1083.43,Daily
U2557,1,Petrol,93,22,4,170,17725.75,Weekdays
U2558,1,Diesel,53,26,14,108,10804.12,Daily
U2559,1,Petrol,74,17,2,165,16742.28,Daily
U2560,2,Petrol,30,25,4,58,5734.59,Daily
U2561,2,Diesel,76,22,4,141,13660.82,Weekdays
U2562,1,Petrol,103,21,1,188,18278.87,Weekdays
U2563,1,Petrol,31,26,13,62,6387.66,Weekends
U2564,2,Petrol,93,16,13,175,18188.59,Daily
U2565,1,Petrol,22,15,8,43,4297.02,Weekdays
U2566,3,Electric,58,21,14,0,0.0,Weekdays
U2567,1,Petrol,5,15,6,9,927.71,Daily
U2568,1,Petrol,65,20,13,136,13835.41,Daily
U2569,2,Petrol,116,25,5,237,22611.87,Daily
U2570,1,Diesel,107,24,4,231,22755.21,Weekdays
U2571,2,Petrol,7,25,14,13,1323.68,Daily
U2572,1,Diesel,72,24,3,162,16319.36,Weekdays
U2573,1,Petrol,45,22,7,95,9954.16,Weekdays
U2574,2,Petrol,41,21,1,79,8189.23,Weekdays
U2575,1,Petrol,55,18,7,102,9750.93,Daily
U2576,2,Diesel,19,15,0,35,3579.02,Weekdays
U2577,1,Diesel,12,15,9,26,2557.44,Daily
U2578,1,Petrol,42,18,0,87,8858.41,Daily
U2579,2,Petrol,118,19,2,234,23674.31,Weekdays
U2580,1,Hybrid,87,26,4,171,17105.22,Daily
U2581,1,Petrol,60,21,13,133,13769.42,Daily
U2582,1,Diesel,51,18,5,114,11637.91,Daily
U2583,1,Petrol,94,24,3,196,20363.53,Daily
U2584,1,Hybrid,107,26,6,220,21519.53,Daily
U2585,2,Diesel,14,15,6,30,2954.44,Daily
U2586,3,Hybrid,106,25,1,230,23280.49,Weekdays
U2587,2,Diesel,82,24,1,164,17165.0,Daily
U2588,2,Petrol,53,21,1,97,9575.43,Rarely
U2589,2,Hybrid,45,16,14,98,9341.65,Daily
U2590,2,Petrol,87,25,13,163,16211.8,Daily
U2591,1,Petrol,34,16,14,61,6126.8,Weekdays
U2592,3,Diesel,9,22,1,19,1957.19,Daily
U2593,2,Diesel,99,26,12,206,21070.92,Weekends
U2594,1,Hybrid,75,24,8,168,17580.63,Weekdays
U2595,1,Petrol,87,24,13,177,18200.35,Daily
U2596,1,Diesel,35,24,4,79,7740.92,Weekdays
U2597,1,Diesel,56,19,10,110,11155.52,Daily
U2598,2,Petrol,107,24,7,231,23497.88,Rarely
U2599,1,Petrol,92,16,4,179,18791.46,Weekends
U2600,1,Petrol,102,19,12,183,17638.89,Weekdays
U2601,3,Petrol,27,22,10,53,5136.4,Daily
U2602,1,Electric,52,20,4,0,0.0,Daily
U2603,1,Diesel,113,17,0,211,21287.92,Daily
U2604,1,Diesel,44,22,5,90,8671.77,Daily
U2605,2,Electric,10,23,3,0,0.0,Daily
U2606,3,Petrol,42,19,14,77,7933.91,Weekends
U2607,1,Diesel,45,16,2,94,9336.83,Daily
U2608,2,Petrol,104,16,5,236,23743.22,Weekdays
U2609,1,Diesel,31,21,1,60,6247.63,Weekdays
U2610,3,Petrol,79,15,7,165,16614.78,Weekends
U2611,2,Hybrid,73,24,0,166,16116.29,Daily
U2612,2,Petrol,61,26,11,129,12697.72,Daily
U2613,1,Petrol,21,16,8,44,4413.13,Weekdays
U2614,3,Diesel,75,24,7,141,13613.41,Weekends
U2615,2,Petrol,95,18,0,194,19618.29,Weekends
U2616,1,Diesel,51,15,9,101,10604.24,Weekdays
U2617,2,Petrol,83,18,11,168,17056.26,Daily
U2618,1,Diesel,114,26,14,250,24681.03,Weekdays
U2619,2,Petrol,17,25,8,34,3342.79,Daily
U2620,1,Petrol,15,24,1,27,2816.53,Weekdays
U2621,2,Petrol,113,19,2,254,26343.65,Weekdays
U2622,1,Petrol,94,23,1,194,19346.38,Weekdays
U2623,1,Petrol,90,15,12,203,20002.43,Weekends
U2624,1,Petrol,96,26,13,200,20420.93,Weekdays
U2625,1,Petrol,28,19,7,51,5005.4,Daily
U2626,1,Petrol,97,16,1,201,19335.0,Daily
U2627,1,Diesel,77,23,9,160,15696.24,Weekends
U2628,1,Diesel,110,20,1,209,20762.68,Daily
U2629,1,Petrol,8,16,14,16,1560.87,Daily
U2630,1,Diesel,117,17,0,237,23028.85,Daily
U2631,2,Diesel,50,22,6,105,9981.45,Weekdays
U2632,1,Petrol,22,15,11,42,4254.95,Daily
U2633,3,Diesel,47,26,1,98,9912.16,Weekends
U2634,2,Petrol,84,17,9,161,15597.72,Rarely
U2635,2,Petrol,37,24,4,74,7728.3,Rarely
U2636,1,Petrol,97,15,4,180,17837.23,Daily
U2637,2,Diesel,107,25,2,194,18479.43,Weekends
U2638,1,Diesel,14,25,2,27,2624.34,Rarely
U2639,1,Petrol,77,22,12,149,15186.18,Weekends
U2640,1,Petrol,63,15,11,126,12224.04,Weekdays
U2641,2,Electric,35,19,2,0,0.0,Weekdays
U2642,1,Petrol,32,18,5,65,6576.51,Daily
U2643,1,Petrol,64,21,13,132,13224.23,Weekends
U2644,4,Hybrid,7,19,3,15,1539.19,Daily
U2645,2,Diesel,59,22,12,133,13662.6,Daily
U2646,1,Diesel,18,26,2,40,4183.97,Rarely
U2647,1,Diesel,62,25,1,114,10895.0,Daily
U2648,2,Diesel,93,15,12,196,18696.42,Daily
U2649,1,Petrol,19,19,2,41,4299.75,Rarely
U2650,1,Petrol,6,18,3,13,1318.83,Rarely
U2651,1,Petrol,28,17,5,58,5924.91,Daily
U2652,3,Electric,82,19,3,0,0.0,Weekends
U2653,2,Diesel,68,24,7,155,14833.21,Daily
U2654,2,Petrol,116,17,2,236,22798.2,Daily
U2655,2,Diesel,75,22,11,149,14791.52,Daily
U2656,1,Petrol,104,17,2,207,19893.06,Daily
U2657,1,Petrol,118,15,2,237,23572.81,Daily
U2658,1,Petrol,28,23,7,53,5332.61,Daily
U2659,1,Petrol,31,23,3,60,5700.2,Weekends
U2660,1,Diesel,41,20,0,93,8941.25,Weekdays
U2661,2,Petrol,106,24,1,210,20737.91,Weekends
U2662,1,Diesel,98,15,12,202,19297.73,Weekdays
U2663,2,Diesel,95,22,13,211,20326.75,Daily
U2664,1,Petrol,43,16,9,88,8563.98,Weekends
U2665,1,Electric,67,23,12,0,0.0,Weekends
U2666,1,Petrol,83,22,12,171,17467.37,Daily
U2667,1,Petrol,30,17,13,55,5297.98,Daily
U2668,2,Petrol,69,19,1,128,13104.59,Weekdays
U2669,1,Diesel,8,23,13,17,1760.36,Weekdays
U2670,1,Petrol,33,15,2,74,7512.09,Weekends
U2671,1,Petrol,5,23,5,10,954.37,Daily
U2672,1,Petrol,111,18,7,203,20179.53,Daily
U2673,1,Petrol,54,18,11,108,10972.87,Weekdays
U2674,2,Diesel,114,18,0,205,21480.95,Weekdays
U2675,3,Petrol,90,24,8,185,19335.85,Daily
U2676,1,Petrol,15,26,0,28,2770.8,Daily
U2677,2,Petrol,78,23,9,174,17601.72,Weekdays
U2678,1,Petrol,63,20,1,116,12053.35,Weekdays
U2679,1,Hybrid,66,25,2,118,12190.63,Daily
U2680,1,Petrol,85,22,6,172,17164.61,Daily
U2681,1,Electric,40,26,8,0,0.0,Weekends
U2682,1,Petrol,60,18,2,130,12528.23,Rarely
U2683,1,Petrol,115,17,7,259,25868.87,Daily
U2684,1,Diesel,94,15,14,171,17481.07,Daily
U2685,1,Petrol,116,24,8,231,24185.17,Weekends
U2686,1,Diesel,25,21,9,57,5906.23,Daily
U2687,3,Electric,17,18,6,0,0.0,Weekdays
U2688,1,Petrol,13,22,3,29,2963.74,Weekdays
U2689,1,Petrol,15,17,3,28,2740.95,Daily
U2690,1,Diesel,79,15,3,150,15275.21,Weekdays
U2691,1,Petrol,74,19,5,138,14028.81,Weekdays
U2692,1,Petrol,5,16,3,9,879.52,Weekdays
U2693,1,Petrol,74,17,4,160,15575.02,Daily
U2694,1,Petrol,81,20,8,152,14597.99,Rarely
U2695,1,Diesel,90,17,11,185,17668.5,Daily
U2696,1,Petrol,60,17,6,116,12015.8,Weekdays
U2697,1,Petrol,35,26,7,77,7353.38,Weekends
U2698,1,Diesel,90,20,4,162,15533.76,Daily
U2699,1,Petrol,41,19,4,78,7596.3,Weekdays
U2700,1,Petrol,51,24,12,107,11114.79,Rarely
U2701,2,Diesel,95,23,10,175,17207.65,Daily
U2702,1,Petrol,118,15,6,239,23163.4,Daily
U2703,1,Diesel,82,17,10,165,16855.67,Weekends
U2704,1,Diesel,51,17,12,113,11095.55,Daily
U2705,3,Petrol,73,25,13,154,15143.38,Daily
U2706,1,Petrol,62,20,11,131,13413.06,Weekends
U2707,1,Petrol,40,22,7,91,8874.0,Weekends
U2708,1,Petrol,36,17,8,82,8525.34,Rarely
U2709,1,Diesel,102,17,14,216,21732.67,Daily
U2710,1,Diesel,68,20,13,140,14052.96,Daily
U2711,1,Petrol,75,22,1,157,15330.66,Daily
U2712,2,Diesel,46,20,2,91,9404.94,Weekdays
U2713,1,Hybrid,52,26,11,119,11986.57,Weekdays
U2714,2,Electric,78,24,11,0,0.0,Daily
U2715,4,Petrol,118,17,1,229,22227.42,Daily
U2716,1,Petrol,85,18,9,155,15450.8,Weekdays
U2717,1,Petrol,34,15,6,61,6270.58,Weekdays
U2718,1,Electric,25,22,11,0,0.0,Daily
U2719,1,Petrol,64,18,1,122,12399.47,Weekends
U2720,1,Diesel,17,20,11,34,3402.09,Daily
U2721,3,Petrol,5,25,13,9,877.57,Weekdays
U2722,2,Petrol,69,17,14,145,14750.66,Weekends
U2723,1,Petrol,115,25,1,219,22956.11,Weekdays
U2724,1,Electric,37,26,13,0,0.0,Daily
U2725,2,Petrol,42,25,13,85,8212.82,Daily
U2726,3,Diesel,29,20,1,65,6242.17,Weekends
U2727,2,Petrol,30,26,14,61,5959.25,Daily
U2728,1,Petrol,81,25,11,162,16312.5,Weekdays
U2729,1,Petrol,63,23,12,131,13685.31,Rarely
U2730,1,Petrol,96,23,3,185,18128.46,Rarely
U2731,1,Petrol,37,24,0,73,7157.94,Weekdays
U2732,1,Petrol,105,17,1,200,19962.36,Weekends
U2733,1,Petrol,45,17,2,93,9689.24,Rarely
U2734,2,Petrol,34,18,6,73,7240.91,Daily
U2735,1,Electric,61,26,9,0,0.0,Daily
U2736,1,Hybrid,53,21,0,102,9856.39,Daily
U2737,1,Petrol,52,17,5,113,11251.43,Daily
U2738,1,Diesel,76,24,2,146,15038.99,Weekends
U2739,1,Hybrid,53,22,2,99,9693.44,Weekdays
U2740,1,Petrol,51,25,3,100,10012.52,Weekends
U2741,2,Diesel,60,22,12,125,12628.76,Weekdays
U2742,1,Hybrid,69,20,3,129,12836.11,Weekdays
U2743,1,Petrol,16,18,6,33,3198.26,Weekdays
U2744,1,Petrol,73,25,2,162,16883.23,Daily
U2745,3,Electric,92,26,7,0,0.0,Weekends
U2746,2,Petrol,10,25,7,20,2045.83,Daily
U2747,2,Petrol,93,19,10,178,18042.16,Weekdays
U2748,1,Petrol,69,26,12,136,14277.35,Daily
U2749,1,Petrol,29,16,6,52,5177.28,Weekends
U2750,1,Diesel,5,20,1,11,1091.75,Weekends
U2751,1,Diesel,36,17,4,72,7099.3,Weekdays
U2752,3,Electric,110,20,5,0,0.0,Weekdays
U2753,1,Petrol,110,26,11,205,20040.33,Weekdays
U2754,2,Petrol,7,19,9,15,1572.09,Daily
U2755,2,Petrol,53,16,3,118,12237.52,Daily
U2756,1,Petrol,23,26,12,49,4810.17,Weekdays
U2757,3,Petrol,64,19,9,144,14119.53,Daily
U2758,1,Electric,111,19,4,0,0.0,Daily
U2759,1,Diesel,33,23,13,67,6952.61,Daily
U2760,1,Petrol,54,25,8,113,11155.1,Daily
U2761,1,Diesel,6,22,10,12,1208.71,Daily
U2762,1,Petrol,77,26,6,171,17784.65,Daily
U2763,1,Petrol,60,26,1,114,11295.23,Daily
U2764,1,Diesel,21,21,10,39,4019.68,Daily
U2765,1,Petrol,64,26,0,123,12214.25,Weekdays
U2766,1,Electric,114,17,1,0,0.0,Rarely
U2767,1,Diesel,40,24,2,90,8938.07,Daily
U2768,1,Petrol,65,18,10,135,13355.22,Weekends
U2769,1,Diesel,21,20,1,43,4511.0,Daily
U2770,2,Petrol,53,17,10,111,11224.71,Weekdays
U2771,2,Petrol,80,25,2,168,16577.22,Weekdays
U2772,2,Petrol,64,23,9,120,11709.38,Weekdays
U2773,2,Petrol,24,22,14,51,4865.28,Weekdays
U2774,1,Diesel,54,20,10,109,11125.16,Daily
U2775,2,Petrol,7,18,10,14,1382.1,Daily
U2776,1,Diesel,47,21,14,85,8773.07,Weekends
U2777,1,Diesel,61,25,11,133,13118.95,Daily
U2778,2,Petrol,54,17,13,119,11749.26,Daily
U2779,1,Diesel,72,24,11,151,15521.56,Daily
U2780,2,Petrol,85,22,8,184,18380.62,Daily
U2781,2,Petrol,54,15,3,111,11527.23,Weekdays
U2782,2,Petrol,41,17,11,86,8677.52,Weekdays
U2783,3,Petrol,50,25,8,99,9643.24,Daily
U2784,1,Petrol,46,19,10,101,10168.95,Daily
U2785,1,Diesel,19,19,2,38,3611.52,Weekdays
U2786,1,Petrol,37,24,11,79,7751.79,Weekdays
U2787,1,Petrol,84,16,0,177,17183.08,Rarely
U2788,1,Electric,15,24,10,0,0.0,Weekends
U2789,2,Diesel,24,22,4,52,5010.74,Weekends
U2790,2,Diesel,106,19,9,217,21244.51,Weekdays
U2791,1,Petrol,28,21,9,61,5997.1,Weekdays
U2792,1,Diesel,68,21,13,139,13209.58,Daily
U2793,1,Diesel,84,19,1,191,18234.32,Weekdays
U2794,1,Diesel,98,22,3,213,20897.7,Daily
U2795,2,Diesel,102,23,1,192,18666.92,Weekends
U2796,1,Petrol,69,18,1,152,14617.7,Daily
U2797,1,Petrol,92,18,12,190,18342.91,Weekdays
U2798,1,Petrol,92,22,2,210,21704.63,Daily
U2799,1,Petrol,77,15,4,166,16904.31,Weekdays
U2800,1,Diesel,90,18,3,165,16473.79,Daily
U2801,1,Petrol,80,20,1,159,16550.11,Daily
U2802,1,Electric,21,18,14,0,0.0,Daily
U2803,1,Electric,93,20,10,0,0.0,Daily
U2804,1,Petrol,96,19,13,207,21369.4,Daily
U2805,2,Petrol,65,23,13,129,13065.49,Daily
U2806,1,Diesel,19,24,9,40,4192.67,Weekends
U2807,1,Electric,98,23,1,0,0.0,Daily
U2808,1,Petrol,55,18,13,102,9863.34,Daily
U2809,4,Petrol,31,18,5,59,6178.47,Rarely
U2810,1,Petrol,90,26,6,177,18488.6,Weekdays
U2811,2,Diesel,78,22,11,148,14612.94,Daily
U2812,1,Petrol,65,24,9,121,12684.29,Daily
U2813,1,Diesel,62,18,5,113,10775.5,Weekends
U2814,1,Petrol,35,16,6,78,7925.39,Daily
U2815,1,Petrol,95,16,0,184,17969.71,Daily
U2816,3,Petrol,16,15,5,31,2985.13,Weekdays
U2817,1,Petrol,50,19,10,95,9573.66,Daily
U2818,1,Petrol,35,20,2,71,6962.51,Weekends
U2819,1,Petrol,36,23,0,74,7523.45,Daily
U2820,1,Petrol,36,19,7,68,6827.19,Weekdays
U2821,1,Petrol,109,20,3,229,22654.03,Weekdays
U2822,1,Petrol,113,20,9,244,23623.65,Daily
U2823,2,Electric,103,17,7,0,0.0,Weekends
U2824,1,Petrol,57,26,9,119,12291.78,Rarely
U2825,1,Petrol,65,18,13,133,13433.01,Daily
U2826,3,Diesel,50,15,10,94,9503.89,Weekends
U2827,1,Electric,89,18,3,0,0.0,Daily
U2828,3,Petrol,78,15,3,171,16908.89,Weekends
U2829,1,Diesel,84,19,11,178,17724.28,Daily
U2830,2,Diesel,11,25,13,21,2202.8,Daily
U2831,1,Diesel,8,25,9,18,1844.94,Daily
U2832,2,Petrol,95,22,3,192,19066.67,Daily
U2833,4,Diesel,56,22,5,108,10753.88,Daily
U2834,1,Petrol,93,19,13,186,18599.32,Weekends
U2835,3,Diesel,35,24,8,75,7619.49,Weekends
U2836,1,Diesel,79,16,4,175,17440.43,Daily
U2837,1,Petrol,116,26,11,229,23326.35,Daily
U2838,1,Diesel,88,20,12,168,16513.04,Weekends
U2839,1,Petrol,40,15,9,84,8324.94,Daily
U2840,1,Diesel,58,21,13,131,13576.91,Daily
U2841,1,Petrol,58,25,14,109,10713.51,Weekdays
U2842,1,Petrol,21,18,7,46,4813.64,Daily
U2843,2,Petrol,113,19,7,230,22246.76,Daily
U2844,2,Electric,79,20,3,0,0.0,Weekdays
U2845,1,Petrol,34,25,14,69,6874.94,Weekdays
U2846,1,Petrol,103,15,10,204,21006.71,Daily
U2847,1,Petrol,109,23,9,234,23941.89,Weekends
U2848,1,Diesel,106,24,8,238,23025.23,Weekdays
U2849,1,Petrol,26,18,8,50,4868.34,Daily
U2850,1,Petrol,47,22,4,95,9571.5,Daily
U2851,1,Petrol,116,19,5,222,21745.27,Daily
U2852,3,Petrol,119,25,4,225,22325.23,Daily
U2853,1,Petrol,31,22,2,67,6691.02,Daily
U2854,1,Petrol,41,15,10,77,7772.57,Daily
U2855,1,Diesel,50,22,7,109,10628.65,Daily
U2856,1,Petrol,117,25,8,235,22708.38,Weekdays
U2857,1,Petrol,39,25,14,89,8809.72,Weekdays
U2858,1,Petrol,8,18,3,15,1437.3,Weekdays
U2859,1,Electric,84,16,8,0,0.0,Weekdays
U2860,1,Electric,84,25,8,0,0.0,Weekends
U2861,4,Diesel,89,20,6,197,18949.38,Weekdays
U2862,2,Petrol,30,16,7,60,5767.64,Daily
U2863,1,Petrol,104,19,14,187,17915.01,Daily
U2864,1,Petrol,23,16,2,51,5277.41,Weekends
U2865,1,Petrol,85,17,14,190,18203.34,Daily
U2866,1,Petrol,49,25,4,107,11217.3,Daily
U2867,1,Diesel,30,20,2,57,5619.25,Weekdays
U2868,1,Diesel,26,15,6,51,5012.67,Weekdays
U2869,1,Diesel,62,20,5,134,12852.79,Weekdays
U2870,1,Petrol,67,17,10,136,13716.47,Daily
U2871,1,Diesel,32,21,2,60,6051.53,Daily
U2872,3,Petrol,69,16,8,132,13191.82,Rarely
U2873,3,Petrol,48,20,11,109,10694.01,Daily
U2874,2,Diesel,104,22,0,195,19243.73,Daily
U2875,1,Petrol,47,15,9,101,9918.71,Daily
U2876,2,Petrol,41,25,2,83,8238.7,Weekends
U2877,1,Petrol,70,25,14,152,14959.52,Weekdays
U2878,2,Diesel,21,23,14,44,4477.23,Weekends
U2879,1,Diesel,44,19,14,88,8620.29,Daily
U2880,2,Petrol,42,19,10,83,8176.2,Daily
U2881,1,Diesel,89,26,14,193,19175.44,Daily
U2882,2,Petrol,65,19,9,127,12070.03,Weekends
U2883,3,Petrol,13,20,10,28,2797.78,Daily
U2884,1,Diesel,81,16,6,173,16877.57,Daily
U2885,1,Diesel,79,20,2,165,15767.65,Weekdays
U2886,4,Electric,65,25,13,0,0.0,Daily
U2887,1,Petrol,84,18,2,159,15617.65,Weekdays
U2888,2,Diesel,20,22,1,43,4268.22,Weekends
U2889,1,Diesel,6,25,8,11,1136.01,Daily
U2890,1,Hybrid,110,23,10,251,24263.64,Daily
U2891,1,Petrol,112,23,3,256,26496.79,Daily
U2892,1,Diesel,76,22,9,141,13735.71,Daily
U2893,2,Diesel,47,17,12,87,8777.46,Daily
U2894,1,Petrol,46,24,5,92,9370.82,Weekdays
U2895,1,Petrol,81,25,1,184,19145.23,Daily
U2896,1,Petrol,61,25,8,122,12331.32,Weekends
U2897,1,Diesel,85,18,14,168,16721.43,Daily
U2898,2,Diesel,107,15,6,230,23166.22,Daily
U2899,4,Diesel,92,23,9,173,16784.6,Daily
U2900,1,Diesel,71,19,4,140,14264.7,Weekdays
U2901,2,Petrol,34,20,6,66,6393.34,Daily
U2902,2,Petrol,17,17,13,35,3520.04,Weekends
U2903,1,Petrol,23,25,3,43,4363.47,Weekdays
U2904,3,Petrol,11,24,12,22,2287.69,Weekends
U2905,1,Petrol,13,22,9,28,2786.05,Weekdays
U2906,1,Petrol,87,21,12,178,18290.09,Daily
U2907,2,Petrol,113,15,14,242,23395.42,Weekends
U2908,1,Petrol,58,24,6,106,10235.57,Weekends
U2909,2,Petrol,108,26,1,218,21854.06,Rarely
U2910,2,Petrol,90,19,6,166,16759.93,Daily
U2911,1,Petrol,86,24,14,180,18238.21,Weekdays
U2912,2,Hybrid,65,23,3,126,12909.55,Daily
U2913,1,Diesel,91,26,3,176,17239.08,Daily
U2914,1,Diesel,6,25,0,11,1113.49,Weekdays
U2915,1,Petrol,54,26,11,105,10172.55,Rarely
U2916,3,Diesel,118,20,2,242,23519.97,Weekdays
U2917,1,Diesel,79,22,4,165,15786.06,Weekends
U2918,1,Diesel,35,24,4,64,6558.08,Daily
U2919,2,Petrol,37,15,1,78,7805.45,Daily
U2920,2,Diesel,82,24,3,167,16262.77,Weekdays
U2921,2,Diesel,84,25,0,173,17397.29,Daily
U2922,1,Diesel,15,21,14,33,3251.9,Weekends
U2923,1,Diesel,37,17,8,72,7442.79,Daily
U2924,1,Petrol,11,23,0,20,2005.63,Daily
U2925,2,Petrol,35,20,5,72,6861.46,Weekdays
U2926,1,Petrol,52,19,6,118,12372.41,Daily
U2927,1,Diesel,114,22,2,234,22403.86,Weekends
U2928,3,Petrol,51,22,11,113,11521.43,Daily
U2929,1,Petrol,82,26,14,178,17688.32,Daily
U2930,4,Petrol,96,26,0,197,19206.16,Weekends
U2931,2,Petrol,57,17,6,121,12313.51,Daily
U2932,2,Petrol,111,16,2,222,21369.49,Weekends
U2933,1,Diesel,84,16,12,173,17919.77,Daily
U2934,1,Diesel,23,19,9,47,4582.79,Daily
U2935,2,Petrol,85,24,11,183,18046.46,Rarely
U2936,2,Petrol,94,26,11,188,19049.37,Weekends
U2937,2,Petrol,10,21,5,18,1710.19,Daily
U2938,1,Diesel,111,22,12,243,24233.78,Weekdays
U2939,2,Petrol,53,24,11,113,11745.5,Weekends
U2940,2,Petrol,77,22,13,175,17815.73,Daily
U2941,2,Petrol,54,26,5,108,10678.93,Daily
U2942,2,Diesel,85,22,13,156,15850.26,Weekdays
U2943,2,Diesel,99,24,11,184,19203.29,Daily
U2944,1,Diesel,16,26,3,34,3293.85,Daily
U2945,1,Diesel,27,25,11,49,4915.59,Weekends
U2946,1,Petrol,58,17,10,130,12655.16,Daily
U2947,1,Petrol,73,25,5,141,14599.46,Weekends
U2948,1,Petrol,111,16,10,249,25450.42,Weekdays
U2949,1,Petrol,104,18,9,227,23383.44,Weekdays
U2950,1,Petrol,63,15,3,140,14620.22,Weekdays
U2951,1,Petrol,40,17,14,76,7396.55,Daily
U2952,1,Petrol,7,25,12,14,1336.82,Daily
U2953,2,Hybrid,62,23,7,114,11161.63,Daily
U2954,3,Diesel,92,21,8,174,17224.5,Weekdays
U2955,1,Diesel,59,21,1,115,11643.93,Daily
U2956,3,Diesel,61,15,6,132,13592.97,Daily
U2957,1,Petrol,21,21,8,38,3742.93,Rarely
U2958,1,Diesel,43,24,8,96,9574.56,Rarely
U2959,1,Petrol,94,21,11,172,17691.0,Daily
U2960,1,Diesel,72,18,4,143,13907.22,Daily
U2961,2,Petrol,59,21,0,108,10494.5,Weekdays
U2962,2,Electric,49,22,5,0,0.0,Weekends
U2963,1,Petrol,80,17,14,149,14804.72,Daily
U2964,1,Petrol,5,24,7,11,1149.38,Daily
U2965,1,Hybrid,25,16,0,51,5027.09,Weekends
U2966,1,Petrol,87,21,1,197,20211.32,Weekends
U2967,1,Diesel,25,19,12,48,4839.88,Weekdays
U2968,1,Diesel,56,19,12,113,10796.67,Daily
U2969,2,Diesel,86,19,0,184,17635.27,Daily
U2970,3,Electric,47,21,4,0,0.0,Weekdays
U2971,1,Electric,56,23,1,0,0.0,Daily
U2972,3,Petrol,71,25,14,159,15628.7,Daily
U2973,1,Diesel,117,22,9,217,21871.41,Daily
U2974,1,Diesel,48,20,9,103,10405.43,Weekdays
U2975,1,Diesel,36,21,13,71,7162.32,Weekdays
U2976,1,Petrol,14,23,3,25,2404.4,Weekends
U2977,3,Diesel,68,25,0,135,13635.3,Weekdays
U2978,1,Electric,108,20,6,0,0.0,Weekends
U2979,1,Hybrid,83,15,7,190,19765.8,Weekends
U2980,1,Petrol,73,18,4,145,15097.38,Daily
U2981,1,Petrol,72,22,1,161,16531.76,Daily
U2982,2,Petrol,32,21,7,65,6632.02,Weekdays
U2983,1,Diesel,57,17,0,123,11826.39,Daily
U2984,1,Diesel,55,24,14,100,9584.69,Weekends
U2985,1,Petrol,57,17,6,118,12202.18,Daily
U2986,1,Petrol,8,25,0,14,1389.78,Daily
U2987,1,Petrol,83,17,11,160,15922.18,Weekdays
U2988,2,Petrol,21,26,5,43,4449.55,Weekdays
U2989,1,Hybrid,112,15,12,246,24898.72,Weekdays
U2990,2,Diesel,71,24,5,147,14228.73,Weekdays
U2991,2,Petrol,78,15,14,176,17091.38,Daily
U2992,2,Petrol,51,20,4,112,10647.14,Daily
U2993,1,Petrol,110,15,14,206,21033.98,Weekends
U2994,1,Electric,60,19,1,0,0.0,Daily
U2995,1,Petrol,27,18,1,57,5956.48,Daily
U2996,2,Petrol,22,19,8,49,5004.87,Daily
U2997,1,Petrol,5,21,4,11,1056.35,Daily
U2998,1,Diesel,39,20,4,85,8212.31,Weekdays
U2999,1,Diesel,68,26,6,141,14102.43,Weekdays
U3000,1,Diesel,62,23,5,135,14073.58,Weekdays
U3001,1,Petrol,99,20,1,191,18617.25,Weekdays
U3002,1,Petrol,63,23,10,122,12597.21,Daily
U3003,2,Petrol,112,18,0,238,23353.21,Daily
U3004,1,Diesel,5,15,4,11,1074.69,Daily
U3005,1,Petrol,7,15,3,15,1560.21,Daily
U3006,1,Diesel,71,24,11,139,13270.67,Daily
U3007,1,Diesel,41,21,2,90,9144.67,Daily
U3008,1,Diesel,87,17,1,193,18418.31,Weekdays
U3009,2,Petrol,33,16,9,69,7107.53,Weekdays
U3010,1,Petrol,93,20,1,183,18902.81,Weekends
U3011,2,Petrol,37,20,13,78,8106.82,Weekdays
U3012,1,Diesel,104,21,14,217,21018.82,Daily
U3013,1,Diesel,65,19,3,136,13089.32,Daily
U3014,2,Petrol,97,22,1,204,20407.21,Daily
U3015,1,Petrol,94,21,3,209,20422.71,Daily
U3016,1,Diesel,8,16,2,15,1515.94,Daily
U3017,1,Diesel,117,15,8,232,23231.89,Daily
U3018,1,Petrol,18,23,6,37,3568.6,Weekdays
U3019,2,Diesel,118,19,13,229,23447.93,Weekdays
U3020,1,Petrol,95,26,12,217,22359.21,Weekdays
U3021,2,Petrol,37,25,10,71,7428.76,Daily
U3022,2,Hybrid,26,19,14,52,5145.68,Weekdays
U3023,1,Diesel,52,26,11,116,11411.77,Weekdays
U3024,3,Diesel,7,24,2,12,1163.07,Weekdays
U3025,1,Petrol,91,18,12,201,19458.54,Daily
U3026,3,Diesel,89,16,14,185,18168.95,Weekdays
U3027,1,Petrol,109,19,13,197,20649.18,Weekdays
U3028,2,Petrol,27,16,7,60,5755.36,Daily
U3029,1,Petrol,72,26,8,131,12784.77,Daily
U3030,1,Petrol,25,21,12,51,4888.85,Daily
U3031,1,Diesel,105,25,6,191,18667.64,Weekdays
U3032,2,Diesel,47,23,5,86,8249.47,Weekdays
U3033,1,Petrol,99,23,3,222,22218.45,Daily
U3034,1,Petrol,89,25,4,194,19280.41,Daily
U3035,2,Petrol,30,20,7,56,5417.47,Weekends
U3036,2,Petrol,45,15,2,94,9094.32,Daily
U3037,3,Diesel,103,20,1,226,22885.01,Daily
U3038,2,Diesel,42,19,2,94,9293.89,Daily
U3039,3,Petrol,92,18,11,187,17870.08,Weekdays
U3040,2,Petrol,15,26,6,33,3438.66,Weekdays
U3041,1,Diesel,109,20,7,223,22088.04,Daily
U3042,1,Diesel,33,20,0,70,7063.73,Rarely
U3043,2,Petrol,115,20,12,263,27313.63,Weekdays
U3044,1,Petrol,64,16,6,122,12080.63,Daily
U3045,1,Diesel,71,21,8,133,13726.48,Weekdays
U3046,1,Petrol,69,18,11,135,14059.92,Daily
U3047,3,Petrol,65,26,12,122,11802.36,Weekdays
U3048,1,Diesel,23,23,13,44,4572.7,Daily
U3049,1,Diesel,50,24,13,108,10389.42,Weekdays
U3050,1,Diesel,53,16,14,108,10557.14,Daily
U3051,1,Diesel,26,19,2,51,5257.19,Weekends
U3052,1,Diesel,82,18,14,162,16849.11,Daily
U3053,1,Petrol,117,23,2,221,22506.95,Weekdays
U3054,1,Petrol,61,18,7,123,11813.94,Daily
U3055,2,Petrol,18,22,3,38,3808.74,Weekends
U3056,1,Petrol,48,22,13,89,8964.64,Weekdays
U3057,2,Diesel,20,20,7,45,4401.84,Daily
U3058,2,Diesel,101,20,4,204,21402.24,Weekends
U3059,1,Electric,81,25,13,0,0.0,Daily
U3060,2,Diesel,106,22,2,197,19129.2,Weekdays
U3061,1,Petrol,117,26,14,255,24505.85,Weekdays
U3062,2,Petrol,16,26,3,33,3259.91,Daily
U3063,1,Diesel,59,24,13,130,13250.4,Rarely
U3064,2,Diesel,55,23,3,115,11191.13,Daily
U3065,1,Diesel,106,19,7,241,24749.6,Daily
U3066,1,Diesel,43,25,5,90,8671.86,Weekends
U3067,1,Diesel,37,15,6,81,8051.78,Weekdays
U3068,2,Diesel,37,15,8,82,8365.95,Daily
U3069,2,Petrol,33,16,14,71,6841.07,Daily
U3070,1,Diesel,73,24,5,150,15146.76,Weekdays
U3071,1,Diesel,74,24,2,143,14727.5,Daily
U3072,1,Petrol,35,19,14,77,7773.57,Weekends
U3073,2,Diesel,84,18,12,171,17119.6,Weekdays
U3074,1,Petrol,35,15,2,73,7546.96,Daily
U3075,2,Electric,93,18,10,0,0.0,Daily
U3076,1,Petrol,116,18,2,237,22944.71,Weekdays
U3077,1,Diesel,50,24,11,107,10904.74,Daily
U3078,1,Petrol,101,18,9,211,20215.19,Weekdays
U3079,1,Diesel,81,15,1,163,15554.83,Rarely
U3080,1,Petrol,56,23,0,107,10465.48,Weekdays
U3081,1,Petrol,14,17,10,27,2827.15,Daily
U3082,2,Petrol,92,18,9,197,19802.83,Daily
U3083,1,Hybrid,78,19,0,149,14554.72,Weekdays
U3084,1,Petrol,45,21,3,94,9054.63,Weekdays
U3085,1,Petrol,99,20,2,207,21569.78,Weekdays
U3086,1,Diesel,81,19,4,185,18245.38,Daily
U3087,1,Petrol,7,22,11,12,1176.8,Weekends
U3088,1,Hybrid,63,15,8,116,12015.24,Daily
U3089,1,Petrol,118,21,11,242,24452.65,Weekdays
U3090,1,Diesel,56,26,12,115,11118.93,Weekdays
U3091,1,Petrol,38,20,7,69,6845.84,Weekdays
U3092,1,Petrol,53,25,11,117,12201.03,Daily
U3093,1,Diesel,32,19,8,65,6760.78,Weekdays
U3094,1,Diesel,87,21,12,171,16364.89,Daily
U3095,3,Diesel,91,17,4,178,17388.13,Weekdays
U3096,1,Petrol,113,15,7,252,24329.44,Daily
U3097,2,Petrol,100,23,3,189,18963.9,Daily
U3098,1,Petrol,17,16,4,31,3177.49,Daily
U3099,2,Electric,101,24,14,0,0.0,Weekends
U3100,2,Petrol,102,17,11,215,22054.69,Weekdays
U3101,1,Petrol,101,22,2,222,22574.55,Weekdays
U3102,3,Petrol,73,26,4,143,14626.36,Weekdays
U3103,1,Diesel,71,24,11,133,13896.16,Weekends
U3104,1,Petrol,65,23,2,123,12207.27,Daily
U3105,2,Hybrid,64,17,4,135,13287.47,Weekdays
U3106,2,Petrol,75,20,10,144,14664.74,Weekdays
U3107,1,Diesel,28,21,13,62,6390.69,Daily
U3108,1,Petrol,67,15,4,124,12017.39,Daily
U3109,1,Diesel,90,21,5,163,16865.28,Daily
U3110,1,Hybrid,113,18,8,208,19880.33,Daily
U3111,2,Petrol,65,19,0,144,13689.21,Daily
U3112,1,Electric,27,22,11,0,0.0,Daily
U3113,1,Petrol,34,18,9,77,8068.57,Weekdays
U3114,1,Hybrid,64,18,13,125,12529.46,Daily
U3115,1,Diesel,22,22,5,41,3914.09,Daily
U3116,1,Petrol,100,19,0,208,21834.13,Weekends
U3117,1,Petrol,60,20,5,124,12703.69,Weekdays
U3118,3,Petrol,57,26,1,119,12302.23,Daily
U3119,2,Petrol,11,25,7,21,2039.72,Weekdays
U3120,1,Petrol,101,19,10,182,17481.92,Daily
U3121,2,Petrol,73,15,2,132,13219.91,Daily
U3122,2,Petrol,117,21,9,249,25577.72,Daily
U3123,2,Diesel,96,20,13,197,19971.43,Rarely
U3124,1,Petrol,76,16,5,167,16918.87,Weekdays
U3125,1,Petrol,83,25,5,161,16513.92,Weekdays
U3126,1,Diesel,56,21,14,123,11964.24,Rarely
U3127,1,Petrol,8,20,3,16,1625.84,Weekends
U3128,1,Petrol,38,19,4,70,6924.48,Weekdays
U3129,1,Petrol,73,22,1,167,15981.49,Weekdays
U3130,1,Hybrid,37,19,9,76,7373.63,Daily
U3131,2,Diesel,73,25,14,154,15852.77,Daily
U3132,1,Petrol,42,16,9,89,9252.38,Weekdays
U3133,1,Diesel,102,20,7,202,19761.3,Weekdays
U3134,3,Petrol,30,26,9,65,6298.73,Rarely
U3135,3,Diesel,5,15,6,11,1047.94,Daily
U3136,2,Diesel,8,19,9,15,1567.15,Weekdays
U3137,4,Diesel,43,20,5,91,9267.31,Weekdays
U3138,1,Petrol,58,21,6,126,13175.86,Daily
U3139,3,Petrol,94,16,11,178,18447.65,Weekdays
U3140,1,Petrol,37,15,0,72,7085.14,Weekdays
U3141,1,Diesel,37,20,13,68,6536.62,Daily
U3142,1,Diesel,76,17,13,159,15898.5,Weekdays
U3143,1,Diesel,24,19,4,52,4953.94,Daily
U3144,1,Electric,20,26,6,0,0.0,Daily
U3145,1,Petrol,25,25,0,47,4574.71,Weekdays
U3146,2,Diesel,49,16,1,101,10267.3,Daily
U3147,1,Diesel,94,15,8,208,20820.55,Daily
U3148,1,Electric,91,15,11,0,0.0,Daily
U3149,2,Electric,86,25,2,0,0.0,Daily
U3150,1,Diesel,66,18,5,144,13860.29,Daily
U3151,1,Petrol,35,24,14,63,6461.1,Daily
U3152,2,Diesel,46,16,6,88,8986.59,Weekdays
U3153,1,Petrol,16,15,8,33,3206.45,Weekends
U3154,1,Diesel,69,20,4,148,14957.46,Daily
U3155,3,Hybrid,110,18,3,246,24608.12,Daily
U3156,1,Petrol,77,24,10,163,15584.13,Daily
U3157,1,Diesel,7,26,11,13,1271.16,Daily
U3158,2,Petrol,119,21,14,225,23623.84,Weekdays
U3159,2,Petrol,94,25,1,204,19583.05,Weekends
U3160,1,Petrol,13,20,2,24,2401.54,Weekends
U3161,1,Diesel,110,19,14,236,24424.43,Daily
U3162,1,Hybrid,55,24,4,103,10094.67,Weekends
U3163,1,Hybrid,20,26,10,36,3513.86,Daily
U3164,1,Petrol,92,26,14,177,18391.7,Weekdays
U3165,1,Diesel,118,26,12,229,22453.06,Weekdays
U3166,3,Diesel,82,26,1,174,17663.6,Weekdays
U3167,1,Petrol,7,16,12,13,1331.24,Daily
U3168,1,Petrol,102,19,3,231,23766.71,Daily
U3169,1,Petrol,101,23,0,209,21934.05,Weekdays
U3170,2,Hybrid,118,23,3,241,24830.69,Daily
U3171,1,Diesel,28,16,6,56,5687.93,Daily
U3172,1,Diesel,77,21,14,160,16632.74,Weekdays
U3173,2,Petrol,17,24,13,30,3121.72,Daily
U3174,1,Diesel,6,18,11,13,1361.51,Weekdays
U3175,1,Petrol,75,17,2,155,15928.52,Daily
U3176,1,Petrol,116,25,9,210,20359.35,Weekends
U3177,1,Diesel,25,15,7,52,5309.1,Daily
U3178,1,Petrol,23,17,5,46,4404.56,Weekends
U3179,1,Diesel,93,25,5,168,16494.18,Daily
U3180,1,Petrol,51,23,13,115,11058.18,Weekdays
U3181,1,Diesel,26,23,14,46,4806.97,Weekends
U3182,2,Petrol,79,21,0,165,16233.94,Daily
U3183,4,Diesel,37,17,4,84,8579.1,Daily
U3184,2,Petrol,36,17,2,69,6949.21,Daily
U3185,2,Petrol,68,18,14,131,12585.84,Daily
U3186,1,Hybrid,89,21,9,160,16098.15,Weekdays
U3187,3,Petrol,43,21,14,78,7925.6,Daily
U3188,1,Diesel,88,26,0,160,16610.43,Weekends
U3189,3,Electric,76,26,7,0,0.0,Weekdays
U3190,4,Petrol,46,16,6,102,9991.55,Daily
U3191,2,Petrol,105,26,6,227,23136.61,Weekends
U3192,4,Diesel,13,19,11,25,2383.58,Daily
U3193,1,Electric,29,21,9,0,0.0,Daily
U3194,1,Hybrid,93,21,13,192,18659.85,Daily
U3195,1,Petrol,101,20,9,197,20033.57,Weekdays
U3196,1,Diesel,6,24,9,12,1174.32,Daily
U3197,1,Petrol,23,24,3,42,4241.83,Weekdays
U3198,1,Electric,114,26,12,0,0.0,Daily
U3199,4,Electric,24,22,14,0,0.0,Rarely
U3200,1,Petrol,110,17,10,238,23402.31,Weekdays
U3201,2,Petrol,109,15,5,233,23235.69,Daily
U3202,3,Petrol,110,17,12,234,22699.58,Weekdays
U3203,3,Petrol,97,25,8,175,16652.51,Weekdays
U3204,3,Diesel,74,16,14,152,14880.37,Daily
U3205,1,Petrol,21,16,13,46,4539.93,Daily
U3206,3,Petrol,93,16,2,169,17008.78,Daily
U3207,2,Petrol,106,19,14,241,25170.2,Weekends
U3208,1,Electric,72,15,8,0,0.0,Weekdays
U3209,1,Diesel,98,24,3,190,18183.19,Daily
U3210,2,Petrol,88,18,4,181,18307.51,Daily
U3211,1,Petrol,7,24,6,15,1431.35,Daily
U3212,1,Electric,91,19,5,0,0.0,Weekdays
U3213,2,Diesel,55,16,9,116,11156.54,Weekdays
U3214,1,Petrol,86,19,7,176,18385.67,Rarely
U3215,1,Petrol,30,24,7,63,6529.53,Daily
U3216,2,Petrol,60,18,7,112,10665.01,Daily
U3217,1,Petrol,104,22,2,189,19433.23,Daily
U3218,1,Diesel,68,15,14,127,12872.59,Weekends
U3219,1,Hybrid,12,26,13,23,2298.93,Daily
U3220,1,Petrol,85,19,9,163,16467.29,Daily
U3221,3,Diesel,99,25,5,208,21170.76,Weekdays
U3222,1,Petrol,41,26,6,83,8619.1,Daily
U3223,1,Diesel,113,24,8,205,21048.08,Daily
U3224,1,Diesel,101,15,9,183,18437.94,Weekdays
U3225,1,Petrol,31,24,9,57,5885.03,Daily
U3226,2,Petrol,49,24,13,96,10067.45,Daily
U3227,2,Diesel,8,18,11,14,1372.03,Daily
U3228,1,Petrol,90,22,14,184,17697.89,Daily
U3229,1,Petrol,94,15,3,186,19030.49,Daily
U3230,1,Petrol,100,25,4,207,21690.69,Weekends
U3231,1,Electric,92,16,7,0,0.0,Daily
U3232,2,Petrol,114,15,0,219,21750.44,Weekdays
U3233,1,Diesel,103,25,11,193,18455.18,Daily
U3234,1,Petrol,41,21,5,79,8118.46,Daily
U3235,1,Diesel,100,16,14,180,18807.68,Daily
U3236,3,Diesel,75,15,3,139,13898.6,Daily
U3237,4,Diesel,37,26,4,80,7927.62,Daily
U3238,1,Petrol,35,20,10,66,6869.09,Daily
U3239,2,Diesel,59,20,4,135,13005.07,Weekdays
U3240,1,Diesel,16,24,1,30,3117.48,Daily
U3241,1,Petrol,15,16,7,32,3165.48,Rarely
U3242,2,Petrol,92,15,14,198,19917.62,Daily
U3243,3,Petrol,76,24,1,149,14942.16,Daily
U3244,3,Petrol,36,17,3,70,7081.19,Daily
U3245,1,Diesel,61,24,11,126,13157.08,Daily
U3246,1,Petrol,42,19,12,93,9719.55,Weekdays
U3247,2,Petrol,64,20,4,127,13120.56,Weekdays
U3248,1,Diesel,90,17,13,164,15894.13,Daily
U3249,1,Petrol,102,23,0,202,19863.7,Daily
U3250,1,Petrol,23,25,5,43,4294.76,Weekdays
U3251,2,Petrol,88,19,1,199,20706.87,Daily
U3252,1,Electric,60,16,13,0,0.0,Daily
U3253,1,Diesel,18,24,4,32,3352.78,Daily
U3254,3,Diesel,37,20,14,72,7548.37,Daily
U3255,1,Petrol,14,26,5,25,2524.65,Daily
U3256,1,Diesel,84,22,10,186,19302.14,Weekends
U3257,1,Petrol,68,25,7,153,16063.81,Weekdays
U3258,1,Petrol,68,20,8,126,13040.64,Weekdays
U3259,1,Petrol,66,18,12,133,13508.69,Daily
U3260,1,Diesel,72,20,14,163,16862.57,Weekdays
U3261,2,Petrol,95,22,11,177,16961.3,Weekdays
U3262,1,Petrol,96,22,5,186,18850.77,Weekdays
U3263,3,Petrol,47,24,4,91,8842.04,Daily
U3264,1,Petrol,84,16,11,152,14616.42,Rarely
U3265,1,Diesel,63,22,3,114,11847.87,Daily
U3266,1,Petrol,56,20,1,127,12877.35,Weekends
U3267,1,Diesel,101,16,1,210,20461.45,Daily
U3268,2,Petrol,116,15,6,226,22344.13,Daily
U3269,1,Diesel,23,20,4,45,4712.97,Daily
U3270,1,Diesel,25,21,6,53,5491.96,Weekdays
U3271,2,Petrol,26,24,12,51,4852.95,Daily
U3272,3,Petrol,13,19,10,24,2515.15,Weekends
U3273,2,Diesel,13,24,0,24,2368.45,Weekends
U3274,1,Diesel,77,22,0,166,16924.39,Weekdays
U3275,2,Petrol,31,25,4,58,5923.35,Weekdays
U3276,1,Petrol,21,26,1,38,3956.44,Weekdays
U3277,1,Diesel,48,23,7,96,9969.66,Weekdays
U3278,1,Diesel,49,18,13,89,8705.74,Daily
U3279,1,Petrol,12,21,14,27,2738.75,Weekdays
U3280,1,Petrol,84,22,2,177,17511.86,Weekends
U3281,1,Petrol,22,20,0,41,4110.47,Daily
U3282,2,Diesel,37,16,12,69,6937.73,Weekends
U3283,1,Petrol,5,21,1,10,989.63,Daily
U3284,1,Electric,80,23,9,0,0.0,Daily
U3285,1,Petrol,10,19,9,21,2038.75,Daily
U3286,3,Petrol,45,16,6,93,9400.11,Daily
U3287,1,Diesel,59,18,5,118,12105.57,Weekends
U3288,1,Hybrid,9,17,11,20,1985.95,Weekends
U3289,2,Diesel,63,18,7,125,13097.1,Weekdays
U3290,2,Petrol,84,24,6,168,16056.14,Rarely
U3291,1,Diesel,22,21,13,46,4641.01,Daily
U3292,2,Diesel,53,24,9,116,11696.98,Daily
U3293,2,Petrol,86,22,12,181,17260.7,Weekdays
U3294,2,Petrol,69,15,7,148,14392.36,Weekends
U3295,1,Petrol,87,22,2,172,17897.53,Daily
U3296,2,Petrol,58,19,5,118,11852.53,Rarely
U3297,1,Hybrid,65,26,12,123,12221.75,Weekdays
U3298,1,Petrol,12,21,6,25,2478.87,Rarely
U3299,1,Electric,7,25,14,0,0.0,Daily
U3300,1,Petrol,29,25,9,52,5130.86,Daily
U3301,1,Diesel,73,15,10,165,17092.63,Weekdays
U3302,2,Petrol,59,16,0,115,11280.57,Weekdays
U3303,1,Petrol,44,15,0,83,8326.15,Daily
U3304,1,Petrol,87,19,6,168,16201.62,Weekends
U3305,1,Petrol,86,20,12,169,17449.3,Weekends
U3306,1,Diesel,54,24,10,110,11259.57,Daily
U3307,3,Petrol,99,23,12,181,18154.47,Daily
U3308,1,Diesel,37,22,2,67,6382.35,Daily
U3309,1,Petrol,115,21,2,223,22258.2,Daily
U3310,1,Petrol,22,26,14,42,4084.58,Weekdays
U3311,1,Petrol,61,19,4,113,11202.11,Daily
U3312,1,Hybrid,107,17,14,214,22162.75,Weekdays
U3313,2,Diesel,20,23,10,38,3902.45,Weekdays
U3314,3,Petrol,84,19,5,152,14807.77,Daily
U3315,1,Petrol,115,17,1,257,26946.33,Weekdays
U3316,2,Petrol,42,17,2,94,9779.02,Daily
U3317,2,Electric,45,17,5,0,0.0,Daily
U3318,2,Diesel,11,20,2,20,2006.03,Weekdays
U3319,1,Petrol,82,15,13,170,17682.15,Rarely
U3320,1,Diesel,111,25,4,234,23718.58,Daily
U3321,1,Petrol,57,18,8,129,12947.33,Daily
U3322,2,Electric,67,22,11,0,0.0,Daily
U3323,2,Petrol,116,17,2,244,23753.64,Daily
U3324,1,Diesel,93,19,11,208,21587.03,Daily
U3325,1,Petrol,36,16,10,72,7222.62,Weekdays
U3326,3,Diesel,42,16,12,78,7880.73,Daily
U3327,2,Diesel,26,25,12,51,4890.87,Rarely
U3328,4,Diesel,20,21,5,37,3629.52,Daily
U3329,2,Diesel,56,24,10,101,10026.0,Weekends
U3330,1,Diesel,33,17,4,71,7038.88,Weekends
U3331,1,Petrol,20,19,4,38,3905.75,Weekdays
U3332,2,Petrol,80,17,10,144,14086.54,Daily
U3333,1,Petrol,21,20,13,46,4453.77,Weekdays
U3334,1,Electric,105,24,13,0,0.0,Weekdays
U3335,2,Petrol,68,17,5,130,13149.52,Weekends
U3336,1,Diesel,95,22,5,183,17607.5,Weekdays
U3337,2,Diesel,93,16,0,178,16914.39,Daily
U3338,1,Petrol,17,17,10,32,3333.65,Weekends
U3339,3,Petrol,76,22,14,168,16093.79,Rarely
U3340,1,Petrol,60,22,8,113,11749.59,Weekdays
U3341,1,Petrol,9,15,4,18,1781.86,Weekends
U3342,1,Petrol,16,22,0,29,2944.39,Weekdays
U3343,1,Petrol,45,24,7,102,9879.33,Weekdays
U3344,2,Diesel,7,16,6,14,1445.35,Weekdays
U3345,2,Electric,103,26,6,0,0.0,Weekdays
U3346,1,Petrol,37,21,14,73,7217.15,Daily
U3347,1,Petrol,90,20,13,198,19281.29,Weekdays
U3348,1,Petrol,54,16,4,120,12405.01,Weekdays
U3349,1,Diesel,60,19,0,129,13362.25,Daily
U3350,3,Diesel,112,21,8,206,20336.38,Daily
U3351,2,Petrol,13,22,10,23,2255.7,Weekdays
U3352,2,Petrol,109,17,8,205,21060.81,Weekdays
U3353,2,Diesel,86,15,7,159,16501.83,Daily
U3354,1,Diesel,54,21,4,116,11743.86,Weekends
U3355,3,Petrol,33,19,13,68,7090.63,Weekends
U3356,2,Diesel,43,19,2,88,8697.08,Daily
U3357,2,Petrol,95,21,7,183,17662.95,Daily
U3358,2,Petrol,104,15,0,195,18875.3,Weekends
U3359,1,Diesel,49,22,2,93,9457.94,Weekends
U3360,2,Diesel,21,26,11,42,4161.16,Daily
U3361,1,Petrol,60,24,10,130,12553.21,Daily
U3362,1,Hybrid,102,19,6,196,19192.76,Daily
U3363,1,Petrol,50,22,13,107,10732.75,Weekdays
U3364,3,Diesel,71,24,14,145,13951.1,Daily
U3365,2,Petrol,73,24,3,163,15490.61,Weekdays
U3366,2,Diesel,18,19,6,34,3541.88,Daily
U3367,2,Hybrid,71,26,11,143,14020.95,Weekends
U3368,1,Petrol,27,21,10,49,4763.53,Daily
U3369,3,Hybrid,107,24,12,210,21416.81,Weekdays
U3370,1,Diesel,98,17,13,201,20810.34,Rarely
U3371,1,Diesel,118,16,4,255,25837.31,Daily
U3372,1,Petrol,113,20,5,214,20874.59,Daily
U3373,2,Diesel,65,19,13,124,12848.43,Weekdays
U3374,2,Diesel,27,23,6,57,5705.94,Daily
U3375,1,Petrol,31,24,14,61,6027.53,Weekends
U3376,1,Electric,58,18,12,0,0.0,Daily
U3377,2,Petrol,14,25,9,31,3162.19,Daily
U3378,1,Petrol,93,17,11,190,19178.28,Weekends
U3379,2,Petrol,81,23,6,172,17922.82,Weekdays
U3380,3,Diesel,20,22,6,42,4253.77,Weekdays
U3381,1,Diesel,45,20,6,99,10274.79,Daily
U3382,1,Petrol,102,15,10,216,21787.83,Daily
U3383,2,Electric,59,24,12,0,0.0,Weekends
U3384,2,Petrol,105,26,12,206,20666.53,Daily
U3385,1,Petrol,65,25,6,149,14283.64,Daily
U3386,3,Petrol,90,15,2,170,16541.3,Daily
U3387,1,Diesel,85,26,14,177,18171.23,Daily
U3388,1,Hybrid,91,20,11,202,20526.18,Weekdays
U3389,2,Diesel,104,17,2,217,20976.35,Weekends
U3390,2,Diesel,53,17,6,105,10434.92,Weekdays
U3391,1,Petrol,77,20,13,141,13595.21,Weekdays
U3392,2,Petrol,56,17,1,110,11391.4,Weekdays
U3393,1,Petrol,6,25,13,11,1057.01,Weekdays
U3394,1,Petrol,100,24,1,228,23151.66,Weekdays
U3395,1,Petrol,54,20,2,116,11724.12,Daily
U3396,2,Diesel,90,19,13,195,19446.91,Daily
U3397,1,Petrol,47,18,3,94,9191.54,Weekends
U3398,1,Diesel,81,22,5,150,14855.93,Daily
U3399,1,Petrol,12,16,12,23,2370.47,Daily
U3400,2,Petrol,63,26,7,121,12416.48,Weekdays
