user_id,month,year,total_fuel_liters,bill_amount,vehicle_type,daily_distance_km,office_days,weekend_trip_km,holiday_trip_km,fuel_price_per_liter,avg_trip_duration,occupancy_days,predicted_next_month
U603,Jan,2025,38,3893,Petrol,8,17,12,224,102.45,48,15,35
U936,Oct,2023,69,7322,Petrol,25,22,141,57,106.13,87,26,74
U849,Oct,2025,88,9015,Petrol,35,18,99,254,102.45,84,20,79
U771,Aug,2023,60,6196,Diesel,25,22,137,175,103.27,18,21,65
U607,Apr,2024,69,7066,Petrol,29,19,98,53,102.41,60,16,70
U572,Apr,2023,33,3321,Diesel,19,17,54,145,100.64,25,29,34
U689,Apr,2025,70,7526,Diesel,39,18,62,258,107.52,75,29,68
U521,Jun,2025,102,10647,Petrol,53,18,70,151,104.39,49,24,112
U603,Jul,2024,116,12330,Petrol,47,22,98,261,106.3,83,31,109
U622,Jun,2023,82,8632,Petrol,45,20,65,18,105.27,71,29,78
U967,Jan,2024,52,5413,Hybrid,41,21,78,170,104.11,25,20,47
U715,Dec,2024,109,10978,Diesel,61,23,72,196,100.72,26,23,118
U831,Aug,2025,95,9988,Petrol,46,20,46,72,105.14,57,25,94
U959,Oct,2023,84,8504,Petrol,51,17,80,84,101.24,33,29,86
U588,Nov,2023,90,9298,Diesel,65,17,125,283,103.32,82,17,93
U873,Jul,2023,30,3150,Hybrid,18,25,51,131,105.03,73,15,32
U600,Jun,2023,113,12007,Diesel,72,17,145,119,106.26,16,31,116
U860,Jun,2024,136,14345,Diesel,57,26,145,215,105.48,22,25,137
U652,May,2024,101,10642,Petrol,38,24,22,135,105.37,36,25,105
U631,Jun,2025,62,6273,Petrol,28,16,139,115,101.19,35,21,65
U650,Dec,2024,38,3905,Petrol,24,15,20,60,102.77,43,15,35
U809,Sep,2024,182,18261,Petrol,73,25,63,16,100.34,89,26,167
U758,Oct,2025,79,8355,Petrol,34,24,71,33,105.76,89,18,72
U844,Sep,2025,25,2690,Petrol,11,15,129,19,107.62,51,22,24
U992,Oct,2025,86,8781,Petrol,40,18,68,207,102.11,43,29,85
U914,Aug,2024,47,4732,Hybrid,42,17,67,161,100.7,51,25,48
U794,Oct,2024,98,10172,Diesel,56,19,146,298,103.8,35,22,106
U886,Sep,2025,41,4380,Diesel,19,26,127,9,106.85,26,26,39
U692,Oct,2025,80,8353,Diesel,50,23,106,93,104.42,62,17,84
U944,Aug,2025,87,8732,Petrol,27,26,108,106,100.37,61,18,87
U777,Aug,2024,35,3772,Diesel,16,22,71,104,107.79,29,26,33
U661,Jan,2024,125,13328,Petrol,48,26,102,70,106.63,81,22,127
U960,Oct,2023,43,4345,Diesel,19,23,140,83,101.05,27,24,47
U814,Nov,2024,109,11703,Petrol,53,19,64,208,107.37,73,15,100
U522,May,2024,0,0,Electric,25,22,133,258,103.61,87,27,0
U753,Apr,2024,61,6281,Petrol,19,18,111,238,102.98,27,21,55
U736,Feb,2025,66,6843,Petrol,18,19,78,231,103.69,86,17,63
U845,Aug,2024,77,8214,Hybrid,46,26,125,281,106.68,33,30,78
U549,Mar,2025,56,5895,Petrol,19,17,120,205,105.28,71,26,59
U975,Apr,2023,120,12056,Diesel,67,19,86,263,100.47,46,19,125
U559,Dec,2023,148,15933,Diesel,72,26,47,184,107.66,35,22,146
U670,Jul,2025,45,4553,Diesel,31,17,87,113,101.18,28,26,48
U976,Oct,2025,0,0,Electric,57,19,67,78,105.96,38,17,0
U688,Sep,2025,0,0,Electric,56,25,100,49,105.09,63,30,0
U964,Feb,2024,122,12383,Petrol,67,19,16,94,101.5,46,24,121
U771,Mar,2023,136,13786,Diesel,77,20,37,257,101.37,89,31,146
U690,Apr,2025,108,11551,Diesel,57,23,137,61,106.96,25,24,114
U946,Oct,2024,74,7648,Diesel,61,15,53,141,103.36,74,17,79
U675,Jan,2023,186,19574,Petrol,56,26,133,221,105.24,82,16,175
U946,Jul,2024,79,8218,Diesel,47,24,133,110,104.03,75,28,81
U551,Feb,2023,0,0,Electric,11,20,51,103,105.82,19,23,0
U864,May,2024,30,3114,Hybrid,46,15,14,14,103.83,50,31,31
U555,Jan,2023,41,4194,Petrol,8,20,67,269,102.3,78,18,41
U744,Mar,2023,113,11628,Petrol,73,16,111,158,102.91,46,29,101
U820,Dec,2024,42,4488,Petrol,9,22,103,156,106.87,85,27,39
U631,Feb,2025,120,12448,Diesel,79,25,6,26,103.74,88,23,115
U985,Jan,2023,52,5288,Diesel,45,17,50,84,101.71,80,18,55
U807,Jul,2025,25,2687,Petrol,8,24,57,8,107.48,24,22,26
U635,May,2024,46,4893,Petrol,6,20,108,275,106.37,35,29,42
U521,Jan,2025,183,18382,Petrol,71,20,110,226,100.45,54,28,199
U829,Jun,2025,58,6263,Petrol,25,18,30,185,107.99,56,17,54
U667,May,2025,69,7283,Hybrid,74,19,91,78,105.56,86,31,67
U774,Mar,2025,78,7899,Diesel,47,16,105,215,101.28,60,22,73
U888,Dec,2025,151,15386,Petrol,73,24,12,56,101.9,87,28,161
U589,Jul,2023,46,4854,Diesel,13,24,145,143,105.54,55,27,48
U816,Nov,2023,73,7755,Petrol,32,22,118,66,106.24,18,29,70
U514,Oct,2023,0,0,Electric,30,24,140,274,101.91,28,25,0
U742,Sep,2024,31,3163,Petrol,7,21,114,104,102.06,28,29,29
U765,Sep,2025,217,22233,Petrol,77,24,56,187,102.46,67,26,211
U846,Sep,2023,132,13830,Petrol,53,20,125,163,104.78,43,23,128
U553,Feb,2024,47,4764,Diesel,21,21,53,266,101.37,37,29,44
U886,Mar,2023,137,13813,Diesel,67,26,132,50,100.83,45,15,147
U840,Jul,2023,68,7169,Diesel,59,15,18,125,105.43,85,26,70
U592,May,2025,54,5736,Petrol,27,19,76,79,106.23,75,20,51
U867,Feb,2024,110,11441,Petrol,38,21,68,182,104.01,37,15,104
U944,Mar,2025,95,9776,Petrol,73,15,43,16,102.91,22,27,85
U955,Oct,2025,39,4034,Diesel,19,16,37,169,103.46,30,20,37
U928,Jun,2023,154,15878,Petrol,51,23,61,279,103.11,40,31,154
U764,Jul,2025,31,3338,Diesel,7,26,21,213,107.68,43,27,29
U931,Sep,2024,32,3396,Hybrid,32,17,72,197,106.14,20,23,33
U535,Jan,2025,13,1321,Hybrid,7,20,124,6,101.66,51,22,12
U706,Nov,2025,14,1442,Petrol,8,21,4,10,103.07,47,29,13
U581,Jul,2025,68,7095,Petrol,35,23,53,11,104.35,60,16,73
U920,Aug,2023,105,11014,Petrol,49,19,85,109,104.9,75,16,100
U550,Dec,2024,81,8403,Diesel,63,18,2,132,103.75,55,25,79
U860,Mar,2023,85,9050,Diesel,49,25,37,127,106.48,32,15,82
U888,Apr,2023,219,23244,Petrol,79,26,141,147,106.14,30,21,207
U502,Oct,2023,85,8843,Petrol,41,16,141,53,104.04,65,31,80
U890,Jun,2023,89,9508,Diesel,69,17,72,78,106.84,51,30,85
U554,Oct,2023,15,1590,Hybrid,13,19,37,96,106.01,28,21,16
U606,Jul,2024,75,7967,Petrol,21,25,124,248,106.23,82,21,79
U760,Apr,2025,94,10119,Diesel,69,16,69,126,107.65,44,16,97
U810,Aug,2023,22,2246,Petrol,7,18,64,29,102.13,74,19,21
U977,May,2023,40,4085,Petrol,30,15,24,23,102.14,67,28,40
U691,Jan,2024,65,6962,Hybrid,57,18,15,200,107.11,50,22,61
U902,Apr,2024,54,5733,Diesel,35,21,14,130,106.18,44,26,49
U718,Mar,2025,79,8485,Diesel,30,26,130,121,107.41,78,21,76
U544,Sep,2024,53,5327,Petrol,27,17,36,149,100.51,28,20,52
U662,Aug,2025,56,5881,Diesel,34,24,124,13,105.02,37,27,51
U702,Jan,2023,43,4349,Petrol,14,22,112,28,101.16,62,26,39
U946,Nov,2023,163,16956,Petrol,76,20,0,49,104.03,42,31,155
U984,Jun,2025,111,11238,Diesel,68,20,70,239,101.25,21,30,108
U770,Sep,2024,74,7475,Petrol,26,15,102,282,101.02,56,15,72
U851,Jul,2025,36,3603,Diesel,19,19,18,155,100.1,24,21,33
U804,Apr,2024,76,7983,Diesel,60,17,51,136,105.04,82,17,71
U771,Jan,2023,213,21911,Petrol,78,24,117,153,102.87,58,20,202
U956,Dec,2024,51,5142,Petrol,24,15,106,80,100.84,27,17,46
U962,Feb,2025,105,10770,Petrol,51,22,54,86,102.58,47,17,101
U715,Dec,2025,128,12972,Petrol,57,21,13,263,101.35,46,22,117
U752,May,2023,103,11075,Diesel,57,21,12,257,107.53,62,28,107
U690,Dec,2024,25,2564,Diesel,5,26,83,184,102.56,19,23,24
U796,Nov,2024,34,3490,Petrol,6,24,89,179,102.67,75,19,32
U713,May,2024,150,16008,Petrol,62,24,26,185,106.72,17,29,138
U708,Aug,2023,55,5784,Diesel,23,24,88,122,105.18,38,31,51
U737,Jun,2024,111,11730,Diesel,66,18,136,95,105.68,48,24,105
U838,Aug,2025,169,17760,Petrol,76,25,40,92,105.09,56,22,185
U867,Feb,2024,30,3227,Petrol,16,20,47,2,107.57,34,20,32
U553,Mar,2023,44,4473,Diesel,30,23,11,1,101.66,55,31,39
U780,Jun,2024,84,9064,Petrol,31,17,137,147,107.91,34,18,85
U910,Dec,2024,92,9811,Petrol,33,23,5,284,106.65,20,29,87
U717,Oct,2025,31,3246,Diesel,19,18,40,144,104.71,71,24,28
U752,Mar,2024,83,8739,Diesel,50,19,5,261,105.3,56,27,86
U688,Jun,2025,21,2208,Diesel,5,21,129,61,105.19,39,15,19
U880,Jun,2025,98,9846,Diesel,64,20,14,225,100.47,55,23,96
U993,Feb,2023,99,10072,Diesel,61,24,144,30,101.74,55,19,101
U541,Jul,2025,37,3984,Petrol,7,22,15,189,107.69,17,25,37
U657,Dec,2025,73,7611,Petrol,22,22,84,267,104.27,57,18,79
U515,Feb,2023,109,11230,Petrol,56,22,9,11,103.03,60,30,115
U801,Jun,2025,124,13156,Petrol,64,17,137,190,106.1,71,22,130
U565,Jan,2023,68,7085,Diesel,38,24,137,24,104.2,88,16,66
U845,Mar,2024,60,6006,Hybrid,64,20,18,90,100.11,65,31,54
U827,Feb,2023,0,0,Electric,30,21,67,87,105.89,19,24,0
U509,Jul,2025,149,15773,Diesel,76,23,41,273,105.86,87,27,163
U844,Apr,2023,70,7092,Petrol,23,24,139,110,101.32,29,29,68
U629,Aug,2025,90,9688,Petrol,26,24,145,79,107.65,53,23,98
U992,Jun,2024,75,7634,Diesel,37,26,83,139,101.79,84,22,69
U636,Dec,2023,69,7152,Diesel,42,18,133,213,103.66,52,20,66
U972,Oct,2024,58,5853,Diesel,39,19,52,17,100.92,53,18,54
U563,Apr,2025,110,11531,Diesel,71,22,97,53,104.83,66,17,109
U639,May,2025,22,2266,Diesel,14,15,41,96,103.0,17,18,23
U999,Sep,2024,57,5861,Diesel,19,26,29,282,102.83,43,27,55
U581,Jul,2023,49,5224,Petrol,15,20,8,233,106.62,45,25,52
U892,Oct,2023,46,4603,Diesel,28,18,33,239,100.08,80,22,46
U663,Sep,2025,13,1382,Hybrid,8,19,87,53,106.38,59,28,12
U919,Jul,2024,57,5960,Petrol,17,25,144,86,104.57,87,28,60
U789,Dec,2024,137,14780,Diesel,77,19,49,260,107.89,36,30,126
U879,Jan,2023,133,13927,Petrol,61,16,75,235,104.72,24,28,140
U761,Dec,2023,0,0,Electric,41,22,45,122,100.44,35,15,0
U990,Aug,2023,78,7831,Petrol,52,16,45,53,100.41,31,16,74
U731,Apr,2024,117,12527,Diesel,75,18,125,215,107.07,81,15,119
U541,Mar,2023,33,3522,Petrol,5,26,16,196,106.73,21,25,35
U528,Jul,2023,81,8324,Diesel,64,19,65,38,102.77,50,20,82
U635,Dec,2025,57,5981,Petrol,16,15,103,227,104.94,81,29,58
U701,Mar,2023,72,7482,Petrol,25,20,4,236,103.92,44,26,75
U828,Aug,2023,45,4848,Petrol,15,16,122,131,107.74,85,19,42
U768,Jun,2024,57,6133,Hybrid,48,19,124,167,107.6,43,26,60
U918,May,2024,122,13160,Petrol,62,20,111,36,107.87,86,28,119
U533,Apr,2025,122,13045,Petrol,48,25,15,66,106.93,88,28,114
U548,Aug,2023,70,7509,Diesel,38,22,80,110,107.28,47,19,67
U907,Aug,2025,58,5900,Diesel,29,23,90,218,101.74,73,17,55
U562,Dec,2024,22,2346,Hybrid,8,26,134,208,106.65,34,20,20
U716,Jan,2025,130,13737,Petrol,68,20,135,86,105.67,43,23,124
U793,Sep,2024,37,3984,Diesel,20,19,71,178,107.7,67,21,34
U599,May,2025,41,4287,Petrol,14,26,95,12,104.57,15,16,42
U672,Apr,2025,145,14598,Petrol,70,18,110,299,100.68,48,24,147
U860,Jun,2023,54,5658,Diesel,39,16,81,124,104.78,58,26,55
U714,Jun,2025,26,2742,Diesel,10,16,37,232,105.49,28,16,25
U975,Feb,2023,51,5189,Diesel,23,21,53,250,101.76,51,27,53
U535,Aug,2023,143,14750,Petrol,63,19,75,125,103.15,49,22,132
U949,Jul,2023,120,12574,Petrol,57,21,14,234,104.79,73,21,121
U727,Jan,2023,46,4737,Petrol,12,25,115,137,102.99,38,17,43
U601,May,2025,0,0,Electric,14,15,8,48,103.0,79,22,0
U931,Dec,2024,125,12632,Petrol,71,15,7,185,101.06,20,15,120
U962,Jun,2024,108,11613,Petrol,42,19,109,204,107.53,82,29,114
U631,Apr,2024,72,7632,Petrol,33,16,146,77,106.0,52,15,77
U757,Feb,2025,43,4300,Diesel,19,22,50,193,100.01,15,26,45
U505,Apr,2023,60,6367,Petrol,27,17,30,102,106.12,55,25,56
U718,Jan,2024,44,4660,Hybrid,50,15,101,104,105.92,45,30,42
U755,Jul,2025,80,8006,Petrol,32,16,2,286,100.08,50,18,86
U898,Feb,2023,50,5148,Hybrid,30,24,98,210,102.96,87,16,49
U859,Feb,2024,57,5976,Petrol,14,24,82,249,104.85,68,17,62
U783,Sep,2023,84,8704,Diesel,51,21,42,292,103.62,45,18,82
U893,May,2024,20,2124,Hybrid,8,20,28,200,106.22,43,26,21
U707,Feb,2024,139,14372,Petrol,59,26,9,23,103.4,17,15,150
U515,Nov,2024,0,0,Electric,70,22,139,299,101.23,72,17,0
U846,Sep,2023,167,18004,Petrol,71,21,45,82,107.81,75,18,150
U542,Sep,2025,25,2548,Hybrid,11,24,29,296,101.94,20,20,24
U880,Jan,2023,97,10256,Diesel,59,22,93,178,105.74,34,31,104
U961,Nov,2024,76,7687,Petrol,35,17,31,297,101.15,75,22,81
U679,Mar,2023,165,16933,Petrol,78,20,46,205,102.63,60,30,154
U563,Apr,2025,49,5073,Petrol,23,21,87,39,103.54,27,20,48
U852,Jul,2023,95,9646,Petrol,32,24,62,112,101.54,37,22,101
U731,Oct,2025,91,9427,Petrol,32,25,130,3,103.6,45,18,92
U741,Apr,2025,48,4860,Petrol,23,15,22,107,101.26,18,23,51
U552,Feb,2023,45,4701,Petrol,24,15,73,113,104.47,89,22,47
U596,Jul,2024,41,4317,Diesel,17,21,49,166,105.31,80,15,44
U888,Jun,2025,157,15778,Petrol,47,25,123,260,100.5,30,18,144
U722,Mar,2023,32,3423,Petrol,15,17,12,105,106.97,45,24,29
U985,Jun,2025,94,9539,Diesel,52,17,125,223,101.48,62,22,86
U907,Nov,2024,68,6922,Petrol,19,19,28,261,101.8,57,17,73
U731,Jun,2023,92,9686,Petrol,21,25,120,250,105.29,18,26,91
U737,Dec,2023,134,13902,Petrol,58,20,89,13,103.75,76,23,122
U643,May,2023,51,5304,Hybrid,54,16,132,197,104.0,62,17,49
U671,Apr,2024,53,5354,Diesel,32,17,147,125,101.03,42,18,51
U529,Oct,2025,44,4683,Petrol,8,20,77,205,106.45,30,20,46
U536,Dec,2023,49,5142,Diesel,26,17,108,139,104.94,83,23,51
U513,Jan,2025,54,5458,Diesel,43,19,13,61,101.08,44,16,56
U660,Oct,2025,86,8857,Diesel,38,23,135,282,102.99,79,16,77
U827,Jun,2024,84,8944,Diesel,48,26,47,53,106.48,83,17,90
U687,Feb,2023,63,6586,Diesel,46,17,140,11,104.55,28,17,59
U743,Mar,2025,128,12911,Petrol,44,26,23,135,100.87,89,20,131
U586,Aug,2023,49,5046,Petrol,16,25,78,143,102.98,48,15,44
U784,Oct,2023,40,4077,Petrol,6,20,50,281,101.94,70,29,36
U566,Jun,2024,47,4894,Hybrid,32,25,2,135,104.14,43,25,42
U670,Mar,2023,125,13343,Diesel,78,19,127,220,106.75,39,24,126
U545,Jul,2023,117,12108,Diesel,71,19,118,208,103.49,80,18,120
U562,Apr,2025,0,0,Electric,75,25,57,122,103.47,54,28,0
U941,Sep,2024,141,15120,Petrol,76,20,124,115,107.24,29,16,135
U634,May,2023,32,3347,Diesel,14,20,112,156,104.61,46,27,34
U784,Mar,2025,90,9407,Diesel,61,15,54,269,104.53,34,30,82
U528,Feb,2024,0,0,Electric,41,25,118,16,102.1,67,26,0
U608,Nov,2024,0,0,Electric,68,23,119,268,104.86,81,19,0
U544,Feb,2025,82,8578,Diesel,44,19,79,218,104.61,63,17,87
U840,Mar,2025,109,11245,Petrol,64,15,41,237,103.17,81,16,103
U786,Feb,2025,75,8094,Diesel,52,22,20,32,107.93,15,31,82
U946,Apr,2025,67,7173,Petrol,23,21,9,284,107.06,53,25,65
U831,Feb,2025,105,11130,Diesel,76,21,56,36,106.0,75,15,102
U628,Oct,2023,36,3754,Hybrid,37,19,55,102,104.3,69,22,33
U848,Sep,2023,77,7984,Petrol,48,15,37,210,103.7,83,25,79
U973,Feb,2024,91,9234,Diesel,41,23,85,279,101.48,16,22,86
U731,Sep,2023,102,10449,Petrol,40,25,112,141,102.45,31,31,104
U690,Jun,2023,98,10406,Petrol,25,23,111,238,106.19,43,20,92
U725,Jan,2023,40,4145,Petrol,6,22,53,228,103.63,18,21,39
U885,Apr,2025,64,6851,Diesel,35,19,45,132,107.06,87,27,68
U877,Jan,2024,30,3035,Hybrid,34,17,3,124,101.18,78,21,31
U783,Jun,2024,60,6244,Hybrid,48,22,61,52,104.07,57,25,55
U946,Apr,2024,37,3891,Petrol,16,15,123,87,105.18,26,24,37
U621,Mar,2024,50,5206,Hybrid,55,17,127,97,104.13,64,22,51
U616,Mar,2023,122,13067,Diesel,53,26,111,94,107.11,82,24,112
U961,Sep,2023,82,8849,Petrol,28,25,84,187,107.92,75,25,81
U733,Jun,2025,69,6964,Petrol,28,21,3,255,100.93,87,31,65
U759,Sep,2024,111,11215,Petrol,64,18,64,72,101.04,65,25,110
U859,May,2023,34,3435,Hybrid,15,21,61,281,101.04,19,30,35
U698,Feb,2023,32,3374,Diesel,17,26,89,17,105.45,42,19,29
U956,Aug,2025,135,13902,Diesel,76,25,119,163,102.98,24,24,124
U911,May,2025,165,17468,Petrol,78,19,129,145,105.87,66,19,157
U637,Feb,2025,134,13834,Diesel,76,20,136,252,103.24,31,23,146
U818,Apr,2023,149,15647,Petrol,68,21,44,159,105.02,79,17,156
U665,Sep,2023,62,6581,Petrol,24,24,145,48,106.16,35,17,56
U725,Apr,2025,162,16911,Diesel,76,26,111,175,104.39,68,24,158
U807,Dec,2024,177,18464,Petrol,77,21,41,64,104.32,63,21,168
U734,Dec,2025,114,11480,Diesel,75,21,40,288,100.71,36,16,117
U672,Dec,2025,85,8779,Petrol,32,21,88,49,103.29,83,22,84
U652,Apr,2025,11,1148,Diesel,6,25,41,3,104.37,78,26,12
U963,Feb,2025,109,11303,Petrol,47,21,34,118,103.7,50,23,102
U815,Dec,2023,28,3001,Diesel,12,17,66,163,107.21,35,25,28
U874,Jun,2024,71,7614,Petrol,17,26,40,222,107.25,70,31,73
U660,Nov,2025,74,7886,Petrol,39,17,98,155,106.58,87,27,78
U596,Feb,2024,37,3811,Hybrid,27,21,49,261,103.0,62,15,36
U972,Dec,2024,86,9093,Petrol,50,16,103,172,105.74,32,15,89
U733,Jul,2024,25,2579,Diesel,19,16,85,22,103.16,29,22,24
U680,Mar,2025,0,0,Electric,6,17,78,60,101.86,58,27,0
U613,Mar,2023,129,13253,Petrol,65,18,44,133,102.74,59,20,139
U818,May,2025,139,13979,Petrol,68,20,146,23,100.57,50,17,151
U997,Mar,2024,105,10778,Diesel,56,22,105,292,102.65,54,30,109
U942,Feb,2024,0,0,Electric,40,24,144,44,103.69,65,24,0
U552,Oct,2023,94,10118,Hybrid,71,24,121,178,107.64,44,21,100
U768,Sep,2025,105,10763,Diesel,73,21,76,62,102.51,40,17,95
U795,Feb,2024,79,8470,Diesel,71,18,55,28,107.22,45,28,72
U886,Nov,2023,103,10488,Petrol,51,16,111,95,101.83,70,30,106
U887,Feb,2024,0,0,Electric,6,16,92,265,101.53,75,18,0
U613,Aug,2023,0,0,Electric,48,18,40,290,104.15,31,27,0
U601,Sep,2023,120,12645,Petrol,68,20,5,54,105.38,38,15,118
U613,Jul,2025,76,7626,Petrol,32,17,97,152,100.35,18,19,74
U940,Mar,2024,138,14044,Petrol,58,20,72,218,101.77,23,26,142
U581,Sep,2025,179,18553,Petrol,78,19,40,172,103.65,16,25,188
U687,Mar,2024,84,8622,Diesel,71,19,8,95,102.65,49,23,83
U613,May,2025,63,6659,Petrol,40,16,7,122,105.7,52,21,59
U502,Sep,2024,164,17070,Petrol,67,22,103,11,104.09,59,28,172
U630,Dec,2025,44,4456,Petrol,29,19,12,3,101.28,29,17,42
U720,Mar,2023,0,0,Electric,52,25,18,66,107.16,56,30,0
U554,Jul,2024,55,5628,Diesel,43,16,97,144,102.34,17,21,56
U843,Dec,2024,128,13548,Petrol,51,21,95,64,105.85,45,15,117
U985,Jan,2023,66,7011,Petrol,25,23,48,81,106.24,66,20,72
U724,Apr,2025,0,0,Electric,34,23,99,104,107.71,55,20,0
U725,Apr,2024,59,6135,Diesel,35,15,81,180,103.99,71,24,64
U885,Jul,2024,72,7554,Petrol,30,21,65,104,104.93,56,26,69
U903,Aug,2025,84,8625,Petrol,26,23,90,225,102.68,67,20,91
U626,Jan,2023,58,6114,Petrol,25,20,58,27,105.43,70,28,53
U630,May,2025,13,1348,Petrol,5,15,52,15,103.71,86,17,11
U553,Jul,2025,57,5899,Diesel,41,16,51,276,103.5,67,24,51
U672,Dec,2025,61,6517,Hybrid,50,18,80,297,106.84,46,23,60
U718,Apr,2024,29,2911,Petrol,13,18,14,53,100.4,68,29,26
U660,Apr,2023,49,5245,Diesel,21,16,120,287,107.06,51,23,49
U698,Apr,2023,119,12711,Petrol,51,22,147,113,106.82,22,22,114
U916,Dec,2025,65,6763,Diesel,63,16,4,37,104.05,25,18,62
U747,Jun,2024,83,8625,Diesel,58,17,134,229,103.92,68,19,85
U824,Jul,2025,49,5041,Petrol,16,18,17,165,102.89,74,28,45
U939,Feb,2024,169,18243,Petrol,68,23,55,181,107.95,24,20,178
U703,May,2024,31,3127,Diesel,10,24,74,204,100.89,84,19,31
U684,Apr,2024,96,10053,Petrol,57,15,95,244,104.72,56,25,103
U623,Mar,2024,59,6221,Petrol,20,22,113,120,105.45,51,19,57
U901,Jul,2023,45,4836,Diesel,9,26,100,258,107.47,72,22,49
U755,Nov,2024,0,0,Electric,77,19,27,209,106.24,73,19,0
U794,Dec,2024,145,15246,Petrol,50,21,49,295,105.15,38,25,158
U780,Jun,2025,36,3633,Diesel,18,22,1,193,100.93,42,27,32
U825,Jul,2025,109,11225,Petrol,48,19,67,67,102.99,51,20,113
U872,May,2023,126,12739,Diesel,67,22,127,113,101.11,35,19,133
U598,Jun,2025,112,11989,Diesel,56,24,76,219,107.05,47,24,101
U698,May,2024,45,4770,Hybrid,30,25,23,219,106.0,16,30,45
U970,Jul,2025,147,15590,Petrol,57,22,111,217,106.06,42,28,155
U895,Feb,2023,75,7891,Diesel,33,23,118,236,105.22,29,29,75
U740,Nov,2025,43,4474,Diesel,23,16,35,297,104.06,15,17,39
U644,May,2025,90,9108,Petrol,51,17,1,93,101.2,42,17,93
U597,Jun,2023,50,5132,Petrol,12,15,126,252,102.64,64,26,45
U701,Jun,2023,77,7784,Petrol,27,18,104,214,101.1,49,29,81
U624,May,2024,96,10156,Petrol,39,19,17,257,105.8,42,25,87
U687,Oct,2025,73,7393,Hybrid,57,25,7,239,101.28,23,24,67
U826,Jul,2024,105,11090,Petrol,62,15,14,213,105.62,38,29,100
U964,Oct,2025,37,3904,Petrol,9,22,144,97,105.54,77,28,37
U849,Aug,2025,23,2384,Diesel,20,16,22,15,103.67,18,20,25
U759,Jul,2024,46,4649,Petrol,21,15,92,153,101.08,70,28,42
U648,May,2025,43,4408,Diesel,36,16,48,15,102.52,55,30,39
U752,Jan,2025,120,12307,Petrol,56,19,63,197,102.56,81,16,116
U943,May,2025,0,0,Electric,24,23,33,107,105.6,62,19,0
U920,Oct,2023,81,8173,Hybrid,70,23,17,22,100.91,72,25,80
U903,Feb,2024,8,853,Hybrid,5,16,63,41,106.63,53,25,7
U846,May,2023,99,10502,Petrol,62,16,105,36,106.09,39,22,100
U951,May,2024,81,8220,Diesel,48,17,73,164,101.49,74,26,77
U647,Feb,2024,39,4124,Petrol,10,21,101,115,105.75,61,23,38
U648,May,2025,133,14011,Petrol,54,25,16,149,105.35,75,17,128
U852,Apr,2024,114,12081,Petrol,76,17,140,5,105.98,41,20,120
U699,Jan,2023,26,2639,Diesel,24,15,51,31,101.51,56,15,28
U808,Mar,2023,55,5569,Petrol,18,20,63,144,101.26,66,31,57
U989,Jan,2023,31,3158,Diesel,9,17,33,293,101.89,62,17,30
U917,Dec,2024,111,11425,Petrol,45,15,94,292,102.93,46,16,111
U924,Nov,2023,103,10954,Petrol,44,18,86,176,106.35,38,18,95
U628,May,2024,52,5506,Diesel,38,15,101,176,105.9,17,15,54
U539,Apr,2023,95,10203,Petrol,49,15,139,60,107.4,41,24,96
U838,Jul,2023,151,15170,Diesel,75,26,75,76,100.47,87,19,163
U860,May,2024,104,10409,Petrol,75,16,18,85,100.09,54,19,97
U629,Oct,2023,65,6863,Diesel,31,24,136,190,105.59,37,23,68
U767,Apr,2025,69,7053,Diesel,48,22,73,6,102.23,21,28,71
U976,Feb,2024,67,6878,Petrol,37,16,144,84,102.67,51,27,63
U941,Apr,2024,104,10854,Petrol,37,25,49,261,104.37,21,27,107
U973,Dec,2024,80,8065,Diesel,48,16,38,258,100.82,36,15,86
U934,Feb,2025,51,5362,Diesel,24,25,137,46,105.14,31,31,55
U651,Aug,2024,102,10465,Petrol,40,25,11,93,102.6,33,22,106
U915,Mar,2023,54,5673,Petrol,11,24,78,223,105.06,53,17,49
U978,Sep,2023,47,5013,Hybrid,36,24,14,278,106.67,50,31,50
U798,Apr,2023,107,10846,Diesel,71,22,27,2,101.37,29,26,110
U599,Jun,2024,144,15472,Petrol,43,26,131,128,107.45,77,28,138
U763,Oct,2023,82,8548,Petrol,28,20,35,248,104.25,43,25,76
U752,May,2024,224,24053,Petrol,74,26,118,228,107.38,74,30,206
U644,Oct,2023,98,9962,Diesel,58,25,64,130,101.66,70,18,89
U846,Jan,2025,94,9854,Petrol,42,18,97,227,104.84,54,21,98
U612,Sep,2025,0,0,Electric,78,17,46,176,103.23,30,25,0
U1000,Jan,2025,117,12424,Petrol,79,15,80,30,106.19,47,30,105
U560,Aug,2025,87,9121,Petrol,36,25,38,65,104.85,30,30,85
U869,Sep,2024,66,6861,Diesel,49,17,37,205,103.96,44,17,65
U502,Sep,2023,81,8691,Hybrid,65,26,43,100,107.3,80,23,75
U885,Jan,2025,107,11023,Diesel,74,23,96,30,103.02,58,22,97
U804,Feb,2024,111,11295,Petrol,57,19,123,190,101.76,52,21,104
U754,Dec,2025,69,7235,Diesel,55,20,25,65,104.86,65,31,71
U640,Jan,2025,93,9764,Diesel,60,19,96,234,104.99,74,25,85
U953,Oct,2024,59,6107,Petrol,31,15,0,277,103.51,32,18,59
U537,Feb,2024,118,12259,Petrol,42,24,52,201,103.89,19,18,109
U660,Oct,2023,100,10768,Petrol,66,15,5,224,107.68,54,19,93
U509,Dec,2023,41,4340,Petrol,22,18,36,82,105.86,20,22,40
U733,Aug,2025,48,4842,Hybrid,68,17,1,45,100.88,26,24,44
U599,May,2025,87,8847,Petrol,34,25,122,88,101.7,26,31,81
U647,Dec,2023,0,0,Electric,53,22,68,185,107.8,87,20,0
U804,Nov,2023,101,10686,Diesel,45,26,12,188,105.81,36,23,97
U708,Jul,2024,52,5580,Diesel,17,26,68,245,107.32,63,24,54
U631,Feb,2023,56,5736,Diesel,38,21,65,45,102.43,64,22,51
U904,Aug,2023,102,10804,Petrol,29,25,58,256,105.93,18,29,109
U652,Nov,2025,146,15433,Petrol,70,21,67,60,105.71,64,19,155
U554,Jun,2023,57,5834,Petrol,22,22,58,104,102.36,17,15,60
U620,Aug,2025,22,2297,Diesel,9,24,116,13,104.41,30,16,21
U661,Jan,2023,45,4725,Petrol,23,21,9,76,105.02,28,24,47
U908,Jan,2024,93,9658,Diesel,46,24,140,229,103.85,78,20,87
U616,Dec,2023,54,5757,Petrol,22,16,129,166,106.62,55,25,49
U575,Jul,2023,64,6826,Petrol,36,18,14,65,106.66,82,30,58
U613,Aug,2023,57,6087,Petrol,25,25,45,31,106.8,73,22,62
U956,Mar,2025,25,2660,Hybrid,14,20,137,95,106.43,16,18,24
U920,May,2024,65,6753,Diesel,41,17,149,57,103.9,24,25,70
U922,Dec,2023,88,9068,Petrol,53,17,88,103,103.05,89,24,83
U604,Jan,2025,34,3626,Diesel,17,20,76,133,106.65,40,30,36
U840,Jul,2024,106,11015,Petrol,59,15,135,216,103.92,18,26,114
U754,May,2025,0,0,Electric,21,15,148,66,101.97,42,17,0
U727,Aug,2025,39,4058,Diesel,13,19,149,177,104.06,16,25,38
U612,Aug,2024,96,9708,Petrol,48,15,109,246,101.13,80,30,103
U973,Sep,2023,119,12558,Diesel,50,24,96,293,105.53,30,17,129
U599,Jul,2025,49,5031,Petrol,12,22,44,234,102.69,71,24,47
U653,Nov,2025,0,0,Electric,41,16,90,130,102.09,37,30,0
U849,Jan,2023,61,6566,Petrol,23,20,113,111,107.65,37,21,63
U902,Mar,2023,115,12215,Diesel,67,24,149,53,106.22,35,29,110
U884,Aug,2024,124,13181,Petrol,50,24,72,289,106.3,39,29,130
U866,Mar,2024,108,11338,Diesel,75,19,34,238,104.99,72,24,98
U838,Aug,2024,59,6295,Diesel,30,24,41,239,106.71,51,17,59
U694,Jan,2023,113,11985,Diesel,50,26,132,294,106.07,63,20,104
U810,May,2025,92,9640,Diesel,50,26,26,111,104.79,29,19,88
U663,Apr,2025,80,8615,Hybrid,79,18,31,87,107.69,42,30,76
U708,May,2024,64,6497,Petrol,18,15,135,227,101.53,81,27,68
U945,Aug,2023,135,14519,Petrol,67,17,102,289,107.55,18,17,126
U669,Oct,2025,212,21880,Petrol,76,26,84,207,103.21,61,29,225
U984,Apr,2024,0,0,Electric,7,18,145,273,104.23,64,20,0
U661,Nov,2025,59,5957,Petrol,32,16,77,69,100.98,74,18,58
U568,Apr,2025,72,7511,Diesel,33,26,142,219,104.32,76,29,68
U789,Mar,2023,36,3776,Diesel,22,16,43,230,104.89,81,23,34
U898,Jul,2023,95,10258,Petrol,39,16,31,289,107.98,86,18,94
U777,Mar,2025,146,15738,Petrol,51,25,27,254,107.8,57,30,131
U804,Dec,2024,30,3231,Petrol,9,15,76,141,107.73,72,19,30
U904,Mar,2023,191,19632,Petrol,79,24,17,68,102.79,66,27,208
U884,Nov,2025,117,12627,Petrol,63,16,102,88,107.93,83,20,108
U892,Oct,2023,148,15338,Petrol,79,20,69,135,103.64,60,26,150
U635,May,2023,52,5554,Hybrid,63,17,118,142,106.81,39,29,56
U695,May,2023,0,0,Electric,51,24,138,186,101.73,39,23,0
U901,Jun,2025,43,4474,Petrol,17,19,147,10,104.05,49,21,46
U628,Aug,2024,73,7864,Petrol,37,15,96,147,107.73,75,28,77
U533,Oct,2024,168,18073,Petrol,66,22,135,291,107.58,29,30,161
U676,Jun,2024,29,3058,Diesel,20,18,34,37,105.47,88,18,31
U960,Dec,2023,91,9680,Diesel,48,23,68,207,106.38,49,26,99
U943,Jan,2025,144,14603,Petrol,62,18,125,209,101.41,43,22,143
U871,Aug,2023,20,2115,Petrol,10,16,98,0,105.77,52,31,19
U970,Aug,2024,28,2938,Diesel,19,17,77,64,104.94,83,17,27
U875,Sep,2024,18,1813,Diesel,8,19,148,0,100.73,38,18,17
U522,Sep,2025,153,15439,Petrol,60,26,110,242,100.91,33,24,144
U738,Feb,2023,119,12003,Diesel,68,24,16,24,100.87,60,30,121
U658,Feb,2024,169,17878,Petrol,72,20,145,49,105.79,63,16,171
U538,Mar,2025,97,9809,Petrol,38,21,139,240,101.13,58,26,96
U730,Jan,2023,72,7469,Diesel,60,18,143,31,103.74,87,30,66
U865,Apr,2023,51,5245,Diesel,36,21,3,32,102.86,40,24,54
U551,Apr,2024,63,6577,Petrol,13,24,91,199,104.4,39,19,58
U938,Sep,2024,60,6339,Hybrid,67,17,74,233,105.65,49,26,55
U764,Sep,2023,179,18880,Petrol,76,21,102,25,105.48,50,17,183
U783,Sep,2023,48,4997,Diesel,37,18,23,41,104.12,28,26,47
U527,Oct,2024,65,6741,Petrol,25,22,64,60,103.71,70,15,59
U726,Jul,2023,61,6293,Hybrid,59,23,116,40,103.18,20,16,59
U777,Feb,2024,68,7269,Hybrid,61,21,81,129,106.9,46,25,71
U786,Oct,2023,27,2771,Petrol,6,22,5,197,102.65,40,26,27
U597,May,2024,35,3572,Hybrid,17,22,65,286,102.07,29,21,34
U784,Apr,2025,23,2436,Diesel,8,16,66,150,105.95,63,15,21
U867,Dec,2024,89,9156,Diesel,54,23,71,203,102.88,70,27,91
U948,Nov,2024,131,13988,Petrol,52,20,94,181,106.78,51,27,141
U981,Aug,2025,71,7286,Diesel,34,25,47,206,102.62,67,16,73
U953,Feb,2023,38,4013,Hybrid,33,18,69,146,105.62,72,24,40
U817,Jun,2025,42,4215,Petrol,12,19,77,203,100.36,50,15,42
U804,May,2024,0,0,Electric,16,24,66,47,103.08,25,21,0
U647,Dec,2023,108,11097,Petrol,45,19,64,257,102.75,41,27,116
U504,Feb,2025,71,7563,Petrol,30,21,62,138,106.53,16,16,74
U535,Nov,2023,99,10666,Diesel,54,23,45,171,107.74,36,21,107
U692,Oct,2023,28,2903,Diesel,6,21,146,100,103.69,80,31,27
U549,Jan,2025,101,10766,Diesel,59,23,72,186,106.6,31,19,109
U517,Aug,2023,131,13833,Petrol,60,18,70,293,105.6,18,25,134
U672,Feb,2025,0,0,Electric,18,24,109,20,107.74,28,25,0
U720,Jul,2024,52,5537,Petrol,10,24,62,297,106.49,21,25,47
U658,Sep,2023,98,9860,Petrol,65,18,40,9,100.62,30,31,101
U977,Sep,2024,52,5496,Petrol,16,20,6,186,105.71,80,22,55
U546,Aug,2024,41,4275,Diesel,17,22,136,132,104.28,33,28,38
U873,Nov,2023,23,2302,Hybrid,23,23,3,32,100.13,15,24,23
U506,Dec,2025,67,6834,Diesel,48,15,88,68,102.01,45,21,71
U599,Oct,2023,90,9663,Diesel,63,15,133,79,107.37,18,16,86
U880,Sep,2024,107,11492,Petrol,41,22,81,190,107.41,72,31,104
U733,Feb,2024,51,5425,Diesel,29,25,20,100,106.39,70,15,51
U537,Jun,2025,85,9167,Petrol,20,21,142,284,107.85,67,27,85
U780,Apr,2023,108,11496,Petrol,42,23,127,220,106.45,57,28,98
U849,Apr,2024,115,11509,Petrol,47,25,104,52,100.08,88,28,105
U997,May,2024,39,3989,Diesel,18,17,103,159,102.3,63,29,35
U802,Dec,2024,23,2305,Diesel,10,24,67,41,100.24,74,28,21
U681,Mar,2025,50,5037,Diesel,27,26,109,46,100.75,30,19,47
U595,Jan,2024,142,14448,Petrol,64,19,65,158,101.75,87,30,148
U599,Aug,2024,43,4473,Petrol,16,17,26,183,104.03,74,19,43
U688,May,2023,40,4271,Diesel,17,19,59,245,106.78,61,27,42
U981,Mar,2023,37,3955,Petrol,10,24,117,10,106.9,29,30,33
U616,Oct,2024,63,6610,Hybrid,67,15,43,153,104.93,77,29,62
U691,Jul,2024,101,10850,Diesel,42,25,35,219,107.43,42,19,97
U753,Jul,2023,109,11336,Petrol,54,18,18,154,104.0,34,20,116
U969,Jan,2025,0,0,Electric,56,20,90,282,107.11,77,27,0
U916,Dec,2025,57,5906,Diesel,44,16,44,186,103.63,47,30,61
U971,Sep,2025,36,3679,Petrol,12,21,148,61,102.22,50,24,32
U661,Feb,2025,128,13738,Diesel,65,22,97,147,107.33,27,16,133
U756,May,2025,31,3196,Petrol,12,15,18,143,103.1,76,27,31
U823,May,2025,64,6657,Diesel,38,18,40,102,104.03,82,31,68
U628,Aug,2025,144,14778,Diesel,64,25,25,299,102.63,37,15,144
U518,Aug,2025,0,0,Electric,61,18,27,92,105.3,86,18,0
U781,Jul,2023,89,9608,Diesel,50,19,63,285,107.96,27,20,81
U990,Jul,2025,69,6913,Petrol,26,26,67,118,100.2,54,26,71
U723,Dec,2025,86,9219,Diesel,44,26,79,28,107.2,44,27,82
U554,Nov,2025,87,8702,Petrol,49,18,50,29,100.03,39,16,78
U558,Jun,2024,125,12863,Diesel,59,23,101,287,102.91,87,31,114
U823,Jun,2023,102,10337,Diesel,55,21,9,137,101.35,40,24,111
U860,Nov,2023,23,2439,Petrol,9,16,99,50,106.06,38,19,22
U674,Sep,2023,69,6927,Petrol,17,15,121,291,100.4,53,26,74
U780,Jun,2025,44,4594,Hybrid,32,23,146,233,104.43,75,23,48
U614,Dec,2025,56,5732,Hybrid,66,15,63,54,102.36,63,25,60
U788,Feb,2024,85,8590,Petrol,28,20,123,291,101.07,55,18,91
U931,Feb,2023,34,3609,Petrol,11,16,18,239,106.17,84,24,36
U842,May,2025,88,8953,Petrol,42,18,75,35,101.74,34,15,84
U651,Apr,2023,45,4580,Hybrid,41,20,61,88,101.79,58,16,41
U950,Nov,2024,144,14716,Petrol,72,19,140,211,102.2,30,23,148
U627,Feb,2024,109,11411,Diesel,46,25,24,244,104.69,35,30,108
U655,Mar,2024,30,3158,Petrol,9,20,88,86,105.28,29,28,27
U990,Jul,2023,113,11315,Diesel,68,17,91,239,100.14,53,18,117
U886,Aug,2025,123,12537,Petrol,54,19,41,187,101.93,56,16,124
U974,Dec,2025,35,3620,Diesel,19,16,116,56,103.45,75,26,37
U773,Jun,2024,143,14680,Petrol,77,21,38,112,102.66,18,19,146
U604,Nov,2025,97,10385,Diesel,57,17,132,222,107.07,38,18,98
U917,May,2024,61,6484,Petrol,29,15,80,69,106.3,17,29,60
U893,Jan,2023,42,4410,Diesel,13,22,145,226,105.01,15,17,41
U799,Aug,2024,61,6264,Hybrid,42,22,106,255,102.7,27,31,66
U746,Mar,2023,68,7181,Petrol,26,17,110,179,105.61,68,22,63
U676,Jun,2024,67,7152,Hybrid,53,21,20,183,106.75,54,26,66
U539,Mar,2025,117,12256,Diesel,72,23,49,190,104.76,25,22,120
U977,Jul,2025,67,7120,Petrol,19,22,120,231,106.28,56,19,66
U670,Jul,2024,149,15792,Petrol,69,17,133,275,105.99,18,20,142
U747,Dec,2025,121,12652,Petrol,58,16,49,232,104.57,39,19,115
U526,Sep,2025,63,6457,Diesel,34,24,114,53,102.5,50,22,59
U855,May,2025,46,4874,Diesel,24,21,0,256,105.97,78,18,44
U806,Aug,2023,86,8741,Petrol,37,21,29,89,101.65,58,18,92
U909,Oct,2025,45,4780,Diesel,11,23,106,225,106.24,54,19,45
U908,Oct,2023,37,3938,Diesel,12,19,47,246,106.44,59,29,35
U513,Aug,2024,34,3623,Hybrid,32,18,86,150,106.58,22,20,33
U816,Jan,2025,76,7887,Diesel,49,22,128,112,103.78,49,30,70
U891,Dec,2025,0,0,Electric,77,18,18,268,101.54,58,28,0
U813,May,2025,113,11390,Diesel,78,18,45,156,100.8,32,28,110
U536,Mar,2024,85,9005,Petrol,15,26,129,298,105.95,61,30,93
U673,Jan,2023,79,8460,Diesel,35,26,55,158,107.09,39,18,76
U520,Apr,2023,58,6102,Petrol,16,16,144,224,105.21,55,25,61
U821,Aug,2025,74,7485,Petrol,55,15,91,13,101.15,19,22,70
U764,Mar,2024,109,11715,Petrol,48,18,81,108,107.48,78,24,99
U994,Oct,2024,80,8632,Diesel,54,21,78,95,107.91,76,19,72
U900,Feb,2024,61,6311,Diesel,21,26,149,194,103.47,86,30,62
U642,Nov,2024,87,9114,Petrol,39,23,104,57,104.76,17,17,83
U960,Sep,2024,39,4142,Petrol,5,23,26,293,106.22,51,24,38
U871,Oct,2023,112,11859,Petrol,33,26,54,153,105.89,55,27,119
U971,May,2023,84,9050,Diesel,55,24,59,63,107.74,34,21,79
U643,Jul,2023,133,13422,Petrol,68,15,108,157,100.92,81,26,127
U592,Nov,2025,34,3558,Diesel,8,19,119,264,104.65,54,28,36
U854,Nov,2024,71,7493,Petrol,32,21,84,120,105.54,22,24,70
U822,Feb,2025,82,8783,Petrol,20,21,85,287,107.12,19,23,87
U788,Sep,2024,155,16583,Petrol,67,24,116,10,106.99,39,26,151
U715,Sep,2023,120,12938,Petrol,57,20,107,213,107.82,53,17,117
U947,Apr,2025,30,3123,Hybrid,21,25,74,161,104.1,51,27,28
U842,Apr,2023,108,11518,Petrol,44,24,118,104,106.65,19,20,116
U551,Jun,2024,58,5998,Petrol,17,18,144,146,103.42,22,20,62
U653,Oct,2024,97,10027,Petrol,56,17,6,181,103.38,18,21,106
U686,Oct,2024,153,15610,Petrol,62,26,147,36,102.03,55,18,150
U563,Oct,2023,94,10015,Petrol,41,23,74,81,106.55,74,19,99
U690,Jun,2024,144,15536,Petrol,65,26,57,11,107.89,68,15,141
U625,Dec,2023,70,7143,Diesel,38,24,15,3,102.05,36,31,69
U650,Jan,2025,105,10547,Diesel,74,18,26,42,100.45,33,23,111
U814,Sep,2024,49,5219,Petrol,21,22,50,50,106.52,82,23,45
U558,Feb,2024,55,5772,Petrol,24,15,74,260,104.96,47,24,51
U842,May,2024,0,0,Electric,77,21,143,133,107.68,36,31,0
U805,Sep,2025,144,14690,Petrol,63,26,86,86,102.02,79,27,152
U680,Apr,2024,131,13174,Petrol,73,20,122,55,100.57,25,18,127
U670,Nov,2023,101,10497,Petrol,37,26,75,216,103.94,30,23,98
U826,Mar,2023,34,3423,Petrol,21,15,39,67,100.68,82,17,37
U771,Jul,2024,71,7248,Diesel,61,18,66,43,102.09,58,21,69
U554,Jun,2024,33,3333,Petrol,5,26,129,142,101.01,23,29,31
U991,Aug,2025,29,2951,Diesel,17,19,101,41,101.79,86,23,29
U944,Mar,2025,106,10690,Petrol,31,25,92,138,100.85,76,23,112
U601,May,2025,184,19803,Petrol,74,22,109,72,107.63,29,18,168
U981,Oct,2024,110,11245,Diesel,63,18,81,266,102.23,20,31,112
U764,Apr,2025,46,4763,Petrol,10,17,77,193,103.55,15,20,41
U553,Apr,2025,44,4716,Diesel,27,16,1,154,107.19,34,21,44
U560,Apr,2023,45,4743,Petrol,14,18,64,245,105.42,50,24,42
U992,Oct,2025,102,10703,Diesel,55,25,19,217,104.94,16,24,98
U608,Aug,2023,80,8451,Petrol,23,24,33,252,105.64,84,20,79
U505,Jun,2023,54,5758,Hybrid,55,18,40,276,106.63,16,20,58
U603,Mar,2025,184,19691,Petrol,72,24,22,276,107.02,17,22,191
U696,Oct,2023,50,5257,Hybrid,46,19,37,71,105.14,21,23,54
U762,May,2024,120,12854,Petrol,61,21,66,128,107.12,78,15,123
U865,Jun,2024,133,13869,Diesel,72,23,61,185,104.28,55,30,119
U980,May,2025,70,7155,Petrol,42,16,139,12,102.22,68,20,66
U872,Jun,2024,72,7706,Hybrid,66,19,29,219,107.04,55,22,77
U850,Aug,2023,33,3442,Petrol,11,25,86,5,104.33,19,29,33
U547,Jul,2024,181,19412,Petrol,75,24,147,238,107.25,77,26,198
U855,May,2025,148,14847,Petrol,54,23,117,111,100.32,15,24,137
U811,Oct,2025,134,13826,Petrol,56,26,5,227,103.18,39,30,128
U924,Jun,2023,62,6669,Petrol,30,17,74,16,107.58,60,29,60
U808,Apr,2025,29,2958,Hybrid,30,15,131,72,102.0,29,25,27
U644,Dec,2024,0,0,Electric,23,16,92,11,107.53,83,21,0
U769,Sep,2025,28,3013,Petrol,13,20,9,85,107.63,31,22,27
U870,Apr,2023,72,7708,Hybrid,65,19,50,179,107.06,35,25,74
U624,Jan,2025,42,4389,Diesel,24,15,92,121,104.51,67,23,40
U606,Jul,2024,89,9361,Petrol,54,15,37,203,105.18,69,21,81
U658,Jul,2023,65,6952,Diesel,26,25,128,69,106.96,24,29,67
U647,Apr,2024,36,3823,Diesel,17,18,135,107,106.21,71,29,35
U645,Mar,2023,0,0,Electric,16,26,101,200,105.04,79,30,0
U620,Aug,2025,34,3667,Petrol,14,18,80,51,107.86,51,17,33
U819,May,2023,110,11603,Diesel,69,20,82,36,105.49,21,30,118
U775,Oct,2023,85,9163,Petrol,34,20,142,116,107.8,54,29,85
U592,Jul,2025,46,4621,Petrol,12,24,30,258,100.46,64,15,49
U558,Apr,2024,68,6875,Petrol,25,20,20,263,101.11,15,28,68
U939,Apr,2025,0,0,Electric,26,15,130,63,103.61,34,25,0
U846,Aug,2023,48,4947,Diesel,22,24,125,41,103.08,45,17,46
U729,Aug,2025,123,13069,Diesel,70,23,34,42,106.26,82,23,123
U974,Feb,2023,112,11343,Diesel,52,25,143,124,101.28,26,20,112
U617,Feb,2025,118,12721,Petrol,48,21,44,269,107.81,36,30,122
U818,Mar,2025,54,5536,Petrol,13,21,58,232,102.52,15,25,51
U779,Dec,2024,172,17789,Petrol,71,25,11,131,103.43,15,31,177
U627,Dec,2023,116,11855,Petrol,58,21,139,1,102.2,17,31,122
U893,Mar,2024,38,3975,Diesel,30,16,32,114,104.63,35,17,39
U896,Jan,2023,37,3717,Diesel,30,16,20,0,100.47,27,29,36
U629,Mar,2025,74,7488,Petrol,38,20,59,64,101.2,75,24,81
U558,Jun,2023,36,3814,Petrol,12,21,51,124,105.97,27,22,35
U622,Aug,2024,65,6596,Petrol,14,17,122,255,101.49,47,31,59
U501,Dec,2024,123,12531,Petrol,52,18,105,142,101.88,20,18,130
U739,Oct,2024,81,8613,Hybrid,59,26,99,245,106.34,39,22,76
U790,Jun,2023,80,8060,Diesel,58,17,70,115,100.75,37,16,83
U596,May,2024,85,8797,Diesel,44,21,134,89,103.5,40,22,79
U626,Apr,2024,79,7914,Petrol,19,21,61,295,100.18,18,21,71
U618,Mar,2024,53,5446,Petrol,22,18,87,41,102.77,49,23,49
U548,Apr,2025,49,5173,Petrol,27,21,23,34,105.59,89,31,47
U589,Jul,2025,56,5640,Hybrid,66,19,39,40,100.72,39,15,51
U988,Jan,2023,62,6640,Diesel,50,15,75,123,107.11,34,26,58
U737,Jul,2023,98,10513,Petrol,43,24,135,56,107.28,15,18,103
U873,Jan,2024,41,4134,Diesel,19,18,8,293,100.84,82,31,43
U885,Feb,2025,122,13167,Petrol,57,21,2,234,107.93,37,21,129
U772,Apr,2024,85,8702,Diesel,68,16,20,95,102.38,36,17,90
U689,Jan,2024,57,5738,Hybrid,67,16,94,131,100.67,76,15,56
U987,Nov,2025,36,3601,Diesel,20,15,15,175,100.04,15,16,38
U692,Dec,2025,92,9500,Diesel,74,16,106,51,103.27,73,20,92
U947,Nov,2025,191,20062,Petrol,70,24,92,37,105.04,82,25,189
U569,Nov,2023,50,5133,Petrol,17,22,132,4,102.66,33,18,52
U778,Sep,2023,169,18030,Petrol,51,25,138,212,106.69,44,15,159
U849,Dec,2024,45,4757,Petrol,13,22,78,119,105.73,15,25,47
U747,Jun,2023,105,10794,Diesel,67,22,69,208,102.8,62,30,103
U951,Jan,2025,57,6034,Diesel,38,15,47,216,105.87,33,20,52
U576,Jan,2025,43,4623,Petrol,33,15,14,23,107.52,66,25,39
U654,Jun,2023,82,8260,Diesel,41,26,33,204,100.74,36,22,76
U644,Apr,2024,127,13011,Petrol,47,24,59,225,102.45,64,15,136
U935,Apr,2024,142,14726,Petrol,68,18,1,217,103.71,80,28,155
U985,Nov,2023,68,7070,Petrol,28,20,79,210,103.98,20,16,66
U586,Jun,2024,177,18468,Petrol,75,22,18,25,104.34,78,20,169
U685,Dec,2024,78,7987,Petrol,38,16,48,251,102.41,35,23,73
U785,Nov,2024,84,8848,Petrol,52,17,77,2,105.34,33,28,89
U962,Jul,2025,32,3365,Petrol,16,20,27,1,105.16,51,22,30
U720,Sep,2025,0,0,Electric,27,24,47,91,104.62,77,17,0
U569,Oct,2023,37,3733,Petrol,17,18,95,1,100.91,43,24,38
U547,May,2025,125,12977,Petrol,49,26,108,149,103.82,74,23,134
U997,Sep,2024,102,10490,Petrol,69,16,72,70,102.85,48,23,103
U594,Apr,2025,69,7171,Diesel,51,21,99,3,103.93,15,27,71
U738,Oct,2023,113,12132,Petrol,62,18,28,37,107.37,62,15,115
U946,Feb,2025,22,2284,Diesel,9,22,57,69,103.84,35,31,23
U1000,Mar,2024,34,3403,Diesel,9,22,47,200,100.11,48,18,36
U953,Nov,2024,95,9833,Diesel,64,21,22,251,103.51,40,18,96
U704,Jan,2023,64,6820,Diesel,25,24,26,286,106.57,50,30,65
U900,Jun,2025,88,9349,Petrol,28,23,6,291,106.24,37,30,95
U718,Jun,2025,48,4997,Petrol,22,18,48,153,104.11,61,29,52
U974,Jan,2025,68,6936,Petrol,25,21,108,132,102.0,58,20,70
U932,Nov,2024,100,10372,Diesel,58,24,67,73,103.72,34,19,90
U841,Mar,2023,68,7106,Petrol,14,24,72,273,104.51,41,24,62
U539,May,2025,99,10692,Petrol,28,26,100,270,108.0,75,21,106
U600,Mar,2024,0,0,Electric,64,15,7,184,105.15,51,21,0
U789,Oct,2024,103,10871,Petrol,61,18,52,4,105.55,66,24,97
U754,Mar,2024,62,6443,Diesel,27,16,141,292,103.93,89,24,58
U722,Oct,2025,63,6478,Diesel,26,23,134,85,102.84,76,29,64
U857,Mar,2025,164,17466,Petrol,72,19,136,213,106.5,80,20,166
U523,May,2025,58,6029,Petrol,38,17,2,14,103.96,38,16,55
U750,May,2025,177,19108,Petrol,74,18,77,272,107.96,26,22,166
U510,Apr,2025,53,5493,Diesel,32,20,144,50,103.66,30,29,55
U746,Jan,2025,90,9048,Diesel,43,24,85,252,100.54,50,19,97
U825,May,2025,47,4956,Diesel,46,15,45,44,105.46,16,18,42
U600,Oct,2025,44,4416,Hybrid,27,21,89,190,100.37,76,24,40
U790,May,2025,116,11832,Diesel,74,22,141,121,102.0,78,28,119
U680,Apr,2024,28,2879,Petrol,6,21,8,186,102.83,43,27,29
U723,Jun,2025,86,9109,Petrol,28,21,114,213,105.92,88,24,91
U894,Oct,2023,44,4573,Diesel,21,23,129,148,103.95,45,20,45
U750,Apr,2024,150,15034,Petrol,69,18,74,169,100.23,29,27,161
U647,Jul,2025,165,17313,Petrol,74,21,80,208,104.93,69,25,155
U942,Jul,2023,132,13634,Diesel,73,23,127,81,103.29,47,29,121
U596,Feb,2025,130,13958,Petrol,64,19,33,195,107.37,66,16,132
U757,Mar,2023,56,5824,Hybrid,54,16,146,245,104.0,34,29,59
U825,Jan,2023,28,2958,Diesel,16,19,38,39,105.67,87,31,28
U993,Aug,2023,95,9666,Petrol,51,18,12,167,101.75,52,20,103
U504,Sep,2023,75,7956,Hybrid,71,22,132,42,106.09,17,29,79
U516,Apr,2024,132,13961,Petrol,69,19,49,210,105.77,68,31,137
U780,Jun,2024,94,10079,Petrol,31,23,22,178,107.23,80,23,85
U836,Sep,2023,129,12934,Petrol,52,23,121,22,100.27,32,26,118
U747,Jun,2025,116,12015,Petrol,66,17,119,94,103.58,21,19,122
U758,Dec,2023,142,14971,Petrol,48,24,87,159,105.43,49,28,133
U997,Dec,2024,70,7053,Petrol,23,20,111,243,100.76,74,22,63
U976,Dec,2025,145,14975,Petrol,63,20,110,16,103.28,38,31,156
U884,Sep,2024,38,4086,Petrol,12,18,71,111,107.54,53,23,40
U660,Apr,2024,98,10142,Diesel,59,25,56,102,103.49,26,17,92
U975,Aug,2025,80,8630,Diesel,51,24,0,85,107.88,67,21,84
U840,Sep,2023,21,2109,Petrol,6,17,112,34,100.45,78,26,19
U652,Apr,2023,60,6344,Petrol,43,15,61,29,105.74,18,17,57
U896,May,2023,129,13499,Petrol,49,26,46,191,104.65,19,23,132
U678,Aug,2023,91,9464,Petrol,36,21,77,178,104.0,30,28,95
U663,Dec,2025,88,9483,Diesel,69,19,105,103,107.77,41,25,79
U880,Oct,2025,81,8184,Diesel,42,24,125,164,101.04,18,18,78
U533,Jun,2025,38,4072,Petrol,15,21,4,121,107.17,86,22,35
U917,Dec,2024,34,3588,Petrol,14,15,30,133,105.53,62,27,37
U945,Jul,2025,138,14085,Petrol,63,22,36,289,102.07,22,18,142
U679,Mar,2023,92,9863,Diesel,59,17,78,223,107.21,60,24,90
U927,Jul,2024,71,7343,Petrol,24,21,142,24,103.43,58,22,64
U601,Dec,2023,0,0,Electric,21,26,51,12,106.51,81,26,0
U768,Aug,2023,120,12373,Diesel,72,17,138,229,103.11,66,26,123
U823,Oct,2025,28,2990,Petrol,9,17,42,101,106.81,48,16,29
U565,Jun,2025,107,11244,Diesel,64,24,39,202,105.09,76,22,102
U917,Oct,2023,41,4146,Hybrid,27,23,62,266,101.13,35,27,44
U668,Sep,2023,85,8942,Diesel,50,16,129,221,105.2,38,15,83
U830,Jun,2024,100,10153,Petrol,56,18,86,103,101.53,58,17,95
U543,Dec,2025,41,4235,Petrol,14,20,72,110,103.3,55,16,39
U544,Sep,2024,67,6791,Diesel,50,17,103,68,101.36,43,22,67
U785,Apr,2024,76,7613,Diesel,32,26,15,257,100.18,20,17,82
U897,Aug,2024,81,8237,Diesel,47,24,58,167,101.7,70,29,84
U512,Nov,2023,50,5214,Hybrid,30,24,46,292,104.29,28,16,50
U595,Apr,2024,72,7477,Hybrid,59,21,115,48,103.85,64,31,67
U802,Feb,2024,70,7280,Hybrid,52,21,108,249,104.01,66,20,65
U886,Oct,2023,60,6118,Petrol,33,19,8,74,101.98,15,15,60
U753,Nov,2025,50,5274,Diesel,31,17,64,200,105.48,26,18,52
U999,Sep,2025,32,3380,Diesel,22,16,58,33,105.63,38,21,33
U742,May,2024,102,10491,Diesel,64,18,101,110,102.86,51,28,96
U535,Apr,2023,112,11989,Diesel,78,18,135,236,107.05,84,28,103
U715,Feb,2025,170,17875,Petrol,73,25,122,31,105.15,17,24,166
U837,Jan,2024,143,15115,Diesel,78,22,145,208,105.7,41,21,154
U590,Nov,2024,46,4702,Diesel,25,22,90,131,102.22,67,30,46
U764,Jul,2023,58,5800,Petrol,28,19,95,105,100.0,31,18,55
U593,Jun,2024,22,2352,Petrol,7,20,57,32,106.92,29,21,21
U910,Feb,2025,135,14388,Petrol,66,22,31,42,106.58,53,29,125
U958,Aug,2023,25,2524,Petrol,6,15,47,106,100.99,18,31,24
U590,Nov,2025,139,14315,Petrol,70,19,44,264,102.99,31,17,147
U918,Apr,2025,107,11266,Petrol,46,18,99,225,105.29,25,30,117
U615,Aug,2025,70,7365,Diesel,38,18,99,178,105.22,26,16,70
U605,Jul,2024,87,9298,Diesel,46,25,45,221,106.88,46,21,81
U891,May,2024,39,3943,Diesel,24,16,143,124,101.12,41,30,40
U696,Oct,2025,160,16550,Diesel,72,24,125,275,103.44,58,23,168
U814,Oct,2025,99,9977,Petrol,49,15,45,166,100.78,57,26,90
U614,Dec,2023,176,18149,Petrol,79,20,120,150,103.12,63,15,188
U993,Aug,2023,47,4705,Hybrid,46,21,87,40,100.12,87,28,50
U575,Sep,2024,110,11790,Petrol,51,19,60,299,107.19,57,25,109
U913,May,2024,0,0,Electric,9,22,45,34,104.22,17,19,0
U876,Oct,2023,99,10573,Diesel,53,23,80,230,106.8,43,29,103
U920,May,2025,78,7837,Diesel,41,25,44,214,100.48,49,21,80
U717,Feb,2024,0,0,Electric,38,25,117,100,101.82,62,28,0
U777,May,2025,117,11943,Petrol,77,16,46,56,102.08,88,22,108
U749,Mar,2023,188,19380,Petrol,74,25,22,214,103.09,53,18,175
U664,Jul,2024,36,3831,Diesel,22,18,60,155,106.42,38,17,37
U894,Oct,2024,64,6597,Petrol,23,25,12,63,103.09,34,26,63
U857,May,2023,52,5285,Hybrid,44,23,6,61,101.64,29,29,52
U957,Aug,2024,61,6131,Petrol,21,19,140,61,100.52,32,25,64
U908,Jan,2023,73,7346,Diesel,64,17,27,93,100.64,74,25,70
U692,Mar,2024,71,7531,Diesel,46,20,95,25,106.08,55,26,74
U727,Mar,2023,106,10977,Diesel,76,17,106,120,103.56,83,31,104
U677,Sep,2024,115,12168,Petrol,69,19,97,49,105.81,89,20,112
U599,May,2025,107,11284,Petrol,57,17,111,251,105.46,25,22,103
U996,Dec,2025,14,1415,Diesel,11,20,0,35,101.08,70,29,15
U536,Sep,2025,57,5764,Petrol,9,26,42,288,101.14,32,24,60
U966,Sep,2024,48,5089,Diesel,28,24,41,99,106.04,26,29,43
U997,Jan,2024,58,6134,Diesel,32,19,94,135,105.77,30,26,63
U987,Feb,2025,143,14731,Diesel,66,23,128,193,103.02,41,25,150
U596,May,2025,43,4326,Diesel,21,17,50,220,100.62,31,19,39
U652,Apr,2023,81,8108,Petrol,24,20,143,278,100.1,45,26,74
U651,Oct,2023,16,1636,Diesel,7,22,14,54,102.31,49,19,15
U690,Sep,2023,49,4903,Hybrid,41,21,124,109,100.07,41,24,50
U724,Jul,2025,50,5092,Petrol,19,20,86,148,101.84,46,28,51
U537,Jun,2025,0,0,Electric,55,16,52,264,103.36,31,30,0
U768,Jul,2025,132,13328,Petrol,52,21,144,161,100.97,25,19,130
U869,Jan,2023,51,5142,Petrol,12,22,88,186,100.83,15,25,48
U683,Jan,2024,39,4179,Petrol,17,15,105,128,107.17,63,22,35
U513,Aug,2025,0,0,Electric,52,23,5,107,104.68,55,26,0
U779,Feb,2024,20,2149,Petrol,7,18,30,67,107.48,34,27,19
U717,Dec,2024,79,8118,Hybrid,69,22,39,65,102.77,85,29,79
U855,Oct,2024,83,8749,Hybrid,77,24,68,143,105.42,51,29,90
U861,Nov,2023,95,9655,Petrol,35,21,134,52,101.64,30,26,88
U786,Sep,2024,80,8396,Petrol,30,24,12,127,104.95,53,23,72
U773,Jul,2025,100,10104,Diesel,60,21,3,206,101.04,59,26,91
U869,Jun,2023,67,6701,Petrol,38,16,2,215,100.02,78,19,66
U562,Jan,2025,29,3116,Diesel,13,15,139,67,107.45,61,24,30
U584,Jan,2025,114,11906,Petrol,66,18,64,61,104.44,37,21,115
U868,Feb,2023,69,7411,Petrol,17,26,26,209,107.42,46,25,68
U717,Jun,2025,77,7905,Diesel,73,16,106,51,102.67,63,22,74
U842,Jun,2025,102,10467,Petrol,45,22,49,115,102.62,33,21,98
U897,Feb,2023,17,1754,Petrol,5,24,16,64,103.21,81,30,16
U687,Jan,2025,114,12044,Petrol,51,21,31,129,105.65,53,30,116
U519,Oct,2024,35,3658,Petrol,8,22,16,176,104.53,74,28,32
U677,May,2025,144,15465,Diesel,67,25,33,277,107.4,25,29,151
U600,May,2024,85,8517,Diesel,56,20,34,162,100.2,63,23,86
U896,Feb,2025,40,4226,Petrol,14,15,145,151,105.67,29,30,38
U945,Jun,2023,77,7903,Diesel,32,26,49,235,102.64,75,30,77
U733,Sep,2023,29,2941,Diesel,10,23,102,157,101.44,57,19,31
U903,Feb,2025,76,7910,Petrol,31,20,32,105,104.08,29,17,68
U576,Oct,2023,60,6242,Petrol,16,26,88,254,104.04,87,27,56
U765,Feb,2025,86,8694,Hybrid,66,24,128,112,101.1,19,22,85
U955,Mar,2023,65,6605,Diesel,56,15,84,29,101.62,43,31,66
U784,Jul,2024,57,5886,Diesel,52,15,58,11,103.27,76,19,53
U706,Jun,2025,109,11256,Diesel,71,22,9,176,103.27,74,20,118
U723,Dec,2024,93,9536,Petrol,50,20,56,45,102.54,83,16,95
U884,Aug,2024,130,13154,Diesel,78,22,65,170,101.19,36,28,139
U552,Aug,2025,44,4401,Diesel,19,22,118,129,100.03,27,18,42
U839,Jun,2024,173,18642,Diesel,75,25,111,244,107.76,64,17,184
U867,Dec,2025,105,11292,Petrol,40,22,14,202,107.55,61,23,102
U644,Nov,2024,63,6543,Petrol,18,24,12,225,103.87,43,26,59
U873,Oct,2025,30,3238,Petrol,7,21,113,79,107.96,31,23,32
U569,Mar,2025,0,0,Electric,71,21,117,34,105.39,34,27,0
U599,Mar,2023,63,6334,Petrol,23,24,141,51,100.55,20,28,68
U896,Jan,2025,112,11305,Petrol,58,18,113,160,100.94,36,24,111
U525,Jul,2025,177,18997,Petrol,73,23,33,83,107.33,23,17,194
U936,May,2024,41,4306,Petrol,14,26,100,25,105.04,46,21,41
U879,Apr,2025,65,6938,Diesel,37,16,24,224,106.75,47,30,68
U969,Oct,2023,43,4609,Diesel,17,25,111,153,107.19,84,31,38
U984,Apr,2024,121,12533,Diesel,55,23,53,292,103.58,63,20,120
U553,Apr,2024,82,8231,Petrol,36,24,11,94,100.39,44,26,85
U651,Jun,2023,111,11267,Diesel,79,17,125,224,101.51,30,17,117
U644,Aug,2024,78,7841,Petrol,28,16,136,266,100.53,79,17,72
U557,Aug,2024,66,6699,Petrol,39,18,30,40,101.51,28,25,64
U539,May,2024,170,17557,Petrol,74,19,77,132,103.28,70,20,167
U609,Jun,2024,81,8176,Petrol,44,16,52,65,100.95,51,19,74
U681,Apr,2023,104,10538,Petrol,58,15,111,209,101.33,63,27,102
U542,Dec,2023,81,8389,Diesel,48,24,42,152,103.57,64,19,85
U686,Nov,2024,128,13148,Diesel,66,25,41,171,102.72,50,17,122
U923,Sep,2024,111,11515,Diesel,72,19,123,58,103.74,66,31,109
U898,Aug,2023,99,10239,Petrol,37,23,66,183,103.43,37,17,108
U723,Oct,2023,158,16615,Petrol,60,26,65,179,105.16,80,29,143
U622,Dec,2023,111,11932,Petrol,40,26,143,11,107.5,85,31,113
U633,Oct,2024,0,0,Electric,58,19,82,67,100.86,59,27,0
U663,Jan,2024,59,5946,Diesel,23,26,93,201,100.79,42,28,62
U715,Feb,2025,99,10575,Diesel,47,25,104,5,106.82,34,30,103
U721,Sep,2023,53,5514,Petrol,16,24,143,14,104.05,63,25,55
U735,Aug,2024,28,2971,Diesel,15,23,30,41,106.13,71,31,25
U831,Mar,2023,177,18004,Petrol,74,26,117,30,101.72,73,19,178
U646,Aug,2024,43,4585,Diesel,16,24,27,180,106.63,40,29,45
U739,Dec,2023,46,4939,Hybrid,45,20,3,261,107.39,33,30,42
U576,Jan,2024,0,0,Electric,29,17,137,288,105.08,27,28,0
U509,Oct,2025,10,1008,Diesel,7,18,17,20,100.85,88,28,10
U574,Apr,2025,37,3964,Petrol,7,18,46,181,107.16,76,27,38
U942,Mar,2023,27,2871,Hybrid,32,15,8,183,106.34,28,15,26
U992,Jun,2024,44,4664,Diesel,27,17,28,243,106.01,87,20,47
U901,Jul,2024,117,11733,Petrol,52,17,143,148,100.29,25,25,123
U753,Apr,2023,113,12022,Petrol,71,15,91,255,106.39,81,25,123
U730,Jul,2024,125,12637,Petrol,46,23,148,99,101.1,26,30,135
U507,Sep,2023,104,10585,Petrol,44,25,63,54,101.78,49,17,103
U674,Nov,2024,36,3766,Petrol,10,15,110,185,104.62,53,31,37
U641,Feb,2023,47,4799,Diesel,24,23,123,85,102.12,46,28,48
U668,Nov,2024,40,4211,Petrol,15,15,109,173,105.29,28,16,42
U670,Mar,2023,51,5347,Petrol,31,16,117,21,104.86,79,23,53
U893,May,2024,43,4337,Diesel,25,16,99,243,100.87,41,22,40
U934,Mar,2025,31,3262,Diesel,17,20,30,59,105.25,74,25,29
U783,Nov,2024,70,7517,Diesel,39,21,80,103,107.39,57,21,66
U622,Aug,2023,127,12863,Petrol,51,25,45,138,101.29,79,16,135
U694,Dec,2025,29,3038,Hybrid,32,15,48,158,104.78,69,18,30
U505,Oct,2024,31,3184,Hybrid,25,17,41,231,102.73,49,28,30
U529,Aug,2025,56,5806,Petrol,22,16,111,76,103.68,46,27,56
U665,Aug,2024,67,6854,Petrol,35,22,26,17,102.3,33,27,71
U922,Dec,2025,92,9460,Diesel,64,23,87,21,102.83,53,27,88
U839,Dec,2023,65,6514,Diesel,41,16,120,183,100.23,34,19,59
U636,Sep,2024,0,0,Electric,25,16,2,144,107.85,42,26,0
U996,Apr,2024,28,2940,Hybrid,18,24,59,37,105.0,17,20,30
U865,May,2023,132,13729,Diesel,64,23,78,280,104.01,46,28,139
U821,May,2025,57,5874,Diesel,27,18,144,287,103.07,72,22,55
U842,Aug,2023,64,6675,Petrol,33,19,31,142,104.31,68,22,58
U1000,Jul,2023,133,13704,Petrol,51,25,6,12,103.04,56,21,136
U645,Sep,2025,92,9464,Petrol,34,23,70,185,102.88,29,31,98
U827,Aug,2023,77,7985,Diesel,42,20,127,266,103.71,76,25,79
U717,Feb,2024,76,7767,Diesel,31,24,57,268,102.21,45,24,74
U801,Oct,2024,45,4564,Diesel,19,26,111,96,101.44,75,27,41
U632,Dec,2024,152,15876,Petrol,63,23,47,293,104.45,40,24,164
U792,Apr,2023,16,1707,Diesel,7,23,110,0,106.74,83,28,15
U570,Jun,2024,60,6073,Petrol,14,21,70,294,101.22,71,23,56
U752,Dec,2024,54,5414,Petrol,21,26,74,26,100.26,34,21,57
U915,Feb,2024,33,3365,Diesel,15,24,73,35,101.97,80,21,36
U775,Jul,2024,107,11538,Diesel,52,23,120,159,107.84,35,30,110
U945,Mar,2024,0,0,Electric,9,19,54,30,106.63,74,22,0
U864,Mar,2024,147,15401,Petrol,73,19,40,126,104.77,77,30,141
U682,Nov,2023,224,24064,Petrol,68,26,96,261,107.43,65,29,202
U667,Feb,2024,73,7559,Petrol,18,22,147,209,103.56,53,29,68
U591,Nov,2024,128,13807,Petrol,54,24,32,149,107.87,25,20,130
U702,Aug,2025,26,2661,Hybrid,30,18,33,30,102.37,71,23,24
U846,Jun,2023,145,14778,Diesel,76,23,61,99,101.92,17,29,156
U519,Jan,2023,85,8933,Hybrid,73,21,18,218,105.1,51,21,79
U539,Dec,2023,43,4430,Petrol,11,21,9,252,103.03,39,22,43
U626,Jan,2023,30,3150,Hybrid,20,17,119,170,105.01,35,30,30
U951,Jul,2024,134,13726,Petrol,59,18,122,256,102.44,56,29,136
U673,Aug,2024,60,6296,Hybrid,60,21,103,56,104.94,15,17,57
U641,May,2025,37,3781,Petrol,8,25,140,8,102.21,37,15,39
U742,Dec,2025,127,12752,Petrol,52,25,4,4,100.41,38,27,125
U720,Nov,2023,42,4506,Diesel,21,19,57,113,107.3,61,26,43
U626,May,2025,69,7387,Hybrid,40,26,58,264,107.07,21,23,70
U558,Apr,2025,124,13363,Petrol,74,17,127,172,107.77,52,16,114
U648,Jun,2023,88,9304,Petrol,42,15,85,219,105.73,61,23,90
U976,Jun,2023,76,8014,Hybrid,66,21,103,204,105.46,49,22,76
U956,Mar,2025,102,10655,Petrol,52,20,142,23,104.47,76,19,110
U817,Sep,2024,66,6666,Petrol,14,24,128,169,101.01,87,27,71
U883,Dec,2025,96,9744,Petrol,40,21,37,102,101.51,17,16,89
U861,Nov,2025,57,5832,Petrol,33,16,106,59,102.32,34,24,52
U923,Jul,2024,16,1713,Hybrid,8,26,108,85,107.12,58,20,15
U501,Jan,2024,81,8211,Diesel,48,18,52,254,101.38,46,21,88
U887,Jul,2023,81,8697,Diesel,60,16,51,164,107.38,40,17,73
U961,May,2023,0,0,Electric,46,22,0,166,104.18,62,28,0
U848,May,2025,43,4545,Petrol,17,21,10,83,105.72,19,30,43
U690,Feb,2024,103,10390,Petrol,50,15,57,201,100.88,73,20,106
U691,Apr,2023,79,8069,Petrol,37,16,127,89,102.15,75,22,74
U869,Dec,2025,49,5275,Petrol,25,16,43,88,107.67,63,15,46
U909,Jun,2024,128,13072,Petrol,61,18,5,119,102.13,44,29,126
U812,Oct,2025,64,6551,Hybrid,73,17,7,155,102.37,31,31,58
U917,Nov,2023,80,8126,Diesel,74,15,4,187,101.58,84,17,73
U922,Jul,2023,193,19498,Petrol,71,26,105,187,101.03,72,20,177
U617,Nov,2024,92,9372,Diesel,52,16,111,261,101.87,77,31,93
U634,May,2025,67,7044,Diesel,37,25,16,51,105.14,75,27,65
U558,Sep,2024,45,4663,Hybrid,40,23,8,139,103.64,77,31,43
U544,Mar,2023,34,3550,Hybrid,37,15,77,18,104.43,29,30,32
U673,Jan,2023,68,6866,Diesel,35,23,13,74,100.98,15,31,64
U660,Apr,2025,60,6385,Diesel,25,21,112,229,106.42,27,15,58
U673,Sep,2025,52,5526,Diesel,31,16,90,129,106.27,62,30,48
U817,Apr,2025,76,7612,Diesel,76,16,24,54,100.17,48,20,79
U803,Feb,2024,143,14739,Petrol,66,19,97,270,103.07,44,22,132
U649,Oct,2025,65,6535,Petrol,30,19,2,99,100.55,33,15,70
U580,May,2025,92,9783,Diesel,70,18,138,68,106.34,78,16,84
U874,Mar,2023,77,8154,Petrol,16,26,111,298,105.9,80,29,83
U713,Dec,2023,80,8577,Petrol,26,24,145,16,107.22,71,19,85
U703,Sep,2025,48,4890,Diesel,21,24,46,115,101.89,58,29,49
U752,Apr,2025,42,4353,Petrol,11,26,49,151,103.65,26,24,45
U729,Jun,2023,112,11365,Diesel,72,17,123,115,101.48,54,19,103
U664,Feb,2025,61,6281,Diesel,41,18,89,29,102.97,38,17,57
U727,Jun,2024,0,0,Electric,42,24,66,50,104.18,25,20,0
U647,Mar,2024,32,3213,Petrol,15,18,1,59,100.43,80,29,30
U520,Dec,2024,39,4123,Petrol,5,16,146,228,105.72,15,28,37
U941,Dec,2025,49,5113,Diesel,29,19,1,258,104.35,72,24,49
U902,Sep,2023,58,6184,Diesel,46,19,64,4,106.63,42,18,52
U547,Nov,2025,0,0,Electric,56,19,90,27,102.17,82,25,0
U733,Feb,2025,86,9221,Petrol,28,25,115,253,107.23,73,21,81
U805,Dec,2023,178,19222,Petrol,57,25,48,230,107.99,85,29,181
U514,Dec,2023,86,9232,Hybrid,60,24,68,199,107.35,36,23,94
U643,Sep,2023,131,13914,Petrol,67,15,131,270,106.22,43,29,131
U915,May,2024,29,3088,Diesel,12,20,144,45,106.5,88,26,28
U501,Aug,2025,160,16734,Petrol,63,25,125,27,104.59,83,20,155
U873,Feb,2023,83,8426,Petrol,49,16,52,6,101.52,59,20,87
U554,Jun,2025,100,10542,Petrol,31,21,111,231,105.42,84,29,91
U874,Mar,2024,122,12895,Petrol,56,18,149,198,105.7,31,19,133
U759,Dec,2024,38,4099,Diesel,22,19,138,93,107.88,53,18,37
U644,Dec,2023,26,2712,Hybrid,20,19,112,81,104.33,54,31,25
U971,Oct,2023,164,16755,Petrol,70,19,142,87,102.17,42,24,179
U941,May,2025,27,2847,Diesel,9,16,113,185,105.47,16,26,29
U959,Dec,2023,49,5284,Petrol,7,19,137,242,107.84,41,19,50
U512,Aug,2025,99,10040,Diesel,74,17,47,67,101.42,35,21,89
U830,Oct,2023,39,4001,Petrol,11,18,30,186,102.61,21,26,40
U724,Jan,2025,48,5008,Hybrid,54,16,36,238,104.34,75,16,46
U772,May,2025,39,3953,Diesel,18,18,107,217,101.36,66,31,38
U956,Mar,2025,71,7112,Diesel,42,23,27,107,100.18,62,27,66
U858,Apr,2025,86,8832,Diesel,51,22,69,37,102.7,33,19,86
U960,Feb,2024,85,9088,Diesel,37,25,13,275,106.92,87,19,89
U908,Sep,2025,0,0,Electric,47,26,121,9,100.35,26,26,0
U656,Mar,2023,35,3620,Diesel,33,17,15,25,103.43,85,26,38
U873,Feb,2024,43,4562,Hybrid,61,15,24,47,106.1,16,21,40
U508,Oct,2024,16,1722,Diesel,9,15,65,13,107.63,31,20,14
U622,Nov,2025,122,13161,Petrol,64,20,37,99,107.88,89,24,125
U848,Sep,2024,104,10751,Diesel,74,17,102,186,103.38,17,30,111
U664,Jul,2025,17,1829,Petrol,6,18,97,11,107.6,35,16,18
U590,Jun,2023,91,9125,Diesel,74,15,114,278,100.28,65,18,95
U636,Jan,2025,124,13140,Petrol,47,22,39,166,105.97,24,23,116
U686,May,2024,19,1997,Diesel,8,15,63,121,105.14,69,19,20
U816,Dec,2023,120,12240,Petrol,60,19,88,94,102.0,50,15,130
U678,Nov,2025,138,14360,Petrol,63,20,99,24,104.06,65,25,128
U528,Nov,2023,31,3132,Petrol,13,16,143,16,101.04,88,17,31
U720,Mar,2023,0,0,Electric,7,21,81,28,106.97,31,15,0
U857,Jan,2024,131,13474,Petrol,52,21,76,71,102.86,75,18,129
U541,Apr,2023,89,9345,Petrol,47,15,58,269,105.01,89,23,97
U728,Feb,2024,27,2734,Diesel,5,18,90,249,101.27,27,30,24
U692,Feb,2023,147,14942,Diesel,61,26,97,294,101.65,79,21,150
U911,Mar,2025,124,13384,Petrol,57,18,138,143,107.94,88,19,116
U947,Aug,2023,57,6043,Petrol,20,19,0,273,106.02,62,27,57
U645,Aug,2025,107,11523,Petrol,55,15,12,222,107.7,84,25,112
U701,Dec,2025,0,0,Electric,79,15,29,74,102.37,61,28,0
U917,Jul,2023,143,14488,Petrol,59,21,17,101,101.32,24,31,139
U712,Jun,2025,21,2184,Petrol,5,23,77,19,104.02,71,26,22
U961,Sep,2023,75,7796,Petrol,32,15,140,116,103.96,27,19,78
U720,Apr,2023,100,10140,Petrol,57,16,31,173,101.4,75,22,101
U740,Dec,2025,95,10057,Diesel,62,20,70,172,105.87,72,16,89
U913,Jan,2025,149,15330,Petrol,77,20,49,3,102.89,82,31,146
U897,Aug,2024,124,12584,Petrol,64,16,115,147,101.49,43,16,130
U546,Jul,2025,139,14269,Petrol,63,23,112,113,102.66,30,17,147
U535,Jul,2024,74,7733,Petrol,26,18,79,166,104.51,77,29,70
U753,Mar,2025,56,5925,Petrol,12,21,30,299,105.81,61,19,57
U890,Apr,2023,94,9762,Diesel,53,20,50,117,103.86,57,31,86
U582,Oct,2025,102,10628,Diesel,46,25,59,99,104.2,37,28,92
U871,Sep,2023,51,5156,Hybrid,31,25,32,273,101.11,44,15,51
U756,Jun,2023,51,5473,Hybrid,43,17,126,174,107.32,71,28,48
U697,May,2023,65,6982,Diesel,29,22,125,158,107.43,44,23,59
U803,Mar,2024,95,10019,Petrol,42,21,40,226,105.47,81,19,99
U909,Sep,2025,51,5107,Diesel,28,23,18,37,100.14,70,18,50
U950,May,2023,43,4484,Diesel,28,17,40,197,104.3,38,15,45
U510,May,2023,74,7772,Diesel,64,15,84,135,105.03,22,17,76
U812,Apr,2024,74,7989,Diesel,54,16,88,103,107.96,58,25,77
U786,Apr,2025,184,19866,Petrol,70,26,41,192,107.97,48,30,176
U742,Dec,2025,55,5877,Diesel,18,25,119,249,106.86,49,25,52
U751,Jan,2024,113,11357,Diesel,57,26,22,12,100.51,64,24,115
U865,Jul,2024,0,0,Electric,36,15,32,54,107.63,31,26,0
U505,Sep,2025,124,13007,Petrol,52,25,19,84,104.9,16,19,131
U619,Mar,2024,82,8725,Petrol,43,19,89,108,106.41,68,24,82
U789,Dec,2025,99,10222,Petrol,44,24,103,42,103.26,58,27,93
U874,Feb,2025,62,6358,Diesel,46,16,11,70,102.56,63,21,63
U565,Mar,2023,61,6326,Petrol,12,17,142,267,103.71,16,30,66
U646,Jan,2023,78,7891,Petrol,30,22,50,58,101.17,86,20,71
U724,Jun,2025,0,0,Electric,16,24,5,43,102.86,84,24,0
U739,Nov,2025,102,10899,Petrol,47,19,90,271,106.86,23,24,109
U677,Nov,2025,70,7021,Diesel,55,18,68,13,100.3,15,25,64
U767,Jul,2025,155,15687,Petrol,67,19,122,111,101.21,83,24,140
U841,Nov,2025,123,12423,Diesel,53,24,145,227,101.0,23,28,119
U782,Nov,2025,54,5573,Diesel,31,20,114,168,103.22,28,29,53
U563,Feb,2024,29,3131,Hybrid,13,26,110,290,107.98,41,21,29
U717,Aug,2025,60,6083,Hybrid,43,21,60,245,101.39,23,27,60
U842,Jun,2024,208,21041,Petrol,69,23,106,265,101.16,50,25,225
U815,Apr,2024,138,14810,Petrol,75,15,77,242,107.32,17,21,145
U783,May,2025,169,18093,Petrol,75,18,94,157,107.06,37,25,185
U677,Aug,2025,39,3910,Diesel,11,26,73,299,100.26,87,28,38
U961,Mar,2024,92,9752,Hybrid,76,26,47,17,106.01,44,31,84
U917,Mar,2024,157,16522,Petrol,71,23,95,82,105.24,33,30,171
U598,Nov,2025,36,3821,Diesel,14,19,30,230,106.14,81,15,32
U605,Apr,2025,184,19128,Petrol,75,22,33,252,103.96,64,23,194
U599,Jan,2024,126,13599,Diesel,57,26,86,166,107.93,62,23,114
U885,Sep,2024,0,0,Electric,61,15,134,41,100.35,17,24,0
U905,Aug,2024,76,7742,Petrol,31,18,82,248,101.87,80,29,82
U996,Aug,2023,179,18467,Petrol,58,26,134,247,103.17,41,30,175
U811,Oct,2024,51,5283,Petrol,8,26,46,285,103.6,54,25,48
U506,Jun,2023,60,6442,Diesel,27,23,135,19,107.37,32,31,56
U976,Jul,2025,72,7522,Diesel,52,15,128,41,104.48,41,27,71
U965,Jun,2025,78,7828,Petrol,46,15,124,86,100.36,25,20,72
U697,Sep,2024,41,4233,Petrol,7,18,76,260,103.26,53,29,42
U851,Mar,2025,38,3926,Petrol,7,17,2,296,103.33,33,30,36
U633,Mar,2025,60,6463,Diesel,32,21,91,239,107.72,21,18,57
U858,Mar,2025,132,13832,Diesel,67,25,142,166,104.79,71,22,130
U759,Oct,2025,85,8932,Petrol,35,17,99,218,105.09,16,21,85
U937,Mar,2023,34,3594,Diesel,14,15,126,132,105.71,52,31,31
U523,Sep,2023,100,10616,Diesel,53,26,67,206,106.16,19,30,104
U985,Dec,2024,71,7460,Petrol,25,25,132,50,105.08,50,16,76
U553,Apr,2024,161,16405,Petrol,57,24,89,105,101.9,82,31,153
U665,Jul,2024,76,8131,Diesel,58,16,88,183,106.99,71,18,71
U702,Sep,2025,0,0,Electric,61,24,9,200,105.86,34,28,0
U958,Nov,2025,37,3919,Petrol,24,18,7,10,105.93,19,22,34
U583,Dec,2023,85,9177,Petrol,53,15,11,253,107.97,38,19,77
U645,Jul,2023,33,3511,Petrol,11,15,63,149,106.42,44,19,33
U585,Sep,2024,66,7037,Diesel,33,26,117,95,106.63,42,19,62
U578,Dec,2023,137,14742,Petrol,52,22,58,105,107.61,67,19,128
U957,Mar,2023,48,4858,Petrol,17,21,49,142,101.21,65,17,52
U866,Apr,2023,22,2287,Diesel,7,22,39,165,103.98,21,20,21
U501,Aug,2023,15,1569,Diesel,6,18,121,0,104.64,56,15,16
U551,Jun,2023,47,4823,Petrol,20,20,96,45,102.63,49,22,43
U673,May,2024,43,4588,Petrol,10,17,126,241,106.72,48,27,45
U705,Apr,2024,116,12307,Diesel,49,25,86,277,106.1,87,20,116
U760,Aug,2023,178,18827,Petrol,75,22,76,2,105.77,68,30,162
U946,Jan,2024,36,3887,Petrol,9,18,120,141,107.98,43,22,37
U949,Sep,2025,50,5104,Hybrid,60,17,145,60,102.08,24,31,53
U869,Jan,2023,147,15564,Petrol,75,18,148,293,105.88,41,22,137
U988,Aug,2025,67,6995,Diesel,36,20,110,224,104.41,27,29,70
U788,Apr,2024,67,6867,Hybrid,53,25,128,169,102.5,56,24,66
U534,Sep,2024,45,4557,Petrol,17,21,40,133,101.28,51,15,47
U848,Nov,2025,92,9859,Petrol,34,21,136,40,107.17,75,23,95
U595,May,2024,62,6495,Diesel,29,26,22,230,104.76,35,31,56
U572,Mar,2023,73,7781,Hybrid,64,18,77,225,106.6,17,15,68
U539,Sep,2025,75,7827,Hybrid,63,22,10,138,104.36,22,23,74
U654,Nov,2023,58,5902,Diesel,32,21,70,109,101.76,84,28,63
U750,Sep,2025,126,12940,Petrol,62,16,25,296,102.7,31,19,122
U662,Apr,2024,43,4431,Diesel,24,22,29,56,103.05,24,20,44
U938,Nov,2025,110,11855,Petrol,38,23,101,122,107.78,27,19,99
U618,Apr,2025,46,4602,Petrol,9,19,68,239,100.05,26,18,47
U759,Dec,2023,145,15644,Petrol,64,18,132,85,107.89,80,30,147
U879,Aug,2024,99,10676,Petrol,47,18,60,175,107.84,88,30,103
U806,Feb,2023,78,8421,Diesel,61,18,105,62,107.97,37,24,84
U768,Sep,2024,104,10796,Petrol,61,20,22,38,103.81,79,28,96
U949,Jun,2023,184,19818,Petrol,79,25,112,137,107.71,66,27,175
U554,Sep,2025,122,12585,Petrol,58,18,29,240,103.16,75,18,134
U736,Aug,2023,56,5611,Hybrid,49,21,66,225,100.21,40,28,52
U889,Jul,2024,85,8652,Diesel,41,21,130,205,101.79,29,23,88
U978,Jan,2024,133,14305,Petrol,52,19,120,163,107.56,36,17,138
U722,Dec,2025,104,10411,Petrol,58,19,82,26,100.11,79,24,107
U751,Mar,2024,129,13463,Petrol,52,24,61,182,104.37,40,29,121
U813,Nov,2023,19,1911,Hybrid,10,22,56,197,100.6,35,16,17
U901,Feb,2025,58,5932,Diesel,38,21,0,106,102.29,38,16,59
U612,May,2024,126,12688,Diesel,67,21,101,188,100.7,30,23,118
U755,May,2024,68,7267,Diesel,52,20,68,35,106.88,46,18,70
U803,May,2023,62,6493,Petrol,27,21,58,84,104.73,30,19,61
U907,Apr,2023,33,3538,Diesel,17,21,45,154,107.22,56,16,32
U707,May,2025,92,9706,Diesel,51,24,105,168,105.51,46,21,88
U729,Mar,2024,104,11208,Petrol,48,16,33,283,107.77,64,20,113
U841,Dec,2023,128,13322,Petrol,36,24,100,271,104.08,55,30,128
U898,Jan,2025,45,4729,Diesel,30,16,96,34,105.11,38,28,45
U566,May,2024,81,8473,Hybrid,57,24,28,183,104.61,27,26,88
U575,Sep,2024,58,6024,Petrol,18,21,122,98,103.87,89,20,59
U935,Sep,2025,76,8114,Hybrid,56,24,72,236,106.77,24,27,82
U603,Apr,2025,65,6835,Diesel,40,21,142,121,105.16,56,29,59
U922,Mar,2023,22,2341,Petrol,12,21,3,22,106.41,55,28,23
U692,Jan,2024,79,8396,Petrol,44,19,37,62,106.29,17,22,76
U752,Feb,2024,59,5990,Petrol,26,15,19,149,101.53,69,25,62
U726,Aug,2024,43,4523,Diesel,20,16,112,194,105.2,30,23,46
U794,Jan,2025,135,13716,Petrol,64,23,22,79,101.6,58,26,128
U806,Aug,2023,170,17793,Petrol,64,22,110,152,104.67,44,20,166
U598,Jul,2024,28,2951,Diesel,14,22,135,16,105.42,51,17,29
U838,Aug,2025,46,4967,Diesel,29,24,44,38,107.98,74,15,42
U786,Dec,2024,78,7818,Petrol,35,15,96,201,100.24,38,29,81
U835,Jun,2023,69,6950,Petrol,25,20,32,279,100.73,40,29,63
U847,Dec,2024,108,10866,Petrol,37,23,134,87,100.62,72,19,116
U935,Sep,2023,68,7016,Diesel,35,22,21,299,103.19,23,25,64
U947,Mar,2023,66,7033,Diesel,25,17,132,291,106.57,75,15,66
U982,Oct,2024,81,8646,Petrol,40,18,14,69,106.75,33,24,74
U808,Apr,2024,82,8683,Diesel,69,17,20,123,105.9,42,25,78
U749,Jun,2023,22,2357,Diesel,8,20,125,79,107.18,21,21,21
U666,Aug,2025,114,11694,Diesel,72,23,88,44,102.58,59,31,113
U981,May,2023,28,2819,Diesel,8,22,16,232,100.71,77,26,25
U972,Mar,2024,44,4420,Petrol,13,24,55,153,100.47,51,18,47
U835,Jun,2024,70,7477,Petrol,34,18,49,179,106.82,30,26,63
U530,Apr,2025,55,5821,Diesel,49,16,134,30,105.84,19,17,58
U747,Sep,2023,22,2322,Diesel,8,22,117,84,105.59,43,26,21
U606,Mar,2023,108,11093,Diesel,73,22,121,44,102.72,66,27,108
U551,Apr,2023,85,8758,Petrol,27,26,49,242,103.04,37,30,80
U581,Jul,2024,26,2799,Hybrid,20,25,59,39,107.66,20,22,26
U633,Jul,2023,62,6231,Diesel,26,20,124,181,100.51,50,20,62
U785,Dec,2025,210,22299,Petrol,76,22,115,296,106.19,71,24,195
U888,Dec,2024,116,11887,Petrol,52,23,134,80,102.48,47,24,109
U638,Apr,2024,68,6821,Diesel,66,15,87,37,100.31,63,20,62
U684,Jun,2023,105,11123,Diesel,64,23,104,56,105.94,55,22,95
U901,Dec,2025,21,2155,Petrol,9,16,54,29,102.65,69,31,18
U830,Mar,2024,26,2750,Hybrid,11,15,63,265,105.78,40,24,24
U773,Jun,2024,146,15426,Petrol,55,22,95,226,105.66,51,16,151
U840,Dec,2023,172,17936,Petrol,69,22,43,291,104.28,31,26,165
U972,Feb,2023,23,2443,Hybrid,13,25,129,53,106.22,46,24,22
U569,Aug,2025,45,4709,Hybrid,49,18,148,96,104.65,42,23,41
U534,Feb,2023,88,9001,Diesel,51,22,49,3,102.29,39,30,89
U762,Nov,2025,76,8046,Hybrid,71,21,110,90,105.87,61,21,73
U553,Jul,2024,63,6596,Petrol,28,16,136,88,104.71,36,23,65
U950,Sep,2025,18,1801,Hybrid,14,19,98,91,100.1,75,20,18
U705,Jan,2025,175,18761,Petrol,77,24,147,149,107.21,58,24,177
U626,Aug,2025,121,12628,Petrol,52,18,145,233,104.37,34,21,115
U735,Jul,2024,63,6737,Petrol,39,17,83,58,106.95,64,25,63
U543,Jun,2023,98,10491,Petrol,58,15,29,184,107.06,61,15,93
U740,Jun,2024,154,15948,Petrol,75,19,64,43,103.56,61,19,166
U959,Jun,2023,60,6243,Petrol,20,24,23,179,104.06,86,20,63
U871,Sep,2025,140,14466,Petrol,57,22,89,75,103.33,65,21,139
U611,Feb,2025,121,12535,Petrol,44,26,105,143,103.6,69,18,132
U749,Jan,2025,42,4500,Diesel,24,23,76,100,107.16,53,30,42
U651,Dec,2025,156,16584,Petrol,73,21,67,271,106.31,28,24,150
U683,Jun,2025,140,14141,Petrol,49,26,108,54,101.01,83,29,128
U836,Oct,2023,41,4300,Diesel,10,25,144,188,104.88,61,27,41
U595,Nov,2023,66,7126,Hybrid,73,15,96,76,107.97,35,22,70
U959,Aug,2025,87,9114,Diesel,53,15,132,295,104.76,29,27,93
U874,Mar,2024,98,10416,Petrol,43,15,91,218,106.29,15,21,100
U900,Dec,2024,30,3184,Diesel,6,16,87,276,106.15,24,31,29
U508,Oct,2025,64,6579,Petrol,43,15,49,65,102.8,37,18,65
U888,Jan,2023,58,5972,Petrol,25,18,102,135,102.97,32,21,61
U860,Sep,2024,146,15445,Petrol,44,24,111,233,105.79,72,30,143
U888,Jan,2024,110,11440,Diesel,58,23,45,198,104.0,87,16,109
U684,Mar,2024,67,7005,Petrol,16,26,10,265,104.56,66,28,69
U781,Aug,2025,81,8561,Petrol,41,18,11,42,105.7,60,28,87
U695,Mar,2024,106,11259,Petrol,42,18,140,227,106.22,27,22,112
U852,Apr,2024,33,3371,Hybrid,19,21,63,226,102.17,31,20,29
U695,Aug,2024,22,2225,Diesel,11,25,7,62,101.17,81,21,20
U655,Jan,2024,115,11767,Petrol,54,23,8,170,102.33,75,21,123
U593,Jun,2023,123,12799,Diesel,69,21,129,249,104.06,79,16,131
U660,Jan,2025,86,8835,Diesel,71,15,77,249,102.74,67,18,84
U934,Jan,2025,81,8468,Diesel,48,15,140,237,104.55,19,27,82
U561,Aug,2023,55,5523,Petrol,35,18,1,55,100.43,46,24,59
U622,Nov,2023,55,5724,Hybrid,47,18,73,170,104.08,59,23,59
U551,Apr,2025,94,9676,Petrol,52,15,130,33,102.94,70,29,99
U903,Dec,2024,118,12305,Diesel,65,20,133,129,104.28,19,26,111
U777,Jan,2024,203,20986,Petrol,79,24,86,129,103.38,48,24,212
U505,Oct,2025,33,3374,Petrol,14,16,4,150,102.27,75,19,30
U966,Jul,2024,86,9221,Petrol,33,25,130,142,107.23,76,21,92
U592,May,2023,76,7712,Diesel,52,19,137,117,101.48,83,25,70
U670,May,2024,169,17821,Petrol,66,22,146,203,105.45,77,30,174
U817,Jan,2024,34,3651,Diesel,17,17,13,234,107.4,58,27,34
U522,Oct,2024,111,11578,Petrol,48,23,148,16,104.31,42,18,117
U905,Nov,2025,77,8239,Diesel,51,21,123,81,107.01,84,30,77
U826,Jun,2023,100,10100,Diesel,68,23,42,13,101.0,27,27,91
U501,Sep,2024,62,6444,Diesel,57,15,27,80,103.95,57,15,64
U633,Sep,2025,80,8292,Diesel,48,19,148,206,103.66,44,18,78
U733,Aug,2024,65,6503,Diesel,32,26,23,203,100.06,40,29,62
U512,May,2023,39,4038,Petrol,6,17,16,271,103.55,77,30,42
U846,Jan,2024,93,9574,Diesel,61,18,149,31,102.95,87,18,94
U546,Sep,2023,103,10852,Petrol,61,18,82,22,105.36,71,31,107
U534,Jan,2024,66,7095,Diesel,38,25,44,101,107.51,78,25,66
U933,Aug,2023,126,12686,Diesel,62,26,73,161,100.69,63,19,132
U578,May,2024,112,11493,Petrol,56,21,138,97,102.62,66,27,117
U718,Mar,2023,98,10147,Petrol,33,24,60,143,103.55,77,26,101
U801,Nov,2024,103,10674,Petrol,39,25,37,103,103.64,27,17,113
U911,Jul,2024,136,14443,Diesel,79,22,65,170,106.2,59,18,134
U573,Jul,2025,56,5798,Hybrid,52,25,32,63,103.55,60,24,58
U782,Sep,2025,83,8318,Diesel,37,24,42,243,100.22,55,23,87
U749,Jul,2023,113,11941,Diesel,79,19,111,70,105.68,60,24,110
U547,Nov,2024,115,12314,Hybrid,77,26,34,273,107.08,15,27,114
U621,Mar,2023,42,4372,Petrol,13,24,36,124,104.11,87,15,45
U714,Nov,2025,106,11092,Petrol,52,21,99,106,104.65,82,26,96
U739,Jan,2023,97,9826,Diesel,71,17,22,147,101.3,26,25,93
U556,Aug,2023,58,5902,Diesel,40,17,88,191,101.77,87,22,57
U850,Dec,2025,61,6214,Hybrid,75,17,14,225,101.88,49,28,54
U607,Mar,2024,168,17379,Petrol,48,26,131,241,103.45,47,28,181
U819,Dec,2023,133,14288,Petrol,64,18,149,283,107.43,72,31,127
U548,Aug,2025,149,15521,Petrol,67,20,21,162,104.17,49,31,141
U561,Aug,2024,25,2538,Petrol,9,19,77,7,101.54,60,20,26
U837,May,2025,111,11336,Petrol,44,22,144,151,102.13,80,28,106
U526,Dec,2023,47,4844,Diesel,23,26,71,94,103.07,58,31,48
U792,Jan,2024,120,12598,Petrol,51,19,97,213,104.99,40,20,127
U757,Oct,2024,145,15010,Diesel,69,25,89,63,103.52,56,19,153
U508,Jul,2025,163,16811,Petrol,71,26,108,64,103.14,44,27,172
U613,Dec,2025,48,5016,Diesel,22,19,93,269,104.52,46,30,44
U855,Oct,2025,136,13862,Petrol,54,24,79,24,101.93,50,23,124
U753,May,2024,66,6641,Petrol,34,16,93,99,100.63,33,26,63
U680,Aug,2024,212,21242,Petrol,70,26,79,104,100.2,36,24,192
U707,Sep,2023,0,0,Electric,9,25,37,130,102.01,79,27,0
U803,Nov,2024,86,8662,Diesel,46,25,133,18,100.73,71,30,84
U627,Jul,2023,47,4826,Petrol,9,19,133,224,102.69,25,31,47
U556,Jul,2025,152,16139,Petrol,54,26,25,105,106.18,40,30,145
U714,Jan,2025,61,6449,Hybrid,62,21,100,53,105.73,62,28,60
U514,Apr,2024,47,4929,Petrol,12,16,74,225,104.89,33,30,45
U974,Feb,2025,66,7050,Petrol,35,20,37,14,106.82,26,29,61
U528,Feb,2025,33,3374,Diesel,16,21,82,47,102.26,81,26,33
U971,Feb,2024,35,3747,Hybrid,25,19,142,138,107.08,70,19,36
U578,Apr,2023,160,16510,Petrol,66,23,55,33,103.19,32,25,170
U716,Jan,2024,85,8772,Petrol,37,18,104,209,103.21,19,19,91
U886,Apr,2023,35,3613,Hybrid,30,24,30,18,103.24,38,25,36
U865,Feb,2024,96,9674,Petrol,44,15,57,195,100.78,52,16,99
U654,May,2024,180,19404,Petrol,69,22,72,114,107.8,81,31,164
U514,Mar,2025,106,10717,Diesel,63,22,131,74,101.11,84,26,97
U687,Dec,2024,27,2773,Hybrid,19,21,9,149,102.73,66,19,28
U812,Aug,2024,19,1948,Petrol,5,22,72,35,102.55,89,26,17
U871,Apr,2023,0,0,Electric,15,16,14,241,100.6,53,30,0
U507,Jan,2025,79,7996,Diesel,59,17,97,150,101.22,73,15,73
U503,Jan,2023,20,2007,Petrol,6,23,62,62,100.36,40,16,18
U611,Dec,2023,0,0,Electric,69,15,18,153,102.34,79,24,0
U907,Oct,2025,113,12083,Petrol,48,22,112,187,106.93,62,16,107
U738,Mar,2025,61,6265,Petrol,20,22,62,222,102.72,67,24,60
U863,Sep,2025,44,4443,Diesel,26,21,115,92,100.99,23,15,40
U739,Jul,2024,57,5994,Petrol,22,25,20,4,105.17,19,19,59
U993,Feb,2025,105,11336,Petrol,51,19,144,165,107.97,86,26,109
U774,Sep,2025,63,6417,Petrol,34,18,145,24,101.86,75,31,61
U794,Oct,2025,48,4907,Petrol,14,24,80,97,102.24,35,27,50
U727,Feb,2023,128,13794,Diesel,62,24,65,267,107.77,77,17,121
U871,Mar,2023,105,10650,Diesel,66,24,64,149,101.43,34,24,109
U515,Nov,2024,0,0,Electric,10,24,42,251,104.09,72,28,0
U692,Oct,2023,146,14880,Petrol,71,20,56,83,101.92,59,22,159
U973,Feb,2024,132,14184,Petrol,45,26,137,284,107.46,36,24,124
U619,Mar,2023,133,14344,Petrol,47,25,36,171,107.85,89,16,122
U985,Jun,2025,67,7136,Petrol,22,15,119,220,106.52,77,27,63
U528,Sep,2023,121,12404,Petrol,62,19,68,108,102.52,44,19,111
U702,Sep,2024,80,8258,Diesel,64,18,55,26,103.23,77,25,74
U539,Jul,2023,38,3873,Hybrid,31,18,118,245,101.94,58,15,36
U941,Dec,2025,0,0,Electric,72,21,54,54,107.13,81,24,0
U773,Mar,2024,63,6761,Petrol,26,23,37,132,107.32,72,27,68
U731,Apr,2025,32,3307,Hybrid,28,22,14,51,103.35,79,18,30
U586,Jun,2025,132,13893,Petrol,44,25,143,252,105.25,50,24,144
U974,Nov,2024,236,23911,Petrol,78,26,76,268,101.32,20,26,250
U626,May,2025,88,9106,Hybrid,70,22,52,297,103.48,51,28,94
U800,Feb,2025,55,5777,Diesel,44,19,6,78,105.05,89,17,59
U525,Jun,2023,26,2680,Petrol,10,20,54,17,103.08,69,16,27
U645,Mar,2025,54,5554,Petrol,22,16,51,257,102.86,89,25,57
U513,Aug,2025,93,9300,Petrol,34,25,3,106,100.01,73,21,91
U712,Feb,2025,39,4150,Diesel,25,17,42,46,106.43,52,28,39
U525,Jan,2025,158,16923,Petrol,66,19,39,245,107.11,39,21,171
U568,Sep,2024,0,0,Electric,14,16,120,88,107.76,47,21,0
U894,Dec,2023,50,5287,Petrol,17,17,29,202,105.75,27,23,45
U567,Mar,2025,53,5532,Petrol,13,18,137,239,104.39,52,26,55
U733,Nov,2025,155,15833,Petrol,72,20,102,267,102.15,72,20,157
U609,Jan,2024,58,6263,Diesel,43,19,6,12,107.99,34,21,61
U646,Jul,2025,83,8691,Petrol,28,24,108,136,104.72,31,18,75
U611,Oct,2024,60,6327,Diesel,38,18,19,172,105.45,38,30,61
U728,May,2023,52,5483,Hybrid,65,16,48,229,105.46,40,21,49
U611,May,2023,70,7473,Hybrid,45,26,95,197,106.76,54,22,75
U970,Jan,2025,38,3803,Diesel,9,25,58,242,100.08,46,22,35
U534,Sep,2025,54,5495,Hybrid,54,19,89,42,101.76,51,17,57
U611,Jul,2025,28,2948,Diesel,8,19,25,278,105.32,74,23,25
U764,Aug,2024,93,9965,Diesel,55,25,35,78,107.16,71,27,84
U924,Sep,2025,127,13395,Petrol,56,21,125,278,105.48,72,21,120
U869,Jun,2025,74,7644,Petrol,43,15,42,231,103.31,81,29,71
U736,Dec,2023,40,4115,Petrol,12,18,98,100,102.89,36,16,41
U583,May,2025,130,13767,Petrol,49,25,32,161,105.9,72,26,120
U542,Jun,2023,71,7521,Petrol,32,19,99,143,105.93,87,22,70
U925,Nov,2025,0,0,Electric,31,22,96,108,104.86,88,22,0
U601,Feb,2023,197,20159,Petrol,69,26,44,232,102.33,63,27,210
U506,Apr,2025,109,11706,Petrol,38,26,87,110,107.4,63,15,99
U680,Mar,2023,108,11277,Diesel,66,22,142,231,104.42,56,24,104
U782,Jul,2024,125,13290,Petrol,66,15,94,237,106.32,54,23,128
U820,Sep,2023,92,9357,Petrol,42,19,16,196,101.71,85,16,99
U726,May,2023,91,9350,Petrol,30,24,139,272,102.75,60,28,97
U943,Jun,2023,43,4601,Petrol,28,15,21,85,107.0,36,24,46
U940,Oct,2025,101,10140,Petrol,43,15,89,294,100.4,35,24,92
U815,Dec,2025,36,3747,Diesel,25,16,77,40,104.1,65,22,38
U865,Dec,2025,69,7165,Diesel,51,16,139,47,103.85,28,28,72
U954,Feb,2024,112,11873,Petrol,52,23,113,76,106.01,88,27,121
U729,Mar,2024,43,4397,Petrol,17,18,67,177,102.26,23,20,41
U877,Mar,2023,40,4070,Petrol,7,17,109,256,101.75,32,27,43
U789,Dec,2024,76,8163,Diesel,36,25,124,116,107.41,27,17,74
U937,Dec,2023,79,8261,Petrol,39,15,140,18,104.57,31,27,81
U650,Sep,2023,61,6151,Petrol,23,26,56,58,100.84,39,30,60
U777,Jul,2023,37,3756,Diesel,18,16,54,195,101.54,68,18,36
U698,Aug,2024,107,11554,Petrol,52,20,81,106,107.99,30,17,107
U570,Nov,2025,180,18280,Petrol,72,23,106,283,101.56,38,29,174
U612,Oct,2024,97,10173,Petrol,49,19,101,33,104.88,89,29,102
U504,Nov,2023,34,3514,Hybrid,23,18,146,294,103.36,37,21,34
U850,Sep,2023,87,9315,Hybrid,68,19,110,250,107.08,55,19,90
U831,Jun,2024,115,12194,Diesel,70,23,106,125,106.04,47,22,108
U946,Apr,2023,189,19803,Petrol,70,26,101,105,104.78,56,24,206
U818,Dec,2023,115,11510,Diesel,79,21,2,179,100.09,62,15,118
U850,Jan,2024,0,0,Electric,49,22,147,109,107.04,32,25,0
U595,Aug,2024,0,0,Electric,78,18,24,227,103.56,77,17,0
U652,Jul,2024,191,20522,Petrol,71,25,74,120,107.45,25,17,178
U811,Feb,2023,130,13514,Diesel,73,22,60,106,103.96,38,29,118
U637,Aug,2023,39,4116,Petrol,7,20,122,130,105.55,75,31,39
U747,Dec,2025,74,7440,Petrol,42,19,54,22,100.55,78,22,74
U887,May,2025,99,10490,Diesel,46,26,38,144,105.96,50,27,92
U743,Jul,2024,106,10886,Petrol,44,21,82,153,102.7,67,24,102
U531,Apr,2025,59,6065,Hybrid,54,20,33,106,102.81,61,17,64
U540,May,2023,81,8176,Petrol,39,17,112,145,100.95,66,28,77
U729,Aug,2025,58,5867,Diesel,28,19,149,251,101.17,71,27,54
U536,Jan,2023,27,2740,Hybrid,21,23,26,69,101.49,89,17,29
U908,Jan,2024,48,4926,Hybrid,44,21,148,30,102.63,37,27,46
U723,Apr,2024,178,19070,Petrol,78,26,30,92,107.14,73,23,184
U506,Mar,2023,158,16266,Petrol,70,18,136,136,102.95,83,30,149
U822,Oct,2025,78,8251,Diesel,48,21,82,162,105.79,70,22,78
U968,Dec,2024,57,5737,Petrol,27,19,9,80,100.66,56,26,55
U720,Feb,2024,0,0,Electric,10,25,39,75,104.73,32,26,0
U575,Dec,2025,55,5712,Hybrid,70,16,53,62,103.86,85,31,54
U504,Mar,2025,72,7763,Petrol,25,20,134,99,107.82,47,29,73
U835,Nov,2023,72,7687,Petrol,39,21,3,47,106.77,17,21,78
U634,Nov,2025,99,10260,Petrol,33,22,142,73,103.64,42,27,108
U618,Nov,2025,21,2230,Hybrid,11,20,5,191,106.2,15,30,19
U869,Jan,2025,122,12387,Petrol,57,22,72,29,101.54,77,25,130
U594,Jan,2023,95,9927,Petrol,41,21,57,156,104.5,61,19,92
U986,Jun,2023,65,6539,Petrol,27,16,76,265,100.6,51,16,66
U935,May,2024,36,3700,Diesel,12,20,18,255,102.78,62,15,35
U562,Aug,2023,106,10791,Petrol,52,23,61,38,101.81,33,30,103
U941,Feb,2024,39,4124,Petrol,14,26,70,54,105.75,28,19,36
U694,Apr,2025,32,3325,Hybrid,28,20,137,27,103.92,81,21,32
U835,Aug,2024,44,4664,Hybrid,51,18,24,117,106.01,79,23,44
U703,Dec,2024,101,10516,Diesel,57,21,126,208,104.12,40,18,94
U892,Jun,2025,89,8961,Petrol,43,17,57,74,100.69,24,29,89
U526,Jan,2024,146,15458,Petrol,71,19,119,64,105.88,84,21,159
U935,Apr,2023,95,10133,Diesel,70,15,110,99,106.67,57,19,99
U673,Jan,2023,28,3002,Petrol,10,24,75,45,107.23,84,27,27
U800,Feb,2023,32,3346,Hybrid,25,17,69,155,104.58,86,17,34
U633,May,2023,132,13995,Diesel,77,22,137,239,106.03,73,20,133
U826,Aug,2024,205,21734,Petrol,78,23,65,258,106.02,17,26,190
U910,Aug,2024,51,5163,Hybrid,40,23,119,135,101.25,19,18,51
U618,Nov,2025,0,0,Electric,7,24,86,197,101.31,51,28,0
U824,Mar,2024,88,8850,Petrol,46,16,138,186,100.57,66,28,92
U775,Nov,2024,84,8615,Diesel,49,18,121,115,102.56,80,15,91
U712,Apr,2024,82,8510,Petrol,48,19,48,57,103.79,77,25,79
U725,Oct,2025,61,6586,Petrol,37,17,47,69,107.98,21,23,60
U520,Nov,2023,155,16034,Petrol,64,25,114,92,103.45,67,19,152
U613,Jun,2024,109,11533,Diesel,74,15,86,228,105.81,20,24,104
U640,Nov,2025,0,0,Electric,30,20,6,136,105.55,21,29,0
U547,Nov,2025,46,4675,Diesel,25,24,76,104,101.64,58,24,47
U501,Oct,2025,26,2612,Petrol,6,16,144,16,100.47,32,30,23
U590,Mar,2023,100,10437,Diesel,51,23,120,53,104.37,68,18,106
U642,Feb,2024,66,6969,Petrol,34,15,123,111,105.6,43,18,61
U820,Jun,2025,53,5723,Hybrid,31,25,149,171,107.99,39,22,58
U538,Nov,2023,199,20471,Petrol,75,23,140,143,102.87,77,20,194
U793,May,2025,63,6751,Petrol,24,21,124,84,107.17,82,25,64
U882,Oct,2025,129,13294,Petrol,54,25,11,11,103.06,27,27,118
U639,May,2025,72,7597,Diesel,27,24,70,251,105.52,46,25,69
U856,Oct,2025,43,4505,Petrol,17,16,0,215,104.79,41,16,45
U833,May,2025,27,2711,Diesel,8,20,118,125,100.42,65,17,26
U991,Oct,2023,53,5333,Petrol,18,22,141,97,100.63,48,29,57
U759,Dec,2024,53,5309,Petrol,24,16,110,27,100.17,42,27,53
U661,May,2024,57,5869,Petrol,17,19,63,265,102.97,87,24,61
U890,Mar,2024,12,1271,Hybrid,7,26,42,51,105.97,86,19,13
U678,Jul,2024,68,6893,Hybrid,51,25,40,142,101.38,44,25,67
U510,Jun,2023,38,3984,Petrol,7,20,114,131,104.85,23,28,38
U761,Apr,2023,34,3478,Petrol,5,17,38,206,102.31,27,29,36
U907,Feb,2023,64,6808,Petrol,28,26,0,61,106.38,78,27,60
U638,Dec,2025,55,5851,Diesel,39,16,40,131,106.39,52,17,58
U672,Sep,2025,49,5203,Petrol,18,25,87,40,106.2,36,23,49
U886,Jan,2025,68,7085,Hybrid,71,20,97,200,104.2,45,22,71
U513,Nov,2024,21,2147,Hybrid,17,17,87,98,102.28,56,29,19
U668,Apr,2025,110,11712,Petrol,51,16,78,283,106.48,76,15,115
U630,Jan,2024,97,9844,Petrol,54,15,140,46,101.49,78,16,93
U584,Jun,2025,34,3478,Hybrid,30,22,70,136,102.32,88,23,36
U821,Apr,2024,23,2333,Diesel,7,15,136,129,101.47,23,31,23
U819,May,2025,149,15703,Petrol,55,26,98,194,105.39,58,23,142
U601,May,2025,96,10127,Petrol,44,19,86,116,105.49,77,15,104
U829,Sep,2023,153,16098,Petrol,72,25,0,68,105.22,54,22,161
U773,Jan,2025,82,8472,Petrol,40,20,141,27,103.32,55,19,89
U765,Feb,2025,145,14616,Petrol,55,25,111,13,100.8,86,25,141
U959,Jun,2023,21,2253,Petrol,5,26,73,45,107.29,64,20,21
U899,May,2024,70,7284,Diesel,37,26,64,15,104.06,34,31,71
U908,Nov,2023,49,5059,Petrol,11,17,68,208,103.26,84,19,50
U538,Jul,2023,116,12146,Petrol,56,21,66,157,104.71,56,19,105
U919,Mar,2024,52,5280,Petrol,15,16,49,226,101.54,47,27,49
U594,Mar,2025,63,6366,Diesel,31,21,57,240,101.06,77,21,68
U595,Oct,2024,18,1858,Hybrid,18,16,52,57,103.24,71,28,17
U805,Feb,2025,111,11302,Petrol,50,19,90,129,101.82,79,22,121
U569,Mar,2025,57,5811,Petrol,14,21,114,216,101.95,66,17,53
U818,Oct,2024,0,0,Electric,28,25,117,13,107.14,20,18,0
U944,Jan,2023,179,18660,Petrol,65,25,56,242,104.25,21,24,186
U736,May,2024,60,6232,Petrol,22,17,85,144,103.87,23,18,63
U934,Dec,2025,39,4115,Petrol,13,25,17,102,105.52,75,26,38
U834,May,2024,60,6456,Petrol,21,18,15,216,107.61,48,29,64
U873,Dec,2024,115,11603,Petrol,62,15,129,63,100.9,49,27,116
U876,Nov,2025,24,2560,Hybrid,17,17,12,157,106.67,34,26,24
U959,Jul,2023,115,12037,Diesel,54,23,79,161,104.67,72,22,105
U637,Apr,2024,27,2731,Petrol,10,24,42,17,101.17,74,23,27
U918,Mar,2025,61,6245,Hybrid,55,19,53,215,102.38,68,23,65
U576,Jan,2025,106,11009,Petrol,40,22,136,48,103.86,49,31,99
U983,Dec,2024,111,11713,Petrol,75,16,72,55,105.53,61,15,116
U535,Aug,2023,44,4485,Diesel,29,17,47,57,101.94,60,20,39
U501,Mar,2024,28,2919,Diesel,15,21,17,154,104.28,18,21,30
U796,Feb,2023,107,11286,Petrol,48,24,10,54,105.48,24,23,117
U820,Nov,2023,45,4661,Petrol,18,18,83,18,103.59,89,24,43
U906,Apr,2023,54,5772,Diesel,33,23,18,150,106.9,54,18,49
U560,Mar,2023,130,13904,Diesel,78,21,99,107,106.96,69,30,134
U820,Jan,2024,102,10584,Diesel,54,25,115,46,103.77,87,26,92
U849,Mar,2025,51,5496,Petrol,9,26,89,206,107.78,54,23,50
U828,Dec,2025,114,11468,Petrol,76,15,73,127,100.6,37,17,108
U767,Feb,2025,138,13804,Petrol,73,18,23,184,100.03,29,23,137
U861,Aug,2025,156,16075,Petrol,61,24,12,57,103.05,19,31,140
U729,Jun,2025,52,5450,Hybrid,30,25,124,142,104.81,54,28,47
U770,Sep,2025,34,3571,Petrol,10,20,115,96,105.03,32,19,30
U816,Aug,2024,50,5190,Petrol,20,20,70,46,103.81,35,15,51
U786,Oct,2023,138,13938,Diesel,64,24,125,190,101.0,17,15,139
U791,Mar,2025,54,5473,Petrol,16,20,144,139,101.36,60,17,51
U713,May,2024,143,15275,Petrol,79,19,118,102,106.82,67,23,147
U665,Jul,2025,31,3315,Diesel,7,17,90,230,106.94,34,20,33
U505,May,2025,58,6112,Hybrid,67,16,84,48,105.39,73,23,55
U839,Aug,2023,83,8740,Diesel,68,17,107,111,105.31,35,18,88
U879,Dec,2023,175,18336,Petrol,66,23,126,86,104.78,65,19,180
U578,May,2023,36,3658,Diesel,10,17,120,281,101.62,39,19,32
U910,Jan,2025,45,4654,Diesel,23,17,128,251,103.43,82,28,43
U562,May,2025,33,3483,Petrol,22,15,5,73,105.57,24,24,33
U632,Apr,2025,91,9491,Petrol,47,16,77,46,104.3,81,30,95
U589,Jun,2023,97,9714,Hybrid,77,25,37,75,100.15,23,20,92
U737,Mar,2024,39,4197,Petrol,7,26,115,95,107.63,43,28,42
U542,Nov,2025,83,8861,Diesel,76,17,101,30,106.76,51,23,86
U589,May,2025,55,5614,Petrol,42,16,7,21,102.08,85,21,53
U902,Feb,2025,165,17313,Petrol,72,22,77,16,104.93,52,24,151
U796,Nov,2024,110,11812,Petrol,48,20,111,211,107.39,86,16,102
U828,Jun,2025,102,10278,Diesel,67,21,147,147,100.77,73,27,101
U795,Dec,2024,96,9985,Petrol,46,15,54,234,104.02,71,20,95
U604,Jun,2025,109,11297,Diesel,68,20,47,86,103.65,74,23,114
U514,May,2024,82,8468,Diesel,58,16,87,37,103.28,42,22,85
U788,Jun,2025,106,11308,Diesel,75,20,9,52,106.68,42,24,99
U679,Nov,2023,0,0,Electric,41,17,51,27,103.05,60,30,0
U625,Jul,2023,16,1608,Diesel,8,21,33,76,100.51,85,29,14
U922,Dec,2023,36,3619,Petrol,6,17,60,199,100.53,81,27,35
U853,May,2023,0,0,Electric,48,23,143,172,100.34,69,20,0
U523,Jan,2025,106,10946,Diesel,71,17,78,273,103.27,52,23,103
U563,Aug,2023,132,13959,Petrol,72,21,17,49,105.75,32,21,140
U643,Apr,2024,200,20326,Petrol,78,26,70,176,101.63,77,19,219
U981,Sep,2023,99,10411,Diesel,66,18,85,226,105.17,19,25,101
U653,Oct,2023,23,2426,Petrol,5,22,31,126,105.5,58,27,21
U645,Dec,2023,30,3061,Diesel,21,16,42,20,102.04,43,17,29
U725,Jun,2025,65,6812,Petrol,20,22,82,198,104.8,28,15,58
U995,Jan,2023,43,4535,Petrol,13,23,68,188,105.48,72,18,43
U950,Mar,2024,110,11410,Diesel,57,22,49,151,103.73,58,20,117
U962,Mar,2023,154,15814,Petrol,77,20,11,159,102.69,32,24,158
U809,Oct,2023,163,17106,Petrol,63,24,84,95,104.95,21,21,172
U604,Dec,2023,25,2695,Diesel,13,15,122,74,107.82,76,26,26
U604,Dec,2024,42,4343,Petrol,16,21,57,81,103.41,59,22,44
U935,Apr,2023,57,5878,Diesel,45,15,82,127,103.13,30,27,54
U539,Jun,2024,38,3940,Diesel,19,21,111,132,103.71,78,28,40
U935,Jul,2024,95,9557,Diesel,70,16,127,138,100.61,51,25,97
U698,Oct,2023,182,19006,Petrol,79,22,35,245,104.43,39,24,174
U634,Apr,2024,62,6363,Petrol,15,16,53,290,102.63,23,20,68
U567,Jun,2025,22,2221,Diesel,12,17,46,111,100.97,69,27,23
U891,Nov,2023,90,9335,Hybrid,59,26,114,202,103.73,42,24,91
U679,Jan,2023,28,2800,Diesel,10,17,123,169,100.03,23,26,29
U956,Aug,2024,74,7637,Diesel,57,15,95,86,103.21,26,15,70
U542,Jul,2024,72,7261,Petrol,24,19,106,118,100.85,32,27,70
U948,Nov,2023,104,10419,Petrol,43,19,119,97,100.19,70,18,97
U1000,Nov,2025,171,18228,Petrol,76,24,100,239,106.6,88,20,171
U515,Sep,2024,92,9874,Petrol,38,19,102,137,107.33,72,19,91
U611,Mar,2024,156,15858,Petrol,61,23,31,81,101.66,65,19,147
U657,Feb,2025,39,4068,Hybrid,23,20,65,235,104.31,46,21,40
U789,Jan,2025,158,16150,Petrol,75,20,10,135,102.22,62,23,145
U1000,Mar,2023,107,11122,Petrol,35,17,147,281,103.95,22,17,97
U978,May,2025,79,8175,Petrol,44,19,36,2,103.49,44,26,77
U731,Nov,2023,29,2962,Hybrid,18,24,101,58,102.15,40,28,28
U911,Feb,2025,67,7075,Diesel,41,21,48,115,105.6,38,22,64
U920,Dec,2024,72,7272,Diesel,48,17,18,130,101.01,41,26,68
U657,Mar,2023,19,1907,Hybrid,13,16,6,200,100.42,89,21,18
U538,Apr,2023,141,14965,Petrol,62,19,132,291,106.14,53,23,131
U941,Jul,2023,41,4318,Diesel,24,17,41,97,105.33,80,26,40
U597,Mar,2025,124,12894,Petrol,54,19,87,215,103.99,65,18,134
U985,Sep,2024,78,8091,Petrol,24,23,134,123,103.74,87,19,73
U911,Aug,2023,78,8110,Diesel,40,25,10,72,103.98,64,23,80
U939,Apr,2023,59,6106,Diesel,31,24,40,129,103.5,59,21,54
U789,Jan,2023,103,10623,Petrol,76,15,2,26,103.14,47,28,99
U754,Jan,2023,74,7696,Petrol,36,18,39,164,104.0,33,31,71
U696,Jan,2024,17,1771,Diesel,5,24,50,67,104.23,27,15,18
U586,Jan,2025,43,4538,Petrol,21,19,31,13,105.54,36,29,42
U822,Aug,2024,35,3699,Petrol,13,16,47,97,105.69,34,29,36
U510,Mar,2023,145,14937,Petrol,49,26,70,278,103.02,19,15,147
U505,Jun,2024,139,14360,Petrol,70,16,147,246,103.31,46,29,129
U623,Mar,2023,51,5252,Diesel,36,15,88,111,102.99,44,16,55
U830,Nov,2025,116,12097,Petrol,49,22,108,206,104.29,40,18,112
U853,May,2025,49,5077,Petrol,13,16,34,232,103.63,18,31,44
U618,Jul,2025,43,4606,Diesel,34,17,107,60,107.12,81,30,41
U794,Feb,2023,62,6545,Hybrid,42,26,39,84,105.57,57,30,59
U897,Jun,2024,105,11254,Petrol,64,16,51,182,107.19,44,22,96
U659,Jun,2025,41,4332,Petrol,5,18,111,238,105.67,30,20,41
U803,Nov,2023,34,3664,Petrol,9,15,38,249,107.77,85,16,32
U728,Mar,2023,97,10193,Diesel,67,17,67,70,105.09,53,27,99
U865,Jun,2024,73,7862,Diesel,40,19,75,227,107.71,55,20,65
U716,Oct,2025,126,12760,Diesel,69,24,64,84,101.27,45,20,138
U936,Oct,2023,0,0,Electric,77,15,61,270,100.42,63,27,0
U684,May,2024,46,4812,Diesel,28,18,1,289,104.63,27,15,47
U515,Dec,2025,38,4099,Diesel,8,20,133,235,107.87,55,23,39
U657,Feb,2024,149,15397,Petrol,72,18,121,290,103.34,42,26,139
U636,Sep,2024,64,6508,Petrol,29,21,74,38,101.7,78,26,59
U761,Aug,2023,0,0,Electric,78,21,39,205,104.17,33,18,0
U657,Mar,2023,49,5154,Petrol,11,20,88,182,105.19,86,30,46
U547,Aug,2023,47,4818,Petrol,17,23,27,186,102.52,39,26,43
U824,Sep,2024,92,9726,Diesel,72,16,79,132,105.72,52,15,95
U832,Mar,2023,124,13367,Petrol,47,24,62,29,107.8,17,18,122
U673,Mar,2024,126,13504,Diesel,61,22,139,254,107.18,16,23,126
U630,Feb,2024,76,7777,Diesel,40,22,40,142,102.33,19,21,69
U911,Aug,2023,52,5335,Petrol,18,25,28,102,102.61,75,24,55
U595,Oct,2025,134,13797,Diesel,76,24,22,73,102.97,34,27,125
U615,Jan,2025,83,8562,Petrol,31,25,79,54,103.16,52,22,80
U743,Aug,2025,103,10382,Petrol,41,18,50,235,100.8,50,24,94
U920,Jul,2024,117,12413,Diesel,75,20,111,59,106.1,60,24,108
U792,Jul,2024,65,6689,Diesel,29,25,104,23,102.92,51,22,67
U782,Mar,2024,88,9419,Diesel,71,20,44,21,107.04,68,29,91
U799,Jan,2023,27,2900,Petrol,8,19,89,31,107.42,35,15,27
U783,Apr,2024,81,8116,Diesel,78,15,149,2,100.2,35,29,81
U569,Sep,2023,51,5503,Petrol,20,17,137,69,107.91,84,31,55
U648,May,2023,35,3698,Hybrid,23,21,134,159,105.68,74,27,35
U511,Jan,2025,87,9061,Petrol,33,22,88,87,104.16,50,26,86
U754,May,2025,59,6084,Diesel,55,16,14,58,103.12,25,17,56
U830,Aug,2025,57,5936,Petrol,22,17,76,251,104.15,45,19,52
U860,Aug,2023,139,14261,Petrol,62,18,105,218,102.6,51,17,140
U538,May,2023,146,15327,Petrol,48,25,89,200,104.98,74,19,140
U634,Dec,2023,23,2317,Hybrid,20,19,86,76,100.74,75,23,23
U700,Sep,2024,109,11441,Diesel,69,17,60,254,104.97,81,20,102
U523,Jan,2023,20,2044,Hybrid,6,19,107,246,102.2,43,30,21
U803,Apr,2025,170,17023,Petrol,60,22,60,269,100.14,81,24,186
U846,Mar,2025,78,8144,Petrol,32,22,50,138,104.42,85,30,75
U802,Feb,2023,107,11195,Petrol,69,16,11,77,104.63,81,17,114
U863,Aug,2023,25,2585,Diesel,9,20,76,79,103.41,30,25,26
U896,Jul,2025,51,5129,Petrol,26,18,111,9,100.58,59,29,56
U718,Sep,2023,26,2785,Hybrid,17,23,65,123,107.15,48,25,25
U641,Feb,2025,97,10174,Hybrid,69,24,114,185,104.89,58,24,101
U604,Apr,2024,18,1816,Hybrid,20,16,29,33,100.93,56,23,17
U946,Jun,2025,114,11866,Diesel,68,22,104,120,104.09,49,17,116
U710,Nov,2024,49,5095,Diesel,36,15,30,79,103.98,89,23,51
U973,Mar,2023,93,9344,Diesel,55,25,12,205,100.48,44,26,97
U981,Aug,2023,122,12791,Petrol,62,20,127,52,104.85,67,30,114
U611,Mar,2024,113,12031,Diesel,50,25,100,155,106.47,72,18,120
U604,Dec,2023,144,15262,Petrol,56,25,66,273,105.99,42,15,141
U816,Feb,2024,187,19002,Petrol,67,26,79,134,101.62,29,27,176
U671,Mar,2023,153,16355,Petrol,64,24,102,97,106.9,52,22,154
U960,Nov,2025,125,12842,Petrol,69,15,18,240,102.74,64,20,134
U992,Jun,2023,96,10326,Petrol,59,16,142,44,107.57,27,22,104
U856,Feb,2025,107,10760,Petrol,61,17,31,198,100.57,49,26,112
U996,Aug,2025,141,14648,Diesel,75,23,148,290,103.89,38,15,127
U824,Jan,2024,161,16869,Petrol,77,19,64,113,104.78,79,18,149
U633,Jul,2023,73,7444,Diesel,30,24,26,276,101.98,32,27,66
U876,Feb,2024,63,6688,Petrol,16,24,46,240,106.17,72,31,57
U793,Oct,2023,157,16488,Diesel,75,26,11,155,105.02,40,19,153
U828,Dec,2025,64,6408,Diesel,50,16,84,43,100.14,43,25,61
U627,Jun,2025,86,9018,Diesel,51,24,65,79,104.87,86,21,79
U606,Dec,2023,64,6651,Diesel,42,19,132,137,103.93,58,17,68
U997,Feb,2023,72,7313,Petrol,25,19,136,150,101.57,19,25,73
U592,Feb,2024,47,5074,Diesel,18,15,147,241,107.97,47,31,49
U787,Oct,2023,29,3108,Petrol,6,17,109,142,107.18,19,25,28
U878,Aug,2023,148,15146,Petrol,76,19,81,298,102.34,50,29,145
U893,Dec,2023,128,13354,Diesel,74,23,124,49,104.33,27,22,123
U551,Feb,2024,128,13123,Petrol,37,24,62,261,102.53,39,30,126
U529,Jul,2023,23,2442,Diesel,10,15,71,160,106.2,72,29,23
U962,Mar,2025,65,6983,Diesel,41,22,97,61,107.44,16,17,64
U796,Aug,2024,42,4320,Petrol,18,15,72,54,102.87,50,20,44
U797,Jul,2024,92,9792,Petrol,41,23,70,30,106.44,39,17,99
U714,Aug,2025,49,5095,Petrol,12,20,29,289,103.99,48,19,48
U767,Jul,2025,25,2579,Hybrid,17,15,124,168,103.17,26,15,23
U907,Nov,2025,77,8278,Diesel,44,22,15,265,107.51,33,28,83
U757,Jun,2023,138,14363,Petrol,62,19,132,184,104.08,51,26,144
U802,Jul,2025,44,4564,Petrol,22,21,46,2,103.74,15,27,45
U601,May,2023,102,10748,Diesel,61,21,100,160,105.38,74,28,107
U905,Jul,2024,89,9086,Diesel,42,21,106,259,102.09,81,26,81
U846,Jan,2024,78,8002,Petrol,36,20,125,47,102.6,63,27,71
U610,Jan,2025,171,18375,Petrol,70,25,21,253,107.46,60,20,159
U920,Sep,2023,31,3268,Hybrid,29,22,82,73,105.43,62,29,28
U682,May,2025,155,16524,Petrol,62,23,59,165,106.61,82,30,152
U971,May,2025,247,25235,Petrol,79,26,57,259,102.17,33,23,230
U813,Mar,2023,0,0,Electric,37,16,2,3,104.35,54,22,0
U501,May,2025,104,11208,Diesel,70,21,44,118,107.77,20,19,105
U819,Mar,2024,69,7075,Petrol,34,16,49,272,102.55,77,29,67
U938,Sep,2025,101,10229,Petrol,38,20,1,225,101.28,49,21,92
U555,Sep,2023,119,12386,Petrol,73,16,14,69,104.09,86,31,121
U871,Jun,2023,160,16496,Petrol,52,24,142,181,103.1,75,30,147
U924,Jan,2024,51,5165,Hybrid,44,20,95,263,101.28,19,25,53
U899,Jul,2023,93,9961,Petrol,55,16,84,180,107.11,51,21,98
U649,Jul,2023,24,2590,Diesel,17,15,110,4,107.93,25,25,24
U931,Oct,2024,47,4913,Hybrid,35,21,22,196,104.55,54,16,43
U957,Oct,2025,89,9451,Petrol,43,17,98,46,106.2,79,16,94
U809,Apr,2024,160,17099,Petrol,67,26,36,39,106.87,22,20,153
U637,Aug,2025,77,8131,Diesel,52,18,106,121,105.61,25,17,72
U702,Jun,2024,52,5218,Hybrid,52,20,40,134,100.35,85,15,51
U936,Apr,2025,101,10227,Diesel,65,19,56,139,101.26,72,30,109
U813,Apr,2024,50,5028,Petrol,16,18,96,152,100.57,62,28,47
U617,Feb,2025,111,11108,Diesel,60,23,24,27,100.08,27,31,120
U654,Feb,2024,40,4098,Diesel,22,20,109,76,102.45,74,18,36
U925,Dec,2025,38,3919,Hybrid,31,20,36,174,103.14,63,17,34
U791,Apr,2024,48,4892,Petrol,32,16,39,48,101.93,81,22,49
U563,May,2023,94,9448,Diesel,56,20,84,273,100.52,21,18,88
U744,Aug,2025,23,2397,Hybrid,20,21,45,26,104.24,39,29,22
U525,Jun,2024,164,16759,Petrol,62,22,101,220,102.19,37,27,152
U590,Apr,2025,40,4254,Petrol,13,22,97,121,106.37,65,28,38
U575,Nov,2025,82,8204,Petrol,30,23,18,68,100.06,61,28,78
U794,Jul,2024,88,9393,Petrol,32,24,90,70,106.74,19,19,92
U886,Aug,2025,103,11086,Petrol,40,25,136,149,107.64,27,19,107
U891,Feb,2024,25,2643,Hybrid,13,26,68,186,105.73,56,27,27
U710,Dec,2023,100,10587,Petrol,51,17,4,245,105.87,19,18,104
U975,Jul,2025,165,17732,Petrol,55,24,146,195,107.47,37,20,171
U918,Feb,2023,82,8336,Diesel,61,21,47,31,101.67,76,19,85
U847,Feb,2025,97,10472,Petrol,36,21,111,108,107.96,15,17,104
U517,Aug,2025,118,12530,Petrol,71,15,143,0,106.19,88,17,113
U628,Feb,2025,113,11956,Diesel,61,22,17,181,105.81,68,17,108
U927,Nov,2024,69,7099,Hybrid,58,18,148,173,102.89,86,16,72
U943,Sep,2023,33,3444,Diesel,20,19,30,168,104.37,17,24,31
U864,Dec,2025,109,11470,Diesel,66,20,128,247,105.23,78,21,117
U751,Jan,2024,109,11440,Petrol,60,17,130,107,104.96,65,28,109
U679,Sep,2025,33,3486,Hybrid,27,19,24,296,105.64,16,24,31
U682,Jan,2024,76,7650,Petrol,21,24,7,263,100.66,63,30,80
U652,Oct,2025,69,7096,Diesel,42,19,61,29,102.85,45,20,66
U525,Oct,2023,132,13658,Petrol,76,15,134,224,103.47,88,31,144
U955,Feb,2023,30,3062,Hybrid,34,17,6,88,102.09,17,20,32
U680,Jun,2025,95,9631,Diesel,62,17,135,233,101.38,49,24,98
U698,Jun,2024,44,4448,Diesel,26,15,18,167,101.11,50,24,40
U844,Jan,2025,75,7719,Petrol,21,21,144,230,102.93,78,23,71
U661,Jul,2024,53,5509,Petrol,19,15,138,125,103.95,46,29,53
U677,Aug,2025,90,9045,Diesel,52,21,110,60,100.5,32,25,96
U785,Feb,2024,56,6023,Diesel,36,18,10,119,107.57,48,21,52
U563,Aug,2023,118,12522,Petrol,44,23,40,189,106.12,70,16,108
U991,Sep,2025,0,0,Electric,61,21,113,120,105.85,81,16,0
U650,Jun,2023,63,6386,Hybrid,62,19,91,47,101.38,67,27,63
U654,May,2023,55,5765,Petrol,20,21,74,201,104.83,81,25,59
U656,Dec,2025,50,5212,Diesel,32,23,66,58,104.24,80,15,45
U870,Sep,2025,20,2157,Diesel,5,24,4,184,107.86,78,31,18
U969,Dec,2024,98,10386,Petrol,45,20,115,222,105.98,81,22,101
U549,Nov,2024,74,7741,Petrol,52,15,149,10,104.61,53,27,78
U955,Sep,2023,76,8117,Diesel,35,20,117,280,106.81,52,18,80
U837,Jan,2024,54,5466,Diesel,40,15,10,188,101.24,54,17,57
U584,Nov,2024,99,9911,Petrol,37,26,43,236,100.12,33,20,91
U861,Mar,2025,50,5276,Diesel,37,18,76,33,105.52,19,20,48
U677,Sep,2024,61,6148,Diesel,27,22,117,134,100.79,83,20,66
U648,Nov,2023,87,8780,Diesel,64,19,115,61,100.92,28,22,95
U618,Feb,2024,93,9854,Petrol,34,19,66,226,105.96,63,31,94
U842,Dec,2023,61,6231,Hybrid,49,24,12,92,102.16,78,24,63
U976,Apr,2025,126,13233,Petrol,43,25,91,115,105.03,71,19,137
U563,Apr,2023,120,12880,Petrol,49,22,10,132,107.34,49,25,118
U689,Feb,2024,83,8509,Petrol,16,22,138,292,102.53,19,24,76
U860,Mar,2025,66,6714,Petrol,36,15,84,192,101.74,53,17,68
U549,Mar,2024,60,6051,Hybrid,60,19,84,29,100.85,38,24,65
U827,Jan,2025,120,12124,Petrol,28,26,134,297,101.04,54,16,124
U757,Jun,2025,30,3015,Diesel,17,19,16,60,100.5,64,23,31
U724,Aug,2024,53,5337,Petrol,24,22,47,27,100.7,72,19,52
U641,Dec,2024,88,9104,Petrol,60,15,141,76,103.46,15,31,80
U978,Mar,2025,0,0,Electric,57,21,96,120,102.57,57,20,0
U715,May,2025,120,12678,Diesel,72,21,74,2,105.65,53,25,131
U935,Jan,2024,139,14867,Petrol,58,23,136,36,106.96,24,19,138
U879,Oct,2023,54,5739,Diesel,38,16,76,146,106.28,16,21,48
U940,Jul,2024,73,7610,Petrol,32,17,127,91,104.25,77,21,79
U711,Oct,2025,123,12400,Petrol,54,18,36,272,100.82,30,18,122
U818,Jan,2024,13,1373,Diesel,6,15,29,86,105.68,51,24,13
U532,Dec,2023,50,5145,Diesel,30,21,46,39,102.9,30,15,50
U658,Nov,2024,131,13190,Petrol,55,24,134,177,100.69,41,28,120
U785,Sep,2025,68,7258,Hybrid,51,17,141,284,106.74,77,20,69
U805,Aug,2024,43,4416,Diesel,30,17,47,41,102.71,78,25,47
U929,Jul,2025,146,14855,Petrol,79,17,133,284,101.75,46,28,132
U977,Oct,2025,109,11659,Diesel,78,22,33,65,106.97,23,17,116
U786,Jul,2024,129,13831,Diesel,65,23,100,123,107.22,25,30,122
U644,May,2025,48,4930,Diesel,27,24,45,144,102.71,84,30,46
U924,May,2025,72,7404,Petrol,41,16,69,119,102.84,44,21,70
U519,Nov,2023,94,9836,Diesel,45,24,135,108,104.64,29,22,101
U518,May,2023,134,14186,Petrol,56,24,23,91,105.87,73,18,134
U757,Jan,2023,65,6533,Diesel,53,15,66,59,100.51,62,26,64
U578,Aug,2023,70,7332,Diesel,31,23,3,226,104.75,74,26,74
U871,Dec,2025,42,4520,Petrol,10,20,0,239,107.62,82,24,38
U675,Nov,2024,132,13477,Diesel,78,23,33,211,102.1,71,26,121
U998,Jan,2025,66,7079,Hybrid,70,20,108,97,107.27,78,25,59
U694,Apr,2025,22,2367,Hybrid,28,16,8,13,107.6,68,25,22
U976,Sep,2025,86,8784,Petrol,42,15,62,217,102.15,89,29,86
U613,Sep,2024,80,8482,Petrol,32,22,9,169,106.03,68,20,86
U614,May,2023,61,6216,Diesel,32,17,137,279,101.91,73,25,60
U722,Apr,2025,110,11649,Petrol,70,15,43,209,105.9,53,16,103
U666,Mar,2025,86,9148,Hybrid,65,22,117,255,106.38,29,23,91
U935,Mar,2023,130,13257,Petrol,50,26,5,170,101.98,88,25,124
U819,Dec,2025,121,12793,Petrol,73,15,120,72,105.73,42,30,131
U632,May,2024,168,17892,Petrol,79,22,94,146,106.5,50,27,159
U885,Oct,2025,139,14298,Petrol,78,15,110,105,102.87,68,27,129
U764,Jan,2025,91,9221,Diesel,47,23,104,93,101.34,31,15,90
U913,May,2023,146,14708,Petrol,63,23,63,62,100.74,36,24,132
U555,Jun,2025,36,3765,Petrol,6,26,139,153,104.6,89,31,32
U859,Jul,2025,67,7223,Petrol,19,23,70,254,107.82,50,15,66
U631,Dec,2024,48,5115,Diesel,41,17,103,34,106.58,43,15,45
U788,Sep,2023,178,18421,Petrol,75,18,88,295,103.49,69,31,160
U766,Mar,2023,48,5005,Diesel,24,19,5,252,104.29,56,29,46
U958,Feb,2024,71,7259,Diesel,39,20,109,156,102.24,46,16,70
U967,Mar,2025,72,7293,Diesel,38,23,111,133,101.3,28,25,70
U866,Dec,2023,47,4881,Hybrid,35,25,149,128,103.86,32,16,43
U662,Sep,2023,41,4252,Hybrid,23,26,126,279,103.71,52,23,41
U880,Dec,2025,72,7500,Hybrid,72,18,135,251,104.18,48,16,75
U981,Jul,2025,65,6995,Petrol,28,20,62,134,107.62,59,30,67
U587,Sep,2023,63,6604,Petrol,43,15,140,10,104.83,46,23,61
U555,Feb,2025,128,13420,Petrol,58,16,145,291,104.85,81,18,118
U976,May,2023,45,4545,Hybrid,43,22,17,147,101.02,77,27,44
U788,Apr,2025,0,0,Electric,21,18,76,79,107.97,69,29,0
U678,Feb,2025,40,4247,Hybrid,23,24,141,190,106.18,57,16,39
U891,Sep,2024,107,11451,Petrol,52,21,138,29,107.02,36,23,100
U849,Sep,2025,48,4958,Hybrid,39,18,102,228,103.31,82,15,44
U508,Jun,2024,104,10818,Petrol,36,23,116,83,104.02,43,17,113
U821,Nov,2025,118,12293,Petrol,51,23,16,149,104.18,54,31,123
U813,Jun,2023,111,11272,Petrol,51,18,13,188,101.55,59,25,106
U747,Aug,2023,144,15194,Petrol,68,22,56,20,105.52,24,22,138
U823,Jun,2025,67,7183,Diesel,50,20,92,36,107.22,59,26,72
U972,Jan,2025,99,10029,Petrol,39,15,133,245,101.31,31,25,92
U971,Apr,2023,88,8860,Petrol,21,21,113,282,100.69,16,27,88
U943,Jul,2025,59,6248,Diesel,46,15,131,101,105.91,31,29,61
U755,Feb,2024,47,4802,Hybrid,33,17,138,293,102.19,52,31,46
U828,Sep,2024,134,14068,Diesel,74,22,108,231,104.99,51,26,121
U554,Aug,2024,83,8762,Petrol,21,23,118,287,105.57,77,25,78
U749,Aug,2024,48,4923,Diesel,18,17,91,244,102.58,19,24,51
U739,Jul,2024,32,3408,Hybrid,28,15,10,176,106.52,39,31,32
U729,Apr,2025,99,10335,Petrol,61,15,98,212,104.4,87,27,105
U567,Feb,2025,90,9625,Diesel,54,21,7,101,106.95,36,30,91
U551,Mar,2024,144,15279,Petrol,61,19,113,285,106.11,77,31,156
U597,Dec,2025,91,9732,Petrol,65,15,148,21,106.95,49,19,98
U592,Jun,2025,57,5709,Diesel,43,20,64,18,100.16,69,23,56
U995,Dec,2024,80,8156,Hybrid,59,20,92,286,101.95,34,18,77
U764,Dec,2025,99,9971,Petrol,40,18,103,275,100.72,19,23,101
U918,May,2025,68,7040,Diesel,41,21,98,146,103.54,53,30,70
U791,Dec,2025,21,2249,Hybrid,18,21,83,39,107.12,77,21,20
U596,Aug,2024,44,4564,Hybrid,31,26,72,166,103.74,46,28,46
U588,Jun,2025,95,10146,Petrol,35,23,144,90,106.8,77,28,88
U578,Jun,2023,107,10980,Hybrid,77,26,58,71,102.62,88,21,103
U788,Jan,2023,94,9655,Petrol,48,15,30,282,102.72,54,30,97
U620,Apr,2024,100,10716,Diesel,72,19,63,139,107.16,31,20,94
U802,May,2023,134,13856,Petrol,52,24,47,238,103.41,87,21,132
U991,Dec,2024,118,12545,Petrol,61,17,22,77,106.32,46,22,128
U900,Nov,2023,146,14875,Diesel,79,21,54,198,101.89,37,15,149
U952,Mar,2023,39,4196,Petrol,26,18,6,16,107.59,89,31,42
U1000,Sep,2023,47,4916,Petrol,8,18,111,217,104.6,74,21,49
U665,Jan,2024,223,23653,Petrol,76,26,105,228,106.07,70,20,233
U682,Jun,2024,60,6043,Diesel,50,15,97,137,100.72,23,20,61
U969,Jun,2025,102,10601,Petrol,63,15,11,146,103.94,83,15,94
U898,Oct,2024,86,9220,Diesel,38,24,59,209,107.21,76,24,86
U723,May,2023,41,4387,Petrol,15,16,51,157,107.02,78,22,38
U811,Dec,2023,75,7527,Petrol,35,16,139,152,100.37,36,21,82
U932,May,2024,48,4916,Petrol,15,15,140,162,102.43,46,23,45
U966,Oct,2024,120,12426,Petrol,60,22,71,100,103.55,61,15,113
U507,May,2024,108,10949,Petrol,42,20,124,154,101.38,16,25,110
U830,Jun,2025,49,5186,Petrol,25,20,59,9,105.84,66,17,49
U763,Aug,2023,0,0,Electric,14,24,30,182,101.48,28,20,0
U661,Feb,2025,64,6577,Diesel,30,24,76,133,102.77,51,25,59
U651,Jun,2025,30,3159,Petrol,12,23,75,5,105.31,41,19,31
U585,Jan,2023,54,5608,Petrol,12,19,60,257,103.86,38,18,53
U647,Apr,2023,60,6354,Hybrid,64,18,1,210,105.91,78,22,55
U612,Oct,2024,210,22614,Petrol,76,25,120,50,107.69,84,24,208
U881,Mar,2024,99,9992,Petrol,38,20,58,146,100.93,40,17,94
U903,Sep,2025,40,4227,Diesel,20,22,39,127,105.68,68,27,37
U536,Mar,2024,34,3462,Diesel,17,15,31,257,101.84,29,31,37
U785,Jun,2024,47,4856,Diesel,26,21,37,50,103.32,43,19,45
U688,Jan,2023,74,7419,Petrol,31,22,91,153,100.26,88,22,67
U582,Dec,2023,170,17185,Petrol,68,23,87,69,101.09,42,15,185
U502,Jun,2024,42,4307,Diesel,6,25,140,275,102.56,73,18,44
U885,Apr,2023,102,10479,Petrol,30,22,84,278,102.74,87,28,96
U803,Aug,2024,128,13721,Diesel,73,21,75,133,107.2,35,25,125
U697,Nov,2023,70,7415,Diesel,34,17,127,219,105.93,24,23,75
U904,Sep,2023,30,3233,Petrol,12,16,12,162,107.78,18,27,29
U511,Apr,2023,40,4191,Hybrid,42,17,38,135,104.79,76,31,40
U734,Oct,2023,86,8765,Diesel,65,18,22,56,101.93,18,29,86
U886,Dec,2024,89,9133,Diesel,69,18,109,176,102.62,20,16,87
U695,Oct,2025,155,15896,Petrol,71,20,106,114,102.56,86,20,159
U971,Jun,2023,155,15904,Petrol,50,26,91,148,102.61,30,21,154
U619,Jan,2024,192,20232,Petrol,76,21,141,240,105.38,52,16,173
U896,Apr,2024,146,15220,Petrol,47,26,144,122,104.25,63,27,155
U520,Jul,2023,0,0,Electric,63,18,23,291,103.08,75,24,0
U761,Dec,2025,126,12749,Petrol,50,24,33,68,101.19,79,30,125
U793,Jan,2023,153,15327,Petrol,76,20,111,62,100.18,64,23,155
U922,Aug,2024,108,10989,Petrol,39,23,137,220,101.75,31,22,112
U756,Dec,2025,61,6152,Diesel,43,20,117,15,100.86,42,29,59
U722,Oct,2024,99,10521,Petrol,55,17,148,77,106.28,58,21,103
U893,Dec,2023,24,2421,Petrol,8,15,6,121,100.9,26,18,22
U726,Nov,2025,176,18619,Petrol,55,25,89,257,105.79,84,23,181
U553,Jun,2024,19,1958,Hybrid,9,24,12,216,103.09,85,16,20
U928,May,2024,160,16094,Petrol,59,24,79,113,100.59,86,21,172
U855,Oct,2024,32,3408,Hybrid,24,19,29,145,106.5,17,20,32
U1000,Nov,2023,68,7115,Diesel,28,24,132,236,104.64,63,29,65
U842,Sep,2025,101,10290,Petrol,40,24,15,85,101.89,35,21,94
U864,Feb,2023,59,6322,Diesel,38,17,149,166,107.16,22,20,57
U780,May,2023,138,13849,Petrol,58,22,39,128,100.36,78,15,139
U581,Jun,2023,0,0,Electric,38,24,36,164,101.61,73,28,0
U702,Jul,2025,41,4346,Diesel,21,15,77,276,106.02,44,15,44
U658,May,2023,51,5389,Petrol,9,25,15,256,105.68,46,20,55
U620,Sep,2023,47,4808,Petrol,22,16,42,131,102.31,89,31,42
U559,Jan,2023,100,10050,Petrol,59,17,62,57,100.5,34,16,101
U994,Jul,2023,0,0,Electric,57,17,14,256,106.86,30,22,0
U715,Oct,2024,152,15581,Petrol,54,26,136,140,102.51,39,16,144
U628,Jul,2023,127,12899,Diesel,76,22,64,173,101.57,74,30,127
U724,Apr,2024,108,11246,Petrol,49,19,43,174,104.13,59,18,105
U709,Sep,2023,29,3111,Hybrid,17,22,19,208,107.28,23,16,27
U870,Dec,2025,65,6522,Petrol,20,25,118,203,100.35,65,19,66
U615,Nov,2024,38,4032,Diesel,17,25,111,6,106.13,75,31,41
U709,May,2024,68,7111,Petrol,24,20,122,50,104.58,54,16,66
U514,Apr,2024,159,16440,Diesel,70,26,79,258,103.4,75,28,160
U509,Jul,2024,89,9429,Petrol,51,16,99,177,105.95,81,21,85
U540,Apr,2025,54,5817,Petrol,23,25,5,30,107.73,29,29,58
U950,Mar,2023,93,9470,Petrol,49,18,82,153,101.83,67,27,99
U737,Sep,2024,62,6271,Diesel,41,23,30,54,101.15,18,26,58
U781,Nov,2025,104,11159,Petrol,58,18,65,155,107.3,37,16,112
U859,Aug,2024,16,1685,Diesel,10,19,17,43,105.35,41,26,14
U701,Jan,2023,45,4657,Petrol,18,19,27,80,103.5,51,20,41
U746,Jul,2024,21,2196,Hybrid,8,24,67,165,104.59,57,15,21
U778,Sep,2025,64,6781,Hybrid,59,22,113,29,105.96,51,15,62
U735,Aug,2023,66,7007,Diesel,38,20,57,135,106.18,43,29,66
U994,Aug,2025,79,8481,Petrol,31,24,128,13,107.36,43,30,81
U504,Jun,2023,34,3515,Petrol,11,21,38,105,103.41,63,21,30
U654,Nov,2023,28,2865,Petrol,7,20,105,74,102.35,89,28,26
U942,Apr,2023,110,11563,Petrol,51,19,0,78,105.12,65,27,109
U529,Aug,2024,29,2996,Diesel,6,19,74,193,103.33,64,26,27
U609,Mar,2025,42,4399,Diesel,29,17,87,95,104.76,42,15,38
U598,Sep,2025,76,7855,Hybrid,64,21,141,39,103.36,88,26,69
U715,Feb,2025,93,9413,Petrol,28,24,149,255,101.22,19,18,98
U793,Feb,2023,34,3527,Diesel,19,19,59,106,103.76,70,29,36
U575,Dec,2024,41,4326,Petrol,18,21,129,16,105.53,78,30,38
U826,Dec,2023,63,6702,Diesel,58,16,109,14,106.39,31,29,59
U646,Jul,2025,48,4989,Petrol,10,23,18,271,103.95,69,22,49
U628,Dec,2024,48,4863,Petrol,22,22,61,12,101.32,23,29,52
U841,Oct,2024,79,8162,Petrol,24,19,70,246,103.32,82,25,75
U542,Apr,2024,95,10097,Diesel,66,16,110,213,106.29,87,23,101
U856,Oct,2025,49,5061,Hybrid,44,20,132,150,103.3,30,15,49
U541,Aug,2024,114,12034,Petrol,43,22,71,291,105.57,30,23,124
U922,Sep,2024,118,12279,Petrol,56,21,77,42,104.06,27,26,109
U534,Jul,2023,101,10294,Petrol,36,22,99,113,101.93,87,16,110
U517,May,2023,93,9892,Diesel,77,18,70,80,106.37,77,25,91
U665,Aug,2024,65,6543,Petrol,31,17,6,140,100.67,55,28,70
U653,Apr,2024,76,7919,Diesel,56,21,49,29,104.2,67,16,75
U986,Feb,2023,0,0,Electric,67,16,45,29,101.67,82,29,0
U878,Nov,2023,85,8545,Hybrid,78,19,71,265,100.54,88,28,90
U576,Dec,2023,166,17267,Petrol,67,21,75,98,104.02,23,26,173
U587,Jun,2025,23,2392,Hybrid,21,15,73,93,104.0,65,24,23
U617,Sep,2025,77,8135,Diesel,53,18,141,210,105.66,62,28,75
U862,Jan,2023,66,6993,Petrol,27,16,72,294,105.96,63,29,69
U842,Nov,2024,108,11428,Diesel,76,20,101,36,105.82,32,19,117
U969,Oct,2023,41,4234,Diesel,17,26,93,88,103.28,24,16,36
U527,Dec,2025,63,6618,Petrol,27,15,68,254,105.05,68,20,64
U813,Jul,2024,143,14960,Petrol,61,21,64,213,104.62,29,26,153
U787,Oct,2025,104,10750,Petrol,66,17,61,13,103.37,25,16,107
U634,Sep,2024,121,12678,Diesel,58,26,19,191,104.78,54,18,128
U719,Oct,2025,57,6132,Petrol,24,15,43,294,107.58,61,21,61
U668,Sep,2024,63,6397,Hybrid,56,22,61,181,101.54,34,30,66
U598,Oct,2024,56,6006,Diesel,27,21,106,129,107.25,36,15,58
U768,Nov,2024,58,5824,Diesel,39,16,124,223,100.43,62,15,63
U737,Mar,2024,143,14653,Petrol,71,21,44,42,102.47,30,28,153
U809,Nov,2025,61,6240,Diesel,38,17,10,180,102.31,19,25,64
U955,May,2025,115,12076,Petrol,37,23,87,168,105.01,79,26,105
U894,Aug,2024,120,12126,Petrol,50,22,45,263,101.05,88,25,113
U673,Aug,2024,68,7280,Diesel,49,19,111,95,107.06,35,20,68
U901,Apr,2025,63,6717,Petrol,23,21,80,202,106.63,75,26,65
U910,Dec,2024,26,2735,Diesel,19,17,31,67,105.22,69,26,24
U969,Nov,2024,126,13062,Petrol,70,15,97,91,103.67,38,24,115
U976,Nov,2024,94,10101,Petrol,43,15,4,265,107.46,37,22,90
U690,Jan,2023,71,7572,Petrol,22,25,28,177,106.65,25,21,74
U622,Jan,2024,0,0,Electric,74,16,47,150,103.99,61,28,0
U546,Apr,2023,84,8871,Diesel,63,22,15,46,105.61,16,18,90
U564,Jun,2024,44,4599,Diesel,36,15,71,2,104.54,84,15,42
U630,Aug,2025,63,6596,Petrol,25,25,28,102,104.7,67,22,61
U810,Jun,2023,129,13241,Petrol,44,26,45,272,102.65,25,19,126
U863,Dec,2023,0,0,Electric,31,19,22,21,103.7,29,22,0
U693,Sep,2024,31,3119,Petrol,6,23,93,115,100.62,87,22,32
U807,Sep,2024,111,11417,Petrol,43,26,113,103,102.86,26,21,107
U681,Feb,2023,119,12562,Diesel,60,23,33,258,105.57,50,18,107
U792,Oct,2025,55,5919,Petrol,17,16,116,297,107.63,37,20,54
U871,Jan,2025,102,10985,Diesel,60,21,28,129,107.7,41,26,96
U782,Feb,2024,156,16294,Diesel,70,25,8,294,104.45,28,26,141
U529,May,2025,99,10380,Petrol,60,15,38,47,104.85,68,17,98
U649,Apr,2025,58,5886,Petrol,32,17,134,26,101.49,41,24,54
U767,Apr,2024,138,14567,Petrol,68,20,109,14,105.56,35,21,136
U796,Sep,2025,85,8548,Hybrid,75,23,68,262,100.57,63,17,81
U511,Nov,2024,136,13910,Diesel,68,24,135,297,102.28,76,27,138
U664,Aug,2023,120,12642,Petrol,60,16,95,264,105.35,86,18,131
U613,Jun,2024,99,10145,Petrol,45,21,118,133,102.48,58,24,99
U687,Jan,2023,68,6827,Diesel,45,18,117,75,100.4,58,20,69
U795,Feb,2023,10,1066,Diesel,8,16,17,29,106.65,75,15,10
U732,Jun,2025,130,13322,Petrol,61,17,101,125,102.48,56,20,126
U727,Nov,2025,76,7638,Petrol,34,20,109,83,100.5,37,22,70
U810,Feb,2025,114,11468,Petrol,50,24,81,53,100.6,87,29,109
U598,Oct,2024,105,10711,Diesel,60,23,104,282,102.01,15,22,102
U555,May,2025,0,0,Electric,35,22,15,262,101.42,50,20,0
U611,May,2023,44,4672,Petrol,11,24,20,221,106.19,69,28,39
U652,Jun,2025,108,11077,Diesel,58,25,137,1,102.57,30,16,115
U746,Jun,2025,49,5215,Petrol,12,23,105,145,106.44,32,21,44
U906,Jun,2024,124,12572,Petrol,59,18,131,17,101.39,52,22,133
U569,Feb,2024,199,20684,Petrol,73,26,43,15,103.94,81,24,216
U812,Oct,2023,69,7279,Diesel,48,18,122,158,105.5,34,27,75
U789,Mar,2024,69,7260,Petrol,17,23,135,297,105.22,33,15,73
U750,Jun,2025,58,6078,Diesel,24,22,110,208,104.81,27,23,53
U536,Aug,2024,103,11062,Petrol,36,26,116,204,107.4,31,24,107
U739,Dec,2023,131,13339,Petrol,64,16,125,112,101.83,44,16,123
U648,Nov,2025,121,12577,Petrol,54,22,18,177,103.95,57,25,130
U967,Dec,2023,44,4711,Diesel,31,15,63,208,107.07,62,19,42
U727,Jan,2024,68,6842,Petrol,29,23,39,123,100.62,57,21,65
U744,Jan,2024,93,9341,Diesel,56,23,50,14,100.45,80,17,100
U991,Nov,2023,170,17317,Petrol,72,22,136,297,101.87,67,30,153
U837,Feb,2025,67,7039,Petrol,25,25,55,44,105.06,86,29,62
U946,Nov,2024,48,4899,Petrol,22,19,80,93,102.08,48,22,47
U865,Dec,2024,95,9644,Petrol,43,19,142,106,101.52,88,19,98
U991,Dec,2025,56,5805,Petrol,19,17,69,277,103.67,86,17,57
U982,Jun,2024,139,14582,Petrol,57,19,127,127,104.91,85,19,143
U701,Sep,2023,59,6017,Diesel,42,18,125,37,101.99,27,23,63
U654,Apr,2024,61,6247,Diesel,52,15,60,96,102.41,70,30,56
U950,Mar,2024,137,14372,Petrol,56,23,79,197,104.91,73,28,137
U573,Dec,2025,183,19685,Petrol,76,24,120,191,107.57,46,21,191
U701,Aug,2023,55,5797,Petrol,32,18,100,6,105.4,68,29,56
U796,Nov,2025,38,4037,Petrol,20,17,76,43,106.26,16,22,37
U517,Oct,2024,54,5558,Petrol,20,20,144,6,102.93,51,17,48
U629,Sep,2024,37,3780,Hybrid,39,15,125,193,102.18,47,25,33
U717,Dec,2025,43,4456,Petrol,21,19,21,0,103.63,15,29,39
U561,Nov,2025,154,16394,Petrol,77,21,82,61,106.46,42,24,149
U927,May,2025,91,9432,Petrol,56,16,140,88,103.65,31,17,84
U604,Sep,2023,49,5231,Petrol,16,24,77,17,106.77,71,29,48
U542,Feb,2024,84,9064,Diesel,52,23,94,107,107.91,84,20,78
U525,Mar,2025,76,7644,Petrol,26,26,108,134,100.58,66,25,80
U539,Jul,2024,112,11240,Petrol,53,20,109,66,100.36,58,25,120
U791,Jul,2023,73,7387,Diesel,56,16,51,92,101.2,61,17,71
U631,Jun,2023,32,3298,Petrol,5,22,102,137,103.07,27,27,32
U998,Jun,2023,106,10711,Diesel,70,22,100,188,101.05,44,22,115
U729,Feb,2023,89,9520,Diesel,68,15,141,58,106.97,80,25,89
U608,Oct,2024,49,4909,Petrol,12,26,62,186,100.19,67,25,53
U672,Jun,2023,53,5434,Diesel,29,15,27,234,102.53,32,27,49
U935,Apr,2023,115,11670,Petrol,70,15,45,68,101.48,42,17,123
U978,Dec,2025,131,14075,Diesel,77,26,27,97,107.45,18,20,130
U602,Mar,2023,134,14118,Petrol,77,18,1,7,105.36,56,24,121
U854,Nov,2025,126,13519,Petrol,74,18,126,133,107.3,20,26,137
U512,Feb,2023,85,9161,Diesel,55,22,16,55,107.78,23,28,92
U775,Jan,2023,46,4783,Hybrid,57,15,58,113,103.98,34,25,44
U601,Nov,2025,0,0,Electric,19,24,131,87,101.87,52,24,0
U544,Nov,2023,66,6702,Diesel,54,17,76,137,101.55,82,17,61
U943,May,2024,212,21577,Petrol,75,25,130,107,101.78,64,27,219
U805,Feb,2024,118,12469,Petrol,79,15,114,22,105.67,74,27,110
U945,Feb,2023,113,11336,Petrol,42,23,96,143,100.32,27,28,107
U517,Jul,2024,121,12149,Petrol,44,24,104,143,100.41,56,28,127
U830,Aug,2025,165,17303,Petrol,70,26,23,55,104.87,82,21,160
U557,Oct,2023,48,5046,Hybrid,43,23,34,107,105.14,39,26,43
U811,Aug,2023,166,17483,Petrol,78,21,1,5,105.32,45,18,163
U997,Apr,2025,55,5663,Petrol,21,26,32,29,102.98,26,30,52
U803,Jan,2025,37,3938,Petrol,11,22,75,126,106.45,78,24,38
U512,Nov,2025,57,5943,Diesel,43,15,85,120,104.27,75,30,53
U818,Jul,2023,118,11899,Diesel,72,19,137,98,100.84,67,19,126
U580,Jan,2025,61,6489,Diesel,39,16,80,165,106.38,40,30,58
U716,Nov,2025,112,12053,Petrol,55,15,61,240,107.62,75,15,109
U839,Apr,2024,71,7134,Diesel,51,17,42,49,100.48,24,19,68
U764,Aug,2024,115,11859,Petrol,40,21,120,267,103.13,26,27,118
U979,Feb,2023,51,5298,Hybrid,68,15,58,72,103.9,36,27,46
U649,Jun,2024,55,5564,Diesel,17,25,8,299,101.17,67,17,54
U581,Jun,2024,42,4491,Petrol,22,16,76,51,106.94,35,31,40
U715,Dec,2025,57,5829,Petrol,25,16,62,264,102.27,49,19,61
U985,Sep,2025,88,9350,Diesel,69,18,51,226,106.26,85,19,80
U874,May,2024,43,4530,Petrol,12,26,22,192,105.37,41,29,45
U964,Oct,2024,56,5867,Hybrid,52,17,29,238,104.78,74,24,52
U698,Apr,2024,87,8833,Petrol,47,17,20,9,101.54,61,26,79
U700,May,2023,135,13738,Petrol,57,24,42,227,101.77,80,25,126
U525,Dec,2023,106,10640,Petrol,31,19,134,292,100.38,29,15,97
U966,Dec,2023,45,4586,Petrol,23,17,15,51,101.93,38,17,45
U589,Oct,2024,83,8529,Petrol,27,25,22,239,102.76,24,18,91
U768,Nov,2024,132,14080,Petrol,54,21,86,98,106.67,38,17,119
U643,May,2023,69,7102,Diesel,55,19,30,80,102.93,71,17,68
U559,Aug,2023,82,8695,Petrol,47,18,120,12,106.04,48,21,80
U910,Oct,2024,0,0,Electric,55,26,68,127,103.52,55,15,0
U989,Dec,2025,84,8927,Diesel,73,17,133,10,106.28,54,16,81
U865,Aug,2023,99,10673,Diesel,45,26,114,80,107.81,25,26,106
U526,Feb,2024,143,14574,Petrol,76,18,58,260,101.92,15,31,129
U547,Jul,2024,51,5451,Petrol,15,26,145,5,106.9,44,17,53
U788,Aug,2025,103,10811,Petrol,56,16,76,221,104.97,57,26,97
U766,Nov,2024,63,6712,Diesel,27,15,137,297,106.54,40,26,61
U516,Jun,2024,42,4418,Hybrid,53,17,6,80,105.21,67,20,41
U699,May,2023,86,8891,Petrol,42,25,36,2,103.39,61,24,82
U901,Nov,2023,101,10283,Petrol,51,16,85,59,101.82,23,20,92
U907,Sep,2025,71,7139,Hybrid,76,15,15,220,100.56,23,28,65
U782,Mar,2025,33,3441,Petrol,11,15,115,48,104.28,15,16,31
U969,Dec,2024,99,10684,Diesel,70,16,117,227,107.92,85,25,105
U586,Oct,2023,129,13661,Diesel,66,23,13,289,105.9,58,29,119
U750,Apr,2025,64,6567,Diesel,33,19,138,292,102.62,73,22,67
U891,Sep,2025,123,13114,Petrol,42,23,86,297,106.62,70,27,117
U770,Jun,2025,101,10721,Petrol,37,22,103,192,106.15,65,24,108
U835,Aug,2024,76,7771,Diesel,33,25,140,256,102.25,30,23,74
U617,Jul,2023,32,3203,Hybrid,27,20,43,102,100.11,52,21,29
U507,Nov,2025,26,2624,Petrol,7,15,27,145,100.95,25,17,28
U637,Feb,2023,124,13270,Petrol,49,24,15,289,107.02,39,26,115
U871,Mar,2025,32,3414,Diesel,12,19,49,256,106.69,73,29,32
U676,Jan,2025,66,6755,Hybrid,33,26,114,277,102.36,43,27,66
U828,Sep,2023,25,2557,Diesel,6,15,67,188,102.28,54,20,24
U998,Jul,2023,0,0,Electric,54,21,91,177,106.34,22,22,0
U815,Jan,2023,170,18275,Petrol,69,24,120,15,107.5,20,28,181
U715,Mar,2024,79,8392,Petrol,24,25,139,85,106.23,59,17,84
U977,Apr,2025,94,9854,Diesel,56,22,15,247,104.84,67,30,102
U582,Apr,2024,71,7237,Diesel,41,22,52,216,101.94,35,31,70
U723,May,2023,168,17507,Petrol,76,21,48,41,104.21,71,24,154
U978,Mar,2025,66,6723,Petrol,31,16,61,193,101.87,20,31,69
U872,Mar,2024,84,8942,Diesel,51,19,83,162,106.46,77,30,81
U923,Jan,2025,46,4742,Petrol,10,18,55,275,103.1,20,16,43
U983,Jul,2024,128,13653,Petrol,64,19,119,129,106.67,67,18,127
U902,Nov,2023,91,9377,Diesel,49,24,89,262,103.05,18,25,98
U943,Oct,2024,104,11085,Diesel,48,23,149,176,106.59,23,21,97
U990,Jan,2025,59,6057,Diesel,22,18,119,264,102.67,83,31,63
U603,Feb,2025,165,17080,Petrol,69,26,72,26,103.52,88,20,162
U773,Apr,2025,54,5665,Diesel,29,22,68,84,104.92,86,24,50
U514,Apr,2025,72,7240,Diesel,31,22,97,195,100.56,18,18,77
U659,May,2023,31,3335,Diesel,11,16,1,242,107.59,72,15,33
U652,Nov,2024,77,8053,Diesel,48,20,52,176,104.59,51,21,73
U983,Feb,2023,84,8741,Petrol,33,19,118,129,104.06,85,30,80
U608,Apr,2023,72,7683,Petrol,48,16,6,144,106.72,20,31,70
U688,Jan,2023,118,12617,Petrol,40,26,147,82,106.93,65,19,125
U801,Feb,2025,70,7292,Petrol,23,24,74,87,104.18,64,24,63
U598,Jan,2025,18,1933,Diesel,10,18,94,19,107.42,28,21,17
U631,Oct,2025,60,6031,Diesel,29,21,2,229,100.52,25,27,62
U793,Oct,2024,48,4843,Diesel,35,15,78,125,100.91,24,21,47
U671,Apr,2025,24,2514,Diesel,13,23,16,50,104.77,75,29,23
U924,Apr,2024,190,19537,Petrol,78,24,111,87,102.83,27,31,204
U974,Jul,2025,107,11096,Petrol,41,26,51,169,103.71,48,17,115
U683,Oct,2025,52,5336,Petrol,31,15,6,62,102.62,74,19,56
U971,Nov,2023,51,5265,Petrol,17,26,111,88,103.24,65,24,48
U864,Nov,2023,98,10444,Petrol,45,19,132,188,106.58,19,19,106
U539,Sep,2023,120,12570,Diesel,70,21,53,189,104.75,88,21,125
U515,Sep,2024,0,0,Electric,28,22,60,88,107.98,46,21,0
U876,May,2024,87,9248,Petrol,48,16,108,25,106.3,26,28,88
U997,Oct,2025,128,13080,Petrol,64,18,15,175,102.19,66,29,115
U504,Jan,2024,33,3369,Diesel,13,16,46,263,102.11,27,19,34
U849,Jan,2025,20,2053,Petrol,6,18,47,41,102.69,68,19,20
U970,Jun,2024,85,9073,Diesel,60,20,120,118,106.75,68,18,89
U909,Feb,2024,69,6915,Diesel,34,20,63,168,100.22,55,23,64
U897,Aug,2024,40,4073,Hybrid,26,26,49,107,101.84,62,26,41
U710,Sep,2023,149,15978,Petrol,79,16,40,146,107.24,65,30,139
U661,Apr,2024,44,4625,Diesel,17,25,21,175,105.12,61,22,47
U516,May,2023,136,13846,Petrol,75,18,114,188,101.81,64,23,140
U993,Nov,2023,33,3357,Diesel,20,18,4,159,101.75,60,26,30
U926,Aug,2024,94,10048,Petrol,49,15,144,73,106.9,52,21,88
U608,Mar,2025,99,10607,Petrol,69,16,100,17,107.15,27,18,102
U882,May,2025,28,2857,Diesel,15,17,77,139,102.05,36,17,27
U950,Mar,2025,124,12816,Diesel,74,25,40,114,103.36,16,15,129
U811,Dec,2024,46,4907,Diesel,24,19,91,224,106.68,27,21,43
U727,Oct,2025,112,11891,Diesel,67,25,21,45,106.17,71,23,115
U670,Mar,2023,29,3088,Diesel,16,22,52,37,106.51,48,16,27
U534,Mar,2025,152,15830,Petrol,66,20,92,205,104.15,33,21,153
U914,Dec,2024,58,6222,Diesel,46,17,9,8,107.29,23,24,63
U751,Jul,2025,121,12415,Diesel,73,20,145,252,102.61,47,16,124
U747,Jul,2023,59,5973,Hybrid,62,21,48,107,101.25,41,27,53
U769,Jul,2024,15,1585,Hybrid,9,20,70,97,105.67,59,17,16
U641,Oct,2025,83,8657,Petrol,31,24,18,274,104.31,16,27,77
U774,Aug,2024,53,5662,Diesel,32,20,54,70,106.84,71,24,55
U916,May,2024,43,4327,Petrol,30,15,20,38,100.65,71,26,43
U596,May,2024,106,11315,Petrol,53,17,25,297,106.75,30,17,101
U727,Apr,2025,40,4094,Diesel,25,21,27,89,102.35,20,20,37
U879,Jul,2024,30,3157,Petrol,5,18,39,218,105.24,28,17,28
U539,Oct,2025,127,12740,Diesel,62,26,28,106,100.32,41,16,136
U802,Apr,2023,119,12480,Petrol,59,18,19,95,104.88,52,28,127
U1000,Feb,2025,54,5709,Petrol,30,21,19,31,105.74,33,29,53
U529,Apr,2023,66,6794,Diesel,29,23,73,125,102.95,51,24,60
U946,Aug,2025,81,8239,Diesel,37,25,139,146,101.72,18,31,87
U997,Sep,2024,75,7822,Hybrid,76,16,119,279,104.3,72,31,74
U977,Mar,2025,125,13333,Diesel,73,23,96,23,106.67,23,18,123
U818,Jul,2024,30,3077,Diesel,10,17,119,208,102.59,54,25,29
U745,Dec,2023,57,5815,Petrol,27,20,24,119,102.02,29,31,55
U736,Sep,2025,71,7258,Petrol,34,18,3,273,102.23,18,24,71
U685,Nov,2024,94,10113,Petrol,58,15,3,139,107.59,66,31,95
U772,Apr,2023,50,5143,Diesel,15,23,136,296,102.87,32,26,49
U940,Oct,2023,65,6501,Diesel,35,25,142,81,100.03,67,24,70
U736,Mar,2025,34,3612,Petrol,10,20,25,207,106.25,73,24,32
U739,May,2023,25,2639,Diesel,15,22,78,32,105.59,68,20,25
U877,Jan,2024,23,2323,Diesel,16,16,89,23,101.03,55,31,22
U766,Mar,2023,162,17476,Petrol,70,21,70,60,107.88,74,16,170
U914,Aug,2023,148,15519,Petrol,57,20,75,188,104.86,18,18,136
U909,Nov,2024,49,5096,Diesel,40,16,98,83,104.01,53,18,45
U859,Aug,2023,41,4225,Diesel,21,16,126,224,103.06,21,20,43
U840,Apr,2023,32,3430,Hybrid,32,18,31,167,107.19,37,28,29
U889,Feb,2023,64,6524,Petrol,26,18,8,185,101.95,77,21,65
U565,Aug,2023,0,0,Electric,11,17,77,71,102.29,79,26,0
U978,Aug,2024,48,4847,Petrol,19,22,12,73,100.98,55,16,48
U677,Oct,2023,54,5727,Petrol,15,21,123,152,106.07,58,27,50
U503,Apr,2024,0,0,Electric,28,16,95,95,104.76,59,27,0
U929,Mar,2023,108,11325,Petrol,71,17,82,52,104.87,83,19,114
U642,Feb,2023,82,8343,Diesel,34,24,143,173,101.75,65,21,79
U876,Sep,2023,173,18201,Petrol,74,23,139,109,105.21,79,26,180
U658,Jan,2023,97,10293,Diesel,70,19,17,50,106.12,68,28,102
U998,Jul,2024,62,6377,Hybrid,65,16,140,252,102.86,70,15,62
U824,May,2024,82,8725,Petrol,45,17,92,72,106.41,86,24,86
U646,Aug,2024,85,8737,Diesel,55,22,23,211,102.79,54,23,81
U946,Apr,2025,121,12834,Petrol,48,18,101,211,106.07,72,24,121
U793,Jul,2023,48,4812,Diesel,17,16,139,250,100.27,29,21,49
U653,May,2023,40,4176,Petrol,16,16,59,167,104.41,33,30,37
U932,May,2024,54,5819,Petrol,13,20,59,262,107.76,24,26,51
U693,Sep,2025,148,15961,Petrol,52,22,99,229,107.85,30,26,152
U937,Sep,2023,122,12474,Petrol,53,21,0,238,102.25,57,27,125
U994,Sep,2024,58,6004,Hybrid,57,18,42,274,103.53,45,17,57
U963,Dec,2023,121,12160,Petrol,60,16,54,142,100.5,30,21,128
U573,Jun,2023,108,11554,Petrol,44,23,33,69,106.99,42,15,107
U899,Jun,2024,59,6168,Petrol,28,18,33,173,104.55,76,17,63
U805,May,2024,177,18245,Petrol,76,23,109,108,103.08,34,28,185
U877,Sep,2023,76,7668,Diesel,37,19,83,202,100.9,49,18,73
U844,Oct,2023,0,0,Electric,27,26,89,184,107.57,73,20,0
U952,Aug,2024,163,16991,Petrol,58,26,78,290,104.24,23,23,168
U640,Jul,2023,79,8078,Hybrid,57,25,70,91,102.26,24,25,85
U687,Jul,2023,100,10280,Diesel,53,25,70,258,102.8,59,29,93
U793,Jun,2024,123,12566,Petrol,53,21,113,205,102.17,29,23,123
U561,May,2023,117,12262,Diesel,64,26,28,51,104.81,44,25,108
U985,Apr,2023,96,10314,Diesel,69,19,142,180,107.44,62,24,91
U927,Mar,2025,46,4915,Diesel,36,16,96,2,106.85,54,16,47
U880,Mar,2024,31,3214,Hybrid,25,20,52,83,103.68,88,28,28
U698,Jun,2025,71,7569,Petrol,22,21,144,213,106.61,58,18,73
U795,Apr,2025,75,7753,Hybrid,64,25,63,33,103.38,60,16,81
U940,Dec,2025,31,3162,Diesel,17,20,60,49,102.02,20,19,33
U819,Dec,2023,83,8953,Petrol,28,17,107,288,107.87,38,28,78
U802,Jun,2023,76,7784,Diesel,34,24,36,258,102.43,87,29,79
U844,Mar,2025,50,5129,Petrol,6,22,134,257,102.59,21,20,54
U511,Apr,2025,0,0,Electric,29,17,7,271,107.92,20,29,0
U562,Sep,2025,81,8186,Diesel,54,19,77,181,101.07,47,28,79
U833,May,2023,47,4985,Petrol,18,23,67,32,106.08,52,22,50
U726,Jul,2025,50,5374,Petrol,10,25,20,264,107.49,58,26,47
U653,Oct,2025,54,5620,Diesel,34,19,93,39,104.09,31,18,58
U699,Feb,2024,96,9601,Petrol,34,21,74,209,100.02,45,20,96
U552,May,2024,151,15553,Petrol,42,25,141,271,103.0,51,25,138
U760,Sep,2023,147,14830,Petrol,62,21,77,135,100.89,25,21,145
U559,Nov,2024,96,9919,Petrol,45,19,65,86,103.33,19,18,92
U572,Mar,2024,105,11163,Petrol,61,16,145,59,106.32,78,29,100
U648,Sep,2024,81,8384,Petrol,40,19,53,163,103.51,17,15,81
U849,Nov,2023,143,14794,Petrol,68,21,99,2,103.46,70,23,142
U563,Jun,2024,26,2715,Diesel,20,21,20,14,104.45,77,22,25
U810,Apr,2023,92,9627,Diesel,76,18,52,101,104.65,52,26,84
U873,Jul,2025,48,5128,Petrol,18,15,82,254,106.85,68,21,50
U743,Aug,2024,87,8914,Petrol,35,20,143,224,102.47,16,15,86
U993,Jun,2023,90,9591,Diesel,70,17,3,209,106.57,16,23,95
U866,May,2024,165,17247,Petrol,72,25,54,22,104.53,26,21,175
U830,Jun,2025,159,16281,Petrol,69,19,14,234,102.4,54,28,153
U607,May,2023,106,10850,Petrol,59,18,63,130,102.36,16,15,95
U726,Aug,2023,62,6379,Diesel,44,16,111,157,102.89,71,27,67
U813,Jan,2023,71,7453,Diesel,29,26,143,172,104.98,61,29,74
U718,Nov,2025,46,4685,Diesel,29,21,117,16,101.85,50,19,42
U925,Jul,2025,22,2361,Diesel,7,19,19,184,107.36,18,19,22
U741,Oct,2025,117,12238,Diesel,73,21,63,183,104.6,89,28,105
U759,Oct,2023,81,8696,Petrol,30,23,32,142,107.36,38,28,73
U876,Nov,2025,57,5721,Diesel,44,18,80,43,100.37,76,28,57
U762,Feb,2024,76,7808,Petrol,42,19,125,11,102.74,16,19,69
U505,Sep,2025,62,6211,Diesel,42,23,68,7,100.18,29,25,67
U761,Jan,2023,116,11852,Diesel,72,24,93,79,102.18,89,19,125
U554,Nov,2024,49,5238,Diesel,11,25,67,296,106.9,63,18,50
U547,Oct,2025,69,6920,Petrol,34,18,86,161,100.29,49,29,62
U715,Jun,2024,65,6726,Petrol,23,19,20,215,103.49,61,21,62
U677,Sep,2024,62,6258,Diesel,39,19,62,247,100.94,38,19,60
U509,Jan,2023,67,6923,Diesel,37,22,84,28,103.33,74,29,66
U599,Apr,2024,49,5228,Hybrid,37,18,133,271,106.71,62,28,45
U520,Apr,2024,77,8083,Petrol,42,18,23,132,104.98,37,17,78
U878,Sep,2023,26,2753,Diesel,14,21,110,4,105.89,26,19,25
U741,Nov,2023,127,13054,Diesel,61,25,94,243,102.79,55,26,138
U561,May,2023,31,3334,Hybrid,32,19,82,29,107.56,43,28,33
U879,May,2024,69,7291,Diesel,42,20,101,116,105.67,84,19,69
U990,Jun,2024,46,4755,Diesel,20,20,77,177,103.37,65,18,47
U919,Jan,2024,65,6721,Diesel,25,26,123,260,103.41,37,30,60
U678,Jan,2023,41,4401,Diesel,10,20,139,234,107.35,45,21,38
U838,Sep,2025,0,0,Electric,45,24,119,140,104.61,35,17,0
U562,Mar,2024,45,4754,Petrol,19,19,14,49,105.65,38,18,46
U645,Apr,2025,43,4443,Petrol,7,19,82,269,103.34,86,20,40
U716,Jan,2023,55,5598,Hybrid,47,23,5,107,101.79,23,17,55
U503,Sep,2024,87,9203,Diesel,51,22,66,45,105.79,36,15,94
U660,Aug,2025,34,3565,Diesel,18,18,121,81,104.86,18,17,32
U727,Feb,2024,151,15705,Petrol,70,21,148,125,104.01,17,22,141
U986,Aug,2024,71,7454,Petrol,33,22,83,83,104.99,42,30,77
U769,Jul,2024,36,3660,Diesel,8,26,110,289,101.67,29,21,35
U620,Nov,2025,56,5955,Diesel,30,23,144,70,106.35,22,23,55
U881,Jun,2023,56,6025,Petrol,16,19,135,174,107.59,62,17,53
U995,Jan,2024,23,2463,Petrol,6,17,63,90,107.13,66,30,24
U589,Jul,2023,58,5949,Diesel,21,18,125,248,102.57,69,15,62
U829,Oct,2023,103,10634,Petrol,39,24,27,131,103.25,51,30,101
U568,Jul,2025,22,2342,Hybrid,14,20,97,168,106.47,18,26,19
U898,Sep,2025,124,12990,Petrol,47,24,140,59,104.76,69,20,122
U857,Jan,2023,59,6158,Diesel,25,25,12,240,104.38,26,23,55
U598,Feb,2024,30,3222,Hybrid,19,19,85,189,107.41,33,27,27
U767,Nov,2025,85,8864,Diesel,39,23,20,280,104.29,71,26,83
U605,Sep,2024,198,20615,Petrol,64,25,62,231,104.12,51,27,182
U940,Sep,2024,103,10335,Diesel,48,25,110,288,100.34,21,20,112
U823,Jun,2024,46,4625,Petrol,9,17,75,274,100.56,69,30,41
U623,Jun,2023,116,11606,Petrol,77,16,72,14,100.06,42,21,113
U976,Apr,2024,0,0,Electric,22,20,6,40,107.31,51,21,0
U529,Apr,2023,49,5060,Diesel,25,21,71,207,103.27,75,30,50
U637,May,2023,101,10478,Diesel,76,19,128,59,103.75,89,31,92
U695,Mar,2024,129,13772,Petrol,78,15,130,239,106.76,53,30,130
U909,Jan,2024,103,10801,Petrol,55,17,103,95,104.87,37,30,108
U726,Jan,2024,101,10592,Petrol,45,17,27,277,104.88,66,29,110
U832,Dec,2024,54,5527,Diesel,28,26,42,159,102.37,25,17,56
U670,Jul,2023,67,7146,Diesel,28,18,96,281,106.67,80,29,61
U509,Jan,2024,93,9423,Diesel,42,24,45,208,101.33,27,30,85
U963,Jan,2024,74,7431,Diesel,48,20,0,132,100.43,55,19,77
U540,Mar,2023,119,12082,Petrol,61,19,101,96,101.53,63,24,112
U525,Oct,2025,127,12971,Petrol,63,15,34,218,102.14,29,27,125
U761,Apr,2025,75,7669,Petrol,38,20,53,70,102.26,70,29,82
U895,Apr,2023,188,19807,Petrol,79,23,23,273,105.36,68,26,200
U943,Feb,2025,75,7630,Petrol,27,25,21,133,101.74,45,31,80
U726,Jan,2023,0,0,Electric,47,15,15,65,105.41,75,29,0
U972,Mar,2024,99,9972,Petrol,44,22,12,126,100.73,72,18,101
U624,Nov,2024,72,7284,Hybrid,51,22,99,204,101.18,74,29,75
U963,Apr,2025,119,12384,Petrol,45,17,99,297,104.07,67,31,115
U538,Mar,2024,0,0,Electric,51,23,61,116,107.38,75,25,0
U828,Aug,2025,59,6305,Diesel,24,25,86,266,106.88,56,29,56
U751,Oct,2025,92,9913,Hybrid,69,25,77,281,107.75,43,21,93
U889,Jan,2024,164,17252,Petrol,72,22,66,148,105.2,41,27,156
U676,Feb,2024,49,5165,Diesel,28,17,90,193,105.41,58,27,45
U590,Jul,2025,51,5355,Hybrid,40,24,32,167,105.0,19,16,51
U902,Apr,2024,118,12387,Petrol,49,19,114,178,104.98,66,24,114
U954,Aug,2023,27,2731,Petrol,6,17,18,147,101.18,67,19,27
U537,Nov,2024,63,6574,Petrol,32,19,123,56,104.35,66,16,63
U816,Mar,2024,36,3711,Hybrid,30,23,142,4,103.09,52,18,36
U676,Jun,2023,52,5384,Diesel,27,26,119,13,103.54,58,30,48
U961,Sep,2024,73,7605,Diesel,40,18,96,279,104.19,67,30,72
U784,Jan,2024,36,3637,Petrol,10,20,23,215,101.03,16,31,38
U953,Jan,2025,76,7818,Petrol,39,17,26,174,102.88,68,29,73
U961,Aug,2024,60,6030,Diesel,42,17,74,2,100.51,49,27,59
U581,Mar,2024,73,7872,Petrol,39,19,22,136,107.84,60,15,72
U614,May,2023,131,13224,Diesel,78,22,40,99,100.95,86,19,140
U540,Jan,2025,70,7144,Hybrid,57,22,55,82,102.07,69,15,72
U801,May,2025,113,12105,Petrol,42,17,97,279,107.13,86,26,103
U724,Nov,2025,103,10697,Diesel,63,22,145,131,103.86,25,29,110
U818,Jun,2024,101,10210,Petrol,47,25,5,0,101.09,43,18,107
U849,Aug,2025,20,2061,Diesel,8,22,39,115,103.07,83,30,21
U615,Mar,2023,31,3128,Petrol,9,17,41,201,100.93,77,31,30
U686,Mar,2025,132,13411,Diesel,72,24,31,139,101.6,61,25,138
U823,Dec,2023,118,11849,Petrol,49,24,9,145,100.42,21,27,117
U556,Nov,2025,69,7142,Petrol,29,16,68,265,103.51,78,23,72
U540,Nov,2025,33,3512,Diesel,15,24,8,201,106.45,78,31,35
U854,Oct,2023,71,7432,Petrol,33,16,68,151,104.69,26,31,76
U540,Sep,2025,72,7549,Diesel,38,23,138,221,104.85,26,19,71
U847,Apr,2025,56,5689,Petrol,18,21,98,78,101.6,50,22,60
U961,Apr,2025,51,5240,Diesel,28,20,73,199,102.75,43,17,46
U737,Dec,2024,146,15586,Petrol,63,21,102,249,106.76,25,20,134
U789,Jul,2023,70,7049,Diesel,43,22,122,98,100.7,67,17,70
U762,Feb,2025,115,12288,Petrol,30,26,101,212,106.86,84,22,118
U716,Aug,2023,88,9140,Petrol,47,15,7,142,103.87,88,26,81
U647,Jun,2023,113,12057,Petrol,40,22,18,189,106.7,61,18,112
U836,Mar,2023,50,5127,Diesel,43,17,1,51,102.54,47,16,45
U668,Sep,2025,111,11400,Petrol,65,17,54,111,102.71,81,24,113
U592,May,2025,27,2862,Hybrid,20,20,138,134,106.01,57,29,28
U853,Aug,2023,57,6057,Hybrid,63,18,16,111,106.28,32,27,59
U559,Jul,2024,26,2647,Petrol,10,18,60,12,101.84,88,29,25
U559,Aug,2023,108,11640,Diesel,60,18,130,272,107.78,67,27,118
U804,Jul,2024,64,6443,Petrol,12,24,85,232,100.68,53,15,66
U669,Mar,2023,66,6636,Petrol,31,23,34,43,100.55,86,30,70
U769,Feb,2023,111,11628,Diesel,75,22,102,72,104.76,48,22,114
U863,Jul,2023,49,5183,Diesel,31,17,65,260,105.78,51,20,53
U545,Mar,2025,67,7215,Diesel,50,15,0,230,107.69,55,17,71
U845,Mar,2024,89,9188,Petrol,45,15,134,32,103.24,63,30,89
U681,Feb,2024,64,6412,Petrol,29,15,147,67,100.2,24,16,62
U670,Apr,2023,46,4821,Petrol,22,18,118,15,104.82,54,16,47
U856,Aug,2025,35,3581,Diesel,16,20,133,149,102.32,32,29,35
U691,Dec,2025,101,10449,Diesel,55,18,54,291,103.46,39,24,103
U655,Jan,2024,95,9871,Diesel,43,25,99,101,103.91,55,15,92
U922,Jan,2025,47,4724,Petrol,14,25,20,185,100.52,50,29,46
U688,Dec,2024,121,12570,Petrol,78,17,50,24,103.89,16,15,122
U507,May,2024,142,14684,Petrol,58,22,99,71,103.41,88,30,151
U633,Nov,2024,67,7081,Petrol,33,22,7,80,105.7,63,19,70
U735,May,2025,105,11042,Petrol,45,20,67,60,105.17,81,19,96
U545,Nov,2024,24,2435,Diesel,13,23,106,17,101.48,67,24,22
U814,Dec,2024,106,10774,Hybrid,67,26,143,241,101.65,33,26,95
U749,Jan,2023,84,8568,Diesel,41,24,66,57,102.01,40,24,75
U999,Jun,2024,31,3144,Petrol,18,15,1,56,101.43,68,16,29
U531,Jan,2024,179,18841,Petrol,77,22,0,96,105.26,65,15,189
U523,May,2023,78,8420,Hybrid,76,20,0,214,107.96,39,30,84
U926,Sep,2023,65,6839,Petrol,43,15,101,11,105.22,31,21,63
U894,Dec,2025,41,4298,Hybrid,44,18,114,10,104.85,88,18,41
U660,May,2024,121,12496,Petrol,58,19,134,162,103.28,75,24,125
U863,Jun,2025,48,4920,Petrol,7,21,87,282,102.5,60,24,52
U937,Aug,2025,84,9012,Hybrid,59,22,91,216,107.29,69,25,90
U658,Nov,2023,88,9482,Petrol,37,23,17,240,107.75,64,17,80
U539,Jan,2025,126,13100,Diesel,75,26,87,44,103.97,89,28,119
U915,Feb,2024,54,5525,Diesel,23,26,32,80,102.32,25,27,49
U582,Sep,2023,100,10616,Petrol,38,20,72,254,106.16,26,24,102
U856,Mar,2024,121,12228,Petrol,54,24,27,66,101.06,54,29,126
U758,Jun,2024,99,10505,Diesel,51,23,86,101,106.12,62,22,95
U706,May,2023,67,7138,Diesel,50,18,52,90,106.55,70,31,71
U577,Nov,2024,126,12726,Petrol,60,22,43,41,101.0,22,20,124
U977,Feb,2023,69,7438,Hybrid,61,17,79,275,107.81,28,21,75
U512,Jul,2024,142,15318,Petrol,55,18,137,273,107.88,70,28,127
U795,Apr,2023,124,13328,Petrol,58,24,13,76,107.49,68,22,114
U950,Jan,2025,87,9045,Petrol,32,18,102,233,103.97,31,26,83
U724,Apr,2024,68,6933,Petrol,23,20,35,201,101.97,59,28,61
U513,Jun,2023,81,8477,Petrol,31,23,33,220,104.66,19,15,85
U546,Jul,2024,0,0,Electric,52,20,87,261,103.36,17,18,0
U655,Jul,2024,51,5184,Petrol,23,15,145,38,101.65,23,31,53
U613,Jul,2024,87,8994,Petrol,55,19,15,10,103.39,34,18,79
U733,Mar,2023,34,3580,Petrol,11,23,40,111,105.31,35,20,32
U517,Jun,2025,52,5229,Diesel,33,19,24,107,100.57,47,22,55
U860,Aug,2025,53,5441,Hybrid,47,20,125,93,102.67,19,29,57
U723,Apr,2025,113,11315,Petrol,73,17,7,83,100.14,38,15,111
U854,Aug,2023,152,16112,Petrol,62,22,111,57,106.0,77,19,166
U688,Feb,2025,61,6412,Petrol,12,24,93,292,105.13,40,30,62
U948,Oct,2023,108,10854,Petrol,46,25,83,15,100.5,47,20,106
U844,Sep,2024,95,10233,Petrol,46,18,145,92,107.72,32,24,100
U865,Sep,2024,47,4708,Petrol,17,18,67,164,100.18,32,24,45
U663,Aug,2025,92,9634,Petrol,30,25,66,214,104.72,52,19,87
U996,Oct,2023,63,6691,Diesel,22,26,145,143,106.21,47,22,64
U826,Oct,2024,117,12437,Petrol,46,19,110,273,106.3,41,15,114
U967,Jan,2023,66,6617,Hybrid,55,24,17,137,100.27,63,19,61
U914,Feb,2023,30,3217,Hybrid,20,23,55,203,107.25,64,15,27
U955,Jun,2024,25,2683,Diesel,7,22,34,209,107.35,29,21,26
U574,Oct,2023,109,11389,Petrol,49,21,133,18,104.49,66,29,112
U733,May,2024,71,7374,Petrol,26,19,117,293,103.86,82,28,69
U724,Dec,2024,96,9634,Petrol,27,23,25,292,100.36,33,23,103
U982,Sep,2024,122,12749,Diesel,63,23,60,161,104.5,39,22,119
U819,May,2023,171,17660,Petrol,66,24,87,129,103.28,39,22,178
U912,Feb,2024,88,9343,Hybrid,72,24,14,43,106.18,47,17,95
U560,Oct,2023,48,4955,Hybrid,58,16,90,82,103.23,74,18,51
U835,Apr,2024,132,13922,Petrol,61,18,31,123,105.47,51,31,132
U722,Sep,2024,56,5645,Diesel,27,22,139,26,100.81,57,20,58
U537,Jan,2025,106,10712,Petrol,64,15,132,6,101.06,23,16,104
U977,Nov,2025,148,14965,Petrol,77,19,63,198,101.12,28,23,152
U778,Jan,2025,122,12243,Petrol,59,22,85,111,100.36,17,28,116
U696,Dec,2023,100,10433,Petrol,67,16,44,88,104.33,83,15,98
U904,Jul,2023,56,5955,Hybrid,60,16,34,127,106.35,70,31,52
U852,Nov,2024,138,14473,Petrol,59,22,25,229,104.88,40,25,125
U984,Mar,2024,77,8054,Petrol,29,24,22,17,104.6,67,20,78
U742,Oct,2024,85,8962,Diesel,30,26,140,288,105.44,55,15,91
U824,Feb,2024,92,9450,Diesel,53,23,130,160,102.72,35,30,83
U719,Sep,2023,157,16155,Petrol,67,21,28,280,102.9,53,25,147
U692,Mar,2024,66,6765,Hybrid,49,22,63,165,102.51,37,23,65
U517,Feb,2024,124,13106,Diesel,77,19,112,259,105.7,88,20,128
U512,Dec,2025,96,9723,Petrol,43,15,133,189,101.29,72,16,89
U906,Aug,2024,154,15415,Petrol,69,18,138,265,100.1,83,22,140
U901,Oct,2024,143,14982,Petrol,73,16,117,290,104.77,89,30,143
U894,Jun,2024,95,10216,Diesel,60,17,66,278,107.54,43,22,101
U874,Jun,2023,38,3985,Diesel,13,26,107,216,104.88,76,22,34
U693,Oct,2025,101,10732,Diesel,74,17,85,206,106.26,67,28,97
U522,Nov,2024,75,7903,Petrol,32,23,28,152,105.38,59,15,77
U974,Jul,2024,119,12373,Petrol,49,24,59,180,103.98,41,21,110
U620,Jul,2025,69,7296,Petrol,30,18,53,211,105.75,48,16,65
U710,Nov,2024,79,8420,Petrol,32,16,92,272,106.59,28,29,79
U806,Jun,2023,79,8042,Diesel,44,17,68,202,101.8,55,18,86
U770,Apr,2024,41,4210,Diesel,19,17,116,204,102.69,88,19,39
U692,Nov,2023,35,3562,Petrol,10,21,8,152,101.79,74,30,34
U675,Sep,2023,100,10362,Petrol,31,22,125,169,103.62,56,27,97
U785,Jun,2024,126,13492,Petrol,42,25,76,240,107.08,65,23,136
U704,Apr,2025,147,15105,Petrol,72,20,9,286,102.76,89,19,134
U664,Dec,2023,141,14523,Petrol,79,18,101,244,103.0,25,22,142
U751,Mar,2025,141,15070,Petrol,68,20,57,79,106.88,49,17,150
U727,Apr,2024,94,9787,Petrol,34,25,112,91,104.12,33,20,103
U936,Mar,2023,29,3024,Petrol,7,15,105,148,104.28,79,25,30
U881,Feb,2024,157,16781,Petrol,66,24,34,29,106.89,75,28,153
U960,May,2025,58,6027,Petrol,16,22,102,122,103.92,61,21,56
U507,Feb,2024,45,4745,Diesel,34,15,102,28,105.45,28,24,43
U529,Jun,2024,93,9364,Petrol,42,19,96,258,100.69,81,29,94
U895,Mar,2023,0,0,Electric,64,16,135,185,101.43,66,20,0
U533,Jun,2024,101,10427,Petrol,42,20,141,74,103.24,46,20,107
U634,Nov,2024,56,5821,Petrol,19,23,135,44,103.96,24,30,55
U867,Oct,2024,48,5171,Petrol,22,19,105,68,107.73,31,23,50
U579,Sep,2023,103,11100,Petrol,56,18,70,209,107.77,54,19,111
U916,Jan,2025,57,6088,Diesel,33,16,76,238,106.81,82,30,61
U935,Jun,2025,153,15685,Petrol,64,26,53,191,102.52,77,21,159
U959,Sep,2024,27,2908,Hybrid,25,17,20,102,107.71,29,19,27
U558,Nov,2023,39,4114,Hybrid,21,20,110,240,105.51,53,25,39
U971,Apr,2024,47,4847,Diesel,22,22,74,252,103.14,71,21,44
U526,Nov,2025,104,10983,Diesel,61,22,13,219,105.61,24,17,96
U982,Dec,2023,73,7309,Diesel,41,19,1,216,100.13,85,19,72
U930,Feb,2025,139,14062,Petrol,64,19,107,201,101.17,31,27,129
U726,Apr,2025,72,7678,Diesel,42,24,144,28,106.64,31,30,73
U785,Jan,2023,46,4837,Petrol,16,17,77,211,105.16,30,26,47
U504,Mar,2023,152,15642,Petrol,79,21,47,153,102.91,17,21,152
U965,Oct,2024,165,17161,Petrol,77,20,90,230,104.01,65,27,149
U599,Sep,2024,18,1930,Diesel,5,15,135,101,107.24,60,15,16
U897,Oct,2025,59,6197,Hybrid,62,18,16,176,105.05,69,29,54
U989,May,2023,29,2992,Petrol,7,20,11,180,103.19,40,26,26
U539,Nov,2023,126,12720,Diesel,67,25,145,231,100.96,45,31,138
U771,Jun,2024,49,5015,Petrol,25,20,25,11,102.35,86,19,47
U875,Mar,2025,93,10028,Petrol,27,25,36,185,107.83,33,31,89
U785,May,2025,62,6417,Petrol,13,26,69,248,103.5,82,29,56
U657,Nov,2024,164,17018,Petrol,59,26,78,265,103.77,29,15,168
U575,Aug,2023,61,6343,Petrol,23,17,89,134,103.99,72,18,62
U872,Jun,2024,119,12741,Diesel,66,20,40,244,107.07,44,17,111
U788,Apr,2024,91,9539,Diesel,43,26,141,30,104.83,62,22,98
U630,Feb,2024,119,12560,Petrol,31,24,128,258,105.55,70,23,126
U675,Sep,2024,94,9693,Petrol,50,20,16,103,103.12,56,26,88
U962,Dec,2023,74,7417,Diesel,38,26,52,0,100.23,38,19,73
U584,Jan,2024,88,9455,Diesel,37,23,117,206,107.45,66,23,87
U522,Jan,2023,127,13663,Petrol,54,23,108,134,107.59,57,15,123
U959,Apr,2024,65,6993,Petrol,24,16,135,270,107.59,48,25,69
U527,Jul,2025,50,5377,Hybrid,44,18,76,88,107.55,74,21,46
U695,Jan,2023,123,13101,Diesel,62,23,79,194,106.52,17,28,120
U837,Sep,2025,63,6645,Petrol,35,18,44,121,105.48,82,17,62
U882,Apr,2024,99,10569,Petrol,42,22,17,115,106.76,25,25,98
U736,Mar,2024,86,9012,Diesel,49,24,98,195,104.8,27,31,92
U940,Jan,2024,131,13240,Petrol,45,26,146,35,101.07,64,20,123
U592,Oct,2023,0,0,Electric,13,17,67,66,103.13,33,29,0
U977,Apr,2025,43,4634,Petrol,13,17,82,132,107.77,58,21,44
U521,Sep,2023,142,14599,Diesel,67,23,49,280,102.81,47,19,132
U803,Oct,2023,55,5881,Petrol,26,25,24,10,106.94,52,19,50
U964,Jun,2024,64,6448,Petrol,20,24,120,217,100.75,17,21,63
U857,Jun,2025,40,4106,Hybrid,36,22,67,155,102.67,79,26,37
U943,Jan,2024,110,11309,Petrol,70,15,55,239,102.81,49,22,106
U584,Oct,2023,31,3112,Diesel,18,24,38,59,100.41,50,31,29
U762,Feb,2024,75,7571,Petrol,42,16,62,137,100.95,52,25,68
U647,Nov,2025,31,3148,Petrol,12,17,127,49,101.55,53,29,31
U941,Jun,2024,92,9816,Petrol,25,25,134,166,106.7,39,20,83
U953,Feb,2025,85,8543,Diesel,60,16,121,164,100.51,78,26,92
U887,Mar,2025,95,9727,Petrol,50,17,58,188,102.39,27,21,91
U757,Apr,2024,95,9507,Petrol,47,22,47,91,100.08,82,22,98
U558,Nov,2023,145,15307,Petrol,50,25,132,293,105.57,84,18,154
U880,May,2024,98,10286,Diesel,52,25,35,288,104.96,89,17,93
U922,Sep,2023,140,14722,Diesel,74,26,87,74,105.16,15,17,146
U515,Dec,2023,65,6695,Petrol,35,20,24,44,103.0,86,24,69
U662,Apr,2024,67,6811,Petrol,37,21,18,52,101.67,68,29,63
U945,Nov,2023,74,7826,Hybrid,48,24,134,174,105.76,23,27,81
U663,Sep,2023,163,17357,Petrol,75,24,65,160,106.49,50,22,147
U820,Nov,2024,17,1718,Hybrid,12,20,79,66,101.11,51,19,16
U997,Oct,2024,67,6960,Hybrid,77,15,124,269,103.89,73,21,70
U781,Mar,2024,25,2549,Diesel,6,25,145,123,101.99,35,19,23
U780,Aug,2023,59,5979,Petrol,21,17,102,181,101.34,34,31,61
U512,Dec,2025,78,8257,Diesel,56,15,128,181,105.87,15,18,83
U774,Jan,2023,95,9908,Diesel,49,26,130,35,104.3,73,21,103
U771,Nov,2025,102,10376,Diesel,41,24,126,211,101.73,42,20,101
U992,Sep,2024,122,12502,Petrol,46,26,20,133,102.48,85,28,133
U708,Sep,2025,136,14651,Petrol,48,23,125,177,107.73,70,25,133
U527,Oct,2024,101,10785,Petrol,42,23,123,165,106.79,23,21,95
U572,Feb,2024,18,1926,Diesel,10,19,10,45,107.04,79,17,18
U560,Apr,2025,99,10264,Diesel,72,18,21,155,103.68,50,31,101
U930,Aug,2024,142,14908,Petrol,55,26,110,235,104.99,48,25,140
U973,Jul,2025,87,8961,Petrol,39,23,124,59,103.01,46,29,88
U645,Jan,2024,127,12778,Petrol,62,23,56,4,100.62,80,21,124
U593,May,2023,84,8669,Diesel,61,17,88,180,103.21,39,29,84
U809,Jul,2023,84,8799,Hybrid,77,19,130,144,104.75,65,31,91
U508,Apr,2024,53,5421,Petrol,10,17,127,264,102.3,77,25,52
U579,Jan,2024,69,7367,Petrol,17,24,44,222,106.78,59,26,65
U527,Sep,2025,107,10829,Petrol,63,16,35,236,101.21,40,27,112
U674,May,2023,42,4323,Diesel,34,15,86,12,102.94,35,25,40
U550,Nov,2025,34,3434,Diesel,6,26,117,267,101.0,65,25,36
U1000,Feb,2024,86,8878,Hybrid,62,24,71,265,103.24,38,23,78
U699,Aug,2024,66,6621,Petrol,40,16,67,15,100.32,26,25,63
U887,Nov,2025,0,0,Electric,76,22,102,91,102.18,25,18,0
U849,Feb,2024,125,12901,Petrol,49,25,28,247,103.21,41,16,114
U948,Mar,2023,29,3011,Diesel,13,22,104,18,103.83,37,18,29
U928,Oct,2025,126,13148,Petrol,69,17,72,102,104.35,47,28,123
U681,Jan,2023,68,6949,Hybrid,54,21,118,94,102.2,52,19,73
U524,Nov,2023,85,8855,Diesel,36,21,84,282,104.18,69,31,85
U816,Feb,2023,67,6972,Diesel,47,16,88,212,104.07,84,26,64
U878,Jul,2025,107,10970,Diesel,58,23,88,36,102.53,56,20,111
U887,Oct,2024,104,11090,Petrol,51,17,75,60,106.64,43,26,106
U904,Feb,2023,58,6053,Petrol,18,16,138,290,104.37,48,29,61
U546,Jun,2023,76,7802,Hybrid,52,26,115,243,102.66,71,24,78
U515,Mar,2023,117,12586,Petrol,59,17,138,5,107.58,17,16,109
U653,Apr,2024,78,8327,Petrol,33,16,52,164,106.76,20,26,80
U722,Nov,2024,130,14021,Petrol,51,22,141,12,107.86,62,26,127
U706,Aug,2025,91,9604,Diesel,67,19,63,24,105.54,78,21,90
U955,Mar,2024,64,6593,Petrol,23,17,137,223,103.03,27,15,69
U773,Oct,2025,34,3476,Petrol,13,19,30,122,102.25,50,17,33
U882,Jun,2025,120,12637,Petrol,41,25,35,128,105.31,84,19,122
U736,Jan,2025,133,14344,Petrol,56,25,9,121,107.85,47,29,129
U840,Jul,2025,65,6825,Hybrid,61,22,25,34,105.01,71,24,59
U728,Aug,2025,0,0,Electric,32,21,19,82,107.05,69,15,0
U509,Nov,2023,67,6876,Diesel,40,20,124,181,102.63,27,21,68
U666,Aug,2024,108,11152,Petrol,68,15,43,75,103.26,65,16,106
U932,Mar,2023,35,3753,Hybrid,22,24,61,103,107.25,67,24,34
U944,Oct,2025,53,5620,Diesel,39,15,78,231,106.05,50,29,56
U819,Jan,2024,112,12079,Petrol,72,15,8,42,107.85,19,24,101
U714,Sep,2023,57,6053,Hybrid,43,24,70,92,106.2,39,24,54
U617,Jun,2023,31,3211,Diesel,12,22,89,143,103.59,51,26,32
U886,Nov,2025,43,4482,Diesel,19,22,23,253,104.25,33,22,46
U844,Sep,2023,27,2894,Diesel,11,21,139,77,107.2,49,28,26
U572,Jul,2023,74,7726,Petrol,21,20,59,262,104.41,48,16,79
U895,Jan,2023,130,13265,Petrol,68,18,83,69,102.04,68,31,122
U564,Dec,2023,38,3932,Diesel,16,15,119,148,103.48,60,20,35
U705,Dec,2023,156,16244,Petrol,60,23,77,291,104.13,20,22,166
U709,Jan,2025,94,9472,Petrol,50,15,15,213,100.77,15,15,101
U572,Jun,2025,68,7204,Diesel,51,18,28,146,105.95,85,17,64
U777,May,2023,37,3732,Diesel,20,17,118,24,100.87,48,29,33
U774,Sep,2025,175,18067,Petrol,73,21,34,108,103.24,70,31,160
U978,Feb,2025,22,2341,Diesel,6,19,42,180,106.44,40,21,20
U820,Aug,2024,84,8714,Diesel,58,19,95,250,103.74,56,28,88
U838,Nov,2023,52,5550,Diesel,31,18,118,202,106.74,52,17,52
U866,May,2025,59,6061,Petrol,35,15,52,169,102.74,40,19,58
U995,Feb,2025,97,10443,Petrol,45,19,19,174,107.66,73,29,98
U595,Oct,2023,105,10676,Petrol,40,18,114,169,101.68,38,20,113
U666,Nov,2024,118,11836,Petrol,51,24,7,1,100.31,35,17,108
U532,Nov,2023,111,11874,Petrol,47,22,121,133,106.98,74,17,115
U511,Dec,2024,129,13676,Petrol,69,16,41,126,106.02,34,22,140
U801,Jun,2023,126,12834,Petrol,54,22,76,45,101.86,20,29,118
U717,Oct,2023,17,1833,Hybrid,5,15,69,193,107.88,81,28,18
U789,Aug,2023,154,16019,Petrol,76,18,110,208,104.02,24,30,160
U602,Apr,2023,98,10545,Diesel,61,17,15,295,107.61,26,17,88
U925,Feb,2024,38,3953,Diesel,20,19,68,57,104.04,36,29,35
U892,Dec,2024,68,7056,Petrol,32,19,52,77,103.77,76,22,69
U767,Nov,2025,33,3418,Hybrid,26,19,5,201,103.59,75,16,33
U714,May,2023,104,10678,Diesel,45,26,122,288,102.68,31,31,104
U679,Dec,2024,42,4379,Petrol,23,18,32,61,104.27,24,26,39
U588,Feb,2024,110,11398,Diesel,54,22,14,267,103.62,26,25,113
U541,Feb,2024,101,10129,Petrol,63,17,13,125,100.29,54,27,96
U901,Jun,2023,156,15924,Diesel,73,26,62,48,102.08,37,28,152
U576,Nov,2025,71,7220,Petrol,38,18,4,87,101.7,54,26,69
U877,Oct,2024,66,7058,Diesel,43,15,120,260,106.94,88,29,68
U546,Sep,2023,152,15928,Petrol,78,21,89,178,104.79,88,22,139
U660,Apr,2024,22,2334,Diesel,11,15,106,68,106.11,64,16,20
U963,Jun,2024,98,10549,Petrol,56,16,15,59,107.65,24,22,92
U580,Jul,2025,129,13564,Diesel,64,25,98,248,105.15,18,19,118
U810,Nov,2024,96,10354,Diesel,56,21,52,168,107.86,15,16,90
U586,Jun,2024,69,7071,Petrol,28,15,76,268,102.49,57,24,70
U592,Aug,2023,69,7002,Diesel,30,25,92,111,101.49,19,24,72
U648,Apr,2023,39,4025,Petrol,14,17,97,99,103.23,48,18,40
U661,Dec,2025,37,3839,Hybrid,21,20,97,214,103.77,80,18,36
U702,Jan,2023,31,3321,Petrol,6,20,142,112,107.16,38,22,28
U924,Jul,2023,50,5224,Diesel,31,20,58,96,104.48,28,20,54
U916,Mar,2025,166,16988,Diesel,77,25,136,117,102.34,55,29,154
U742,Jun,2024,102,10805,Petrol,75,16,25,35,105.94,56,22,105
U853,Feb,2025,98,10196,Petrol,52,16,2,289,104.05,27,21,106
U502,Sep,2023,171,17322,Petrol,78,20,99,123,101.3,43,31,177
U725,Jan,2025,30,3138,Diesel,13,24,46,39,104.61,79,16,28
U789,Jun,2024,57,6115,Petrol,27,19,4,140,107.29,60,26,54
U733,Jun,2025,115,12275,Diesel,75,21,61,25,106.74,48,19,104
U961,May,2023,109,11411,Diesel,77,21,83,141,104.69,77,26,111
U914,May,2023,82,8447,Petrol,31,19,132,56,103.02,18,31,83
U917,Jan,2025,149,15004,Diesel,75,22,137,149,100.7,42,19,155
U577,Oct,2024,113,11724,Petrol,47,24,79,204,103.76,15,16,101
U616,Dec,2025,28,2968,Petrol,11,20,62,75,106.02,50,18,29
U654,May,2024,122,12551,Diesel,67,19,24,284,102.88,27,20,127
U906,Feb,2024,95,9678,Petrol,48,18,43,209,101.88,19,23,88
U603,Jul,2025,116,12464,Petrol,43,21,13,257,107.45,28,24,112
U694,Mar,2024,48,5115,Hybrid,44,18,85,258,106.57,46,25,49
U666,Apr,2023,33,3468,Petrol,11,19,18,183,105.11,64,16,32
U859,Mar,2025,0,0,Electric,74,19,101,10,101.09,41,23,0
U590,Mar,2024,0,0,Electric,29,15,19,159,101.16,49,31,0
U674,Apr,2023,135,13612,Petrol,63,15,78,259,100.83,17,23,142
U622,May,2025,54,5666,Petrol,17,17,138,87,104.93,18,22,50
U998,Jan,2023,149,15037,Diesel,66,25,97,183,100.92,21,19,139
U643,Apr,2023,28,2988,Petrol,12,17,120,15,106.74,17,19,29
U982,Dec,2023,100,10794,Petrol,49,16,16,243,107.94,73,20,102
U606,Dec,2024,47,4837,Diesel,22,26,49,85,102.93,88,30,47
U875,Nov,2025,103,10673,Petrol,64,16,9,198,103.63,15,15,102
U928,Aug,2025,65,6869,Hybrid,64,20,148,9,105.69,42,23,65
U805,Oct,2024,28,3010,Petrol,6,15,57,163,107.5,73,21,28
U860,Jul,2025,161,17251,Petrol,70,20,94,23,107.15,67,25,176
U959,Sep,2023,45,4520,Petrol,18,19,106,63,100.46,24,29,42
U817,May,2025,0,0,Electric,52,20,138,237,101.35,85,19,0
U951,Oct,2024,87,9225,Diesel,60,19,32,237,106.04,17,20,79
U623,Apr,2023,28,2954,Diesel,16,21,45,21,105.51,21,28,28
U890,Aug,2024,102,10309,Petrol,59,15,128,179,101.07,23,28,103
U509,Sep,2023,64,6657,Petrol,32,17,148,46,104.02,83,25,59
U762,Jul,2023,43,4568,Petrol,8,20,61,278,106.25,27,18,41
U573,Jul,2025,88,8954,Petrol,40,15,86,223,101.75,54,24,82
U859,May,2023,117,12515,Diesel,54,25,72,217,106.97,76,16,113
U723,Apr,2024,24,2410,Diesel,7,25,0,236,100.42,76,18,26
U916,Oct,2025,34,3612,Petrol,5,21,20,203,106.26,24,24,35
U541,Jan,2024,20,2098,Hybrid,21,18,21,18,104.93,25,15,18
U870,Oct,2023,128,13122,Petrol,75,17,3,179,102.52,76,28,121
U704,Oct,2024,0,0,Electric,66,24,64,161,105.77,70,26,0
U764,Jul,2024,146,15513,Petrol,52,23,62,284,106.26,63,26,152
U828,Jan,2023,103,11069,Petrol,66,15,142,60,107.47,30,19,102
U678,Jan,2025,154,15852,Petrol,73,22,35,84,102.94,87,18,169
U848,May,2024,42,4430,Petrol,23,15,28,34,105.49,88,27,43
U818,Sep,2023,51,5345,Diesel,38,19,68,4,104.82,23,26,51
U584,Jun,2025,121,12608,Petrol,53,24,110,75,104.2,47,30,128
U818,Mar,2025,120,12854,Petrol,51,22,143,252,107.12,49,20,124
U611,Mar,2025,91,9102,Diesel,54,20,99,6,100.03,89,21,86
U751,Jul,2024,53,5419,Diesel,30,21,40,168,102.26,53,23,53
U883,Jun,2024,121,12621,Diesel,60,25,147,129,104.31,39,24,122
U507,Sep,2024,61,6187,Petrol,18,22,47,137,101.43,70,19,60
U959,Jun,2025,64,6864,Diesel,29,20,129,299,107.26,62,18,59
U584,May,2024,32,3365,Diesel,8,25,143,90,105.18,24,25,30
U708,Oct,2023,93,9655,Petrol,36,20,110,162,103.82,55,21,88
U888,Jul,2024,199,21197,Petrol,69,25,61,252,106.52,73,27,179
U890,Jan,2024,152,15748,Petrol,65,20,106,200,103.61,42,27,164
U814,Dec,2025,52,5432,Petrol,24,19,105,19,104.47,55,23,53
U522,Jul,2024,196,19603,Petrol,78,22,131,228,100.02,80,27,203
U910,Mar,2023,44,4528,Petrol,14,16,112,162,102.93,65,27,44
U883,Sep,2025,74,7482,Diesel,38,21,67,164,101.11,76,19,76
U503,Jun,2023,95,10024,Diesel,65,18,88,231,105.52,44,26,104
U627,Sep,2025,0,0,Electric,31,15,77,237,103.83,54,15,0
U797,May,2025,74,7578,Diesel,44,19,74,119,102.41,54,31,77
U688,Jul,2024,118,12241,Petrol,69,17,24,106,103.74,83,24,114
U862,Apr,2023,40,4067,Hybrid,37,18,6,249,101.68,76,23,42
U514,Jul,2025,85,9129,Hybrid,72,21,112,283,107.4,29,22,91
U959,Jan,2024,156,15667,Petrol,75,19,35,197,100.43,17,29,168
U966,Jul,2025,29,3100,Diesel,13,18,9,219,106.92,38,27,26
U512,Aug,2025,0,0,Electric,20,15,112,150,104.09,55,31,0
U587,May,2025,34,3568,Diesel,9,20,35,285,104.95,77,23,31
U512,Feb,2025,43,4404,Hybrid,27,25,17,264,102.42,62,25,42
U897,May,2025,157,16913,Petrol,47,24,133,219,107.73,75,18,156
U525,Jun,2025,142,14519,Petrol,61,20,134,215,102.25,62,21,135
U801,Dec,2024,122,12774,Petrol,55,21,101,155,104.71,61,17,127
U743,Feb,2025,37,3994,Diesel,17,15,139,215,107.95,70,24,35
U622,Jun,2023,48,5138,Diesel,28,18,24,113,107.05,22,17,51
U647,Jun,2024,0,0,Electric,15,26,32,160,104.29,32,15,0
U555,Jan,2023,129,13921,Petrol,56,23,86,97,107.92,37,28,125
U738,Jan,2025,73,7709,Petrol,21,26,72,156,105.61,83,27,74
U856,Nov,2023,82,8336,Diesel,41,24,5,161,101.67,79,19,83
U673,Oct,2025,33,3406,Diesel,17,20,136,41,103.24,60,22,30
U892,Mar,2025,106,10884,Petrol,66,16,66,179,102.68,80,26,113
U721,Oct,2024,36,3699,Petrol,12,18,143,50,102.75,83,20,36
U619,Oct,2024,98,10395,Diesel,60,20,92,251,106.08,36,16,105
U809,Dec,2025,108,11304,Diesel,74,18,107,119,104.67,79,18,115
U683,Mar,2024,117,11735,Petrol,48,24,25,74,100.3,26,19,118
U788,Apr,2023,149,15945,Petrol,64,21,37,161,107.02,33,25,161
U807,Feb,2024,0,0,Electric,45,26,141,148,102.37,36,27,0
U800,Sep,2024,45,4859,Diesel,25,17,102,122,107.98,69,22,49
U582,Oct,2023,110,11839,Petrol,46,20,41,140,107.63,76,19,117
U954,Dec,2024,222,23869,Petrol,78,26,146,181,107.52,65,20,236
U902,Nov,2025,105,11181,Diesel,78,18,65,276,106.49,62,29,104
U711,Jul,2023,72,7326,Petrol,33,17,41,256,101.76,31,30,67
U650,Jul,2025,198,20643,Petrol,69,26,37,244,104.26,27,25,214
U537,Jun,2023,34,3460,Diesel,21,17,140,85,101.79,42,21,35
U852,Mar,2025,74,7553,Petrol,34,16,105,70,102.08,81,20,70
U812,Jun,2025,85,8915,Diesel,30,25,95,268,104.89,19,26,82
U861,Dec,2024,124,12440,Petrol,57,17,69,179,100.33,74,18,128
U559,Aug,2025,68,7327,Diesel,23,26,37,278,107.76,29,28,67
U631,Aug,2024,167,17927,Petrol,57,24,96,148,107.35,58,25,153
U912,Nov,2023,37,3812,Petrol,21,15,107,5,103.05,60,26,34
U702,Sep,2025,98,10203,Petrol,50,17,118,147,104.12,43,16,102
U743,Jan,2025,67,6949,Hybrid,57,23,73,167,103.73,82,25,64
U535,Jan,2023,55,5888,Hybrid,68,18,56,8,107.06,63,27,55
U945,Mar,2023,94,9917,Petrol,49,17,109,177,105.51,57,25,99
U593,Mar,2025,111,11346,Diesel,53,22,78,283,102.22,82,23,116
U938,Oct,2023,31,3210,Diesel,23,15,35,115,103.57,34,30,28
U947,Aug,2024,0,0,Electric,75,19,56,95,103.43,32,19,0
U707,Oct,2023,97,10443,Petrol,69,15,128,55,107.67,78,26,98
U853,Jan,2023,77,7807,Diesel,41,21,2,206,101.4,63,17,80
U891,Feb,2025,159,16014,Petrol,74,19,13,104,100.72,56,30,147
U832,Feb,2024,47,5030,Petrol,30,16,33,34,107.04,26,31,45
U805,Mar,2023,0,0,Electric,6,26,69,208,107.17,50,25,0
U850,Jun,2024,92,9841,Diesel,63,15,68,280,106.97,22,23,100
U713,Jan,2024,42,4371,Petrol,9,25,103,146,104.09,42,27,41
U659,Feb,2024,123,12949,Petrol,41,21,28,286,105.28,74,20,112
U942,Jan,2025,60,6270,Diesel,35,26,47,80,104.51,63,17,57
U945,May,2023,69,6938,Diesel,52,15,93,49,100.56,52,26,65
U524,Jul,2025,34,3562,Petrol,10,17,78,86,104.77,72,23,32
U904,Aug,2023,0,0,Electric,19,25,116,190,100.11,19,23,0
U793,Oct,2023,48,4924,Petrol,19,20,143,0,102.6,60,29,48
U504,Jan,2025,162,17408,Petrol,65,20,137,137,107.46,89,15,149
U720,Jul,2024,29,2970,Hybrid,20,21,146,135,102.43,16,29,31
U864,May,2024,66,7096,Petrol,24,25,66,153,107.52,39,22,67
U882,Oct,2023,146,14892,Petrol,48,25,131,161,102.0,15,25,148
U520,Jan,2025,50,5126,Diesel,46,15,74,18,102.52,83,31,54
U944,Mar,2024,101,10608,Diesel,50,21,27,242,105.03,54,28,103
U652,Jul,2024,80,8487,Petrol,38,16,120,128,106.09,82,19,86
U550,Oct,2023,74,7696,Hybrid,68,20,8,175,104.01,83,16,70
U677,Jan,2023,82,8778,Diesel,33,22,133,279,107.06,83,29,77
U935,Jul,2025,29,2909,Petrol,7,19,122,83,100.32,30,30,29
U596,May,2023,43,4617,Diesel,13,24,48,221,107.38,68,27,43
U605,Jan,2024,129,13102,Petrol,79,17,90,144,101.57,77,21,121
U920,Jan,2024,190,20343,Petrol,79,25,124,105,107.07,32,31,197
U750,Jan,2024,45,4644,Diesel,29,22,75,10,103.21,31,21,40
U617,Nov,2024,0,0,Electric,46,22,149,165,106.66,18,26,0
U854,Sep,2025,96,10115,Petrol,50,18,103,195,105.37,23,27,95
U728,Nov,2025,185,18760,Petrol,77,22,148,230,101.41,45,27,191
U566,Mar,2023,125,13417,Petrol,63,19,32,146,107.34,19,28,124
U835,May,2023,87,8870,Petrol,25,25,52,237,101.96,30,29,95
U918,Nov,2023,130,13253,Petrol,78,19,39,12,101.95,56,16,125
U920,Oct,2025,60,6390,Petrol,26,17,17,218,106.51,55,20,65
U762,Dec,2024,56,5647,Diesel,33,21,12,256,100.85,44,23,51
U795,Sep,2023,172,17506,Petrol,67,25,73,1,101.78,40,29,178
U926,Jun,2024,214,22262,Petrol,77,25,95,209,104.03,63,30,212
U743,Dec,2023,128,13649,Diesel,65,23,104,224,106.64,45,16,136
U871,Sep,2023,115,11635,Diesel,68,23,130,193,101.18,64,17,121
U686,Aug,2023,148,15448,Petrol,73,15,149,195,104.38,29,22,156
U746,Aug,2023,90,9512,Petrol,44,15,66,259,105.69,66,22,82
U625,Jan,2023,135,14428,Diesel,79,24,32,56,106.88,52,21,143
U768,Sep,2024,25,2687,Petrol,5,26,1,112,107.48,52,25,23
U631,Jun,2023,194,20618,Petrol,69,26,74,212,106.28,74,27,175
U737,Sep,2024,132,13889,Diesel,66,25,73,278,105.22,34,22,124
U518,Mar,2025,154,15934,Petrol,58,19,134,243,103.47,58,23,153
U540,Dec,2023,110,11099,Petrol,64,15,142,116,100.9,77,30,115
U521,Mar,2024,80,8454,Petrol,50,18,25,86,105.68,64,19,75
U899,Jun,2025,50,5397,Petrol,9,26,138,262,107.94,36,28,46
U725,Sep,2025,73,7729,Petrol,26,15,127,299,105.89,86,15,75
U855,Jul,2025,0,0,Electric,57,16,26,112,100.13,68,31,0
U782,Mar,2024,143,14867,Petrol,74,16,134,163,103.97,23,28,145
U508,Mar,2023,61,6400,Petrol,36,18,128,3,104.92,29,27,63
U600,Feb,2023,45,4748,Petrol,15,22,20,117,105.52,62,22,45
U740,Sep,2024,14,1480,Hybrid,14,16,78,22,105.76,34,17,14
U978,Mar,2023,102,10654,Diesel,43,23,93,232,104.46,49,15,111
U587,Nov,2024,95,9670,Petrol,35,26,7,89,101.79,81,29,95
U798,May,2023,36,3871,Hybrid,16,23,82,254,107.54,74,22,35
U928,Sep,2025,64,6756,Petrol,42,16,2,91,105.57,48,23,68
U514,Aug,2023,113,11513,Petrol,71,15,54,154,101.89,87,27,123
U834,Feb,2024,172,17643,Petrol,70,24,142,114,102.58,68,26,159
U502,Mar,2024,153,16429,Petrol,56,24,35,206,107.38,26,23,155
U875,Feb,2025,24,2570,Petrol,9,23,5,80,107.1,33,25,25
U793,Aug,2024,36,3716,Diesel,15,16,120,102,103.24,40,19,36
U825,Jun,2023,72,7222,Petrol,29,22,41,79,100.31,37,25,70
U922,Jun,2023,51,5119,Diesel,39,17,49,102,100.39,47,25,52
U993,Dec,2025,75,7670,Petrol,39,15,111,239,102.27,71,20,71
U541,Sep,2024,104,10923,Petrol,26,25,145,264,105.03,44,15,100
U818,Aug,2025,62,6489,Petrol,41,15,49,32,104.67,37,23,68
U816,Apr,2023,66,6934,Hybrid,59,24,29,34,105.07,88,21,67
U881,Dec,2025,126,13323,Petrol,79,16,38,248,105.74,50,20,135
U611,Apr,2024,135,13520,Diesel,76,21,115,49,100.15,57,24,143
U514,Sep,2025,203,20470,Petrol,68,26,139,279,100.84,80,19,209
U731,Jan,2024,78,8024,Petrol,24,20,58,241,102.88,67,15,83
U973,Feb,2024,46,4657,Petrol,8,26,75,151,101.24,74,29,44
U584,Feb,2023,84,8450,Petrol,22,25,131,146,100.6,51,19,86
U630,Jun,2023,76,7989,Petrol,55,16,47,38,105.13,75,20,77
U731,Apr,2023,161,17149,Petrol,72,18,141,188,106.52,67,19,164
U826,Nov,2024,28,2968,Diesel,24,16,80,24,106.02,26,31,26
U645,Oct,2025,48,5113,Petrol,13,15,48,243,106.54,49,18,45
U879,Mar,2024,63,6635,Diesel,30,26,66,222,105.33,81,16,60
U845,Mar,2023,69,7305,Petrol,29,17,76,229,105.88,52,22,70
U528,Mar,2023,119,12158,Diesel,72,18,136,152,102.17,38,19,130
U566,Jun,2025,90,9714,Diesel,45,24,20,287,107.94,54,18,98
U663,Aug,2023,135,13698,Petrol,63,19,104,107,101.47,79,28,127
U729,Nov,2023,97,9866,Petrol,49,19,71,32,101.72,71,18,93
U761,Jul,2023,72,7366,Diesel,45,21,15,110,102.31,86,22,65
U949,Apr,2025,59,6360,Hybrid,42,24,143,120,107.8,59,17,57
U924,Nov,2024,47,5071,Petrol,23,22,27,15,107.91,86,28,50
U960,Dec,2023,60,6381,Petrol,18,23,79,226,106.36,27,26,64
U940,Apr,2025,34,3571,Hybrid,25,26,56,10,105.03,20,29,32
U664,Nov,2023,57,5937,Petrol,19,21,109,202,104.16,85,23,54
U801,Oct,2025,22,2370,Diesel,7,19,51,201,107.76,61,16,20
U907,Nov,2023,118,12456,Petrol,41,23,83,97,105.56,58,15,114
U803,Nov,2025,134,14413,Petrol,50,22,47,115,107.56,46,29,142
U787,Nov,2023,60,6151,Diesel,20,24,126,280,102.53,17,29,61
U895,Feb,2024,48,4928,Diesel,18,23,97,231,102.67,68,22,50
U510,Jan,2023,52,5555,Petrol,13,24,117,110,106.84,52,17,52
U695,Sep,2025,33,3339,Petrol,11,22,92,11,101.2,18,16,31
U618,Dec,2023,28,3011,Diesel,18,20,66,20,107.57,31,18,26
U770,Dec,2024,24,2497,Diesel,10,18,73,126,104.06,51,26,21
U580,Feb,2023,81,8700,Petrol,19,23,83,284,107.41,50,24,85
U958,Aug,2025,94,9652,Diesel,56,26,9,120,102.69,72,22,100
U593,Sep,2025,127,13427,Diesel,76,23,144,123,105.73,55,31,133
U766,Apr,2024,73,7581,Diesel,38,24,117,32,103.86,22,20,66
U832,Aug,2025,24,2520,Diesel,5,24,96,169,105.01,81,28,25
U850,Sep,2023,181,18829,Petrol,73,23,5,76,104.03,44,19,164
U861,Oct,2023,59,6356,Diesel,24,24,17,296,107.74,66,22,54
U757,Oct,2023,23,2427,Diesel,11,17,71,62,105.54,39,22,22
U633,May,2025,66,6732,Petrol,11,25,88,269,102.01,66,23,65
U776,Jul,2023,158,16950,Petrol,54,26,41,215,107.28,73,28,167
U764,Oct,2023,29,2968,Petrol,6,17,3,189,102.35,44,28,30
U671,Apr,2023,87,8958,Diesel,51,25,19,74,102.97,81,28,80
U960,Jan,2024,48,4839,Petrol,18,20,27,173,100.82,18,31,45
U501,Mar,2025,64,6860,Diesel,35,20,103,66,107.2,71,16,61
U813,May,2025,64,6546,Hybrid,54,20,43,92,102.29,77,28,59
U564,Mar,2025,80,8165,Diesel,65,19,22,52,102.07,46,26,76
U874,Dec,2024,53,5690,Hybrid,45,19,46,93,107.36,65,30,55
U968,Nov,2025,0,0,Electric,18,16,12,112,106.44,77,20,0
U784,Jul,2024,50,5056,Petrol,9,21,143,228,101.13,15,21,53
U621,Dec,2024,145,15391,Diesel,79,26,94,249,106.15,33,16,144
U607,Sep,2025,31,3326,Petrol,9,18,15,208,107.3,49,27,29
U921,Dec,2023,61,6138,Hybrid,68,17,118,181,100.63,77,22,59
U675,Jun,2023,108,11512,Petrol,33,22,116,266,106.6,40,26,112
U985,Oct,2025,0,0,Electric,79,18,9,280,104.38,27,15,0
U704,Jan,2025,36,3792,Diesel,9,25,121,154,105.35,37,23,32
U665,Jul,2024,61,6340,Diesel,40,18,37,82,103.94,49,22,66
U805,Mar,2025,65,6862,Petrol,23,22,43,185,105.58,26,23,59
U997,May,2024,108,10829,Petrol,68,15,94,138,100.27,23,19,117
U620,Oct,2025,55,5835,Diesel,26,23,73,54,106.1,81,27,49
U544,Apr,2023,97,9726,Petrol,38,21,112,18,100.27,58,28,102
U812,Oct,2023,115,11918,Diesel,60,26,50,266,103.64,75,18,115
U656,May,2025,43,4352,Petrol,21,16,51,141,101.21,35,31,43
U867,May,2024,113,12044,Diesel,60,25,91,163,106.59,21,23,103
U707,Jun,2023,79,8098,Petrol,21,26,58,251,102.51,25,29,74
U890,Oct,2024,108,11192,Diesel,78,20,12,231,103.63,59,18,113
U608,Dec,2025,49,5068,Diesel,22,22,11,296,103.43,46,16,52
U751,Oct,2025,118,12529,Petrol,49,25,49,59,106.18,50,27,118
U945,Nov,2023,116,12046,Petrol,60,19,56,21,103.85,51,18,112
U904,Jun,2025,132,14032,Petrol,54,20,118,125,106.31,89,30,120
U870,Aug,2023,120,12070,Diesel,62,26,56,102,100.59,55,24,124
U834,Aug,2024,53,5381,Diesel,22,24,7,220,101.53,63,16,50
U630,Nov,2023,31,3236,Diesel,11,22,105,109,104.41,29,28,28
U957,Sep,2023,31,3334,Diesel,14,20,136,57,107.58,27,16,32
U793,Aug,2024,210,21126,Petrol,73,26,119,64,100.6,67,15,209
U520,Nov,2023,23,2307,Petrol,7,23,62,57,100.34,47,27,20
U782,Feb,2023,150,15187,Petrol,48,26,71,157,101.25,86,20,138
U785,Dec,2025,174,18292,Petrol,74,23,130,75,105.13,46,31,180
U501,Oct,2024,0,0,Electric,18,23,12,18,103.19,62,31,0
U619,Dec,2023,22,2345,Hybrid,8,20,136,189,106.6,82,25,23
U535,Nov,2024,82,8247,Petrol,22,26,51,249,100.58,71,20,78
U698,Jan,2024,107,10867,Diesel,56,26,61,78,101.57,76,17,98
U985,Oct,2023,70,7168,Diesel,42,23,118,83,102.4,16,28,73
U745,Feb,2025,54,5670,Petrol,24,17,108,171,105.01,30,20,54
U559,Feb,2024,98,10337,Petrol,48,19,7,211,105.48,22,31,94
U825,Dec,2023,93,9392,Petrol,55,16,94,148,100.99,33,17,91
U661,Mar,2024,57,6130,Diesel,23,26,124,9,107.55,46,31,51
U997,Oct,2025,0,0,Electric,72,22,52,29,102.73,81,19,0
U679,Jul,2025,122,12896,Diesel,70,25,62,279,105.71,46,29,118
U706,Feb,2025,40,4167,Petrol,17,18,94,54,104.19,39,17,41
U512,Jan,2023,128,13027,Petrol,66,20,80,126,101.78,67,22,131
U990,Jun,2023,101,10783,Diesel,65,20,56,179,106.77,39,21,104
U776,Sep,2025,72,7671,Diesel,34,19,146,231,106.55,47,24,76
U681,Mar,2023,62,6396,Diesel,34,26,66,92,103.17,45,24,63
U742,Jun,2025,96,10052,Diesel,55,26,45,7,104.71,50,15,94
U716,Mar,2023,99,10103,Petrol,52,15,93,246,102.06,63,16,96
U751,Jan,2025,79,8336,Diesel,37,25,137,195,105.52,58,15,72
U799,Dec,2024,115,11784,Diesel,78,21,112,162,102.47,62,23,121
U626,May,2025,58,6191,Petrol,23,24,92,39,106.75,44,29,61
U982,Oct,2025,149,15159,Diesel,75,22,145,253,101.74,27,21,141
U717,Nov,2023,104,10412,Petrol,61,15,139,84,100.12,57,28,111
U806,Apr,2023,69,7048,Petrol,23,24,48,271,102.15,30,19,70
U785,Jul,2023,93,9442,Petrol,45,21,22,77,101.53,40,23,92
U685,Jun,2023,88,9158,Petrol,46,18,61,212,104.07,89,27,79
U539,Oct,2023,115,11687,Petrol,56,20,10,254,101.63,61,19,112
U723,Jul,2023,29,3077,Petrol,8,23,72,90,106.11,51,29,29
U684,May,2024,32,3261,Diesel,8,19,117,192,101.93,17,25,29
U995,Apr,2025,51,5388,Petrol,9,22,87,252,105.66,40,23,50
U927,Jul,2025,106,11090,Petrol,45,19,88,277,104.63,29,30,116
U678,Jul,2025,114,12299,Petrol,65,16,54,142,107.89,80,25,118
U907,Jun,2024,102,11016,Diesel,79,18,8,243,108.0,42,16,102
U928,Aug,2025,98,10482,Petrol,59,16,11,211,106.96,52,22,98
U794,Apr,2024,191,20261,Petrol,79,21,138,194,106.08,58,19,173
U840,Oct,2024,31,3195,Hybrid,17,21,112,269,103.09,67,25,33
U651,May,2024,22,2332,Diesel,18,17,7,18,106.03,18,25,23
U884,Apr,2025,68,7320,Hybrid,64,21,35,39,107.65,86,23,70
U626,Dec,2024,127,12724,Petrol,76,15,124,97,100.19,58,25,116
U801,Jan,2025,39,4067,Petrol,29,15,49,3,104.3,60,19,36
U808,Dec,2025,86,8749,Diesel,48,23,106,32,101.74,40,23,80
U836,Aug,2023,56,5849,Petrol,14,20,8,298,104.46,27,15,56
U934,Jan,2023,207,21472,Petrol,75,26,66,164,103.73,83,24,194
U734,May,2024,109,11402,Petrol,54,19,52,26,104.61,58,22,113
U880,Jun,2024,79,8248,Diesel,48,20,81,172,104.41,67,30,79
U875,Jun,2025,59,6353,Petrol,18,20,109,112,107.68,65,27,53
U508,May,2024,21,2192,Hybrid,19,15,144,94,104.42,27,19,22
U998,Mar,2024,32,3416,Hybrid,20,19,52,232,106.77,55,23,30
U841,May,2025,33,3384,Petrol,6,23,113,133,102.56,25,18,35
U629,Dec,2024,59,6106,Diesel,34,18,62,123,103.5,51,28,57
U764,Aug,2024,48,4980,Diesel,34,17,142,115,103.76,74,21,46
U657,Feb,2025,37,3782,Diesel,35,15,18,12,102.23,46,26,33
U852,Jun,2025,55,5667,Petrol,24,16,123,164,103.04,59,21,60
U858,Sep,2023,73,7649,Diesel,53,17,85,207,104.79,32,25,74
U505,Aug,2025,73,7638,Petrol,39,18,69,84,104.64,34,29,71
U995,Nov,2023,35,3678,Hybrid,27,21,46,247,105.09,58,21,32
U586,Aug,2024,151,15524,Petrol,65,20,107,55,102.81,50,31,157
U675,Aug,2025,143,14661,Petrol,59,25,19,171,102.53,83,19,136
U790,Jul,2025,124,13006,Diesel,71,22,36,140,104.89,51,22,136
U693,Aug,2025,32,3233,Diesel,12,23,129,131,101.06,47,24,34
U811,Jun,2024,65,6631,Diesel,44,20,35,200,102.02,33,20,68
U619,Feb,2023,141,14147,Petrol,63,21,132,288,100.34,65,16,154
U718,Feb,2024,91,9152,Petrol,36,18,63,178,100.58,46,19,83
U927,Aug,2024,0,0,Electric,11,16,6,28,101.95,36,24,0
U958,Nov,2025,20,2003,Diesel,6,23,119,35,100.16,15,17,19
U914,Jan,2023,26,2650,Diesel,10,23,21,108,101.96,68,27,23
U614,Jun,2024,94,9892,Petrol,40,18,45,145,105.24,34,30,102
U966,Jun,2025,124,12460,Petrol,36,26,109,275,100.49,72,29,113
U645,Nov,2024,59,6105,Diesel,49,17,45,145,103.49,49,16,63
U526,Apr,2024,84,9013,Diesel,46,24,27,167,107.3,84,17,88
U636,Dec,2025,154,16374,Petrol,57,25,86,256,106.33,84,29,150
U803,Nov,2025,26,2663,Hybrid,13,20,34,274,102.44,75,19,23
U732,Nov,2023,98,10525,Diesel,79,17,128,86,107.4,77,25,88
U869,Oct,2024,107,10982,Petrol,79,15,8,153,102.64,75,17,100
U576,Mar,2025,110,11063,Petrol,53,18,8,284,100.58,71,23,109
U975,Nov,2025,21,2266,Petrol,6,15,21,97,107.95,17,21,20
U828,Mar,2023,94,10054,Diesel,71,16,69,210,106.96,59,16,95
U845,Jan,2023,35,3630,Petrol,15,17,140,47,103.73,29,29,36
U802,Mar,2025,151,15904,Petrol,54,22,146,273,105.33,31,26,147
U952,Apr,2023,77,8113,Diesel,39,24,64,193,105.37,29,30,71
U789,Nov,2025,75,7617,Petrol,19,18,139,251,101.56,19,30,79
U501,Nov,2024,177,17983,Petrol,79,18,42,282,101.6,60,30,171
U647,May,2023,91,9442,Petrol,35,24,16,261,103.76,25,17,87
U787,Mar,2024,130,13947,Diesel,66,23,67,261,107.29,78,18,136
U964,Jun,2024,51,5104,Diesel,32,21,28,30,100.08,28,15,55
U642,Nov,2024,66,7013,Petrol,29,16,134,104,106.26,53,22,71
U553,Dec,2025,41,4118,Diesel,29,17,43,168,100.46,81,29,38
U804,May,2024,136,14120,Diesel,79,18,132,235,103.83,69,19,136
U569,Mar,2024,41,4309,Petrol,5,18,133,273,105.1,56,26,37
U861,Jun,2024,166,17511,Petrol,63,24,6,229,105.49,89,18,181
U590,Jun,2025,138,13864,Petrol,73,22,53,22,100.47,19,29,130
U946,Aug,2024,164,16949,Petrol,78,24,45,163,103.35,66,20,154
U720,Feb,2024,106,11095,Diesel,46,24,137,280,104.67,36,19,114
U950,Jan,2023,57,5730,Diesel,38,20,3,6,100.53,58,25,62
U998,Apr,2025,151,15263,Petrol,70,17,90,209,101.08,73,28,156
U692,Jul,2024,72,7582,Petrol,22,25,60,252,105.31,39,25,66
U954,Nov,2023,45,4687,Petrol,9,23,110,132,104.17,35,23,44
U563,Oct,2025,63,6381,Diesel,24,24,36,273,101.29,78,24,66
U573,Mar,2025,164,17101,Petrol,70,22,2,105,104.28,82,20,166
U661,Mar,2025,143,15343,Diesel,79,23,12,231,107.3,61,25,132
U669,May,2025,143,14317,Petrol,66,19,87,32,100.12,49,23,133
U589,May,2025,46,4836,Diesel,36,17,75,78,105.14,21,19,49
U676,Oct,2025,47,4727,Hybrid,62,18,7,34,100.59,70,24,47
U769,Mar,2024,148,14807,Petrol,54,26,82,109,100.05,66,28,154
U573,Sep,2024,76,7691,Petrol,42,19,8,62,101.21,60,20,74
U745,Apr,2024,0,0,Electric,59,23,77,296,103.38,23,18,0
U577,Mar,2024,87,9258,Petrol,32,23,123,177,106.42,72,24,95
U659,Nov,2023,112,11452,Diesel,78,17,145,231,102.25,37,25,108
U989,Feb,2024,62,6510,Petrol,26,21,41,103,105.01,17,30,64
U959,Oct,2025,81,8366,Diesel,47,20,40,293,103.29,75,21,75
U824,Nov,2024,72,7334,Petrol,40,18,88,34,101.87,23,21,66
U598,Sep,2024,0,0,Electric,56,19,76,193,104.11,67,29,0
U881,Apr,2025,83,8829,Diesel,40,24,53,173,106.38,82,29,88
U602,Mar,2024,50,5333,Diesel,32,16,96,101,106.66,63,17,51
U994,Jul,2024,127,13559,Diesel,62,25,97,292,106.77,84,15,118
U632,Aug,2024,68,6984,Diesel,40,21,55,84,102.71,62,15,64
U602,Nov,2023,146,15527,Petrol,74,18,99,200,106.35,21,21,158
U519,Feb,2024,24,2440,Hybrid,13,16,144,172,101.7,45,24,22
U954,Jul,2025,0,0,Electric,25,25,9,28,105.91,70,26,0
U982,Dec,2025,177,19043,Petrol,68,20,43,296,107.59,75,22,169
U582,May,2024,80,8008,Hybrid,65,25,129,55,100.11,19,31,87
U897,Nov,2024,84,8695,Diesel,44,26,141,15,103.52,44,28,90
U989,May,2024,84,8835,Diesel,60,16,129,139,105.18,36,31,76
U779,Mar,2025,25,2640,Petrol,8,24,18,65,105.61,31,20,26
U839,May,2025,65,6591,Petrol,35,16,79,146,101.41,24,31,60
U865,Dec,2023,87,9376,Petrol,31,21,88,157,107.78,85,22,82
U831,Feb,2023,81,8498,Petrol,62,15,0,68,104.92,82,27,80
U629,Apr,2023,45,4558,Diesel,29,21,129,22,101.31,56,30,45
U844,Jun,2025,171,17127,Petrol,73,24,26,189,100.16,41,26,165
U810,Jan,2023,138,14665,Petrol,74,19,1,247,106.27,21,31,140
U955,Oct,2024,0,0,Electric,9,15,137,144,100.64,37,22,0
U589,Apr,2024,39,3944,Petrol,12,20,18,176,101.13,89,25,35
U713,Jun,2025,48,5020,Petrol,13,21,140,194,104.6,22,27,48
U643,Sep,2023,39,4088,Petrol,19,15,113,12,104.83,22,26,39
U565,Nov,2024,47,4958,Petrol,11,23,55,165,105.5,19,29,48
U576,Nov,2025,130,13409,Diesel,76,21,94,149,103.15,85,17,133
U699,Feb,2023,30,3185,Diesel,19,15,148,44,106.19,16,17,32
U643,Nov,2024,68,7329,Diesel,41,17,56,173,107.79,65,20,67
U905,Jul,2023,87,8888,Petrol,43,19,101,166,102.17,80,17,78
U903,Jun,2025,30,3168,Diesel,10,18,69,196,105.62,26,23,30
U816,Feb,2023,103,11065,Petrol,61,16,81,205,107.43,61,25,106
U593,Aug,2025,46,4852,Petrol,23,15,48,81,105.49,69,22,46
U973,Jul,2023,131,13813,Petrol,67,18,90,67,105.45,40,18,135
U917,Nov,2024,87,8855,Petrol,35,21,4,96,101.79,59,29,83
U805,May,2025,215,22420,Petrol,79,25,56,166,104.28,76,19,199
U724,Dec,2025,38,3971,Petrol,14,18,91,76,104.5,84,21,39
U997,May,2025,0,0,Electric,71,23,35,236,105.6,16,22,0
U791,Jul,2023,167,18030,Petrol,66,22,137,195,107.97,40,21,165
U928,Sep,2023,48,4812,Petrol,7,22,111,290,100.27,28,22,47
U602,Nov,2024,65,6533,Petrol,22,19,147,135,100.52,71,18,64
U974,Sep,2025,81,8150,Diesel,29,26,12,295,100.62,46,15,82
U767,Sep,2025,46,4873,Petrol,24,15,121,35,105.94,76,19,41
U855,Jun,2023,93,9401,Hybrid,62,23,108,247,101.09,44,25,102
U956,Oct,2023,0,0,Electric,54,16,146,253,104.98,27,18,0
U610,Jun,2024,49,5027,Petrol,14,20,91,213,102.6,54,16,48
U962,Mar,2024,89,9225,Petrol,25,24,101,251,103.66,45,31,83
U830,Jan,2023,65,6612,Petrol,33,19,55,69,101.73,51,26,59
U950,Jul,2025,46,4918,Diesel,14,24,44,233,106.93,59,16,47
U930,Apr,2024,38,3978,Petrol,17,22,59,15,104.69,73,23,36
U765,Jan,2023,124,13337,Petrol,51,25,53,173,107.56,42,20,117
U503,Aug,2023,56,5857,Petrol,27,17,36,186,104.6,75,20,54
U585,Dec,2025,100,10099,Diesel,54,20,36,293,100.99,33,17,101
U782,Jun,2023,38,3852,Petrol,8,20,13,224,101.37,57,29,39
U828,Jun,2023,187,20179,Petrol,71,24,94,273,107.91,73,21,192
U804,Feb,2024,63,6665,Diesel,57,17,101,11,105.8,30,27,67
U950,Jan,2023,24,2409,Diesel,6,26,41,218,100.39,83,24,22
U954,Feb,2023,88,9295,Hybrid,72,26,0,0,105.63,58,18,90
U912,Apr,2024,161,16631,Petrol,69,26,22,110,103.3,80,30,148
U617,Feb,2025,93,9528,Diesel,61,21,27,276,102.46,24,23,93
U721,Jan,2025,151,15285,Diesel,74,25,131,128,101.23,61,24,153
U654,Jul,2024,25,2668,Petrol,11,18,17,92,106.72,33,31,23
U653,Nov,2024,37,3718,Diesel,23,19,48,38,100.51,65,15,36
U512,Nov,2025,124,12687,Petrol,48,23,46,158,102.32,27,27,132
U633,Dec,2025,81,8298,Hybrid,67,20,114,185,102.45,77,18,75
U982,Aug,2025,176,17827,Petrol,69,24,38,255,101.29,30,29,173
U804,Jun,2025,61,6348,Diesel,43,18,5,238,104.07,67,24,66
U793,Apr,2025,73,7306,Petrol,30,22,52,103,100.09,49,23,73
U963,Jun,2024,0,0,Electric,48,23,24,28,102.41,73,22,0
U800,Mar,2023,55,5910,Petrol,16,24,98,88,107.47,53,20,58
U728,Dec,2025,0,0,Electric,26,19,64,50,102.48,81,24,0
U771,Aug,2025,25,2572,Hybrid,18,16,132,146,102.88,87,31,23
U543,Oct,2023,64,6642,Petrol,34,20,7,35,103.79,75,19,67
U932,Feb,2023,116,12120,Diesel,48,25,38,283,104.49,64,28,121
U843,May,2023,0,0,Electric,42,26,110,100,106.47,67,31,0
U826,Jan,2023,124,12588,Petrol,63,22,42,106,101.52,60,25,119
U802,Jun,2023,112,11980,Petrol,46,19,81,290,106.97,66,18,109
U998,Feb,2023,66,6999,Diesel,56,15,122,104,106.06,43,31,70
U864,Apr,2024,147,15549,Petrol,67,22,132,220,105.78,19,16,144
U879,Jun,2023,137,13794,Petrol,65,23,3,75,100.69,81,15,148
U927,Oct,2023,78,7813,Petrol,38,15,107,226,100.17,88,21,85
U993,Nov,2024,95,9951,Petrol,43,22,92,83,104.75,89,20,100
U521,Aug,2023,125,13363,Petrol,45,24,128,75,106.91,54,20,129
U907,Dec,2025,124,12980,Petrol,41,26,93,248,104.68,86,28,121
U607,Aug,2025,58,5899,Hybrid,69,16,55,254,101.71,16,26,52
U836,Nov,2023,49,4935,Diesel,36,18,2,49,100.72,82,28,49
U803,Jun,2024,34,3590,Petrol,12,16,21,209,105.6,76,28,33
U617,Apr,2025,36,3807,Diesel,22,16,55,157,105.77,72,26,34
U624,Aug,2024,97,9833,Diesel,49,24,17,232,101.38,83,23,100
U899,Aug,2025,0,0,Electric,37,17,115,76,100.23,72,23,0
U781,Oct,2023,47,4853,Petrol,9,22,83,222,103.27,49,16,49
U792,Jan,2024,128,13396,Petrol,78,18,29,120,104.66,28,19,125
U703,Apr,2024,46,4859,Hybrid,40,21,79,106,105.65,29,26,42
U551,Apr,2024,40,4259,Hybrid,27,26,65,240,106.48,20,28,39
U771,Jul,2025,72,7551,Diesel,44,24,9,27,104.88,30,27,78
U824,Nov,2025,25,2522,Diesel,9,17,58,191,100.89,60,17,26
U777,Jul,2025,95,10018,Petrol,38,24,50,248,105.46,77,29,89
U641,Nov,2023,79,8521,Diesel,28,26,122,212,107.87,26,29,77
U970,Aug,2025,57,6112,Petrol,21,25,136,20,107.24,55,17,61
U775,Nov,2023,151,16152,Petrol,75,17,53,154,106.97,33,29,139
U790,May,2024,31,3175,Diesel,26,16,80,26,102.42,16,22,29
U834,Jul,2024,62,6572,Petrol,19,26,136,76,106.01,34,27,59
U881,Aug,2023,35,3738,Petrol,19,20,8,56,106.81,23,24,35
U952,Sep,2025,32,3373,Hybrid,29,20,100,118,105.43,35,16,31
U996,Mar,2023,110,11220,Petrol,57,15,38,164,102.0,22,25,100
U873,Mar,2024,0,0,Electric,25,21,135,63,107.63,53,23,0
U552,Apr,2024,0,0,Electric,70,26,109,47,103.61,51,23,0
U994,May,2023,57,5759,Diesel,36,18,65,149,101.04,43,20,58
U527,Oct,2025,79,7969,Petrol,25,25,9,157,100.88,49,24,79
U657,Jan,2025,219,23034,Petrol,72,26,116,155,105.18,52,22,218
U739,Jul,2023,93,9625,Petrol,48,17,82,150,103.5,89,29,84
U656,Sep,2023,199,20051,Petrol,70,22,138,224,100.76,49,20,204
U791,Aug,2025,55,5825,Petrol,18,16,133,259,105.92,82,21,54
U636,May,2024,0,0,Electric,19,23,69,255,106.39,17,31,0
U644,Apr,2023,52,5501,Petrol,24,22,38,60,105.8,26,18,53
U606,Dec,2025,86,8739,Diesel,38,22,12,259,101.62,46,22,87
U920,Jul,2025,94,9918,Petrol,40,17,58,161,105.52,61,27,84
U658,May,2024,21,2101,Diesel,13,18,66,30,100.09,77,28,19
U646,Jul,2024,51,5224,Hybrid,75,16,40,70,102.44,40,31,48
U502,Dec,2024,55,5675,Petrol,34,16,34,1,103.19,57,28,56
U933,Jan,2024,127,13548,Petrol,67,18,80,49,106.68,58,25,128
U577,Jan,2024,70,7218,Diesel,39,20,33,134,103.12,52,24,73
U632,Oct,2023,34,3403,Diesel,17,19,75,145,100.09,43,27,35
U590,Mar,2025,63,6477,Diesel,50,15,69,178,102.82,69,30,67
U845,Nov,2023,176,18302,Petrol,60,24,10,263,103.99,66,28,171
U850,Feb,2023,46,4949,Petrol,13,15,111,203,107.59,33,17,44
U959,Feb,2023,0,0,Electric,40,20,26,298,107.53,49,20,0
U763,Jul,2023,16,1623,Hybrid,7,17,47,186,101.45,62,17,15
U851,Dec,2023,38,3856,Petrol,23,17,23,29,101.48,74,17,37
U608,Oct,2024,45,4558,Diesel,32,21,17,58,101.31,45,26,42
U574,Feb,2024,37,3933,Petrol,27,15,26,8,106.31,17,22,40
U539,Nov,2025,33,3301,Petrol,11,15,53,166,100.05,49,19,32
U897,Apr,2023,62,6263,Petrol,18,24,54,278,101.02,66,31,58
U659,Feb,2025,94,9804,Petrol,50,17,119,190,104.3,85,24,97
U571,Jun,2024,46,4691,Diesel,19,22,20,241,101.98,65,31,43
U947,Aug,2024,146,14708,Petrol,71,15,114,277,100.74,70,23,158
U812,Oct,2024,60,6172,Petrol,19,24,119,153,102.88,35,27,58
