user_id,month,year,gas_units,bill_amount,cooking_units,heating_units,occupancy_days
U403,Jan,2025,392,489.69,234,158,20
U736,Oct,2023,342,396.36,199,143,22
U649,Oct,2025,419,487.15,210,209,15
U571,Aug,2023,237,292.14,120,117,24
U407,Apr,2024,178,220.09,59,119,17
U372,Apr,2023,269,321.33,151,118,18
U489,Apr,2025,222,271.15,70,152,25
U321,Jun,2025,275,340.11,108,167,29
U403,Jul,2024,399,460.57,238,161,15
U422,Jun,2023,181,218.54,77,104,23
U767,Jan,2024,186,229.77,63,123,25
U515,Dec,2024,324,385.5,191,133,27
U631,Aug,2025,115,135.73,68,47,30
U759,Oct,2023,409,502.89,145,264,18
U388,Nov,2023,262,310.1,146,116,15
U673,Jul,2023,197,226.61,82,115,27
U400,Jun,2023,255,317.72,105,150,15
U660,Jun,2024,101,122.13,38,63,19
U452,May,2024,449,553.15,140,309,19
U431,Jun,2025,268,330.32,101,167,28
U450,Dec,2024,414,478.85,130,284,28
U609,Sep,2024,424,494.84,244,180,22
U558,Oct,2025,191,225.59,95,96,18
U644,Sep,2025,280,330.98,158,122,21
U792,Oct,2025,330,401.24,170,160,29
U714,Aug,2024,400,484.93,135,265,18
U594,Oct,2024,247,296.27,143,104,23
U686,Sep,2025,379,443.86,216,163,27
U492,Oct,2025,288,342.2,116,172,28
U744,Aug,2025,446,537.14,148,298,28
U577,Aug,2024,449,537.36,229,220,24
U461,Jan,2024,413,480.21,214,199,30
U760,Oct,2023,227,275.79,129,98,19
U614,Nov,2024,106,122.67,33,73,20
U322,May,2024,146,173.42,50,96,16
U553,Apr,2024,152,185.59,72,80,27
U536,Feb,2025,286,329.47,138,148,27
U645,Aug,2024,137,165.36,42,95,15
U349,Mar,2025,325,384.62,136,189,22
U775,Apr,2023,152,174.93,72,80,30
U359,Dec,2023,323,377.6,168,155,16
U470,Jul,2025,253,314.76,99,154,22
U776,Oct,2025,147,176.71,65,82,20
U488,Sep,2025,246,307.43,133,113,30
U764,Feb,2024,163,196.0,95,68,25
U571,Mar,2023,448,539.57,165,283,31
U490,Apr,2025,281,334.16,105,176,25
U746,Oct,2024,224,264.54,130,94,22
U475,Jan,2023,278,326.69,116,162,18
U746,Jul,2024,138,163.44,71,67,25
U351,Feb,2023,359,429.36,173,186,22
U664,May,2024,102,119.26,39,63,23
U355,Jan,2023,163,191.12,80,83,16
U544,Mar,2023,128,150.68,63,65,30
U620,Dec,2024,110,131.44,52,58,20
U431,Feb,2025,196,238.2,64,132,22
U785,Jan,2023,302,373.16,180,122,28
U607,Jul,2025,120,141.45,50,70,30
U435,May,2024,138,161.24,67,71,26
U321,Jan,2025,322,382.5,182,140,19
U629,Jun,2025,201,249.13,85,116,23
U467,May,2025,145,166.89,77,68,16
U574,Mar,2025,165,200.93,97,68,26
U688,Dec,2025,190,227.57,77,113,16
U389,Jul,2023,263,306.69,110,153,24
U616,Nov,2023,210,248.24,120,90,15
U314,Oct,2023,437,512.38,152,285,18
U542,Sep,2024,222,274.79,68,154,26
U565,Sep,2025,292,349.87,167,125,23
U646,Sep,2023,198,238.85,108,90,18
U353,Feb,2024,390,471.65,230,160,23
U686,Mar,2023,258,313.2,81,177,20
U640,Jul,2023,202,242.31,70,132,15
U392,May,2025,380,437.68,126,254,24
U667,Feb,2024,142,168.05,71,71,28
U744,Mar,2025,183,213.81,88,95,20
U755,Oct,2025,290,353.22,118,172,30
U728,Jun,2023,150,173.35,47,103,29
U564,Jul,2025,309,372.77,151,158,30
U731,Sep,2024,225,263.49,105,120,22
U335,Jan,2025,168,209.14,56,112,27
U506,Nov,2025,364,430.81,208,156,25
U381,Jul,2025,357,422.16,128,229,21
U720,Aug,2023,287,356.55,150,137,31
U350,Dec,2024,329,392.08,186,143,27
U660,Mar,2023,288,358.93,136,152,29
U688,Apr,2023,109,125.61,40,69,15
U302,Oct,2023,213,251.48,83,130,30
U690,Jun,2023,175,212.91,99,76,19
U354,Oct,2023,263,325.88,102,161,17
U406,Jul,2024,184,216.32,96,88,24
U560,Apr,2025,148,183.97,88,60,19
U610,Aug,2023,425,514.0,254,171,21
U777,May,2023,276,339.51,126,150,28
U491,Jan,2024,317,377.14,173,144,17
U702,Apr,2024,288,337.31,171,117,27
U518,Mar,2025,445,552.3,183,262,27
U344,Sep,2024,329,409.05,123,206,24
U462,Aug,2025,354,424.71,118,236,16
U502,Jan,2023,335,385.47,114,221,20
U746,Nov,2023,125,145.12,69,56,22
U784,Jun,2025,171,206.45,81,90,18
U570,Sep,2024,360,414.86,202,158,26
U651,Jul,2025,353,419.96,189,164,29
U604,Apr,2024,370,436.72,185,185,22
U571,Jan,2023,222,271.16,107,115,21
U756,Dec,2024,243,280.8,76,167,28
U762,Feb,2025,356,426.8,199,157,28
U515,Dec,2025,243,293.52,103,140,27
U552,May,2023,358,433.8,167,191,15
U490,Dec,2024,146,173.82,44,102,15
U596,Nov,2024,112,132.21,65,47,18
U513,May,2024,307,374.0,175,132,24
U508,Aug,2023,410,506.25,189,221,17
U537,Jun,2024,334,407.27,158,176,23
U638,Aug,2025,248,308.32,126,122,17
U667,Feb,2024,421,514.35,159,262,20
U353,Mar,2023,254,311.52,93,161,20
U580,Jun,2024,265,309.2,133,132,26
U710,Dec,2024,189,225.28,62,127,15
U517,Oct,2025,285,341.57,124,161,30
U552,Mar,2024,417,490.24,186,231,19
U488,Jun,2025,273,328.38,113,160,23
U680,Jun,2025,316,372.59,112,204,24
U793,Feb,2023,363,442.41,147,216,27
U341,Jul,2025,196,234.62,78,118,29
U457,Dec,2025,216,258.31,97,119,26
U315,Feb,2023,298,372.01,149,149,19
U601,Jun,2025,419,498.29,247,172,19
U365,Jan,2023,120,142.35,41,79,26
U645,Mar,2024,299,353.38,168,131,17
U627,Feb,2023,440,545.37,169,271,21
U309,Jul,2025,347,416.29,165,182,31
U644,Apr,2023,375,453.75,174,201,15
U429,Aug,2025,363,424.01,169,194,19
U792,Jun,2024,157,189.04,81,76,16
U436,Dec,2023,401,472.16,166,235,15
U772,Oct,2024,130,159.0,51,79,21
U363,Apr,2025,348,429.17,193,155,25
U439,May,2025,192,234.52,70,122,25
U799,Sep,2024,364,445.18,128,236,31
U381,Jul,2023,370,444.46,112,258,16
U692,Oct,2023,193,235.69,70,123,21
U463,Sep,2025,253,301.64,115,138,21
U719,Jul,2024,384,466.62,177,207,24
U589,Dec,2024,179,210.49,67,112,17
U679,Jan,2023,391,452.38,125,266,26
U561,Dec,2023,183,218.02,95,88,17
U790,Aug,2023,136,162.68,71,65,25
U531,Apr,2024,441,518.46,264,177,26
U341,Mar,2023,426,520.9,242,184,18
U328,Jul,2023,331,383.08,191,140,30
U435,Dec,2025,192,225.08,103,89,18
U501,Mar,2023,435,532.81,210,225,20
U628,Aug,2023,201,239.94,68,133,29
U568,Jun,2024,265,323.44,128,137,15
U718,May,2024,258,311.34,81,177,17
U333,Apr,2025,113,140.69,63,50,19
U348,Aug,2023,324,391.97,144,180,31
U707,Aug,2025,172,198.06,87,85,28
U362,Dec,2024,348,412.48,109,239,23
U516,Jan,2025,190,221.22,87,103,17
U593,Sep,2024,315,391.38,122,193,27
U399,May,2025,189,219.32,72,117,17
U472,Apr,2025,128,152.16,53,75,25
U660,Jun,2023,404,473.73,121,283,16
U514,Jun,2025,319,393.86,140,179,29
U775,Feb,2023,427,504.23,190,237,27
U335,Aug,2023,314,392.25,175,139,30
U749,Jul,2023,320,369.24,139,181,21
U527,Jan,2023,141,163.96,57,84,27
U401,May,2025,234,274.36,140,94,18
U731,Dec,2024,141,173.59,66,75,23
U762,Jun,2024,263,325.56,116,147,24
U431,Apr,2024,382,442.03,171,211,23
U557,Feb,2025,157,181.06,85,72,21
U305,Apr,2023,401,491.01,161,240,29
U518,Jan,2024,421,489.76,175,246,22
U555,Jul,2025,124,144.25,65,59,25
U698,Feb,2023,172,198.18,55,117,19
U659,Feb,2024,228,263.34,127,101,16
U583,Sep,2023,186,218.8,79,107,24
U693,May,2024,429,496.14,203,226,30
U507,Feb,2024,252,299.1,132,120,27
U315,Nov,2024,281,346.55,106,175,22
U646,Sep,2023,224,264.91,127,97,23
U342,Sep,2025,166,202.98,98,68,25
U680,Jan,2023,105,121.74,47,58,25
U761,Nov,2024,224,272.37,130,94,30
U479,Mar,2023,413,488.03,124,289,24
U363,Apr,2025,425,520.61,241,184,26
U652,Jul,2023,152,176.87,59,93,20
U531,Oct,2025,165,204.57,64,101,26
U541,Apr,2025,413,484.97,152,261,24
U352,Feb,2023,181,214.54,71,110,18
U396,Jul,2024,186,231.57,67,119,23
U688,Jun,2025,101,121.99,57,44,21
U522,Mar,2023,303,359.53,172,131,22
U785,Jun,2025,249,310.0,82,167,25
U707,Nov,2024,392,463.7,134,258,21
U531,Jun,2023,202,234.22,112,90,23
U537,Dec,2023,123,153.71,51,72,22
U443,May,2023,311,365.98,109,202,17
U471,Apr,2024,164,202.56,74,90,31
U329,Oct,2025,308,359.3,130,178,16
U336,Dec,2023,350,428.1,128,222,29
U313,Jan,2025,216,259.73,111,105,28
U460,Oct,2025,215,268.34,105,110,30
U627,Jun,2024,336,404.98,110,226,18
U487,Feb,2023,204,235.11,117,87,20
U543,Mar,2025,358,433.32,167,191,20
U386,Aug,2023,145,168.86,54,91,25
U584,Oct,2023,410,504.24,148,262,31
U366,Jun,2024,430,531.33,146,284,17
U470,Mar,2023,315,377.44,134,181,27
U345,Jul,2023,400,491.33,136,264,17
U362,Apr,2025,432,503.07,183,249,30
U741,Sep,2024,123,147.5,42,81,29
U434,May,2023,134,159.38,66,68,25
U584,Mar,2025,123,148.97,65,58,29
U328,Feb,2024,127,146.61,59,68,19
U408,Nov,2024,115,140.9,57,58,30
U344,Feb,2025,158,182.95,91,67,30
U640,Mar,2025,342,415.75,168,174,31
U586,Feb,2025,306,352.46,125,181,23
U746,Apr,2025,370,456.28,160,210,17
U631,Feb,2025,348,406.28,194,154,27
U428,Oct,2023,366,439.77,124,242,17
U648,Sep,2023,292,343.44,116,176,21
U773,Feb,2024,434,530.46,205,229,20
U531,Sep,2023,317,374.74,159,158,23
U490,Jun,2023,214,261.61,113,101,26
U525,Jan,2023,167,196.81,66,101,29
U685,Apr,2025,398,487.65,136,262,17
U677,Jan,2024,424,488.9,248,176,24
U583,Jun,2024,174,205.03,56,118,15
U746,Apr,2024,202,242.37,66,136,27
U421,Mar,2024,396,457.18,177,219,26
U416,Mar,2023,277,323.7,151,126,15
U761,Sep,2023,314,390.44,167,147,30
U533,Jun,2025,414,516.54,240,174,29
U559,Sep,2024,138,168.91,47,91,30
U659,May,2023,358,420.73,147,211,25
U498,Feb,2023,303,356.34,116,187,20
U756,Aug,2025,106,128.75,59,47,25
U711,May,2025,148,171.94,66,82,17
U437,Feb,2025,125,155.6,38,87,29
U618,Apr,2023,260,304.85,133,127,15
U465,Sep,2023,275,343.74,114,161,21
U525,Apr,2025,178,213.52,81,97,15
U607,Dec,2024,101,123.94,57,44,31
U534,Dec,2025,231,265.7,87,144,23
U472,Dec,2025,375,464.58,139,236,27
U452,Apr,2025,216,254.23,81,135,25
U763,Feb,2025,263,320.02,105,158,20
U615,Dec,2023,387,476.26,128,259,15
U674,Jun,2024,127,148.13,64,63,21
U460,Nov,2025,432,515.92,156,276,26
U396,Feb,2024,100,119.94,57,43,31
U772,Dec,2024,287,339.01,104,183,18
U533,Jul,2024,155,185.72,58,97,17
U480,Mar,2025,134,158.36,52,82,15
U413,Mar,2023,211,250.26,111,100,29
U618,May,2025,385,468.52,164,221,22
U797,Mar,2024,409,496.22,223,186,15
U742,Feb,2024,135,158.39,72,63,28
U352,Oct,2023,316,391.76,182,134,18
U568,Sep,2025,179,221.29,94,85,19
U595,Feb,2024,413,495.98,130,283,27
U686,Nov,2023,182,217.19,100,82,29
U687,Feb,2024,164,194.78,95,69,20
U413,Aug,2023,424,517.59,253,171,15
U401,Sep,2023,227,276.3,76,151,27
U413,Jul,2025,406,474.86,196,210,20
U740,Mar,2024,121,147.27,43,78,29
U381,Sep,2025,315,370.2,119,196,30
U487,Mar,2024,206,237.28,107,99,30
U413,May,2025,208,253.74,123,85,24
U302,Sep,2024,280,340.05,133,147,23
U430,Dec,2025,263,313.25,146,117,23
U520,Mar,2023,167,200.83,50,117,31
U354,Jul,2024,391,486.68,121,270,31
U643,Dec,2024,279,337.46,133,146,31
U785,Jan,2023,280,340.42,116,164,26
U524,Apr,2025,268,309.91,151,117,27
U525,Apr,2024,121,141.16,47,74,26
U685,Jul,2024,165,194.72,70,95,28
U703,Aug,2025,120,144.47,55,65,24
U426,Jan,2023,199,244.3,76,123,16
U430,May,2025,399,471.67,228,171,18
U353,Jul,2025,202,239.5,88,114,21
U472,Dec,2025,146,171.64,62,84,29
U518,Apr,2024,138,162.21,76,62,29
U460,Apr,2023,384,478.04,151,233,20
U498,Apr,2023,409,496.34,223,186,17
U716,Dec,2025,189,220.3,63,126,20
U547,Jun,2024,184,224.89,65,119,30
U624,Jul,2025,372,454.66,217,155,16
U739,Feb,2024,435,529.24,240,195,21
U503,May,2024,287,333.92,119,168,25
U484,Apr,2024,258,307.23,126,132,21
U423,Mar,2024,342,396.95,199,143,18
U701,Jul,2023,172,211.85,62,110,21
U555,Nov,2024,148,179.9,47,101,18
U594,Dec,2024,200,240.14,92,108,26
U580,Jun,2025,101,119.61,34,67,19
U625,Jul,2025,343,400.77,122,221,19
U672,May,2023,275,319.18,156,119,17
U398,Jun,2025,337,420.21,101,236,25
U498,May,2024,158,184.85,86,72,21
U770,Jul,2025,198,228.89,90,108,31
U695,Feb,2023,101,125.86,47,54,23
U540,Nov,2025,342,412.07,171,171,23
U444,May,2025,396,486.95,170,226,24
U397,Jun,2023,310,357.86,103,207,27
U501,Jun,2023,222,267.89,73,149,29
U424,May,2024,328,390.26,172,156,19
U487,Oct,2025,181,222.12,66,115,17
U626,Jul,2024,243,280.38,74,169,22
U764,Oct,2025,239,284.45,141,98,24
U649,Aug,2025,128,157.43,76,52,27
U559,Jul,2024,369,443.64,152,217,17
U448,May,2025,346,416.93,106,240,22
U552,Jan,2025,111,128.73,57,54,23
U743,May,2025,436,507.17,239,197,26
U720,Oct,2023,205,249.63,69,136,25
U703,Feb,2024,131,159.49,44,87,16
U646,May,2023,173,215.89,94,79,23
U751,May,2024,270,329.72,155,115,16
U447,Feb,2024,436,522.91,234,202,16
U448,May,2025,168,207.6,60,108,17
U652,Apr,2024,400,464.18,169,231,30
U499,Jan,2023,236,282.0,113,123,18
U608,Mar,2023,199,234.56,69,130,24
U789,Jan,2023,245,284.31,88,157,25
U717,Dec,2024,108,132.45,41,67,31
U724,Nov,2023,161,193.37,72,89,30
U428,May,2024,284,342.41,128,156,27
U339,Apr,2023,128,152.46,69,59,16
U638,Jul,2023,213,254.76,112,101,16
U660,May,2024,242,281.11,138,104,28
U429,Oct,2023,219,266.59,120,99,18
U567,Apr,2025,269,320.98,101,168,31
U776,Feb,2024,256,315.31,102,154,27
U741,Apr,2024,434,507.62,195,239,18
U773,Dec,2024,448,524.39,136,312,17
U734,Feb,2025,359,436.03,205,154,26
U451,Aug,2024,181,223.46,56,125,22
U715,Mar,2023,341,408.25,135,206,16
U778,Sep,2023,271,331.35,127,144,20
U598,Apr,2023,330,412.48,150,180,24
U399,Jun,2024,307,383.45,152,155,26
U563,Oct,2023,174,213.05,79,95,24
U552,May,2024,369,451.64,136,233,24
U444,Oct,2023,213,250.22,76,137,17
U646,Jan,2025,161,198.57,92,69,24
U412,Sep,2025,419,498.82,158,261,23
U800,Jan,2025,201,250.49,77,124,28
U360,Aug,2025,309,357.87,130,179,16
U669,Sep,2024,354,422.53,121,233,19
U302,Sep,2023,119,143.46,53,66,22
U685,Jan,2025,157,186.91,78,79,21
U604,Feb,2024,211,247.09,113,98,20
U554,Dec,2025,412,498.23,211,201,25
U440,Jan,2025,295,361.55,101,194,26
U753,Oct,2024,191,231.97,83,108,24
U337,Feb,2024,151,177.19,47,104,28
U460,Oct,2023,392,479.48,119,273,17
U309,Dec,2023,107,125.8,46,61,29
U533,Aug,2025,399,465.84,149,250,20
U399,May,2025,197,240.16,99,98,24
U447,Dec,2023,335,413.48,173,162,26
U604,Nov,2023,168,201.29,95,73,21
U508,Jul,2024,144,173.25,76,68,31
U431,Feb,2023,236,278.54,74,162,15
U704,Aug,2023,333,399.42,137,196,29
U452,Nov,2025,131,152.38,50,81,15
U354,Jun,2023,388,483.29,161,227,19
U420,Aug,2025,225,276.76,78,147,29
U461,Jan,2023,166,201.99,54,112,17
U708,Jan,2024,129,155.29,58,71,15
U416,Dec,2023,213,261.82,109,104,22
U375,Jul,2023,303,363.44,154,149,26
U413,Aug,2023,128,151.04,55,73,26
U756,Mar,2025,230,268.19,105,125,27
U720,May,2024,284,344.99,129,155,15
U722,Dec,2023,352,437.52,178,174,20
U404,Jan,2025,385,448.66,121,264,22
U640,Jul,2024,161,188.05,82,79,18
U554,May,2025,102,121.72,48,54,19
U527,Aug,2025,167,205.53,60,107,21
U412,Aug,2024,124,146.24,39,85,18
U773,Sep,2023,278,326.76,92,186,18
U399,Jul,2025,240,290.88,109,131,29
U453,Nov,2025,330,397.18,174,156,19
U649,Jan,2023,399,461.25,159,240,23
U702,Mar,2023,262,303.44,108,154,16
U684,Aug,2024,410,497.86,237,173,21
U666,Mar,2024,229,274.0,83,146,31
U638,Aug,2024,345,430.25,114,231,30
U494,Jan,2023,396,482.27,159,237,31
U610,May,2025,271,311.92,141,130,16
U463,Apr,2025,163,195.29,79,84,25
U508,May,2024,130,154.89,55,75,16
U745,Aug,2023,146,169.46,86,60,15
U469,Oct,2025,229,284.49,119,110,16
U784,Apr,2024,432,531.58,137,295,23
U461,Nov,2025,209,245.16,109,100,16
U368,Apr,2025,168,197.5,51,117,29
U589,Mar,2023,157,181.05,77,80,24
U698,Jul,2023,205,241.83,74,131,29
U577,Mar,2025,399,482.18,203,196,24
U604,Dec,2024,429,511.4,168,261,31
U704,Mar,2023,355,442.66,199,156,23
U684,Nov,2025,411,474.95,164,247,18
U692,Oct,2023,270,326.47,131,139,23
U435,May,2023,261,322.55,100,161,30
U495,May,2023,385,461.26,221,164,18
U701,Jun,2025,170,195.55,90,80,30
U428,Aug,2024,354,415.7,132,222,15
U333,Oct,2024,154,182.09,90,64,20
U476,Jun,2024,422,526.06,171,251,24
U760,Dec,2023,102,126.6,50,52,30
U743,Jan,2025,125,155.61,65,60,18
U671,Aug,2023,412,507.82,126,286,27
U770,Aug,2024,225,266.66,132,93,30
U675,Sep,2024,152,188.57,61,91,20
U322,Sep,2025,297,370.71,106,191,25
U538,Feb,2023,398,471.63,220,178,17
U458,Feb,2024,287,337.53,146,141,24
U338,Mar,2025,285,343.34,92,193,15
U530,Jan,2023,404,472.16,135,269,25
U665,Apr,2023,397,457.85,204,193,26
U351,Apr,2024,303,377.11,97,206,28
U738,Sep,2024,110,136.68,63,47,22
U564,Sep,2023,245,285.74,128,117,25
U583,Sep,2023,184,219.1,73,111,18
U327,Oct,2024,199,245.39,81,118,21
U526,Jul,2023,203,246.87,91,112,24
U577,Feb,2024,145,172.47,59,86,18
U586,Oct,2023,143,175.09,76,67,16
U397,May,2024,377,467.37,223,154,28
U584,Apr,2025,280,347.93,133,147,30
U667,Dec,2024,286,339.74,124,162,25
U748,Nov,2024,213,248.65,78,135,24
U781,Aug,2025,354,439.41,175,179,31
U753,Feb,2023,129,149.54,65,64,28
U617,Jun,2025,363,443.65,183,180,18
U604,May,2024,197,229.32,60,137,16
U447,Dec,2023,412,489.84,234,178,21
U304,Feb,2025,428,509.81,171,257,23
U335,Nov,2023,214,249.5,111,103,30
U492,Oct,2023,375,465.85,197,178,30
U349,Jan,2025,380,437.1,188,192,25
U317,Aug,2023,374,463.53,156,218,21
U472,Feb,2025,360,445.82,173,187,23
U520,Jul,2024,430,508.13,134,296,18
U458,Sep,2023,306,373.45,161,145,27
U777,Sep,2024,427,501.84,140,287,18
U346,Aug,2024,310,380.02,129,181,16
U673,Nov,2023,314,378.72,103,211,23
U306,Dec,2025,139,164.02,76,63,26
U399,Oct,2023,125,148.75,58,67,16
U680,Sep,2024,126,153.59,63,63,20
U533,Feb,2024,289,358.54,145,144,19
U337,Jun,2025,182,211.68,100,82,19
U580,Apr,2023,269,324.72,91,178,19
U649,Apr,2024,266,312.65,132,134,18
U797,May,2024,287,353.05,135,152,23
U602,Dec,2024,268,310.08,82,186,24
U481,Mar,2025,388,472.93,139,249,30
U395,Jan,2024,328,382.94,124,204,24
U399,Aug,2024,196,237.09,63,133,24
U488,May,2023,115,141.86,46,69,24
U781,Mar,2023,378,463.24,116,262,20
U416,Oct,2024,234,286.72,109,125,31
U491,Jul,2024,125,150.22,45,80,19
U553,Jul,2023,111,137.54,42,69,20
U769,Jan,2025,171,206.71,98,73,29
U716,Dec,2025,232,288.09,104,128,18
U771,Sep,2025,205,246.95,78,127,22
U461,Feb,2025,319,382.99,152,167,30
U556,May,2025,276,323.54,99,177,17
U623,May,2025,381,458.91,122,259,24
U428,Aug,2025,232,270.06,71,161,16
U318,Aug,2025,121,149.67,70,51,18
U581,Jul,2023,368,448.07,190,178,20
U790,Jul,2025,260,324.83,140,120,25
U523,Dec,2025,206,238.8,122,84,28
U354,Nov,2025,378,443.8,219,159,30
U358,Jun,2024,334,413.4,174,160,16
U623,Jun,2023,117,139.17,59,58,31
U660,Nov,2023,341,408.05,136,205,23
U474,Sep,2023,216,266.99,71,145,31
U580,Jun,2025,385,462.84,181,204,29
U414,Dec,2025,381,445.52,180,201,21
U588,Feb,2024,243,301.13,142,101,17
U731,Feb,2023,304,350.54,131,173,15
U642,May,2025,138,171.06,69,69,18
U451,Apr,2023,253,292.23,119,134,22
U750,Nov,2024,275,334.56,97,178,20
U427,Feb,2024,340,393.44,162,178,15
U455,Mar,2024,233,284.4,107,126,22
U790,Jul,2023,145,167.24,64,81,15
U686,Aug,2025,149,183.9,67,82,25
U774,Dec,2025,265,317.1,92,173,29
U573,Jun,2024,205,237.67,90,115,25
U404,Nov,2025,315,384.51,151,164,24
U717,May,2024,245,293.74,109,136,26
U693,Jan,2023,171,199.92,76,95,15
U599,Aug,2024,429,494.02,138,291,21
U546,Mar,2023,372,443.35,132,240,31
U476,Jun,2024,346,400.86,137,209,24
U339,Mar,2025,285,330.43,121,164,20
U777,Jul,2025,169,198.87,80,89,31
U470,Jul,2024,249,302.05,139,110,19
U547,Dec,2025,345,415.03,119,226,31
U326,Sep,2025,361,417.64,109,252,30
U655,May,2025,125,155.86,54,71,22
U606,Aug,2023,239,296.05,102,137,27
U709,Oct,2025,198,232.83,92,106,30
U708,Oct,2023,377,438.16,207,170,25
U313,Aug,2024,150,186.64,81,69,20
U616,Jan,2025,250,299.03,82,168,17
U691,Dec,2025,203,239.77,117,86,15
U613,May,2025,188,225.42,62,126,19
U336,Mar,2024,240,294.55,117,123,27
U473,Jan,2023,312,364.05,156,156,24
U320,Apr,2023,332,407.28,167,165,19
U621,Aug,2025,282,345.43,107,175,28
U564,Mar,2024,350,421.38,139,211,31
U794,Oct,2024,108,133.55,50,58,15
U700,Feb,2024,178,207.05,64,114,16
U442,Nov,2024,151,182.64,46,105,21
U760,Sep,2024,368,439.74,172,196,24
U671,Oct,2023,325,387.47,142,183,21
U771,May,2023,150,176.29,74,76,30
U443,Jul,2023,285,338.36,98,187,19
U392,Nov,2025,133,154.39,73,60,26
U654,Nov,2024,390,458.31,134,256,31
U622,Feb,2025,329,387.3,186,143,30
U588,Sep,2024,230,281.08,100,130,30
U515,Sep,2023,219,252.91,101,118,29
U747,Apr,2025,425,516.43,241,184,26
U642,Apr,2023,346,405.56,134,212,24
U351,Jun,2024,291,337.03,103,188,16
U453,Oct,2024,422,497.99,183,239,21
U486,Oct,2024,309,362.29,115,194,27
U363,Oct,2023,202,243.45,92,110,17
U490,Jun,2024,428,507.5,163,265,29
U425,Dec,2023,232,289.21,129,103,15
U450,Jan,2025,422,525.96,203,219,17
U614,Sep,2024,238,284.26,71,167,24
U358,Feb,2024,220,270.49,119,101,29
U642,May,2024,193,222.21,77,116,20
U605,Sep,2025,228,274.69,90,138,29
U480,Apr,2024,190,232.62,78,112,21
U470,Nov,2023,191,223.79,93,98,19
U626,Mar,2023,162,187.29,70,92,18
U571,Jul,2024,128,149.2,62,66,17
U354,Jun,2024,309,369.0,106,203,31
U791,Aug,2025,111,133.27,65,46,16
U744,Mar,2025,432,513.25,224,208,27
U401,May,2025,396,472.82,148,248,29
U781,Oct,2024,229,274.12,118,111,19
U564,Apr,2025,392,480.96,185,207,17
U353,Apr,2025,272,315.66,90,182,19
U360,Apr,2023,307,376.66,108,199,19
U792,Oct,2025,123,149.92,38,85,19
U408,Aug,2023,198,242.38,107,91,17
U305,Jun,2023,238,291.18,110,128,17
U403,Mar,2025,413,494.39,163,250,18
U496,Oct,2023,273,319.72,92,181,15
U562,May,2024,128,154.07,56,72,30
U665,Jun,2024,242,301.48,110,132,22
U780,May,2025,415,501.67,211,204,31
U672,Jun,2024,141,162.31,83,58,22
U650,Aug,2023,398,460.08,171,227,21
U347,Jul,2024,307,383.53,129,178,22
U655,May,2025,429,496.44,176,253,26
U611,Oct,2025,291,335.99,159,132,30
U724,Jun,2023,259,306.99,89,170,26
U608,Apr,2025,163,203.25,65,98,24
U444,Dec,2024,342,404.2,176,166,21
U569,Sep,2025,357,425.18,108,249,26
U670,Apr,2023,251,304.57,97,154,19
U424,Jan,2025,314,361.86,154,160,30
U406,Jul,2024,421,521.95,149,272,23
U458,Jul,2023,265,318.52,103,162,21
U447,Apr,2024,130,155.57,57,73,28
U445,Mar,2023,331,409.14,141,190,25
U420,Aug,2025,381,474.46,126,255,21
U619,May,2023,128,152.62,74,54,24
U575,Oct,2023,294,343.17,92,202,23
U392,Jul,2025,433,533.27,227,206,18
U358,Apr,2024,355,422.57,114,241,30
U739,Apr,2025,380,472.55,167,213,24
U646,Aug,2023,403,501.73,142,261,31
U529,Aug,2025,420,487.82,143,277,23
U774,Feb,2023,422,525.67,142,280,27
U417,Feb,2025,445,528.14,193,252,15
U618,Mar,2025,393,477.35,178,215,16
U579,Dec,2024,186,214.55,63,123,27
U427,Dec,2023,248,307.24,147,101,23
U693,Mar,2024,348,422.53,131,217,21
U696,Jan,2023,420,510.03,183,237,30
U429,Mar,2025,382,473.76,139,243,21
U358,Jun,2023,297,356.65,133,164,20
U422,Aug,2024,143,170.32,75,68,25
U301,Dec,2024,127,157.05,57,70,26
U539,Oct,2024,116,142.01,44,72,24
U590,Jun,2023,226,281.35,84,142,27
U396,May,2024,267,332.15,140,127,26
U426,Apr,2024,343,407.56,115,228,24
U418,Mar,2024,175,209.07,71,104,18
U348,Apr,2025,330,387.95,113,217,19
U389,Jul,2025,303,368.47,114,189,19
U788,Jan,2023,347,411.7,119,228,26
U537,Jul,2023,401,492.67,226,175,17
U673,Jan,2024,313,363.75,162,151,22
U685,Feb,2025,314,364.76,147,167,16
U572,Apr,2024,257,300.8,94,163,23
U489,Jan,2024,168,194.62,76,92,27
U787,Nov,2025,184,223.01,83,101,21
U492,Dec,2025,366,426.29,174,192,24
U747,Nov,2025,168,195.89,53,115,23
U369,Nov,2023,198,227.98,117,81,29
U578,Sep,2023,446,547.78,196,250,19
U649,Dec,2024,315,387.84,182,133,26
U547,Jun,2023,260,303.21,78,182,15
U751,Jan,2025,193,236.22,72,121,26
U376,Jan,2025,273,325.79,90,183,20
U454,Jun,2023,264,309.93,140,124,30
U444,Apr,2024,214,259.4,84,130,17
U735,Apr,2024,319,372.54,176,143,24
U785,Nov,2023,130,159.34,71,59,27
U386,Jun,2024,110,127.02,55,55,17
U485,Dec,2024,442,550.69,220,222,17
U585,Nov,2024,229,265.0,116,113,26
U762,Jul,2025,204,246.42,102,102,21
U520,Sep,2025,126,156.27,52,74,22
U369,Oct,2023,326,375.29,164,162,23
U347,May,2025,101,121.18,57,44,28
U797,Sep,2024,200,237.0,79,121,19
U394,Apr,2025,120,144.96,70,50,30
U538,Oct,2023,157,184.09,47,110,26
U746,Feb,2025,279,322.66,112,167,18
U800,Mar,2024,440,533.54,149,291,22
U753,Nov,2024,448,533.87,151,297,21
U504,Jan,2023,119,144.26,64,55,29
U700,Jun,2025,354,414.55,203,151,20
U518,Jun,2025,416,492.49,221,195,19
U774,Jan,2025,137,165.25,81,56,28
U732,Nov,2024,247,298.7,90,157,27
U641,Mar,2023,124,147.22,42,82,24
U339,May,2025,220,259.16,100,120,18
U400,Mar,2024,125,147.17,68,57,22
U589,Oct,2024,268,312.88,83,185,25
U554,Mar,2024,422,499.03,252,170,31
U522,Oct,2025,324,379.06,155,169,25
U657,Mar,2025,100,121.34,59,41,30
U323,May,2025,406,490.0,166,240,26
U550,May,2025,360,427.77,157,203,27
U310,Apr,2025,112,132.45,58,54,30
U546,Jan,2025,147,172.54,79,68,15
U625,May,2025,412,495.86,152,260,30
U400,Oct,2025,390,484.34,225,165,29
U590,May,2025,431,525.2,241,190,20
U480,Apr,2024,193,236.32,58,135,26
U523,Jun,2025,360,444.04,121,239,22
U694,Oct,2023,377,446.81,169,208,21
U550,Apr,2024,304,351.51,133,171,16
U447,Jul,2025,284,344.28,145,139,26
U742,Jul,2023,274,320.27,89,185,28
U396,Feb,2025,408,492.42,201,207,30
U557,Mar,2023,168,205.62,81,87,25
U625,Jan,2023,203,249.36,75,128,23
U793,Aug,2023,345,407.16,159,186,24
U304,Sep,2023,260,312.32,95,165,31
U316,Apr,2024,299,362.42,102,197,26
U580,Jun,2024,315,388.06,148,167,20
U636,Sep,2023,311,381.33,184,127,25
U547,Jun,2025,115,143.61,42,73,23
U558,Dec,2023,431,496.0,175,256,20
U797,Dec,2024,304,362.9,114,190,30
U776,Dec,2025,138,162.23,52,86,30
U684,Sep,2024,188,218.45,79,109,20
U460,Apr,2024,355,440.61,181,174,19
U775,Aug,2025,353,441.18,110,243,18
U640,Sep,2023,315,367.94,184,131,16
U452,Apr,2023,402,463.85,126,276,20
U696,May,2023,271,319.1,152,119,23
U478,Aug,2023,236,291.1,134,102,31
U463,Dec,2025,277,326.69,126,151,28
U680,Oct,2025,176,203.4,60,116,21
U333,Jun,2025,287,331.56,134,153,15
U717,Dec,2024,114,135.97,55,59,29
U745,Jul,2025,391,486.08,217,174,17
U479,Mar,2023,418,492.65,194,224,16
U727,Jul,2024,424,505.71,179,245,24
U401,Dec,2023,313,363.14,172,141,25
U568,Aug,2023,307,368.2,182,125,17
U623,Oct,2025,268,326.87,132,136,21
U365,Jun,2025,429,504.98,241,188,22
U717,Oct,2023,379,447.1,181,198,27
U468,Sep,2023,404,498.62,204,200,27
U630,Jun,2024,245,282.0,124,121,26
U343,Dec,2025,362,439.34,185,177,31
U344,Sep,2024,103,122.51,40,63,26
U585,Apr,2024,189,222.99,89,100,27
U697,Aug,2024,159,193.31,76,83,26
U312,Nov,2023,410,505.72,161,249,28
U395,Apr,2024,115,138.67,46,69,21
U602,Feb,2024,326,375.91,172,154,27
U686,Oct,2023,128,153.11,60,68,20
U553,Nov,2025,250,299.07,86,164,18
U799,Sep,2025,344,414.31,189,155,23
U542,May,2024,369,449.11,208,161,30
U335,Apr,2023,178,205.04,78,100,18
U515,Feb,2025,388,465.68,140,248,20
U637,Jan,2024,252,304.63,147,105,22
U390,Nov,2024,376,445.31,212,164,30
U564,Jul,2023,378,459.96,141,237,19
U393,Jun,2024,156,182.96,51,105,24
U710,Feb,2025,285,336.8,123,162,27
U758,Aug,2023,192,239.28,96,96,28
U390,Nov,2025,375,444.3,132,243,21
U718,Apr,2025,257,304.46,116,141,20
U415,Aug,2025,374,452.38,159,215,21
U405,Jul,2024,280,349.19,158,122,19
U691,May,2024,176,219.7,75,101,26
U496,Oct,2025,250,301.99,115,135,20
U614,Oct,2025,337,387.59,197,140,15
U414,Dec,2023,388,481.15,151,237,18
U793,Aug,2023,330,398.32,127,203,26
U375,Sep,2024,117,138.83,63,54,29
U713,May,2024,172,212.06,65,107,17
U676,Oct,2023,288,342.72,158,130,22
U720,May,2025,116,133.79,38,78,25
U517,Feb,2024,118,145.39,39,79,30
U577,May,2025,318,383.06,181,137,23
U549,Mar,2023,425,503.12,196,229,17
U464,Jul,2024,219,257.34,112,107,19
U694,Oct,2024,200,241.88,73,127,28
U657,May,2023,133,155.72,46,87,29
U757,Aug,2024,183,216.38,100,83,20
U708,Jan,2023,295,358.03,120,175,18
U492,Mar,2024,429,531.17,187,242,22
U527,Mar,2023,301,362.19,92,209,19
U477,Sep,2024,443,543.08,184,259,27
U399,May,2025,440,539.57,233,207,30
U796,Dec,2025,110,133.81,60,50,15
U336,Sep,2025,446,523.86,227,219,27
U766,Sep,2024,317,392.03,160,157,25
U797,Jan,2024,352,420.16,159,193,22
U787,Feb,2025,321,370.57,148,173,22
U396,May,2025,179,210.23,93,86,28
U452,Apr,2023,106,130.01,39,67,27
U451,Oct,2023,371,429.21,137,234,17
U490,Sep,2023,326,379.7,190,136,18
U524,Jul,2025,115,140.23,35,80,29
U337,Jun,2025,111,137.56,37,74,29
U568,Jul,2025,390,473.22,183,207,27
U669,Jan,2023,340,398.56,177,163,23
U483,Jan,2024,120,138.64,55,65,24
U313,Aug,2025,277,335.59,112,165,26
U579,Feb,2024,327,377.6,194,133,28
U517,Dec,2024,372,450.59,190,182,15
U655,Oct,2024,387,453.78,212,175,28
U661,Nov,2023,396,491.22,123,273,28
U586,Sep,2024,233,279.02,86,147,22
U573,Jul,2025,382,447.85,157,225,30
U669,Jun,2023,252,311.3,89,163,28
U362,Jan,2025,165,193.94,53,112,15
U384,Jan,2025,236,278.64,86,150,30
U668,Feb,2023,191,235.58,87,104,21
U517,Jun,2025,416,491.25,211,205,29
U642,Jun,2025,358,426.38,190,168,31
U697,Feb,2023,202,239.32,63,139,27
U487,Jan,2025,154,178.89,65,89,23
U319,Oct,2024,356,410.78,119,237,29
U477,May,2025,200,244.49,85,115,17
U400,May,2024,297,360.71,127,170,15
U696,Feb,2025,400,471.29,179,221,30
U745,Jun,2023,325,383.36,184,141,22
U533,Sep,2023,336,418.15,181,155,27
U703,Feb,2025,125,156.1,61,64,22
U376,Oct,2023,220,263.42,124,96,31
U565,Feb,2025,281,345.7,141,140,28
U755,Mar,2023,298,364.65,162,136,21
U584,Jul,2024,401,473.07,188,213,29
U506,Jun,2025,354,409.17,161,193,30
U523,Dec,2024,221,257.3,114,107,20
U684,Aug,2024,130,160.4,39,91,15
U352,Aug,2025,414,506.37,209,205,26
U639,Jun,2024,384,467.11,222,162,30
U667,Dec,2025,205,238.43,105,100,26
U444,Nov,2024,323,392.12,100,223,27
U673,Oct,2025,372,456.52,153,219,22
U369,Mar,2025,331,409.14,179,152,15
U399,Mar,2023,355,408.72,208,147,21
U696,Jan,2025,123,149.87,50,73,29
U325,Jul,2025,208,239.6,114,94,27
U736,May,2024,290,354.0,162,128,27
U679,Apr,2025,446,541.25,150,296,23
U769,Oct,2023,124,144.44,68,56,29
U784,Apr,2024,286,350.81,113,173,18
U353,Apr,2024,387,447.7,184,203,27
U451,Jun,2023,215,265.02,99,116,26
U444,Aug,2024,437,514.0,218,219,19
U357,Aug,2024,136,165.77,71,65,21
U339,May,2024,381,473.34,164,217,22
U409,Jun,2024,236,279.42,133,103,19
U481,Apr,2023,326,391.29,176,150,23
U342,Dec,2023,419,501.25,224,195,28
U486,Nov,2024,427,497.78,186,241,26
U723,Sep,2024,281,339.74,87,194,18
U698,Aug,2023,185,226.5,82,103,22
U523,Oct,2023,152,188.74,86,66,31
U422,Dec,2023,447,552.08,159,288,22
U433,Oct,2024,334,401.13,198,136,15
U463,Jan,2024,366,447.22,198,168,16
U515,Feb,2025,386,474.81,197,189,18
U521,Sep,2023,199,238.67,100,99,15
U535,Aug,2024,186,216.05,88,98,21
U631,Mar,2023,114,136.09,58,56,15
U446,Aug,2024,200,246.85,85,115,23
U539,Dec,2023,264,319.35,146,118,17
U376,Jan,2024,128,156.47,65,63,26
U309,Oct,2025,213,248.9,113,100,29
U374,Apr,2025,206,256.77,110,96,30
U742,Mar,2023,229,272.6,75,154,24
U792,Jun,2024,183,222.41,57,126,20
U701,Jul,2024,370,426.2,199,171,31
U553,Apr,2023,343,398.82,129,214,31
U530,Jul,2024,313,384.43,148,165,25
U307,Sep,2023,405,504.95,175,230,21
U474,Nov,2024,265,313.23,81,184,24
U441,Feb,2023,378,436.11,117,261,21
U468,Nov,2024,158,187.4,86,72,19
U470,Mar,2023,189,217.68,91,98,26
U693,May,2024,430,502.77,196,234,30
U734,Mar,2025,293,359.0,170,123,17
U583,Nov,2024,222,276.1,78,144,29
U422,Aug,2023,235,272.31,88,147,19
U494,Dec,2025,238,286.98,125,113,27
U305,Oct,2024,328,385.53,174,154,26
U329,Aug,2025,373,434.14,157,216,19
U465,Aug,2024,149,174.61,87,62,20
U722,Dec,2025,217,262.09,126,91,21
U639,Dec,2023,301,348.11,91,210,24
U436,Sep,2024,290,346.09,101,189,30
U796,Apr,2024,422,491.01,230,192,22
U665,May,2023,280,329.63,112,168,23
U621,May,2025,177,206.93,58,119,18
U642,Aug,2023,174,215.46,93,81,22
U800,Jul,2023,394,481.0,171,223,21
U445,Sep,2025,380,470.0,170,210,29
U627,Aug,2023,120,142.6,42,78,17
U517,Feb,2024,270,318.96,134,136,31
U601,Oct,2024,114,135.44,53,61,25
U432,Dec,2024,310,357.07,112,198,23
U592,Apr,2023,147,179.7,59,88,19
U370,Jun,2024,185,219.22,88,97,24
U552,Dec,2024,248,292.97,143,105,29
U715,Feb,2024,287,347.22,165,122,28
U575,Jul,2024,405,483.42,156,249,18
U745,Mar,2024,250,312.02,130,120,16
U664,Mar,2024,240,284.55,127,113,26
U482,Nov,2023,168,203.51,91,77,15
U467,Feb,2024,359,424.04,169,190,19
U391,Nov,2024,433,540.84,131,302,20
U502,Aug,2025,108,129.01,57,51,25
U646,Jun,2023,220,266.95,73,147,22
U319,Jan,2023,200,232.53,67,133,21
U339,Dec,2023,248,303.38,119,129,18
U426,Jan,2023,245,288.35,145,100,20
U751,Jul,2024,342,408.64,127,215,30
U473,Aug,2024,340,421.03,167,173,29
U441,May,2025,436,543.72,170,266,28
U542,Dec,2025,142,169.33,80,62,26
U520,Nov,2023,194,239.3,92,102,26
U426,May,2025,325,375.48,117,208,30
U358,Apr,2025,105,129.65,39,66,29
U448,Jun,2023,313,379.65,134,179,27
U776,Jun,2023,305,365.66,102,203,25
U756,Mar,2025,166,205.67,53,113,31
U617,Sep,2024,199,245.67,100,99,29
U683,Dec,2025,111,130.95,46,65,28
U661,Nov,2025,336,412.99,174,162,24
U723,Jul,2024,421,488.34,140,281,26
U301,Jan,2024,357,439.92,172,185,30
U687,Jul,2023,436,530.85,188,248,29
U761,May,2023,234,271.16,74,160,24
U648,May,2025,321,391.08,148,173,18
U490,Feb,2024,255,308.05,82,173,23
U491,Apr,2023,241,291.48,132,109,23
U669,Dec,2025,257,303.03,125,132,25
U709,Jun,2024,425,500.08,198,227,25
U612,Oct,2025,443,543.23,150,293,21
U717,Nov,2023,361,424.42,139,222,24
U722,Jul,2023,382,456.35,171,211,18
U417,Nov,2024,437,532.91,214,223,19
U434,May,2025,443,512.98,157,286,19
U358,Sep,2024,328,396.7,99,229,25
U344,Mar,2023,379,458.19,152,227,23
U473,Jan,2023,389,473.97,173,216,30
U460,Apr,2025,267,316.93,94,173,23
U473,Sep,2025,146,174.46,65,81,18
U617,Apr,2025,302,357.27,121,181,16
U603,Feb,2024,313,385.25,136,177,28
U449,Oct,2025,345,401.26,139,206,17
U380,May,2025,123,153.29,60,63,20
U674,Mar,2023,420,509.66,131,289,25
U513,Dec,2023,373,462.03,131,242,26
U503,Sep,2025,143,170.55,61,82,19
U552,Apr,2025,431,509.97,175,256,23
U529,Jun,2023,412,510.91,172,240,17
U464,Feb,2025,255,295.77,137,118,23
U527,Jun,2024,298,346.19,168,130,18
U447,Mar,2024,261,307.96,97,164,31
U320,Dec,2024,333,414.91,183,150,31
U741,Dec,2025,262,317.89,114,148,16
U702,Sep,2023,215,259.17,82,133,23
U347,Nov,2025,192,234.34,114,78,23
U533,Feb,2025,141,168.04,77,64,19
U605,Dec,2023,383,469.48,229,154,29
U314,Dec,2023,309,367.5,108,201,29
U443,Sep,2023,305,375.95,104,201,17
U715,May,2024,319,375.38,143,176,17
U301,Aug,2025,379,446.37,186,193,20
U673,Feb,2023,235,282.53,82,153,18
U354,Jun,2025,205,244.58,114,91,27
U674,Mar,2024,217,263.61,99,118,27
U559,Dec,2024,336,398.64,142,194,25
U444,Dec,2023,408,478.61,196,212,19
U771,Oct,2023,199,238.2,97,102,15
U741,May,2025,360,434.19,112,248,23
U759,Dec,2023,404,470.36,242,162,31
U312,Aug,2025,385,464.18,157,228,15
U630,Oct,2023,427,504.68,135,292,17
U524,Jan,2025,202,240.23,112,90,29
U572,May,2025,162,190.82,96,66,24
U756,Mar,2025,274,340.62,149,125,22
U658,Apr,2025,381,464.19,211,170,26
U760,Feb,2024,392,461.09,191,201,29
U708,Sep,2025,325,394.71,187,138,23
U456,Mar,2023,106,130.89,32,74,24
U673,Feb,2024,226,268.98,119,107,23
U308,Oct,2024,191,235.5,95,96,29
U422,Nov,2025,289,336.81,90,199,15
U648,Sep,2024,152,187.31,70,82,16
U464,Jul,2025,341,410.57,154,187,28
U390,Jun,2023,231,270.8,117,114,22
U436,Jan,2025,211,251.24,68,143,20
U486,May,2024,106,132.37,57,49,26
U616,Dec,2023,329,404.13,112,217,29
U478,Nov,2025,255,307.91,108,147,28
U328,Nov,2023,296,343.81,167,129,15
U520,Mar,2023,422,502.93,197,225,25
U657,Jan,2024,322,378.77,133,189,17
U341,Apr,2023,349,403.83,109,240,16
U528,Feb,2024,182,219.17,91,91,21
U492,Feb,2023,339,419.99,202,137,22
U711,Mar,2025,422,513.81,242,180,29
U747,Aug,2023,362,425.34,186,176,24
U445,Aug,2025,288,347.72,95,193,15
U501,Dec,2025,389,484.04,144,245,20
U717,Jul,2023,157,191.9,55,102,27
U512,Jun,2025,108,131.65,43,65,28
U761,Sep,2023,403,502.47,149,254,17
U520,Apr,2023,214,263.2,79,135,25
U540,Dec,2025,309,359.57,149,160,17
U713,Jan,2025,140,165.87,55,85,24
U697,Aug,2024,403,502.35,202,201,29
U346,Jul,2025,272,326.12,158,114,25
U335,Jul,2024,333,386.67,163,170,29
U553,Mar,2025,380,454.43,199,181,27
U690,Apr,2023,177,215.89,93,84,19
U382,Oct,2025,207,258.7,82,125,18
U671,Sep,2023,380,449.31,115,265,27
U556,Jun,2023,138,165.79,43,95,23
U497,May,2023,218,269.88,83,135,31
U603,Mar,2024,434,514.52,219,215,16
U709,Sep,2025,435,505.0,248,187,19
U750,May,2023,126,156.86,74,52,30
U310,May,2023,203,243.37,62,141,21
U612,Apr,2024,173,207.65,103,70,15
U586,Apr,2025,290,351.51,115,175,26
U542,Dec,2025,423,486.6,233,190,25
U551,Jan,2024,246,305.81,87,159,26
U665,Jul,2024,354,419.9,112,242,26
U305,Sep,2025,383,455.65,158,225,26
U419,Mar,2024,312,364.23,173,139,28
U589,Dec,2025,222,263.69,81,141,16
U674,Feb,2025,305,375.27,105,200,16
U365,Mar,2023,339,416.97,194,145,18
U446,Jan,2023,438,544.69,254,184,30
U524,Jun,2025,385,458.27,116,269,24
U539,Nov,2025,121,147.73,62,59,27
U477,Nov,2025,358,429.86,140,218,16
U567,Jul,2025,204,251.0,84,120,17
U641,Nov,2025,357,435.99,157,200,20
U582,Nov,2025,303,359.6,129,174,22
U363,Feb,2024,409,484.12,185,224,28
U517,Aug,2025,361,424.26,171,190,24
U642,Jun,2024,206,248.78,90,116,17
U615,Apr,2024,350,436.23,178,172,20
U583,May,2025,320,374.4,164,156,29
U477,Aug,2025,321,372.21,138,183,28
U761,Mar,2024,357,414.81,122,235,24
U717,Mar,2024,300,368.49,147,153,29
U398,Nov,2025,357,423.05,189,168,18
U405,Apr,2025,448,525.25,220,228,16
U399,Jan,2024,324,384.03,154,170,17
U685,Sep,2024,301,365.57,111,190,21
U705,Aug,2024,325,391.52,160,165,30
U796,Aug,2023,335,410.16,134,201,24
U611,Oct,2024,282,333.86,162,120,31
U306,Jun,2023,299,357.37,148,151,19
U776,Jul,2025,345,400.27,132,213,27
U765,Jun,2025,210,243.03,92,118,27
U497,Sep,2024,105,125.6,58,47,25
U651,Mar,2025,335,395.35,134,201,25
U433,Mar,2025,226,273.75,103,123,30
U658,Mar,2025,203,234.32,102,101,29
U559,Oct,2025,336,390.49,176,160,31
U737,Mar,2023,254,314.08,89,165,18
U323,Sep,2023,356,429.56,167,189,19
U785,Dec,2024,334,407.88,191,143,21
U353,Apr,2024,388,478.87,229,159,16
U465,Jul,2024,139,166.3,69,70,15
U502,Sep,2025,387,474.5,230,157,26
U758,Nov,2025,296,355.93,139,157,24
U383,Dec,2023,372,436.09,160,212,22
U445,Jul,2023,363,429.71,168,195,15
U385,Sep,2024,156,187.05,52,104,26
U378,Dec,2023,397,469.13,166,231,16
U757,Mar,2023,197,233.16,86,111,24
U666,Apr,2023,236,279.36,130,106,31
U301,Aug,2023,186,216.18,98,88,17
U351,Jun,2023,341,395.04,163,178,21
U473,May,2024,298,344.09,120,178,26
U505,Apr,2024,409,474.89,145,264,22
U560,Aug,2023,183,216.74,73,110,26
U746,Jan,2024,341,412.4,171,170,17
U749,Sep,2025,380,444.15,143,237,31
U669,Jan,2023,422,522.77,180,242,23
U788,Aug,2025,351,432.02,146,205,24
U588,Apr,2024,289,347.39,153,136,20
U334,Sep,2024,251,306.83,141,110,15
U648,Nov,2025,401,475.84,204,197,26
U395,May,2024,377,434.94,151,226,19
U372,Mar,2023,238,295.22,102,136,27
U339,Sep,2025,275,319.76,94,181,29
U454,Nov,2023,107,133.19,37,70,25
U550,Sep,2025,394,475.63,137,257,22
U462,Apr,2024,334,394.31,113,221,19
U738,Nov,2025,262,314.28,92,170,16
U418,Apr,2025,148,177.62,53,95,26
U559,Dec,2023,401,462.08,133,268,16
U679,Aug,2024,137,162.42,67,70,30
U606,Feb,2023,235,287.64,140,95,17
U568,Sep,2024,409,491.21,230,179,24
U749,Jun,2023,318,373.47,99,219,22
U354,Sep,2025,447,529.03,190,257,21
U536,Aug,2023,395,488.34,220,175,15
U689,Jul,2024,133,159.94,45,88,26
U778,Jan,2024,178,214.1,98,80,19
U522,Dec,2025,335,417.46,160,175,30
U551,Mar,2024,372,439.74,215,157,18
U613,Nov,2023,260,311.47,146,114,31
U701,Feb,2025,274,337.34,137,137,16
U412,May,2024,407,498.94,202,205,26
U555,May,2024,320,376.51,116,204,15
U603,May,2023,108,125.83,36,72,26
U707,Apr,2023,388,473.39,164,224,26
U507,May,2025,212,249.26,75,137,26
U529,Mar,2024,304,377.65,100,204,31
U641,Dec,2023,285,331.43,111,174,25
U698,Jan,2025,440,520.01,245,195,27
U366,May,2024,296,342.02,90,206,22
U375,Sep,2024,365,445.42,141,224,24
U735,Sep,2025,361,447.32,154,207,22
U403,Apr,2025,347,421.11,157,190,22
U722,Mar,2023,214,266.17,75,139,23
U492,Jan,2024,220,255.83,129,91,21
U552,Feb,2024,240,278.11,113,127,28
U526,Aug,2024,164,202.35,74,90,16
U594,Jan,2025,375,463.33,113,262,25
U606,Aug,2023,412,508.04,183,229,22
U398,Jul,2024,338,415.71,186,152,27
U638,Aug,2025,401,475.68,146,255,29
U586,Dec,2024,109,127.72,44,65,17
U635,Jun,2023,332,412.64,101,231,28
U647,Dec,2024,294,347.13,174,120,29
U735,Sep,2023,111,132.07,35,76,16
U747,Mar,2023,276,336.71,157,119,26
U782,Oct,2024,276,325.5,108,168,18
U608,Apr,2024,316,389.28,150,166,17
U549,Jun,2023,110,127.27,55,55,19
U466,Aug,2025,217,266.72,74,143,17
U781,May,2023,263,318.28,113,150,29
U772,Mar,2024,138,166.61,54,84,16
U635,Jun,2024,152,181.77,48,104,26
U330,Apr,2025,317,373.33,174,143,19
U547,Sep,2023,305,364.9,95,210,31
U406,Mar,2023,411,491.15,203,208,28
U351,Apr,2023,155,187.3,61,94,24
U381,Jul,2024,217,255.66,77,140,17
U433,Jul,2023,352,407.53,176,176,18
U585,Dec,2025,385,448.34,181,204,20
U688,Dec,2024,367,447.71,144,223,30
U438,Apr,2024,390,449.38,177,213,21
U484,Jun,2023,432,533.8,161,271,29
U701,Dec,2025,279,340.22,155,124,25
U630,Mar,2024,334,409.75,131,203,15
U573,Jun,2024,442,545.25,165,277,19
U640,Dec,2023,295,342.87,155,140,27
U772,Feb,2023,407,501.52,124,283,28
U369,Aug,2025,179,214.88,68,111,23
U334,Feb,2023,234,289.82,96,138,31
U562,Nov,2025,121,149.88,68,53,29
U353,Jul,2024,430,495.54,251,179,21
U750,Sep,2025,324,385.0,166,158,26
U505,Jan,2025,157,188.81,70,87,20
U426,Aug,2025,192,233.82,94,98,30
U535,Jul,2024,291,342.98,123,168,19
U343,Jun,2023,202,237.39,78,124,23
U540,Jun,2024,106,125.94,62,44,28
U759,Jun,2023,227,272.42,75,152,22
U671,Sep,2025,154,191.75,62,92,28
U411,Feb,2025,330,404.65,188,142,26
U549,Jan,2025,161,192.06,83,78,24
U451,Dec,2025,339,391.69,104,235,27
U483,Jun,2025,189,220.54,58,131,29
U636,Oct,2023,331,395.74,150,181,22
U395,Nov,2023,332,408.82,147,185,24
U759,Aug,2025,432,513.25,187,245,17
U674,Mar,2024,391,470.71,152,239,17
U700,Dec,2024,444,550.2,264,180,19
U308,Oct,2025,251,311.59,95,156,30
U688,Jan,2023,244,285.86,109,135,31
U660,Sep,2024,229,264.35,96,133,20
U688,Jan,2024,240,283.33,84,156,30
U484,Mar,2024,192,234.16,69,123,16
U581,Aug,2025,213,265.21,122,91,29
U495,Mar,2024,383,443.4,213,170,15
U652,Apr,2024,242,278.99,87,155,26
U495,Aug,2024,322,398.77,181,141,22
U455,Jan,2024,331,405.41,120,211,20
U393,Jun,2023,132,164.9,64,68,26
U460,Jan,2025,375,446.13,121,254,21
U734,Jan,2025,269,320.54,151,118,28
U361,Aug,2023,239,278.97,75,164,22
U422,Nov,2023,300,348.48,139,161,28
U351,Apr,2025,122,147.36,65,57,19
U703,Dec,2024,323,383.22,108,215,23
U577,Jan,2024,369,427.31,155,214,22
U305,Oct,2025,446,552.46,139,307,16
U766,Jul,2024,252,294.8,127,125,30
U392,May,2023,432,529.14,169,263,27
U470,May,2024,184,216.79,86,98,21
U617,Jan,2024,208,256.11,120,88,30
U322,Oct,2024,130,151.04,50,80,21
U705,Nov,2025,328,402.0,103,225,28
U626,Jun,2023,339,393.18,170,169,28
U301,Sep,2024,409,488.63,219,190,26
U433,Sep,2025,240,293.62,140,100,15
U533,Aug,2024,255,297.67,88,167,15
U312,May,2023,398,469.07,166,232,26
U646,Jan,2024,444,549.0,245,199,29
U346,Sep,2023,198,245.23,107,91,18
U334,Jan,2024,146,168.56,71,75,21
U733,Aug,2023,426,497.06,162,264,30
U378,May,2024,166,192.85,63,103,17
U518,Mar,2023,161,188.04,54,107,21
U601,Nov,2024,208,259.38,119,89,20
U711,Jul,2024,266,320.57,93,173,30
U373,Jul,2025,136,162.77,64,72,22
U582,Sep,2025,218,272.16,103,115,20
U549,Jul,2023,185,223.05,76,109,24
U347,Nov,2024,151,183.63,61,90,30
U421,Mar,2023,190,224.82,95,95,25
U514,Nov,2025,388,461.03,161,227,27
U539,Jan,2023,436,527.32,164,272,20
U356,Aug,2023,397,459.32,166,231,15
U650,Dec,2025,303,356.2,164,139,26
U407,Mar,2024,337,394.18,198,139,20
U619,Dec,2023,254,292.5,124,130,27
U348,Aug,2025,339,408.05,181,158,21
U361,Aug,2024,235,283.43,108,127,27
U637,May,2025,163,193.71,79,84,22
U326,Dec,2023,222,261.27,132,90,31
U592,Jan,2024,353,428.97,152,201,23
U557,Oct,2024,213,247.82,68,145,27
U308,Jul,2025,119,143.02,69,50,16
U413,Dec,2025,115,141.08,61,54,18
U655,Oct,2025,244,284.61,102,142,16
U553,May,2024,307,376.18,182,125,18
U480,Aug,2024,118,144.68,47,71,19
U507,Sep,2023,265,306.34,109,156,24
U603,Nov,2024,137,157.81,66,71,24
U427,Jul,2023,280,349.27,107,173,19
U356,Jul,2025,448,523.86,228,220,31
U514,Jan,2025,204,251.37,70,134,27
U314,Apr,2024,199,240.03,66,133,31
U774,Feb,2025,189,222.35,87,102,23
U328,Feb,2025,399,464.04,186,213,26
U771,Feb,2024,431,517.06,143,288,28
U378,Apr,2023,178,211.95,104,74,28
U516,Jan,2024,172,209.82,81,91,22
U686,Apr,2023,275,341.11,94,181,19
U665,Feb,2024,195,239.95,76,119,28
U454,May,2024,444,522.79,239,205,23
U314,Mar,2025,202,250.05,92,110,21
U487,Dec,2024,323,398.37,115,208,22
U612,Aug,2024,105,130.51,34,71,28
U671,Apr,2023,221,264.29,94,127,28
U307,Jan,2025,335,411.0,134,201,25
U303,Jan,2023,215,259.97,106,109,28
U411,Dec,2023,262,309.44,151,111,22
U707,Oct,2025,325,406.07,121,204,17
U538,Mar,2025,329,379.61,183,146,17
U663,Sep,2025,281,327.71,161,120,27
U539,Jul,2024,348,431.26,198,150,26
U793,Feb,2025,417,482.08,244,173,29
U574,Sep,2025,309,382.75,170,139,19
U594,Oct,2025,243,296.83,116,127,21
U527,Feb,2023,444,512.23,187,257,25
U671,Mar,2023,195,232.62,87,108,25
U315,Nov,2024,445,545.32,249,196,29
U492,Oct,2023,343,414.45,133,210,24
U773,Feb,2024,185,230.06,64,121,29
U419,Mar,2023,283,350.0,96,187,27
U785,Jun,2025,220,260.32,120,100,28
U328,Sep,2023,431,499.3,227,204,31
U502,Sep,2024,191,237.69,85,106,27
U339,Jul,2023,169,203.09,64,105,24
U741,Dec,2025,232,268.53,116,116,15
U573,Mar,2024,378,465.57,117,261,15
U531,Apr,2025,236,291.9,111,125,29
U386,Jun,2025,413,501.36,173,240,30
U774,Nov,2024,286,341.7,169,117,26
U426,May,2025,320,389.19,144,176,20
U600,Feb,2025,145,177.0,67,78,20
U325,Jun,2023,377,467.22,193,184,26
U445,Mar,2025,291,362.47,129,162,29
U313,Aug,2025,107,128.55,39,68,18
U512,Feb,2025,375,461.19,172,203,18
U325,Jan,2025,278,346.51,162,116,16
U368,Sep,2024,433,504.5,183,250,26
U694,Dec,2023,138,158.95,69,69,21
U367,Mar,2025,392,484.86,232,160,23
U533,Nov,2025,277,323.96,152,125,23
U409,Jan,2024,261,301.26,129,132,22
U446,Jul,2025,430,501.38,223,207,28
U411,Oct,2024,203,241.25,117,86,15
U528,May,2023,260,304.7,152,108,26
U411,May,2023,386,455.68,228,158,16
U770,Jan,2025,222,276.95,108,114,27
U334,Sep,2025,153,186.73,63,90,18
U411,Jul,2025,133,162.42,45,88,30
U564,Aug,2024,341,395.38,141,200,28
U724,Sep,2025,212,259.32,123,89,22
U669,Jun,2025,417,510.38,236,181,26
U536,Dec,2023,122,148.35,55,67,23
U383,May,2025,145,170.06,66,79,20
U342,Jun,2023,411,490.04,161,250,16
U725,Nov,2025,234,288.9,102,132,22
U401,Feb,2023,217,264.09,111,106,28
U306,Apr,2025,288,352.3,121,167,20
U480,Mar,2023,230,278.01,81,149,24
U582,Jul,2024,311,371.63,143,168,22
U620,Sep,2023,212,259.89,77,135,31
U526,May,2023,143,165.42,84,59,26
U743,Jun,2023,227,276.33,94,133,31
U740,Oct,2025,257,321.18,147,110,27
U615,Dec,2025,372,456.82,136,236,26
U665,Dec,2025,414,488.13,147,267,30
U754,Feb,2024,439,517.05,212,227,19
U529,Mar,2024,144,175.21,76,68,30
U677,Mar,2023,207,256.59,97,110,20
U589,Dec,2024,318,384.08,117,201,25
U737,Dec,2023,417,501.54,129,288,31
U450,Sep,2023,414,482.74,200,214,28
U577,Jul,2023,276,337.15,93,183,20
U498,Aug,2024,327,399.02,131,196,25
U370,Nov,2025,290,361.54,145,145,26
U412,Oct,2024,259,305.62,85,174,27
U304,Nov,2023,366,448.59,123,243,18
U650,Sep,2023,425,507.2,135,290,21
U631,Jun,2024,289,348.49,173,116,16
U746,Apr,2023,274,337.47,114,160,20
U618,Dec,2023,389,455.99,222,167,20
U650,Jan,2024,244,288.97,94,150,22
U395,Aug,2024,331,406.25,174,157,22
U452,Jul,2024,303,365.73,110,193,22
U611,Feb,2023,312,361.68,140,172,22
U437,Aug,2023,139,165.83,76,63,15
U547,Dec,2025,374,452.04,203,171,16
U687,May,2025,422,523.68,227,195,26
U543,Jul,2024,181,211.56,99,82,29
U331,Apr,2025,280,344.57,101,179,18
U340,May,2023,419,487.32,186,233,17
U529,Aug,2025,182,213.71,81,101,28
U336,Jan,2023,402,472.08,227,175,22
U708,Jan,2024,361,446.83,140,221,27
U523,Apr,2024,371,434.03,214,157,19
U306,Mar,2023,299,367.38,130,169,27
U622,Oct,2025,339,405.51,169,170,15
U768,Dec,2024,279,348.72,106,173,30
U520,Feb,2024,270,333.16,114,156,16
U375,Dec,2025,394,482.24,202,192,21
U304,Mar,2025,276,341.43,125,151,20
U635,Nov,2023,336,407.7,194,142,19
U434,Nov,2025,237,292.54,123,114,18
U418,Nov,2025,426,501.02,199,227,16
U669,Jan,2025,410,475.51,232,178,24
U394,Jan,2023,228,276.24,113,115,19
U786,Jun,2023,148,176.63,73,75,24
U735,May,2024,263,313.67,98,165,29
U362,Aug,2023,376,452.21,157,219,23
U741,Feb,2024,392,464.97,197,195,25
U494,Apr,2025,215,260.71,122,93,31
U635,Aug,2024,123,141.83,48,75,23
U503,Dec,2024,410,511.27,149,261,30
U692,Jun,2025,124,154.07,59,65,20
U326,Jan,2024,226,281.04,72,154,25
U735,Apr,2023,333,395.1,171,162,31
U473,Jan,2023,308,370.58,157,151,18
U600,Feb,2023,192,239.12,78,114,29
U433,May,2023,193,239.37,109,84,15
U626,Aug,2024,426,523.56,191,235,15
U710,Aug,2024,324,385.8,159,165,23
U418,Nov,2025,379,457.24,137,242,26
U624,Mar,2024,110,135.22,46,64,18
U575,Nov,2024,428,503.88,239,189,27
U512,Apr,2024,111,134.6,40,71,21
U525,Oct,2025,134,165.19,55,79,22
U320,Nov,2023,327,399.18,129,198,27
U413,Jun,2024,319,382.15,110,209,25
U440,Nov,2025,240,290.03,92,148,23
U347,Nov,2025,122,152.36,45,77,30
U301,Oct,2025,182,220.26,105,77,24
U390,Mar,2023,328,402.97,171,157,25
U442,Feb,2024,443,541.64,174,269,26
U620,Jun,2025,179,218.41,94,85,28
U338,Nov,2023,389,475.22,119,270,26
U593,May,2025,430,514.04,196,234,31
U682,Oct,2025,258,308.93,96,162,17
U439,May,2025,227,271.67,75,152,15
U656,Oct,2025,289,333.31,163,126,18
U633,May,2025,130,152.63,46,84,30
U791,Oct,2023,114,132.86,62,52,26
U559,Dec,2024,412,510.32,174,238,27
U461,May,2024,174,204.88,52,122,31
U690,Mar,2024,133,154.79,69,64,22
U478,Jul,2024,295,342.78,141,154,27
U310,Jun,2023,430,524.6,173,257,19
U561,Apr,2023,128,147.28,49,79,29
U707,Feb,2023,293,350.76,94,199,26
U438,Dec,2025,115,133.62,66,49,31
U472,Sep,2025,176,217.35,78,98,29
U686,Jan,2025,392,488.37,127,265,16
U313,Nov,2024,180,224.26,100,80,20
U468,Apr,2025,223,266.31,85,138,31
U430,Jan,2024,118,143.31,42,76,30
U384,Jun,2025,201,243.2,77,124,31
U621,Apr,2024,176,208.56,82,94,23
U619,May,2025,328,391.77,105,223,19
U401,May,2025,396,457.95,176,220,15
U629,Sep,2023,302,371.33,171,131,20
U573,Jan,2025,160,187.85,57,103,28
U565,Feb,2025,125,149.51,49,76,31
U759,Jun,2023,170,203.67,71,99,15
U699,May,2024,202,243.63,96,106,15
U708,Nov,2023,425,523.51,244,181,27
U338,Jul,2023,256,312.11,107,149,28
U719,Mar,2024,293,356.38,93,200,20
U394,Mar,2025,374,449.8,151,223,20
U395,Oct,2024,423,490.51,151,272,15
U605,Feb,2025,285,339.21,141,144,28
U369,Mar,2025,425,529.44,131,294,17
U618,Oct,2024,212,264.91,82,130,24
U744,Jan,2023,412,503.9,190,222,18
U536,May,2024,264,309.61,101,163,24
U734,Dec,2025,160,185.63,74,86,16
U634,May,2024,191,227.57,63,128,18
U673,Dec,2024,385,475.73,224,161,20
U676,Nov,2025,252,307.99,97,155,21
U759,Jul,2023,324,401.24,186,138,30
U437,Apr,2024,226,273.82,89,137,21
U718,Mar,2025,292,339.61,156,136,23
U376,Jan,2025,214,248.56,80,134,24
U783,Dec,2024,361,416.88,180,181,27
U335,Aug,2023,117,141.18,46,71,30
U301,Mar,2024,109,128.0,49,60,31
U596,Feb,2023,191,233.68,95,96,27
U620,Nov,2023,238,290.03,113,125,26
U706,Apr,2023,432,510.54,204,228,24
U360,Mar,2023,439,512.61,140,299,15
U620,Jan,2024,151,175.2,56,95,22
U649,Mar,2025,294,359.78,138,156,16
U628,Dec,2025,305,364.49,93,212,30
U567,Feb,2025,386,456.39,144,242,26
U661,Aug,2025,192,237.25,70,122,23
U529,Jun,2025,408,493.42,152,256,17
U570,Sep,2025,244,293.24,112,132,18
U616,Aug,2024,185,226.5,87,98,16
U586,Oct,2023,252,310.35,144,108,22
U591,Mar,2025,101,123.08,41,60,24
U513,May,2024,441,526.55,254,187,30
U465,Jul,2025,359,426.47,177,182,25
U305,May,2025,263,322.74,150,113,28
U639,Aug,2023,105,126.19,57,48,22
U679,Dec,2023,248,302.67,125,123,29
U378,May,2023,304,376.67,123,181,31
U710,Jan,2025,217,269.42,80,137,20
U362,May,2025,188,221.42,68,120,28
U432,Apr,2025,253,295.7,148,105,17
U389,Jun,2023,266,312.85,156,110,21
U537,Mar,2024,260,318.54,134,126,29
U342,Nov,2025,369,438.01,208,161,30
U389,May,2025,155,180.94,89,66,30
U702,Feb,2025,327,379.27,148,179,22
U596,Nov,2024,436,515.67,213,223,21
U628,Jun,2025,248,288.58,105,143,20
U595,Dec,2024,145,169.02,61,84,16
U404,Jun,2025,243,296.07,75,168,27
U314,May,2024,337,388.21,144,193,26
U588,Jun,2025,371,431.01,186,185,29
U479,Nov,2023,219,270.34,93,126,23
U425,Jul,2023,439,541.94,246,193,16
U722,Dec,2023,319,377.35,127,192,31
U653,May,2023,107,123.99,36,71,19
U323,Jan,2025,443,540.68,240,203,25
U363,Aug,2023,374,443.57,187,187,21
U443,Apr,2024,165,190.5,61,104,16
U781,Sep,2023,178,207.51,82,96,30
U453,Oct,2023,185,215.29,77,108,26
U445,Dec,2023,223,269.59,129,94,29
U525,Jun,2025,301,373.18,145,156,15
U795,Jan,2023,249,306.1,86,163,27
U750,Mar,2024,145,174.67,65,80,20
U762,Mar,2023,212,252.75,118,94,27
U609,Oct,2023,190,230.25,95,95,17
U404,Dec,2023,240,286.65,132,108,15
U404,Dec,2024,388,455.75,145,243,29
U735,Apr,2023,317,386.08,179,138,27
U339,Jun,2024,176,217.77,92,84,19
U735,Jul,2024,433,514.1,224,209,27
U498,Oct,2023,251,309.77,101,150,19
U434,Apr,2024,422,503.49,238,184,24
U367,Jun,2025,338,402.27,166,172,22
U691,Nov,2023,214,246.71,118,96,29
U479,Jan,2023,418,509.76,170,248,18
U756,Aug,2024,193,237.53,66,127,16
U342,Jul,2024,147,178.8,58,89,20
U748,Nov,2023,290,337.89,126,164,17
U800,Nov,2025,111,128.8,51,60,21
U315,Sep,2024,255,307.86,115,140,24
U411,Mar,2024,271,322.53,125,146,20
U457,Feb,2025,395,471.2,218,177,30
U589,Jan,2025,276,344.11,96,180,16
U800,Mar,2023,440,537.85,173,267,31
U778,May,2025,156,185.82,88,68,27
U531,Nov,2023,442,509.14,206,236,15
U711,Feb,2025,439,506.35,208,231,20
U720,Dec,2024,302,367.98,133,169,19
U457,Mar,2023,284,350.39,131,153,27
U338,Apr,2023,220,268.57,79,141,26
U741,Jul,2023,325,386.94,150,175,21
U397,Mar,2025,301,347.09,180,121,29
U785,Sep,2024,429,534.85,201,228,17
U711,Aug,2023,315,393.32,98,217,30
U739,Apr,2023,142,171.1,76,66,15
U589,Jan,2023,122,141.16,51,71,30
U554,Jan,2023,254,305.84,87,167,26
U496,Jan,2024,285,353.18,159,126,22
U386,Jan,2025,348,423.86,125,223,26
U622,Aug,2024,336,410.59,193,143,29
U310,Mar,2023,392,454.13,169,223,16
U305,Jun,2024,233,270.43,121,112,31
U423,Mar,2023,420,488.35,194,226,21
U630,Nov,2025,121,150.09,45,76,27
U653,May,2025,187,224.88,93,94,15
U418,Jul,2025,252,309.75,148,104,20
U594,Feb,2023,224,260.18,118,106,27
U697,Jun,2024,178,221.21,85,93,25
U459,Jun,2025,445,548.29,265,180,24
U603,Nov,2023,150,175.87,56,94,30
U528,Mar,2023,315,389.79,100,215,31
U665,Jun,2024,275,323.49,85,190,31
U516,Oct,2025,352,412.03,180,172,18
U736,Oct,2023,345,405.87,189,156,19
U484,May,2024,326,404.56,159,167,28
U315,Dec,2025,205,254.52,117,88,24
U457,Feb,2024,292,345.41,148,144,28
U436,Sep,2024,415,506.53,170,245,15
U561,Aug,2023,401,488.25,142,259,25
U457,Mar,2023,135,166.14,77,58,30
U347,Aug,2023,303,357.43,100,203,22
U624,Sep,2024,366,439.57,169,197,24
U632,Mar,2023,367,446.55,144,223,24
U473,Mar,2024,269,310.06,102,167,19
U430,Feb,2024,138,163.9,68,70,24
U711,Aug,2023,238,290.26,87,151,20
U395,Oct,2025,391,459.53,224,167,17
U415,Jan,2025,151,188.11,63,88,22
U543,Aug,2025,386,445.06,194,192,23
U720,Jul,2024,388,483.37,201,187,19
U592,Jul,2024,240,281.2,121,119,16
U582,Mar,2024,245,282.95,139,106,16
U599,Jan,2023,413,487.03,152,261,21
U583,Apr,2024,283,347.7,92,191,31
U369,Sep,2023,251,307.54,79,172,24
U448,May,2023,300,351.27,169,131,26
U311,Jan,2025,227,265.52,134,93,16
U554,May,2025,386,468.7,150,236,24
U630,Aug,2025,410,490.28,208,202,15
U660,Aug,2023,352,432.69,106,246,18
U338,May,2023,365,420.63,130,235,27
U434,Dec,2023,287,347.57,145,142,26
U500,Sep,2024,329,402.39,105,224,25
U323,Jan,2023,370,462.26,163,207,24
U603,Apr,2025,358,436.0,178,180,29
U646,Mar,2025,398,466.93,210,188,19
U602,Feb,2023,297,344.76,129,168,31
U663,Aug,2023,422,512.35,206,216,19
U696,Jul,2025,155,186.36,71,84,16
U518,Sep,2023,418,518.28,131,287,23
U441,Feb,2025,302,369.24,157,145,20
U404,Apr,2024,370,444.36,130,240,28
U746,Jun,2025,208,247.59,64,144,28
U510,Nov,2024,215,255.94,93,122,22
U773,Mar,2023,191,223.97,106,85,31
U781,Aug,2023,237,272.96,81,156,17
U411,Mar,2024,402,485.41,122,280,24
U404,Dec,2023,156,182.71,51,105,31
U616,Feb,2024,149,174.45,60,89,25
U471,Mar,2023,170,197.63,80,90,22
U760,Nov,2025,181,211.58,64,117,15
U792,Jun,2023,204,235.25,110,94,27
U656,Feb,2025,187,227.66,98,89,18
U796,Aug,2025,101,120.2,51,50,21
U624,Jan,2024,183,220.73,81,102,28
U433,Jul,2023,142,172.34,58,84,19
U676,Feb,2024,253,315.55,104,149,25
U593,Oct,2023,426,492.81,192,234,31
U628,Dec,2025,193,230.02,62,131,19
U427,Jun,2025,397,466.31,200,197,17
U406,Dec,2023,232,277.86,94,138,19
U797,Feb,2023,164,203.7,60,104,29
U392,Feb,2024,389,475.51,149,240,30
U587,Oct,2023,356,432.97,126,230,22
U678,Aug,2023,312,372.57,177,135,27
U693,Dec,2023,247,300.63,86,161,30
U351,Feb,2024,160,184.52,90,70,17
U329,Jul,2023,248,299.74,116,132,15
U762,Mar,2025,187,225.41,104,83,23
U596,Aug,2024,423,501.11,187,236,23
U597,Jul,2024,377,441.15,218,159,31
U514,Aug,2025,181,222.77,65,116,16
U567,Jul,2025,228,263.43,106,122,23
U707,Nov,2025,385,445.43,130,255,27
U557,Jun,2023,379,452.55,164,215,19
U602,Jul,2025,369,433.67,173,196,23
U401,May,2023,391,478.8,188,203,27
U705,Jul,2024,302,366.45,123,179,15
U646,Jan,2024,123,150.95,39,84,29
U410,Jan,2025,410,484.81,203,207,18
U720,Sep,2023,307,375.78,137,170,18
U482,May,2025,379,468.53,129,250,24
U771,May,2025,304,360.1,176,128,20
U613,Mar,2023,251,297.18,147,104,26
U301,May,2025,125,155.0,69,56,30
U619,Mar,2024,293,338.41,162,131,17
U738,Sep,2025,435,515.48,143,292,28
U355,Sep,2023,337,391.55,201,136,15
U671,Jun,2023,420,484.22,176,244,24
U724,Jan,2024,174,202.06,60,114,29
U699,Jul,2023,262,312.6,142,120,21
U449,Jul,2023,398,485.04,146,252,18
U731,Oct,2024,128,150.9,58,70,28
U757,Oct,2025,264,326.03,89,175,30
U609,Apr,2024,436,520.48,192,244,28
U437,Aug,2025,285,355.34,133,152,17
U502,Jun,2024,153,190.55,66,87,31
U736,Apr,2025,394,483.57,126,268,28
U613,Apr,2024,141,175.3,62,79,17
U417,Feb,2025,384,468.75,169,215,17
U454,Feb,2024,237,293.78,89,148,26
U725,Dec,2025,286,335.66,164,122,19
U591,Apr,2024,303,358.92,128,175,24
U363,May,2023,141,172.77,78,63,23
U544,Aug,2025,449,535.41,149,300,15
U325,Jun,2024,387,477.45,153,234,27
U390,Apr,2025,125,154.72,44,81,17
U375,Nov,2025,155,182.9,65,90,25
U594,Jul,2024,352,433.79,117,235,30
U686,Aug,2025,221,257.56,95,126,20
U691,Feb,2024,205,242.6,83,122,17
U510,Dec,2023,229,275.21,84,145,20
U775,Jul,2025,436,511.27,214,222,22
U718,Feb,2023,257,310.44,150,107,27
U647,Feb,2025,330,398.6,119,211,26
U317,Aug,2025,407,476.47,209,198,24
U428,Feb,2025,190,233.62,99,91,17
U727,Nov,2024,121,146.79,54,67,18
U743,Sep,2023,389,459.71,221,168,15
U664,Dec,2025,209,245.2,123,86,27
U551,Jan,2024,148,183.21,60,88,18
U479,Sep,2025,228,281.25,112,116,25
U482,Jan,2024,172,201.75,85,87,25
U452,Oct,2025,439,506.41,184,255,26
U325,Oct,2023,152,187.03,60,92,25
U755,Feb,2023,267,323.48,154,113,20
U480,Jun,2025,144,167.05,77,67,26
U498,Jun,2024,204,246.58,68,136,23
U644,Jan,2025,249,297.61,83,166,24
U461,Jul,2024,245,300.73,141,104,17
U477,Aug,2025,303,354.79,98,205,17
U585,Feb,2024,398,475.74,201,197,30
U363,Aug,2023,266,310.06,97,169,17
U791,Sep,2025,300,373.73,93,207,24
U450,Jun,2023,233,286.09,74,159,25
U454,May,2023,310,379.34,127,183,22
U456,Dec,2025,147,179.2,47,100,20
U670,Sep,2025,225,268.28,107,118,25
U769,Dec,2024,338,419.91,167,171,26
U349,Nov,2024,106,122.67,43,63,30
U755,Sep,2023,371,456.45,193,178,27
U637,Jan,2024,136,159.33,60,76,17
U384,Nov,2024,310,366.54,133,177,29
U661,Mar,2025,264,317.31,111,153,28
U477,Sep,2024,224,275.13,96,128,28
U448,Nov,2023,436,537.96,257,179,19
U418,Feb,2024,291,351.64,146,145,28
U642,Dec,2023,317,377.33,125,192,22
U776,Apr,2025,313,389.58,162,151,29
U363,Apr,2023,161,189.12,64,97,29
U489,Feb,2024,427,525.34,144,283,20
U660,Mar,2025,260,314.91,115,145,22
U349,Mar,2024,165,195.97,86,79,20
U627,Jan,2025,385,442.8,159,226,29
U557,Jun,2025,338,403.8,189,149,17
U524,Aug,2024,119,140.14,49,70,24
U441,Dec,2024,287,333.04,116,171,29
U778,Mar,2025,181,209.51,108,73,30
U515,May,2025,301,356.61,133,168,31
U735,Jan,2024,231,279.85,125,106,25
U679,Oct,2023,136,167.79,73,63,30
U740,Jul,2024,231,269.89,133,98,19
U511,Oct,2025,176,209.87,57,119,19
U618,Jan,2024,188,223.57,71,117,28
U332,Dec,2023,352,422.87,186,166,22
U458,Nov,2024,443,545.31,207,236,19
U585,Sep,2025,293,353.17,137,156,21
U605,Aug,2024,275,339.53,96,179,30
U729,Jul,2025,132,158.64,50,82,28
U777,Oct,2025,157,190.03,71,86,19
U586,Jul,2024,300,358.12,114,186,23
U444,May,2025,127,156.5,46,81,18
U724,May,2025,134,166.48,43,91,18
U319,Nov,2023,224,271.92,77,147,30
U318,May,2023,420,517.47,222,198,31
U557,Jan,2023,141,162.98,72,69,29
U378,Aug,2023,184,228.27,57,127,18
U671,Dec,2025,287,335.47,103,184,20
U475,Nov,2024,210,246.89,98,112,30
U798,Jan,2025,370,427.47,146,224,18
U494,Apr,2025,424,528.53,231,193,20
U776,Sep,2025,204,251.98,109,95,19
U413,Sep,2024,419,520.11,237,182,30
U414,May,2023,140,172.86,65,75,30
U522,Apr,2025,314,376.16,127,187,24
U466,Mar,2025,170,211.21,81,89,23
U735,Mar,2023,155,193.28,50,105,18
U619,Dec,2025,335,402.09,101,234,28
U432,May,2024,380,443.67,115,265,18
U685,Oct,2025,204,248.04,86,118,26
U564,Jan,2025,261,325.61,96,165,24
U713,May,2023,290,358.79,100,190,18
U355,Jun,2025,108,133.51,52,56,27
U659,Jul,2025,159,197.7,95,64,27
U431,Dec,2024,404,500.72,142,262,28
U588,Sep,2023,324,397.75,150,174,15
U566,Mar,2023,406,496.06,136,270,30
U758,Feb,2024,287,337.65,166,121,29
U767,Mar,2025,169,204.85,65,104,19
U666,Dec,2023,392,471.24,220,172,20
U462,Sep,2023,386,477.17,148,238,20
U680,Dec,2025,268,321.38,145,123,17
U781,Jul,2025,161,187.21,58,103,30
U387,Sep,2023,448,515.42,173,275,26
U355,Feb,2025,113,137.61,40,73,18
U776,May,2023,263,316.91,99,164,15
U588,Apr,2025,344,406.99,189,155,18
U478,Feb,2025,434,506.43,213,221,15
U691,Sep,2024,107,128.04,45,62,22
U649,Sep,2025,253,293.49,149,104,19
U308,Jun,2024,135,159.79,59,76,16
U621,Nov,2025,147,174.62,86,61,26
U613,Jun,2023,184,220.17,66,118,31
U547,Aug,2023,127,151.98,72,55,21
U623,Jun,2025,295,346.83,89,206,25
U772,Jan,2025,307,379.15,142,165,18
U771,Apr,2023,303,359.22,129,174,19
U743,Jul,2025,406,476.22,185,221,20
U555,Feb,2024,203,237.02,94,109,25
U628,Sep,2024,329,388.96,137,192,15
U354,Aug,2024,200,231.35,119,81,24
U549,Aug,2024,128,147.62,75,53,25
U539,Jul,2024,226,273.58,133,93,31
U529,Apr,2025,437,529.61,259,178,22
U367,Feb,2025,109,131.12,58,51,27
U351,Mar,2024,205,251.38,122,83,30
U397,Dec,2025,266,306.94,151,115,16
U392,Jun,2025,356,442.72,151,205,19
U795,Dec,2024,394,456.85,210,184,17
U564,Dec,2025,376,457.74,215,161,31
U718,May,2025,164,190.79,84,80,30
U591,Dec,2025,370,458.06,157,213,20
U396,Aug,2024,287,344.71,91,196,21
U388,Jun,2025,416,481.82,225,191,28
U378,Jun,2023,237,287.17,138,99,20
U588,Jan,2023,442,508.7,180,262,22
U420,Apr,2024,204,250.43,70,134,29
U602,May,2023,133,161.6,52,81,29
U791,Dec,2024,209,244.79,99,110,29
U700,Nov,2023,132,156.75,52,80,30
U752,Mar,2023,330,379.76,159,171,15
U800,Sep,2023,416,507.26,245,171,25
U465,Jan,2024,365,431.53,182,183,19
U482,Jun,2024,281,339.21,114,167,19
U769,Jun,2025,439,546.85,254,185,20
U698,Oct,2024,164,193.51,77,87,16
U523,May,2023,432,539.58,146,286,20
U611,Dec,2023,100,121.33,44,56,28
U732,May,2024,232,272.42,115,117,25
U766,Oct,2024,179,213.67,98,81,18
U307,May,2024,370,452.9,214,156,23
U630,Jun,2025,340,406.18,134,206,17
U563,Aug,2023,127,146.92,44,83,30
U461,Feb,2025,322,375.73,103,219,25
U451,Jun,2025,122,149.95,63,59,18
U385,Jan,2023,208,252.69,112,96,15
U447,Apr,2023,206,248.64,87,119,30
U412,Oct,2024,244,284.69,102,142,30
U681,Mar,2024,238,293.64,139,99,25
U703,Sep,2025,383,477.25,220,163,22
U336,Mar,2024,397,458.17,146,251,15
U585,Jun,2024,198,229.25,105,93,23
U488,Jan,2023,416,515.2,202,214,26
U382,Dec,2023,222,273.41,76,146,22
U302,Jun,2024,419,507.74,170,249,31
U685,Apr,2023,386,480.38,136,250,24
U603,Aug,2024,180,218.64,69,111,21
U497,Nov,2023,109,127.7,52,57,20
U704,Sep,2023,107,130.85,44,63,29
U311,Apr,2023,304,369.23,127,177,16
U534,Oct,2023,414,516.91,191,223,28
U686,Dec,2024,296,346.73,96,200,24
U495,Oct,2025,297,359.31,154,143,30
U771,Jun,2023,129,158.41,54,75,21
U419,Jan,2024,119,140.88,52,67,22
U696,Apr,2024,147,174.63,87,60,24
U320,Jul,2023,229,283.68,92,137,29
U561,Dec,2025,392,466.64,193,199,22
U593,Jan,2023,231,280.08,96,135,27
U722,Aug,2024,153,189.56,86,67,26
U556,Dec,2025,380,444.97,210,170,22
U522,Oct,2024,364,454.34,135,229,29
U693,Dec,2023,314,383.14,159,155,26
U526,Nov,2025,389,466.65,124,265,25
U353,Jun,2024,142,169.42,83,59,28
U728,May,2024,173,215.46,70,103,27
U655,Oct,2024,449,525.59,246,203,18
U800,Nov,2023,377,445.3,149,228,31
U642,Sep,2025,425,501.83,208,217,23
U664,Feb,2023,341,402.01,202,139,21
U580,May,2023,229,274.08,128,101,15
U381,Jun,2023,449,560.76,156,293,21
U502,Jul,2025,293,362.99,136,157,21
U458,May,2023,131,154.95,52,79,21
U420,Sep,2023,205,244.42,88,117,22
U359,Jan,2023,303,368.74,121,182,30
U794,Jul,2023,100,115.17,40,60,17
U515,Oct,2024,344,423.81,159,185,27
U428,Jul,2023,171,211.69,61,110,24
U524,Apr,2024,405,500.47,186,219,21
U509,Sep,2023,114,135.38,43,71,19
U670,Dec,2025,152,181.82,58,94,21
U415,Nov,2024,107,123.18,55,52,31
U509,May,2024,429,510.48,132,297,18
U314,Apr,2024,145,173.43,60,85,30
U309,Jul,2024,424,526.06,179,245,24
U340,Apr,2025,213,263.99,94,119,17
U750,Mar,2023,246,306.67,123,123,17
U537,Sep,2024,265,328.21,108,157,31
U581,Nov,2025,238,273.9,86,152,24
U659,Aug,2024,216,262.26,122,94,31
U501,Jan,2023,398,460.42,236,162,31
U546,Jul,2024,375,441.47,114,261,18
U578,Sep,2025,376,454.14,174,202,20
U535,Aug,2023,437,533.17,175,262,26
U794,Aug,2025,412,500.77,157,255,31
U304,Jun,2023,277,319.91,110,167,31
U454,Nov,2023,429,497.79,210,219,24
U742,Apr,2023,253,294.2,90,163,21
U329,Aug,2024,300,347.74,172,128,30
U409,Mar,2025,214,249.91,94,120,27
U398,Sep,2025,258,314.46,102,156,17
U515,Feb,2025,141,173.86,74,67,16
U593,Feb,2023,346,412.04,105,241,30
U375,Dec,2024,167,203.62,71,96,20
U626,Dec,2023,425,497.25,172,253,20
U446,Jul,2025,433,540.09,173,260,27
U428,Dec,2024,295,349.57,118,177,21
U641,Oct,2024,189,233.34,58,131,19
U342,Apr,2024,210,261.35,72,138,21
U656,Oct,2025,244,301.7,83,161,16
U341,Aug,2024,374,432.61,223,151,31
U722,Sep,2024,278,337.78,85,193,27
U334,Jul,2023,340,395.08,119,221,30
U317,May,2023,425,488.99,251,174,16
U465,Aug,2024,418,482.86,204,214,19
U453,Apr,2024,430,533.89,187,243,21
U786,Feb,2023,252,312.69,81,171,25
U678,Nov,2023,203,238.03,101,102,25
U376,Dec,2023,174,209.62,59,115,31
U387,Jun,2025,227,282.73,113,114,30
U417,Sep,2025,298,357.5,176,122,27
U662,Jan,2023,253,300.91,116,137,19
U642,Nov,2024,155,185.74,56,99,30
U769,Oct,2023,377,463.34,183,194,30
U327,Dec,2025,444,531.79,201,243,30
U613,Jul,2024,118,144.94,54,64,28
U587,Oct,2025,258,307.84,114,144,20
U434,Sep,2024,125,146.9,62,63,16
U519,Oct,2025,268,316.95,126,142,28
U468,Sep,2024,122,141.25,72,50,30
U398,Oct,2024,146,175.16,79,67,27
U568,Nov,2024,112,130.46,42,70,29
U537,Mar,2024,316,389.04,163,153,26
U609,Nov,2025,421,501.86,153,268,23
U755,May,2025,293,359.36,156,137,28
U694,Aug,2024,243,302.64,83,160,18
U473,Aug,2024,172,212.41,76,96,22
U701,Apr,2025,255,317.51,136,119,22
U710,Dec,2024,176,212.4,67,109,30
U769,Nov,2024,268,312.63,147,121,24
U776,Nov,2024,386,480.01,190,196,31
U490,Jan,2023,184,227.58,77,107,15
U422,Jan,2024,281,347.44,119,162,24
U346,Apr,2023,414,504.8,239,175,18
U364,Jun,2024,396,480.15,144,252,15
U430,Aug,2025,211,242.96,107,104,18
U610,Jun,2023,329,402.96,168,161,18
U663,Dec,2023,195,226.03,112,83,18
U493,Sep,2024,267,313.99,137,130,31
U607,Sep,2024,255,307.31,121,134,23
U481,Feb,2023,204,243.82,116,88,27
U592,Oct,2025,292,336.26,160,132,18
U671,Jan,2025,429,528.7,220,209,19
U582,Feb,2024,231,285.95,71,160,27
U329,May,2025,237,288.71,97,140,30
U449,Apr,2025,430,517.77,210,220,19
U567,Apr,2024,369,459.8,168,201,22
U596,Sep,2025,137,159.19,54,83,30
U311,Nov,2024,144,176.23,49,95,15
U464,Aug,2023,262,304.66,122,140,20
U413,Jun,2024,430,510.92,165,265,25
U487,Jan,2023,352,425.41,130,222,30
U595,Feb,2023,268,327.95,112,156,19
U532,Jun,2025,384,441.74,205,179,30
U527,Nov,2025,373,438.67,166,207,21
U610,Feb,2025,119,143.25,43,76,15
U398,Oct,2024,338,406.71,113,225,23
U355,May,2025,369,447.88,165,204,27
U411,May,2023,409,482.78,220,189,29
U452,Jun,2025,130,156.53,64,66,17
U546,Jun,2025,413,482.79,152,261,24
U706,Jun,2024,203,237.24,87,116,23
U369,Feb,2024,269,324.86,149,120,27
U612,Oct,2023,285,347.29,100,185,30
U589,Mar,2024,227,263.78,104,123,17
U550,Jun,2025,309,359.14,125,184,29
U336,Aug,2024,380,458.48,128,252,31
U539,Dec,2023,352,414.31,110,242,28
U448,Nov,2025,118,140.33,55,63,21
U767,Dec,2023,299,355.83,91,208,30
U527,Jan,2024,319,372.55,105,214,22
U544,Jan,2024,235,270.28,95,140,18
U791,Nov,2023,322,397.77,100,222,29
U637,Feb,2025,102,124.59,42,60,19
U746,Nov,2024,335,408.38,113,222,27
U665,Dec,2024,441,531.25,178,263,20
U791,Dec,2025,327,398.97,175,152,19
U782,Jun,2024,241,299.7,117,124,31
U501,Sep,2023,108,131.39,46,62,21
U454,Apr,2024,289,340.01,94,195,20
U750,Mar,2024,449,541.97,218,231,16
U373,Dec,2025,264,315.28,92,172,25
U501,Aug,2023,238,286.94,76,162,21
U596,Nov,2025,375,450.66,187,188,22
U317,Oct,2024,390,481.99,223,167,19
U429,Sep,2024,152,184.71,66,86,30
U517,Dec,2025,274,320.27,85,189,28
U361,Nov,2025,209,241.67,117,92,26
U727,May,2025,302,360.12,96,206,31
U404,Sep,2023,235,270.62,131,104,19
U342,Feb,2024,103,121.73,43,60,28
U325,Mar,2025,254,301.45,104,150,20
U339,Jul,2024,271,321.83,125,146,29
U591,Jul,2023,146,182.2,85,61,21
U431,Jun,2023,193,227.82,109,84,28
U798,Jun,2023,147,172.95,64,83,15
U529,Feb,2023,339,394.24,172,167,20
U408,Oct,2024,446,535.69,211,235,17
U472,Jun,2023,312,363.59,158,154,19
U735,Apr,2023,439,531.91,240,199,26
U778,Dec,2025,423,493.01,131,292,25
U402,Mar,2023,238,287.42,94,144,27
U654,Nov,2025,304,374.72,178,126,30
U312,Feb,2023,172,198.53,100,72,31
U575,Jan,2023,103,122.77,31,72,31
U401,Nov,2025,175,209.32,63,112,25
U344,Nov,2023,428,526.06,256,172,24
U743,May,2024,176,210.64,78,98,30
U605,Feb,2024,403,486.32,190,213,16
U745,Feb,2023,355,436.34,124,231,31
U317,Jul,2024,201,242.4,114,87,24
U630,Aug,2025,205,243.1,75,130,27
U357,Oct,2023,432,500.51,154,278,26
U611,Aug,2023,138,168.77,50,88,29
U797,Apr,2025,413,510.93,237,176,21
U603,Jan,2025,374,466.38,191,183,27
U312,Nov,2025,187,232.38,99,88,26
U618,Jul,2023,310,381.22,128,182,26
U380,Jan,2025,176,213.73,100,76,16
U516,Nov,2025,176,216.15,94,82,19
U639,Apr,2024,127,151.54,66,61,16
U564,Aug,2024,344,416.06,203,141,27
U779,Feb,2023,165,195.5,67,98,17
U449,Jun,2024,365,431.67,176,189,25
U381,Jun,2024,304,372.6,174,130,30
U515,Dec,2025,157,187.68,84,73,15
U785,Sep,2025,300,351.36,140,160,25
U674,May,2024,324,379.14,104,220,23
U764,Oct,2024,241,297.86,119,122,28
U498,Apr,2024,183,222.85,83,100,23
U500,May,2023,242,291.51,85,157,21
U325,Dec,2023,132,157.09,74,58,30
U766,Dec,2023,251,299.46,101,150,17
U389,Oct,2024,257,297.03,106,151,18
U568,Nov,2024,240,286.92,120,120,21
U443,May,2023,350,430.34,156,194,26
U359,Aug,2023,402,477.9,131,271,19
U710,Oct,2024,211,250.74,87,124,24
U789,Dec,2025,243,279.83,79,164,26
U665,Aug,2023,308,368.3,110,198,22
U326,Feb,2024,323,372.27,97,226,29
U347,Jul,2024,142,171.4,50,92,15
U588,Aug,2025,363,435.85,144,219,17
U566,Nov,2024,343,423.26,158,185,16
U316,Jun,2024,102,123.23,58,44,19
U499,May,2023,224,264.84,103,121,15
U701,Nov,2023,367,441.0,187,180,24
U707,Sep,2025,183,223.25,74,109,24
U582,Mar,2025,115,133.33,60,55,19
U769,Dec,2024,433,524.84,210,223,29
U386,Oct,2023,158,196.18,69,89,22
U550,Apr,2025,276,325.66,98,178,31
U691,Sep,2025,162,196.45,63,99,26
U570,Jun,2025,148,182.36,71,77,26
U635,Aug,2024,406,487.68,173,233,15
U417,Jul,2023,345,421.52,195,150,18
U307,Nov,2025,388,458.27,143,245,22
U437,Feb,2023,385,454.53,123,262,15
U671,Mar,2025,431,524.42,205,226,29
U476,Jan,2025,114,139.14,64,50,15
U628,Sep,2023,437,543.5,178,259,25
U798,Jul,2023,354,415.06,174,180,16
U615,Jan,2023,191,228.59,70,121,15
U515,Mar,2024,378,444.17,176,202,26
U777,Apr,2025,305,353.19,163,142,30
U382,Apr,2024,193,229.73,108,85,24
U523,May,2023,324,384.72,107,217,29
U778,Mar,2025,400,470.82,162,238,31
U672,Mar,2024,417,491.93,205,212,24
U723,Jan,2025,298,353.44,92,206,17
U783,Jul,2024,370,462.09,187,183,30
U702,Nov,2023,333,409.02,152,181,20
U743,Oct,2024,145,167.79,56,89,17
U790,Jan,2025,163,201.67,88,75,23
U403,Feb,2025,329,399.19,127,202,25
U573,Apr,2025,348,431.19,207,141,27
U314,Apr,2025,345,408.54,187,158,18
U459,May,2023,174,208.18,89,85,22
U452,Nov,2024,256,317.34,81,175,27
U783,Feb,2023,322,379.08,183,139,24
U408,Apr,2023,289,358.81,155,134,16
U488,Jan,2023,151,186.16,55,96,22
U601,Feb,2025,187,233.39,78,109,20
U398,Jan,2025,412,487.16,156,256,30
U431,Oct,2025,438,514.03,260,178,31
U593,Oct,2024,165,195.21,91,74,20
U471,Apr,2025,249,310.12,144,105,27
U724,Apr,2024,119,140.81,63,56,28
U774,Jul,2025,132,159.26,57,75,24
U483,Oct,2025,427,508.29,154,273,25
U771,Nov,2023,380,452.06,137,243,27
U664,Nov,2023,145,169.55,50,95,26
U339,Sep,2023,172,207.04,79,93,23
U315,Sep,2024,412,508.8,237,175,18
U676,May,2024,442,510.49,264,178,21
U797,Oct,2025,232,287.43,89,143,16
U304,Jan,2024,154,187.35,78,76,21
U649,Jan,2025,160,193.87,76,84,23
U770,Jun,2024,444,538.39,198,246,19
U709,Feb,2024,107,126.22,53,54,29
U697,Aug,2024,371,442.05,152,219,18
U510,Sep,2023,345,424.33,201,144,21
U461,Apr,2024,275,324.68,140,135,22
U316,May,2023,215,257.36,113,102,31
U793,Nov,2023,416,479.22,155,261,27
U726,Aug,2024,370,452.64,129,241,25
U408,Mar,2025,292,348.0,122,170,15
U682,May,2025,249,299.43,131,118,16
U750,Mar,2025,230,267.14,133,97,31
U611,Dec,2024,201,251.08,86,115,19
U527,Oct,2025,409,482.72,217,192,20
U470,Mar,2023,369,447.78,162,207,21
U334,Mar,2025,391,472.38,151,240,29
U714,Dec,2024,309,379.61,161,148,30
U551,Jul,2025,437,515.39,235,202,27
U547,Jul,2023,166,203.45,59,107,19
U569,Jul,2024,109,129.52,42,67,17
U441,Oct,2025,148,176.29,66,82,17
U574,Aug,2024,210,255.63,74,136,28
U716,May,2024,420,515.94,243,177,30
U396,May,2024,318,386.91,151,167,31
U527,Apr,2025,156,193.44,52,104,18
U679,Jul,2024,382,450.19,135,247,27
U339,Oct,2025,212,262.89,124,88,22
U602,Apr,2023,232,269.84,120,112,19
U800,Feb,2025,170,206.71,88,82,16
U329,Apr,2023,182,219.27,58,124,29
U746,Aug,2025,156,187.12,88,68,16
U797,Sep,2024,448,529.13,194,254,25
U777,Mar,2025,370,444.14,184,186,27
U618,Jul,2024,210,244.9,123,87,24
U545,Dec,2023,175,207.71,57,118,17
U536,Sep,2025,257,298.09,114,143,19
U485,Nov,2024,119,143.65,37,82,17
U572,Apr,2023,230,266.7,103,127,20
U740,Oct,2023,428,499.06,160,268,27
U536,Mar,2025,221,256.04,126,95,24
U539,May,2023,140,166.34,58,82,22
U677,Jan,2024,266,328.3,130,136,17
U566,Mar,2023,229,284.12,127,102,31
U714,Aug,2023,122,141.18,72,50,22
U709,Nov,2024,378,458.69,170,208,24
U659,Aug,2023,350,426.45,152,198,16
U640,Apr,2023,108,129.96,34,74,26
U689,Feb,2023,112,136.27,34,78,20
U365,Aug,2023,406,476.39,195,211,16
U778,Aug,2024,419,502.37,133,286,17
U477,Oct,2023,151,179.55,62,89,31
U303,Apr,2024,308,356.96,92,216,21
U729,Mar,2023,137,166.12,66,71,19
U442,Feb,2023,199,238.7,85,114,15
U676,Sep,2023,292,343.84,98,194,22
U458,Jan,2023,290,347.24,112,178,26
U798,Jul,2024,150,184.13,70,80,28
U624,May,2024,240,295.24,119,121,30
U446,Aug,2024,267,324.39,117,150,24
U746,Apr,2025,410,490.68,221,189,29
U593,Jul,2023,208,251.18,69,139,29
U453,May,2023,306,363.68,99,207,24
U732,May,2024,399,463.9,124,275,21
U493,Sep,2025,209,248.41,96,113,17
U737,Sep,2023,295,354.89,151,144,16
U794,Sep,2024,251,303.68,85,166,20
U763,Dec,2023,342,425.3,168,174,23
U373,Jun,2023,227,278.7,100,127,24
U699,Jun,2024,204,237.7,121,83,18
U605,May,2024,109,127.25,56,53,17
U677,Sep,2023,247,286.53,122,125,23
U644,Oct,2023,239,292.49,112,127,31
U752,Aug,2024,289,352.76,173,116,28
U440,Jul,2023,193,240.99,114,79,24
U487,Jul,2023,328,394.32,151,177,27
U593,Jun,2024,162,199.69,70,92,26
U361,May,2023,439,530.16,192,247,15
U785,Apr,2023,124,153.44,53,71,20
U727,Mar,2025,367,448.51,168,199,27
U680,Mar,2024,380,461.43,145,235,27
U498,Jun,2025,110,132.72,63,47,18
U595,Apr,2025,419,512.14,187,232,16
U740,Dec,2025,300,357.59,165,135,29
U619,Dec,2023,225,260.92,99,126,26
U602,Jun,2023,405,467.37,208,197,21
U644,Mar,2025,289,346.19,115,174,27
U311,Apr,2025,188,227.47,91,97,31
U362,Sep,2025,215,248.95,96,119,18
U633,May,2023,276,325.32,113,163,28
U526,Jul,2025,113,133.59,63,50,27
U453,Oct,2025,356,429.44,118,238,17
U499,Feb,2024,308,362.78,137,171,28
U352,May,2024,380,440.63,136,244,29
U560,Sep,2023,427,498.09,238,189,17
U359,Nov,2024,424,494.98,159,265,15
U372,Mar,2024,204,251.79,99,105,31
U448,Sep,2024,246,289.89,86,160,17
U649,Nov,2023,378,461.72,159,219,28
U363,Jun,2024,108,130.33,61,47,17
U610,Apr,2023,217,270.75,75,142,27
U673,Jul,2025,193,227.22,96,97,29
U543,Aug,2024,243,283.3,87,156,28
U793,Jun,2023,388,448.22,164,224,17
U666,May,2024,113,132.67,52,61,22
U630,Jun,2025,356,433.75,168,188,18
U407,May,2023,445,515.54,213,232,18
U526,Aug,2023,285,334.72,140,145,25
U613,Jan,2023,444,548.58,169,275,15
U518,Nov,2025,306,369.74,128,178,22
U725,Jul,2025,445,514.84,138,307,29
U541,Oct,2025,271,312.94,143,128,15
U559,Oct,2023,369,426.61,203,166,21
U676,Nov,2025,320,398.14,115,205,25
U562,Feb,2024,251,309.98,90,161,28
U305,Sep,2025,210,259.24,65,145,30
U561,Jan,2023,282,350.36,166,116,28
U354,Nov,2024,438,525.83,237,201,26
U347,Oct,2025,171,200.88,69,102,31
U515,Jun,2024,382,454.63,169,213,28
U477,Sep,2024,173,211.39,67,106,24
U309,Jan,2023,314,388.61,150,164,28
U399,Apr,2024,427,509.63,219,208,23
U320,Apr,2024,122,146.83,52,70,31
U678,Sep,2023,167,207.61,93,74,20
U541,Nov,2023,192,222.86,87,105,22
U361,May,2023,420,519.22,144,276,27
U679,May,2024,423,493.19,205,218,19
U790,Jun,2024,162,194.14,71,91,20
U719,Jan,2024,323,378.51,187,136,18
U478,Jan,2023,324,392.14,135,189,21
U638,Sep,2025,445,536.61,187,258,18
U362,Mar,2024,436,517.97,215,221,25
U445,Apr,2025,202,249.74,92,110,26
U516,Jan,2023,314,381.82,129,185,28
U303,Sep,2024,291,355.64,173,118,27
U460,Aug,2025,259,301.75,101,158,24
U527,Feb,2024,306,378.92,117,189,30
U786,Aug,2024,368,429.35,205,163,19
U569,Jul,2024,293,343.48,88,205,22
U420,Nov,2025,251,291.86,90,161,28
U681,Jun,2023,336,401.2,160,176,19
U795,Jan,2024,187,231.65,65,122,22
U389,Jul,2023,110,129.28,65,45,20
U629,Oct,2023,286,339.59,125,161,30
U368,Jul,2025,313,386.43,149,164,18
U698,Sep,2025,114,138.14,39,75,26
U657,Jan,2023,365,447.18,141,224,25
U398,Feb,2024,396,463.87,191,205,17
U567,Nov,2025,172,210.12,79,93,26
U405,Sep,2024,151,177.09,80,71,19
U740,Sep,2024,227,283.46,86,141,20
U623,Jun,2024,127,153.16,62,65,30
U423,Jun,2023,164,200.01,63,101,25
U776,Apr,2024,116,134.77,55,61,19
U329,Apr,2023,237,278.49,114,123,23
U437,May,2023,418,486.54,140,278,17
U495,Mar,2024,328,390.0,152,176,22
U709,Jan,2024,353,415.98,107,246,20
U526,Jan,2024,309,378.0,139,170,18
U632,Dec,2024,393,456.22,200,193,26
U470,Jul,2023,330,404.32,106,224,26
U309,Jan,2024,340,392.55,197,143,30
U763,Jan,2024,169,197.76,73,96,24
U340,Mar,2023,203,249.53,118,85,28
U325,Oct,2025,303,370.96,100,203,27
U561,Apr,2025,152,182.04,88,64,23
U695,Apr,2023,429,495.49,142,287,21
U743,Feb,2025,153,185.28,67,86,26
U526,Jan,2023,375,446.5,218,157,19
U772,Mar,2024,434,512.84,160,274,18
U424,Nov,2024,130,157.83,40,90,16
U763,Apr,2025,234,279.32,125,109,17
U338,Mar,2024,157,182.0,75,82,26
U628,Aug,2025,204,253.29,92,112,17
U551,Oct,2025,365,448.16,113,252,18
U689,Jan,2024,109,125.96,54,55,20
U476,Feb,2024,352,423.28,123,229,26
U390,Jul,2025,394,456.39,228,166,24
U702,Apr,2024,255,314.6,128,127,15
U754,Aug,2023,257,311.3,131,126,31
U337,Nov,2024,136,158.75,50,86,30
U616,Mar,2024,218,251.15,123,95,23
U476,Jun,2023,166,191.42,76,90,23
U761,Sep,2024,341,409.45,189,152,23
U584,Jan,2024,398,486.93,151,247,26
U753,Jan,2025,312,362.57,164,148,23
U761,Aug,2024,407,477.06,192,215,29
U381,Mar,2024,200,236.55,62,138,16
U414,May,2023,155,181.63,65,90,25
U340,Jan,2025,431,512.52,153,278,25
U601,May,2025,423,510.12,172,251,22
U524,Nov,2025,338,411.85,140,198,20
U618,Jun,2024,330,411.3,146,184,21
U649,Aug,2025,191,237.43,91,100,17
U415,Mar,2023,378,456.25,178,200,22
U486,Mar,2025,208,254.47,64,144,31
U623,Dec,2023,416,517.96,218,198,25
U356,Nov,2025,267,309.28,156,111,16
U340,Nov,2025,399,459.07,161,238,21
U654,Oct,2023,317,365.49,112,205,22
U340,Sep,2025,321,387.23,148,173,28
U647,Apr,2025,260,318.83,132,128,21
U761,Apr,2025,115,136.47,57,58,18
U537,Dec,2024,377,454.11,182,195,31
U589,Jul,2023,156,187.46,53,103,19
U562,Feb,2025,161,186.68,88,73,26
U516,Aug,2023,426,503.6,182,244,23
U447,Jun,2023,341,392.81,124,217,27
U636,Mar,2023,189,219.44,61,128,23
U468,Sep,2025,171,210.53,72,99,18
U392,May,2025,425,524.0,206,219,22
U653,Aug,2023,129,158.7,64,65,15
U359,Jul,2024,387,473.18,227,160,31
U359,Aug,2023,185,227.43,63,122,23
U604,Jul,2024,333,405.29,198,135,27
U469,Mar,2023,334,406.47,165,169,16
U569,Feb,2023,412,501.3,179,233,27
U663,Jul,2023,364,437.31,206,158,23
U345,Mar,2025,386,457.93,196,190,20
U645,Mar,2024,426,521.01,172,254,15
U481,Feb,2024,368,434.19,208,160,19
U470,Apr,2023,285,343.22,142,143,17
U656,Aug,2025,230,274.47,117,113,18
U491,Dec,2025,390,459.29,221,169,15
U455,Jan,2024,376,469.05,163,213,28
U722,Jan,2025,419,492.69,208,211,23
U488,Dec,2024,279,329.48,146,133,18
U307,May,2024,389,453.64,169,220,28
U433,Nov,2024,262,322.86,85,177,18
U535,May,2025,370,447.2,196,174,24
U345,Nov,2024,195,236.2,61,134,17
U614,Dec,2024,361,444.77,186,175,21
U549,Jan,2023,387,458.32,221,166,24
U799,Jun,2024,182,212.82,73,109,27
U331,Jan,2024,324,379.03,107,217,18
U323,May,2023,322,393.89,119,203,25
U726,Sep,2023,217,262.88,101,116,18
U694,Dec,2025,291,340.65,169,122,28
U460,May,2024,178,207.28,80,98,22
U663,Jun,2025,177,205.69,59,118,24
U737,Aug,2025,246,298.34,120,126,19
U458,Nov,2023,206,236.9,107,99,21
U339,Jan,2025,370,426.18,154,216,26
U715,Feb,2024,343,407.81,177,166,17
U382,Sep,2023,172,209.69,68,104,18
U656,Mar,2024,125,152.44,67,58,24
U558,Jun,2024,309,368.64,124,185,18
U506,May,2023,191,232.85,71,120,29
U377,Nov,2024,224,269.27,126,98,24
U777,Feb,2023,172,214.6,79,93,30
U312,Jul,2024,222,258.91,85,137,29
U595,Apr,2023,408,493.71,236,172,26
U750,Jan,2025,283,339.35,143,140,30
U524,Apr,2024,286,334.46,104,182,15
U313,Jun,2023,297,363.82,143,154,30
U346,Jul,2024,177,208.43,99,78,16
U455,Jul,2024,447,531.11,227,220,29
U413,Jul,2024,285,338.43,106,179,21
U533,Mar,2023,443,520.27,219,224,15
U317,Jun,2025,352,419.96,170,182,19
U660,Aug,2025,112,134.1,61,51,24
U523,Apr,2025,398,487.32,140,258,18
U654,Aug,2023,175,214.64,89,86,28
U488,Feb,2025,150,174.88,46,104,27
U748,Oct,2023,374,452.27,190,184,15
U644,Sep,2024,248,307.43,145,103,30
U665,Sep,2024,318,369.16,112,206,23
U463,Aug,2025,221,264.6,86,135,30
U796,Oct,2023,310,379.76,147,163,29
U626,Oct,2024,379,459.03,196,183,28
U767,Jan,2023,125,145.01,50,75,24
U714,Feb,2023,272,323.59,135,137,26
U755,Jun,2024,255,306.18,145,110,15
U374,Oct,2023,337,421.11,174,163,31
U533,May,2024,181,211.38,92,89,23
U524,Dec,2024,372,464.35,154,218,21
U782,Sep,2024,167,198.33,95,72,23
U619,May,2023,143,167.31,54,89,26
U712,Feb,2024,160,190.63,57,103,21
U360,Oct,2023,222,268.93,90,132,28
U635,Apr,2024,448,524.76,221,227,29
U522,Sep,2024,295,347.85,164,131,29
U337,Jan,2025,429,530.01,145,284,20
U777,Nov,2025,422,527.46,229,193,28
U578,Jan,2025,210,248.18,114,96,16
U496,Dec,2023,357,415.86,169,188,22
U704,Jul,2023,188,231.11,99,89,27
U652,Nov,2024,297,359.38,105,192,20
U784,Mar,2024,381,441.98,133,248,19
U542,Oct,2024,299,372.16,167,132,19
U624,Feb,2024,198,229.25,88,110,15
U519,Sep,2023,126,152.78,47,79,23
U492,Mar,2024,188,224.17,95,93,20
U317,Feb,2024,245,295.39,139,106,21
U312,Dec,2025,281,329.14,137,144,23
U706,Aug,2024,356,433.9,143,213,19
U701,Oct,2024,288,358.84,128,160,28
U694,Jun,2024,339,405.39,178,161,19
U674,Jun,2023,295,354.68,94,201,22
U493,Oct,2025,396,464.9,144,252,21
U322,Nov,2024,264,327.15,115,149,27
U774,Jul,2024,406,506.33,195,211,27
U420,Jul,2025,370,454.59,148,222,22
U510,Nov,2024,107,128.86,41,66,25
U606,Jun,2023,137,170.66,42,95,20
U570,Apr,2024,213,248.23,65,148,16
U492,Nov,2023,438,524.66,168,270,27
U475,Sep,2023,155,186.58,71,84,25
U585,Jun,2024,237,284.21,110,127,15
U504,Apr,2025,201,247.28,90,111,16
U464,Dec,2023,433,526.98,183,250,31
U551,Mar,2025,276,320.9,103,173,22
U527,Apr,2024,268,317.48,112,156,16
U736,Mar,2023,438,518.55,149,289,20
U681,Feb,2024,385,464.53,128,257,19
U760,May,2025,360,424.49,140,220,30
U307,Feb,2024,322,374.08,192,130,22
U329,Jun,2024,298,362.18,118,180,30
U695,Mar,2023,310,382.88,180,130,27
U333,Jun,2024,386,479.86,161,225,21
U434,Nov,2024,279,347.98,120,159,30
U667,Oct,2024,349,428.61,188,161,30
U379,Sep,2023,330,384.11,108,222,26
U716,Jan,2025,122,150.71,43,79,28
U735,Jun,2025,147,174.93,87,60,30
U759,Sep,2024,208,254.38,93,115,30
U358,Nov,2023,395,475.24,123,272,27
U771,Apr,2024,105,129.45,32,73,23
U326,Nov,2025,137,163.38,78,59,23
U782,Dec,2023,268,309.86,150,118,27
U730,Feb,2025,382,460.57,167,215,18
U526,Apr,2025,302,352.47,105,197,23
U585,Jan,2023,424,528.54,232,192,29
U304,Mar,2023,412,495.51,163,249,28
U765,Oct,2024,372,448.39,158,214,26
U399,Sep,2024,343,425.57,173,170,20
U697,Oct,2025,426,516.51,172,254,17
U789,May,2023,146,172.32,71,75,30
U339,Nov,2023,348,410.5,196,152,31
U571,Jun,2024,178,213.63,95,83,30
U675,Mar,2025,209,258.46,86,123,20
U585,May,2025,112,137.7,43,69,22
U457,Nov,2024,189,235.55,72,117,16
U375,Aug,2023,441,510.32,178,263,28
U672,Jun,2024,447,526.04,200,247,26
U588,Apr,2024,379,438.89,161,218,31
U430,Feb,2024,320,392.03,108,212,29
U475,Sep,2024,172,200.22,60,112,30
U762,Dec,2023,333,386.28,134,199,27
U384,Jan,2024,359,433.01,168,191,31
U322,Jan,2023,212,252.52,101,111,22
U759,Apr,2024,145,177.12,64,81,15
U327,Jul,2025,373,447.12,194,179,17
U495,Jan,2023,142,169.34,74,68,30
U637,Sep,2025,307,366.11,131,176,16
U682,Apr,2024,448,554.26,151,297,29
U536,Mar,2024,202,240.28,92,110,15
U740,Jan,2024,223,263.88,92,131,23
U392,Oct,2023,109,129.04,37,72,30
U777,Apr,2025,428,500.61,254,174,18
U321,Sep,2023,286,353.52,117,169,26
U603,Oct,2023,130,151.41,63,67,15
U764,Jun,2024,255,316.42,113,142,15
U657,Jun,2025,159,187.36,54,105,21
U743,Jan,2024,348,431.5,110,238,29
U384,Oct,2023,369,453.53,179,190,27
U562,Feb,2024,316,381.79,118,198,30
U447,Nov,2025,101,122.91,37,64,21
U741,Jun,2024,123,145.46,72,51,30
U753,Feb,2025,305,368.26,133,172,27
U687,Mar,2025,419,494.1,129,290,28
U557,Apr,2024,298,354.69,119,179,31
U358,Nov,2023,213,261.24,101,112,26
U680,May,2024,379,445.1,151,228,27
U722,Sep,2023,254,313.41,78,176,29
U315,Dec,2023,264,313.52,114,150,18
U462,Apr,2024,321,386.23,106,215,16
U745,Nov,2023,190,236.4,92,98,16
U463,Sep,2023,266,324.02,129,137,29
U620,Nov,2024,306,371.66,95,211,29
U797,Oct,2024,381,465.26,147,234,24
U581,Mar,2024,164,203.66,69,95,25
U580,Aug,2023,103,121.01,47,56,24
U312,Dec,2025,256,310.1,99,157,19
U574,Jan,2023,348,414.13,134,214,23
U571,Nov,2025,356,409.82,211,145,27
U792,Sep,2024,334,388.29,104,230,31
U508,Sep,2025,405,478.91,241,164,20
U327,Oct,2024,173,208.72,54,119,24
U372,Feb,2024,286,354.11,110,176,16
U360,Apr,2025,161,197.89,72,89,20
U730,Aug,2024,436,525.53,149,287,27
U773,Jul,2025,263,304.39,89,174,21
U445,Jan,2024,155,182.68,58,97,16
U393,May,2023,210,249.2,124,86,28
U609,Jul,2023,317,384.26,131,186,19
U308,Apr,2024,339,392.05,159,180,25
U379,Jan,2024,120,144.36,61,59,24
U327,Sep,2025,240,297.64,125,115,25
U474,May,2023,364,444.28,184,180,16
U350,Nov,2025,238,292.67,95,143,29
U800,Feb,2024,169,205.87,56,113,21
U499,Aug,2024,217,254.03,83,134,23
U687,Nov,2025,297,344.83,107,190,19
U649,Feb,2024,304,374.82,103,201,21
U748,Mar,2023,313,381.72,96,217,16
U728,Oct,2025,155,187.16,90,65,17
U481,Jan,2023,386,451.21,222,164,16
U324,Nov,2023,392,474.45,123,269,18
U616,Feb,2023,274,315.96,96,178,21
U678,Jul,2025,446,518.2,152,294,21
U687,Oct,2024,227,268.13,87,140,31
U704,Feb,2023,424,506.41,153,271,30
U346,Jun,2023,391,454.36,228,163,17
U315,Mar,2023,387,449.69,125,262,29
U453,Apr,2024,325,397.34,118,207,28
U522,Nov,2024,163,196.74,52,111,29
U506,Aug,2025,147,176.9,87,60,28
U755,Mar,2024,301,359.77,173,128,21
U573,Oct,2025,436,543.98,224,212,17
U682,Jun,2025,159,183.64,68,91,31
U536,Jan,2025,356,415.83,127,229,24
U640,Jul,2025,164,199.22,60,104,29
U528,Aug,2025,338,393.31,146,192,20
U309,Nov,2023,388,469.07,205,183,31
U466,Aug,2024,137,165.33,51,86,31
U732,Mar,2023,124,154.64,48,76,28
U744,Oct,2025,158,195.66,75,83,19
U619,Jan,2024,396,492.84,147,249,22
U514,Sep,2023,257,298.47,122,135,21
U417,Jun,2023,156,192.94,64,92,18
U686,Nov,2025,147,170.95,45,102,19
U644,Sep,2023,427,518.08,179,248,30
U372,Jul,2023,155,189.41,89,66,28
U695,Jan,2023,164,191.24,63,101,28
U364,Dec,2023,367,445.27,145,222,23
U505,Dec,2023,168,194.08,53,115,20
U509,Jan,2025,315,371.49,152,163,31
U372,Jun,2025,188,233.52,104,84,26
U577,May,2023,380,443.53,154,226,18
U574,Sep,2025,356,411.72,132,224,30
U778,Feb,2025,259,309.34,152,107,25
U620,Aug,2024,333,411.28,174,159,18
U638,Nov,2023,230,266.26,108,122,31
U666,May,2025,148,175.46,57,91,22
U795,Feb,2025,246,305.03,90,156,28
U395,Oct,2023,415,482.15,213,202,16
U466,Nov,2024,101,119.29,46,55,25
U332,Nov,2023,428,525.52,195,233,25
U311,Dec,2024,244,293.85,78,166,20
U601,Jun,2023,160,197.32,72,88,28
U517,Oct,2023,372,431.95,203,169,24
U589,Aug,2023,148,183.82,86,62,22
U402,Apr,2023,431,535.94,143,288,21
U725,Feb,2024,230,268.07,112,118,22
U692,Dec,2024,142,163.78,66,76,22
U567,Nov,2025,156,194.84,88,68,16
U514,May,2023,149,178.54,78,71,30
U479,Dec,2024,277,334.4,163,114,23
U388,Feb,2024,392,474.94,230,162,27
U341,Feb,2024,145,178.2,53,92,26
U701,Jun,2023,269,331.19,139,130,31
U376,Nov,2025,370,432.68,169,201,16
U677,Oct,2024,435,510.54,158,277,27
U346,Sep,2023,238,294.57,85,153,15
U460,Apr,2024,346,426.26,112,234,25
U763,Jun,2024,247,299.31,133,114,19
U380,Jul,2025,329,411.08,130,199,15
U610,Nov,2024,379,463.71,211,168,27
U386,Jun,2024,224,262.43,108,116,22
U392,Aug,2023,291,359.29,146,145,20
U448,Apr,2023,179,213.27,69,110,31
U461,Dec,2025,193,222.65,84,109,26
U502,Jan,2023,325,384.2,137,188,15
U724,Jul,2023,164,201.12,60,104,17
U716,Mar,2025,187,233.01,102,85,28
U542,Jun,2024,187,220.21,90,97,22
U653,Feb,2025,300,352.4,93,207,25
U302,Sep,2023,313,377.59,170,143,28
U525,Jan,2025,303,373.04,100,203,22
U589,Jun,2024,188,230.23,79,109,17
U533,Jun,2025,160,192.96,75,85,21
U761,May,2023,370,448.86,111,259,18
U714,May,2023,193,226.62,95,98,30
U717,Jan,2025,406,484.46,202,204,27
U377,Oct,2024,126,148.12,62,64,19
U416,Dec,2025,313,387.63,109,204,19
U454,May,2024,173,200.9,65,108,18
U706,Feb,2024,160,194.88,59,101,16
U403,Jul,2025,285,335.17,167,118,27
U494,Mar,2024,130,155.68,41,89,30
U466,Apr,2023,318,375.22,136,182,16
U659,Mar,2025,111,131.24,62,49,31
U390,Mar,2024,401,471.59,212,189,19
U474,Apr,2023,131,160.51,71,60,22
U422,May,2025,259,307.32,153,106,29
U798,Jan,2023,336,410.81,139,197,27
U443,Apr,2023,326,389.77,128,198,27
U782,Dec,2023,280,337.32,86,194,30
U406,Dec,2024,416,501.0,143,273,27
U675,Nov,2025,145,180.9,67,78,16
U728,Aug,2025,440,522.15,152,288,17
U605,Oct,2024,179,209.57,93,86,29
U660,Jul,2025,234,290.44,72,162,27
U759,Sep,2023,359,419.13,135,224,19
U617,May,2025,407,502.01,207,200,20
U751,Oct,2024,346,403.1,130,216,28
U423,Apr,2023,258,313.7,133,125,18
U690,Aug,2024,302,351.85,180,122,21
U309,Sep,2023,211,262.13,113,98,18
U562,Jul,2023,391,471.74,157,234,16
U373,Jul,2025,409,483.82,233,176,21
U659,May,2023,218,253.76,68,150,17
U523,Apr,2024,116,137.71,60,56,29
U716,Oct,2025,430,524.82,132,298,15
U341,Jan,2024,326,387.45,114,212,16
U670,Oct,2023,216,253.72,128,88,24
U504,Oct,2024,142,171.5,57,85,30
U564,Jul,2024,214,255.04,116,98,29
U628,Jan,2023,382,445.63,157,225,29
U478,Jan,2025,136,158.49,75,61,28
U648,May,2024,401,489.52,236,165,28
U618,Sep,2023,212,264.46,91,121,20
U384,Jun,2025,134,157.22,62,72,28
U618,Mar,2025,231,283.51,112,119,31
U411,Mar,2025,435,504.06,252,183,31
U551,Jul,2024,435,516.85,164,271,30
U683,Jun,2024,327,392.62,158,169,22
U307,Sep,2024,246,289.51,97,149,21
U759,Jun,2025,221,265.85,80,141,26
U384,May,2024,180,222.89,58,122,23
U508,Oct,2023,272,338.49,132,140,28
U688,Jul,2024,253,293.49,142,111,15
U690,Jan,2024,249,293.12,100,149,24
U614,Dec,2025,157,195.92,73,84,31
U322,Jul,2024,162,190.68,79,83,31
U710,Mar,2023,255,310.91,108,147,31
U683,Sep,2025,421,494.82,240,181,18
U303,Jun,2023,267,316.56,109,158,31
U427,Sep,2025,265,309.82,89,176,16
U597,May,2025,184,227.36,63,121,22
U488,Jul,2024,236,292.23,133,103,27
U662,Apr,2023,288,339.75,171,117,29
U314,Jul,2025,101,124.47,39,62,23
U759,Jan,2024,205,243.09,70,135,17
U766,Jul,2025,171,198.34,76,95,17
U312,Aug,2025,225,275.81,115,110,16
U387,May,2025,269,325.39,130,139,15
U312,Feb,2025,304,357.94,177,127,28
U697,May,2025,412,484.22,224,188,31
U325,Jun,2025,436,543.94,244,192,27
U601,Dec,2024,294,363.46,135,159,29
U543,Feb,2025,257,316.36,102,155,28
U422,Jun,2023,240,279.07,122,118,16
U447,Jun,2024,374,458.34,161,213,21
U355,Jan,2023,106,124.17,40,66,31
U538,Jan,2025,153,190.9,52,101,20
U656,Nov,2023,203,234.51,93,110,22
U473,Oct,2025,441,522.68,210,231,16
U692,Mar,2025,437,521.28,205,232,15
U521,Oct,2024,160,197.19,53,107,30
U419,Oct,2024,186,228.15,87,99,21
U609,Dec,2025,357,423.94,125,232,25
U483,Mar,2024,277,334.22,138,139,29
U588,Apr,2023,341,420.64,146,195,27
U607,Feb,2024,302,347.85,167,135,16
U600,Sep,2024,130,159.93,69,61,28
U382,Oct,2023,388,482.94,200,188,20
U754,Dec,2024,179,206.42,91,88,23
U702,Nov,2025,110,127.0,51,59,21
U511,Jul,2023,353,418.11,112,241,23
U450,Jul,2025,386,447.29,191,195,18
U337,Jun,2023,275,329.43,121,154,23
U652,Mar,2025,225,275.15,99,126,18
U612,Jun,2025,146,176.18,60,86,26
U661,Dec,2024,305,356.74,176,129,18
U359,Aug,2025,206,250.39,77,129,28
U431,Aug,2024,374,455.71,147,227,21
U712,Nov,2023,436,542.05,256,180,27
U502,Sep,2025,222,258.56,120,102,22
U543,Jan,2025,233,284.08,70,163,19
U335,Jan,2023,206,255.68,117,89,26
U745,Mar,2023,404,484.86,148,256,27
U393,Mar,2025,428,507.69,219,209,28
U738,Oct,2023,149,173.89,69,80,18
U747,Aug,2024,436,539.19,201,235,21
U507,Oct,2023,194,230.75,99,95,29
U653,Jan,2023,367,455.99,132,235,20
U691,Feb,2025,122,150.64,42,80,30
U632,Feb,2024,153,181.71,75,78,22
U605,Mar,2023,353,426.21,136,217,30
U650,Jun,2024,334,385.01,197,137,30
U513,Jan,2024,158,185.86,68,90,17
U459,Feb,2024,263,321.13,87,176,31
U742,Jan,2025,358,435.97,181,177,23
U745,May,2023,413,489.54,161,252,17
U324,Jul,2025,315,387.72,108,207,21
U704,Aug,2023,282,330.95,120,162,26
U593,Oct,2023,156,186.6,91,65,30
U304,Jan,2025,244,292.13,103,141,31
U520,Jul,2024,189,223.79,76,113,29
U664,May,2024,410,510.64,177,233,15
U682,Oct,2023,144,175.63,43,101,16
U320,Jan,2025,356,428.6,121,235,22
U744,Mar,2024,120,144.13,66,54,16
U452,Jul,2024,120,139.91,71,49,23
U350,Oct,2023,151,179.27,52,99,23
U477,Jan,2023,437,531.95,201,236,27
U735,Jul,2025,270,335.46,159,111,20
U396,May,2023,166,204.45,57,109,29
U405,Jan,2024,212,250.17,75,137,29
U720,Jan,2024,399,476.16,230,169,21
U550,Jan,2024,259,300.0,132,127,25
U417,Nov,2024,365,423.48,126,239,22
U654,Sep,2025,419,501.55,175,244,20
U528,Nov,2025,331,398.2,104,227,22
U366,Mar,2023,424,498.79,182,242,16
U635,May,2023,167,202.78,89,78,30
U718,Nov,2023,127,154.98,59,68,21
U720,Oct,2025,215,253.68,106,109,24
U562,Dec,2024,150,183.88,59,91,26
U595,Sep,2023,280,327.76,97,183,31
U726,Jun,2024,359,432.39,109,250,21
U543,Dec,2023,178,219.02,97,81,22
U671,Sep,2023,372,447.78,182,190,21
U486,Aug,2023,207,256.84,76,131,18
U546,Aug,2023,173,199.96,73,100,17
U425,Jan,2023,274,331.22,148,126,29
U568,Sep,2024,283,341.35,130,153,18
U431,Jun,2023,122,148.36,47,75,23
U537,Sep,2024,373,460.04,141,232,27
U318,Mar,2025,228,278.75,83,145,30
U340,Dec,2023,390,479.32,213,177,15
U321,Mar,2024,419,493.95,198,221,18
U699,Jun,2025,285,338.79,146,139,22
U525,Sep,2025,158,191.6,88,70,30
U655,Jul,2025,100,120.53,59,41,25
U582,Mar,2024,230,286.61,86,144,25
U308,Mar,2023,166,194.0,58,108,17
U400,Feb,2023,392,464.57,171,221,22
U540,Sep,2024,384,463.59,119,265,24
U778,Mar,2023,188,232.52,101,87,30
U387,Nov,2024,199,247.34,112,87,19
U598,May,2023,288,340.88,145,143,23
U728,Sep,2025,445,514.74,169,276,22
U314,Aug,2023,340,405.34,114,226,25
U634,Feb,2024,369,438.9,153,216,30
U302,Mar,2024,318,397.07,174,144,21
U675,Feb,2025,275,328.1,111,164,29
U593,Aug,2024,440,519.45,136,304,31
U625,Jun,2023,332,393.93,126,206,20
U722,Jun,2023,250,297.42,149,101,29
U793,Dec,2025,376,463.29,189,187,22
U341,Sep,2024,328,379.86,187,141,21
U618,Aug,2025,270,319.05,143,127,16
U616,Apr,2023,322,401.42,148,174,27
U681,Dec,2025,312,363.58,107,205,20
U411,Apr,2024,381,466.44,154,227,19
U314,Sep,2025,140,165.99,66,74,15
U531,Jan,2024,221,267.01,124,97,29
U773,Feb,2024,326,378.15,124,202,24
U384,Feb,2023,393,463.99,132,261,17
U430,Jun,2023,187,224.42,87,100,19
U531,Apr,2023,366,429.38,129,237,27
U626,Nov,2024,128,154.14,61,67,22
U445,Oct,2025,346,405.5,131,215,16
U679,Mar,2024,415,504.23,153,262,23
U645,Mar,2023,343,425.47,143,200,31
U328,Mar,2023,160,185.37,76,84,27
U366,Jun,2025,246,288.23,114,132,15
U463,Aug,2023,273,337.0,101,172,26
U529,Nov,2023,377,457.36,213,164,19
U561,Jul,2023,433,501.36,144,289,22
U749,Apr,2025,241,288.87,75,166,29
U724,Nov,2024,143,167.45,68,75,17
U760,Dec,2023,243,284.29,81,162,20
U740,Apr,2025,432,537.44,195,237,27
U464,Nov,2023,154,188.83,90,64,26
U601,Oct,2025,406,495.17,206,200,15
U707,Nov,2023,260,305.21,126,134,21
U603,Nov,2025,384,446.15,181,203,26
U587,Nov,2023,424,524.52,150,274,24
U695,Feb,2024,297,341.72,127,170,26
U310,Jan,2023,258,306.71,103,155,25
U495,Sep,2025,179,210.82,104,75,18
U418,Dec,2023,130,156.91,48,82,20
U570,Dec,2024,211,247.94,93,118,23
U380,Feb,2023,145,171.26,84,61,24
U758,Aug,2025,304,375.44,163,141,19
U393,Sep,2025,151,182.76,88,63,27
U566,Apr,2024,237,276.0,114,123,23
U632,Aug,2025,173,211.52,69,104,16
U650,Sep,2023,140,163.9,76,64,15
U661,Oct,2023,176,210.02,68,108,26
U557,Oct,2023,286,347.39,99,187,24
U433,May,2025,151,177.76,77,74,16
U576,Jul,2023,186,221.04,91,95,23
U564,Oct,2023,208,254.47,117,91,16
U471,Apr,2023,324,402.99,190,134,28
U760,Jan,2024,347,417.41,193,154,25
U301,Mar,2025,168,193.37,53,115,25
U613,May,2025,219,259.26,109,110,31
U364,Mar,2025,166,197.52,88,78,18
U674,Dec,2024,160,189.43,95,65,27
U768,Nov,2025,426,508.49,175,251,21
U584,Jul,2024,290,351.85,101,189,30
U421,Dec,2024,288,334.69,160,128,15
U407,Sep,2025,250,294.32,98,152,27
U721,Dec,2023,385,462.29,184,201,15
U475,Jun,2023,195,230.4,81,114,25
U785,Oct,2025,411,513.38,172,239,20
U504,Jan,2025,408,486.8,212,196,17
U465,Jul,2024,362,447.79,147,215,26
U605,Mar,2025,196,242.97,99,97,19
U797,May,2024,212,261.52,64,148,23
U420,Oct,2025,224,258.65,89,135,26
U344,Apr,2023,231,287.54,91,140,24
U612,Oct,2023,220,255.83,115,105,19
U456,May,2025,296,341.42,116,180,19
U667,May,2024,393,468.23,192,201,23
U507,Jun,2023,221,258.45,111,110,31
U690,Oct,2024,381,445.17,189,192,24
U408,Dec,2025,359,423.18,172,187,15
U551,Oct,2025,138,162.13,58,80,30
U745,Nov,2023,153,186.43,63,90,29
U704,Jun,2025,260,303.86,122,138,31
U670,Aug,2023,388,467.27,123,265,27
U634,Aug,2024,299,373.34,168,131,15
U430,Nov,2023,375,447.46,205,170,22
U757,Sep,2023,115,139.63,46,69,19
U593,Aug,2024,272,339.17,127,145,20
U320,Nov,2023,347,403.83,201,146,28
U582,Feb,2023,317,377.82,120,197,25
U585,Dec,2025,186,229.71,97,89,20
U301,Oct,2024,181,225.02,58,123,25
U419,Dec,2023,161,194.83,73,88,27
U335,Nov,2024,386,449.44,218,168,26
U498,Jan,2024,141,174.86,65,76,16
U785,Oct,2023,111,129.59,53,58,17
U545,Feb,2025,420,497.82,240,180,18
U359,Feb,2024,333,395.45,171,162,31
U625,Dec,2023,428,511.34,217,211,20
U461,Mar,2024,230,282.67,109,121,21
U797,Oct,2025,214,263.27,104,110,29
U479,Jul,2025,317,387.36,171,146,25
U506,Feb,2025,236,271.92,140,96,17
U312,Jan,2023,205,247.33,110,95,20
U790,Jun,2023,278,340.48,142,136,16
U576,Sep,2025,115,137.36,39,76,28
U481,Mar,2023,341,424.37,185,156,23
U542,Jun,2025,433,533.62,225,208,26
U516,Mar,2023,325,394.49,172,153,27
U551,Jan,2025,341,394.28,125,216,26
U599,Dec,2024,240,291.66,137,103,26
U426,May,2025,298,369.87,98,200,23
U782,Oct,2025,211,250.66,79,132,31
U517,Nov,2023,226,278.84,112,114,30
U606,Apr,2023,120,141.76,60,60,31
U585,Jul,2023,246,296.92,96,150,22
U485,Jun,2023,188,228.39,95,93,25
U339,Oct,2023,402,489.56,167,235,16
U523,Jul,2023,302,373.95,90,212,22
U484,May,2024,184,215.92,64,120,26
U795,Apr,2025,266,312.88,150,116,15
U727,Jul,2025,171,208.69,62,109,27
U478,Jul,2025,397,463.58,132,265,31
U707,Jun,2024,108,129.21,54,54,28
U728,Aug,2025,380,437.76,164,216,28
U594,Apr,2024,357,415.58,192,165,30
U640,Oct,2024,374,455.49,208,166,31
U451,May,2024,337,412.74,186,151,20
U684,Apr,2025,119,138.22,46,73,21
U426,Dec,2024,332,389.36,149,183,15
U601,Jan,2025,320,371.16,158,162,29
U608,Dec,2025,425,507.17,168,257,27
U636,Aug,2023,116,134.86,36,80,16
U734,Jan,2023,188,224.42,84,104,29
U534,May,2024,295,360.85,89,206,26
U680,Jun,2024,449,547.03,262,187,29
U675,Jun,2025,183,215.58,98,85,28
U308,May,2024,186,226.43,66,120,20
U798,Mar,2024,406,504.57,156,250,26
U641,May,2025,437,517.74,259,178,20
U429,Dec,2024,253,299.28,104,149,23
U564,Aug,2024,327,394.74,174,153,18
U457,Feb,2025,363,426.36,157,206,31
U652,Jun,2025,322,391.28,180,142,16
U658,Sep,2023,220,271.31,112,108,30
U305,Aug,2025,272,325.29,83,189,28
U795,Nov,2023,103,125.45,39,64,22
U386,Aug,2024,441,535.9,206,235,28
U475,Aug,2025,227,261.93,131,96,16
U590,Jul,2025,209,244.18,69,140,30
U493,Aug,2025,136,168.55,65,71,18
U611,Jun,2024,170,211.46,66,104,15
U419,Feb,2023,388,476.48,219,169,28
U518,Feb,2024,130,161.48,68,62,22
U727,Aug,2024,367,433.29,150,217,17
U758,Nov,2025,110,129.22,38,72,19
U714,Jan,2023,443,526.47,134,309,20
U414,Jun,2024,427,493.41,207,220,22
U766,Jun,2025,131,161.26,55,76,20
U445,Nov,2024,156,194.75,61,95,20
U326,Apr,2024,265,326.59,157,108,18
U436,Dec,2025,287,345.98,126,161,21
U603,Nov,2025,441,520.17,231,210,21
U532,Nov,2023,118,138.03,41,77,17
U669,Oct,2024,215,255.08,65,150,22
U376,Mar,2025,283,344.33,120,163,15
U775,Nov,2025,369,440.85,184,185,15
U628,Mar,2023,132,164.13,59,73,28
U645,Jan,2023,109,134.66,61,48,20
U602,Mar,2025,179,207.68,77,102,24
U752,Apr,2023,291,338.48,114,177,28
U589,Nov,2025,419,510.18,240,179,18
U301,Nov,2024,289,339.02,121,168,20
U447,May,2023,167,205.26,63,104,30
U587,Mar,2024,447,540.48,147,300,15
U764,Jun,2024,224,262.75,120,104,20
U442,Nov,2024,435,521.07,238,197,23
U353,Dec,2025,158,188.12,48,110,29
U604,May,2024,196,242.51,79,117,26
U369,Mar,2024,374,431.3,196,178,17
U661,Jun,2024,248,307.42,144,104,25
U390,Jun,2025,377,458.13,155,222,29
U746,Aug,2024,364,445.45,204,160,17
U520,Feb,2024,108,124.23,45,63,28
U750,Jan,2023,382,463.3,135,247,16
U798,Apr,2025,372,449.69,111,261,18
U492,Jul,2024,400,481.49,159,241,26
U754,Nov,2023,107,131.46,44,63,16
U363,Oct,2025,307,370.12,179,128,31
U373,Mar,2025,224,276.8,81,143,17
U461,Mar,2025,222,260.46,92,130,24
U469,May,2025,132,162.44,40,92,30
U389,May,2025,100,116.79,52,48,23
U476,Oct,2025,303,373.09,174,129,25
U569,Mar,2024,105,130.62,38,67,29
U373,Sep,2024,396,468.69,169,227,17
U545,Apr,2024,104,125.11,35,69,30
U377,Mar,2024,179,217.63,78,101,26
U459,Nov,2023,373,431.91,126,247,19
U789,Feb,2024,276,331.04,126,150,21
U759,Oct,2025,437,518.31,227,210,23
U624,Nov,2024,420,519.64,195,225,22
U398,Sep,2024,438,542.1,163,275,26
U681,Apr,2025,235,286.72,95,140,16
U402,Mar,2024,124,150.73,60,64,24
U794,Jul,2024,424,518.71,202,222,23
U432,Aug,2024,282,334.62,96,186,22
U402,Nov,2023,267,317.85,147,120,15
U319,Feb,2024,437,526.75,193,244,20
U754,Jul,2025,277,344.53,96,181,26
U782,Dec,2025,194,237.15,65,129,31
U382,May,2024,132,159.07,77,55,16
U697,Nov,2024,210,257.68,80,130,25
U789,May,2024,245,290.84,140,105,25
U579,Mar,2025,330,403.61,139,191,22
U639,May,2025,371,441.89,154,217,29
U665,Dec,2023,435,512.42,221,214,23
U631,Feb,2023,137,165.9,41,96,29
U429,Apr,2023,234,285.17,93,141,21
U644,Jun,2025,433,517.84,169,264,27
U610,Jan,2023,334,402.99,187,147,27
U755,Oct,2024,418,509.71,191,227,15
U389,Apr,2024,444,544.69,181,263,18
U513,Jun,2025,259,321.05,98,161,18
U443,Sep,2023,137,162.41,65,72,18
U365,Nov,2024,249,310.04,86,163,27
U376,Nov,2025,407,493.99,152,255,16
U499,Feb,2023,128,157.28,49,79,29
U443,Nov,2024,243,296.45,117,126,18
U705,Jul,2023,175,204.85,72,103,20
U703,Jun,2025,244,282.34,110,134,17
U616,Feb,2023,328,401.02,162,166,21
U393,Aug,2025,163,195.78,95,68,20
U773,Jul,2023,446,544.22,236,210,17
U717,Nov,2024,444,531.77,187,257,18
U605,May,2025,368,434.69,193,175,24
U524,Dec,2025,427,503.22,249,178,23
U797,May,2025,283,346.12,127,156,20
U591,Jul,2023,360,423.96,152,208,25
U728,Sep,2023,367,448.28,118,249,21
U402,Nov,2024,268,318.49,152,116,18
U774,Sep,2025,358,439.3,133,225,19
U567,Sep,2025,326,379.56,104,222,18
U655,Jun,2023,132,154.51,60,72,18
U756,Oct,2023,313,381.42,173,140,27
U410,Jun,2024,149,179.7,62,87,30
U762,Mar,2024,309,361.65,165,144,28
U630,Jan,2023,128,158.76,70,58,25
U750,Jul,2025,138,162.51,60,78,16
U730,Apr,2024,446,531.68,212,234,28
U565,Jan,2023,199,232.88,91,108,21
U303,Aug,2023,272,323.35,158,114,25
U385,Dec,2025,116,139.1,60,56,18
U582,Jun,2023,155,182.83,89,66,21
U628,Jun,2023,325,398.75,118,207,30
U604,Feb,2024,145,172.46,56,89,20
U750,Jan,2023,166,203.01,53,113,20
U754,Feb,2023,296,346.53,133,163,16
U712,Apr,2024,241,286.24,135,106,22
U417,Feb,2025,422,485.64,167,255,21
U521,Jan,2025,122,149.56,41,81,28
U454,Jul,2024,193,234.03,61,132,23
U453,Nov,2024,341,420.04,148,193,29
U312,Nov,2025,336,401.71,117,219,26
U433,Dec,2025,153,188.19,61,92,27
U782,Aug,2025,237,287.9,129,108,21
U604,Jun,2025,432,496.96,179,253,24
U593,Apr,2025,371,436.06,179,192,24
U763,Jun,2024,140,167.91,63,77,16
U600,Mar,2023,197,238.74,101,96,28
U528,Dec,2025,282,326.15,97,185,27
U571,Aug,2025,227,277.06,130,97,20
U343,Oct,2023,328,395.03,161,167,23
U732,Feb,2023,416,500.27,158,258,27
U643,May,2023,185,218.15,62,123,23
U626,Jan,2023,355,429.37,122,233,27
U602,Jun,2023,308,355.05,164,144,19
U798,Feb,2023,314,363.13,149,165,28
U664,Apr,2024,199,243.45,82,117,19
U679,Jun,2023,148,174.96,59,89,23
U727,Oct,2023,300,355.41,167,133,22
U793,Nov,2024,357,417.99,200,157,21
U321,Aug,2023,277,330.89,131,146,22
U707,Dec,2025,344,397.39,157,187,17
U407,Aug,2025,222,261.97,120,102,29
U636,Nov,2023,441,530.4,231,210,22
U603,Jun,2024,270,323.07,113,157,15
U417,Apr,2025,432,539.99,140,292,21
U424,Aug,2024,235,279.39,124,111,16
U699,Aug,2025,158,187.81,55,103,28
U581,Oct,2023,292,350.5,89,203,29
U592,Jan,2024,367,429.03,202,165,28
U503,Apr,2024,359,444.31,169,190,31
U351,Apr,2024,194,234.2,110,84,30
U571,Jul,2025,224,261.9,99,125,15
U624,Nov,2025,140,172.11,80,60,21
U577,Jul,2025,353,407.16,143,210,25
U441,Nov,2023,106,132.32,54,52,19
U770,Aug,2025,315,389.5,122,193,31
U575,Nov,2023,168,202.94,50,118,25
U590,May,2024,168,195.07,69,99,22
U634,Jul,2024,180,210.87,93,87,24
U681,Aug,2023,129,151.95,44,85,26
U752,Sep,2025,172,201.95,77,95,24
U796,Mar,2023,361,433.11,131,230,27
U673,Mar,2024,188,233.96,60,128,24
U352,Apr,2024,307,366.69,148,159,31
U794,May,2023,312,379.44,182,130,30
U327,Oct,2025,421,513.14,165,256,19
U457,Jan,2025,365,451.56,173,192,17
U539,Jul,2023,392,452.13,229,163,29
U456,Sep,2023,306,364.27,151,155,16
U591,Aug,2025,432,530.7,216,216,27
U436,May,2024,176,216.74,62,114,22
U444,Apr,2023,387,480.94,173,214,31
U406,Dec,2025,146,178.16,59,87,18
U720,Jul,2025,209,245.47,92,117,23
U458,May,2024,299,358.97,161,138,29
U446,Jul,2024,309,356.35,135,174,23
U302,Dec,2024,253,307.32,80,173,23
U733,Jan,2024,109,131.39,62,47,28
U377,Jan,2024,256,311.47,118,138,30
U432,Oct,2023,360,447.49,207,153,31
U390,Mar,2025,176,214.5,83,93,27
U645,Nov,2023,356,420.81,114,242,23
U650,Feb,2023,230,269.07,107,123,29
U759,Feb,2023,166,205.09,78,88,21
U563,Jul,2023,327,382.4,119,208,15
U651,Dec,2023,262,305.53,115,147,15
U408,Oct,2024,114,133.46,49,65,19
U374,Feb,2024,331,397.49,161,170,23
U339,Nov,2025,294,341.75,111,183,26
U697,Apr,2023,448,557.23,212,236,20
U459,Feb,2025,129,160.81,48,81,27
U371,Jun,2024,437,545.11,189,248,22
U747,Aug,2024,430,496.18,144,286,29
U612,Oct,2024,415,516.52,129,286,20
