user_id,num_people,num_children,bedrooms,has_ac,has_geyser,has_iron,has_washing_machine,has_dishwasher,has_induction,has_microwave,has_kettle,has_vacuum,has_room_heater,home_area_sqft,has_pool,has_garden,vacation_month,vacation_days,climate,city,electricity_provider,electricity_consumption_kwh
10001,3,2,4,1,1,1,0,0,1,1,0,0,0,1785,0,0,Apr,0,Moderate,Mumbai,MSEDCL,604.65
10002,3,1,1,0,1,1,0,0,0,0,0,0,0,577,0,1,May,5,Hot,Chennai,TANGEDCO,332.63
10003,5,4,5,0,1,0,1,0,1,1,1,1,0,2165,0,0,May,9,Moderate,Bangalore,BESCOM,399.37
10004,3,2,4,1,1,1,1,0,0,1,0,1,0,1782,0,0,Oct,15,Hot,Delhi,BSES Yamuna,403.09
10005,5,0,3,1,0,1,0,0,1,0,0,0,0,1227,0,0,Sep,5,Hot,Kolkata,CESC,478.24
10006,2,0,2,1,0,1,1,0,0,0,1,1,0,1129,0,0,Jun,5,Hot,Kolkata,CESC,465.63
10007,3,1,4,1,0,1,1,0,0,0,1,1,0,1846,0,0,May,15,Hot,Kolkata,CESC,298.83
10008,5,4,4,1,0,1,1,1,0,1,1,0,0,1936,0,0,Apr,0,Hot,Chennai,TANGEDCO,770.8
10009,3,2,2,0,0,0,0,1,0,0,1,0,0,821,0,0,May,22,Moderate,Bangalore,BESCOM,80.05
10010,5,3,5,0,1,1,1,1,0,1,1,0,0,2095,0,0,Nov,0,Moderate,Bangalore,BESCOM,548.6
10011,2,0,1,1,0,0,0,0,0,0,0,0,0,521,0,0,Nov,0,Hot,Kolkata,CESC,364.64
10012,3,2,1,0,0,0,0,0,0,1,0,0,0,649,0,0,May,24,Hot,Chennai,TANGEDCO,60.0
10013,4,2,3,0,0,1,1,0,0,1,0,0,0,1578,0,0,May,16,Hot,Chennai,TANGEDCO,180.04
10014,2,1,3,1,0,1,1,0,0,1,1,0,0,1507,0,0,Oct,22,Moderate,Mumbai,MSEDCL,146.0
10015,5,0,3,1,0,1,1,1,1,0,1,0,0,1533,0,0,May,19,Hot,Kolkata,CESC,290.55
10016,4,2,1,0,0,0,1,0,0,0,0,0,0,725,0,0,Jan,0,Hot,Kolkata,CESC,231.24
10017,8,0,5,0,1,1,1,1,1,0,1,0,0,2136,0,0,May,10,Moderate,Mumbai,MSEDCL,418.12
10018,2,0,1,0,0,0,1,0,0,0,1,0,0,676,0,0,Jun,15,Hot,Delhi,BSES Yamuna,122.41
10019,3,2,1,0,0,0,0,0,0,0,0,0,1,719,0,1,Nov,0,Cold,Delhi,BSES Yamuna,339.06
10020,1,0,1,0,0,0,0,1,1,0,1,1,0,731,0,0,May,10,Moderate,Mumbai,MSEDCL,173.19
10021,3,0,3,0,0,0,1,0,1,1,1,0,0,1260,0,0,Apr,0,Moderate,Bangalore,BESCOM,318.37
10022,4,1,5,1,0,1,1,0,1,0,1,0,0,2249,0,0,May,9,Hot,Kolkata,CESC,481.52
10023,3,1,3,1,0,1,1,0,0,1,0,0,0,1294,0,0,Feb,6,Moderate,Mumbai,MSEDCL,359.84
10024,5,3,4,0,1,1,1,1,0,0,1,0,0,1895,0,0,Oct,6,Moderate,Mumbai,MSEDCL,394.23
10025,1,0,1,0,0,0,1,0,1,0,0,0,1,583,0,0,Jan,0,Hot,Delhi,BSES Yamuna,416.93
10026,4,0,3,1,0,1,1,0,1,1,1,0,0,1459,0,0,Jan,0,Moderate,Bangalore,BESCOM,547.97
10027,1,0,2,1,1,0,0,1,0,1,0,0,0,1086,0,0,Jun,14,Hot,Kolkata,CESC,358.82
10028,2,0,2,0,1,1,0,0,0,1,1,0,0,954,0,0,Apr,0,Cold,Delhi,BSES Yamuna,418.53
10029,1,0,1,1,0,0,0,0,0,0,0,0,0,585,0,0,May,21,Hot,Delhi,BSES Yamuna,83.8
10030,6,3,3,1,0,1,1,0,0,0,0,0,0,1268,0,0,May,17,Hot,Kolkata,CESC,254.1
10031,5,1,3,1,1,1,1,0,1,1,0,1,0,1525,0,1,Sep,9,Moderate,Bangalore,BESCOM,492.41
10032,5,3,3,1,1,1,1,1,0,0,0,0,1,1460,0,0,May,24,Hot,Kolkata,CESC,189.45
10033,3,0,2,1,0,0,0,0,1,1,0,0,0,914,1,0,Dec,19,Hot,Kolkata,CESC,338.32
10034,1,0,1,1,0,0,1,0,0,1,1,0,0,746,0,0,May,24,Hot,Chennai,TANGEDCO,128.76
10035,5,0,3,1,0,0,1,1,1,1,0,0,1,1207,0,0,Nov,2,Hot,Chennai,TANGEDCO,850.83
10036,2,0,2,1,0,0,0,0,0,1,0,0,0,1064,0,0,May,14,Hot,Chennai,TANGEDCO,260.23
10037,7,4,4,0,1,0,1,1,1,0,1,1,0,1870,0,0,Jun,7,Moderate,Mumbai,MSEDCL,445.6
10038,2,0,3,1,0,0,1,0,0,0,0,1,0,1448,0,0,Dec,17,Hot,Kolkata,CESC,229.21
10039,5,3,2,0,0,1,1,0,1,0,0,0,1,904,0,0,Jul,0,Moderate,Bangalore,BESCOM,443.56
10040,4,3,5,0,1,1,1,0,0,1,1,1,1,2262,0,1,Mar,0,Cold,Delhi,BSES Yamuna,768.56
10041,5,4,3,0,1,1,1,0,1,1,0,0,0,1423,0,0,Jun,16,Hot,Kolkata,CESC,306.78
10042,4,1,1,0,0,0,0,0,1,1,0,0,1,727,0,0,Apr,7,Cold,Delhi,BSES Yamuna,333.06
10043,4,2,3,1,0,1,1,0,0,0,0,0,0,1570,0,0,May,21,Hot,Kolkata,CESC,149.73
10044,1,0,2,0,0,1,0,0,0,1,0,0,0,1070,0,0,Oct,6,Hot,Chennai,TANGEDCO,206.96
10045,4,2,4,0,1,1,1,0,1,0,1,1,0,1764,0,0,Jul,0,Moderate,Mumbai,MSEDCL,513.92
10046,6,1,4,1,1,1,0,0,1,1,1,0,0,1682,1,0,May,16,Moderate,Bangalore,BESCOM,431.53
10047,6,4,5,1,1,1,1,0,0,1,1,0,0,2294,0,1,Jan,0,Moderate,Mumbai,MSEDCL,716.42
10048,5,3,3,1,1,0,1,0,1,0,0,0,0,1333,0,0,Jun,19,Hot,Delhi,BSES Yamuna,293.51
10049,5,3,2,0,0,1,0,0,0,1,0,0,0,1010,0,0,May,14,Hot,Delhi,BSES Yamuna,185.95
10050,5,0,3,1,0,1,1,0,1,1,1,0,0,1512,0,0,Jan,0,Hot,Kolkata,CESC,733.97
10051,1,0,1,0,0,1,0,0,1,0,0,0,0,491,0,0,Feb,0,Hot,Chennai,TANGEDCO,227.73
10052,4,0,3,0,1,1,1,0,1,1,1,0,0,1536,0,0,Jul,0,Moderate,Bangalore,BESCOM,510.05
10053,2,1,3,1,0,1,0,0,1,1,0,0,0,1326,0,0,May,18,Hot,Chennai,TANGEDCO,215.33
10054,2,1,1,1,1,1,0,0,0,0,0,0,0,590,0,0,May,15,Hot,Chennai,TANGEDCO,298.03
10055,2,1,2,0,0,0,1,0,1,0,0,1,0,958,0,0,Oct,17,Hot,Delhi,BSES Yamuna,133.04
10056,6,5,4,1,1,1,1,0,0,1,1,0,0,1930,0,1,Oct,23,Hot,Chennai,TANGEDCO,218.94
10057,5,0,4,1,0,1,1,0,0,1,0,1,0,1934,0,0,May,20,Hot,Kolkata,CESC,232.02
10058,2,0,1,0,0,0,0,0,1,0,0,0,1,409,0,0,May,23,Hot,Kolkata,CESC,96.0
10059,3,1,1,1,0,0,0,0,0,0,0,0,0,506,0,0,Jun,8,Hot,Kolkata,CESC,296.2
10060,3,2,2,0,0,0,0,1,0,1,0,1,0,886,0,0,Sep,7,Moderate,Mumbai,MSEDCL,203.32
10061,5,3,4,1,1,1,0,0,1,1,1,0,0,1666,0,0,Jan,3,Moderate,Mumbai,MSEDCL,583.47
10062,4,0,1,0,0,0,0,0,0,0,1,0,0,461,0,0,Jun,15,Moderate,Mumbai,MSEDCL,69.14
10063,2,1,3,1,0,0,1,0,0,1,0,0,0,1586,0,0,Aug,0,Hot,Chennai,TANGEDCO,570.66
10064,4,2,1,0,0,0,0,0,0,0,0,1,0,545,0,0,Oct,17,Moderate,Mumbai,MSEDCL,60.0
10065,2,0,3,1,1,1,0,0,0,1,1,1,0,1352,0,0,Apr,0,Moderate,Mumbai,MSEDCL,550.2
10066,5,2,2,0,1,0,0,0,1,0,1,0,0,906,0,0,Apr,0,Cold,Delhi,BSES Yamuna,378.63
10067,6,5,3,0,0,1,0,1,0,1,1,0,0,1347,1,0,Apr,6,Hot,Kolkata,CESC,648.09
10068,1,0,2,1,0,0,1,1,0,1,0,0,0,985,0,0,Nov,0,Hot,Chennai,TANGEDCO,567.74
10069,5,0,3,1,1,1,0,1,1,0,1,0,0,1548,0,1,Mar,3,Hot,Kolkata,CESC,818.57
10070,2,0,2,0,0,1,0,1,0,0,1,0,0,1141,0,0,Sep,0,Hot,Chennai,TANGEDCO,337.86
10071,5,2,3,0,0,0,0,0,0,0,0,0,0,1377,0,0,Dec,12,Moderate,Bangalore,BESCOM,115.47
10072,4,0,4,1,0,1,1,0,1,0,1,0,0,1976,0,1,Nov,0,Hot,Kolkata,CESC,726.11
10073,4,3,1,0,0,0,0,0,1,0,1,0,0,734,0,0,May,12,Hot,Kolkata,CESC,166.5
10074,5,0,4,1,0,1,1,1,0,1,1,0,0,1865,0,0,Oct,5,Hot,Chennai,TANGEDCO,624.17
10075,4,0,3,1,0,1,1,0,0,0,0,0,0,1348,0,0,Jul,0,Moderate,Bangalore,BESCOM,456.29
10076,1,0,1,0,0,1,0,0,0,0,0,0,0,646,0,0,Oct,20,Moderate,Bangalore,BESCOM,60.0
10077,5,2,2,0,0,1,1,1,0,1,1,0,0,1053,0,0,Apr,0,Moderate,Bangalore,BESCOM,366.82
10078,1,0,2,1,0,0,0,0,0,0,1,0,0,828,0,1,Sep,0,Hot,Kolkata,CESC,458.42
10079,3,0,3,1,0,0,1,0,0,1,0,0,0,1551,0,0,Jun,12,Moderate,Mumbai,MSEDCL,236.73
10080,4,3,3,1,1,1,1,0,1,1,1,0,0,1465,0,0,Jun,12,Hot,Kolkata,CESC,545.34
10081,4,1,1,0,0,1,0,0,0,0,0,0,0,412,0,0,Aug,3,Hot,Chennai,TANGEDCO,178.23
10082,2,1,3,0,1,1,1,0,1,0,0,0,0,1246,0,0,May,21,Moderate,Bangalore,BESCOM,132.28
10083,6,1,4,1,1,1,1,0,0,1,1,1,0,1750,0,0,Feb,0,Moderate,Mumbai,MSEDCL,687.59
10084,6,2,5,1,1,1,0,0,1,0,0,0,0,2049,0,0,Jun,7,Hot,Kolkata,CESC,588.78
10085,4,2,3,0,0,0,1,0,1,1,0,0,0,1414,0,0,May,14,Moderate,Mumbai,MSEDCL,151.98
10086,6,4,5,1,1,1,1,0,0,1,1,0,0,2131,0,0,May,20,Moderate,Mumbai,MSEDCL,226.96
10087,4,0,3,0,1,1,1,0,1,1,1,0,0,1571,0,0,Dec,23,Moderate,Bangalore,BESCOM,117.29
10088,4,3,2,0,1,1,1,1,0,0,1,0,0,912,0,0,Apr,4,Moderate,Bangalore,BESCOM,374.07
10089,3,2,4,1,1,0,1,0,1,1,0,0,0,1851,0,0,Apr,0,Hot,Chennai,TANGEDCO,813.72
10090,3,2,2,1,0,0,1,1,0,0,0,1,0,1140,0,0,May,11,Hot,Delhi,BSES Yamuna,345.13
10091,5,0,2,0,0,0,0,0,0,0,0,0,0,852,0,0,May,24,Hot,Kolkata,CESC,60.0
10092,1,0,2,0,0,1,0,0,0,0,0,0,0,929,0,0,Oct,12,Moderate,Bangalore,BESCOM,64.12
10093,7,2,4,1,1,1,1,1,1,1,1,0,0,1923,0,1,Apr,0,Moderate,Bangalore,BESCOM,846.81
10094,6,2,4,1,0,1,1,0,1,1,1,0,0,1792,0,0,Jun,12,Hot,Delhi,BSES Yamuna,443.8
10095,3,0,2,1,1,1,0,0,0,0,0,0,0,878,0,0,May,17,Moderate,Bangalore,BESCOM,228.04
10096,1,0,2,0,0,0,0,0,0,1,0,1,0,856,0,0,Sep,0,Hot,Delhi,BSES Yamuna,210.57
10097,3,0,2,1,0,1,0,0,1,0,0,0,0,896,0,0,Jun,8,Hot,Delhi,BSES Yamuna,370.59
10098,4,2,3,0,0,1,1,0,0,1,1,0,0,1397,0,0,Sep,0,Hot,Delhi,BSES Yamuna,437.03
10099,1,0,2,0,0,0,0,0,0,1,0,0,0,934,0,0,Oct,16,Hot,Kolkata,CESC,99.49
10100,4,2,3,1,0,0,0,0,0,1,1,1,0,1346,0,0,Nov,0,Hot,Kolkata,CESC,590.93
10101,3,2,2,1,0,0,0,0,1,1,0,0,0,971,0,0,Dec,10,Hot,Kolkata,CESC,358.52
10102,2,0,2,1,0,0,0,0,0,1,0,0,0,862,0,0,Jun,15,Moderate,Bangalore,BESCOM,175.95
10103,2,1,1,0,1,0,0,0,0,1,0,0,0,464,0,0,Jun,15,Moderate,Mumbai,MSEDCL,142.12
10104,1,0,2,1,0,1,0,0,0,0,1,0,0,1094,0,0,Mar,4,Hot,Delhi,BSES Yamuna,396.51
10105,4,2,5,1,0,1,1,0,1,0,1,0,0,2210,0,1,Mar,0,Hot,Chennai,TANGEDCO,780.3
10106,3,2,2,0,1,0,0,0,0,0,0,0,0,908,0,0,May,18,Moderate,Mumbai,MSEDCL,86.52
10107,5,2,2,0,0,1,1,0,1,1,0,0,0,1081,0,0,Jul,0,Hot,Delhi,BSES Yamuna,444.93
10108,1,0,2,0,0,1,0,0,0,0,0,0,0,971,0,0,Apr,0,Moderate,Bangalore,BESCOM,162.88
10109,3,1,2,0,0,0,1,0,0,0,0,0,0,811,0,0,May,20,Moderate,Mumbai,MSEDCL,60.0
10110,1,0,1,0,0,0,1,0,0,0,0,0,0,732,0,0,Aug,5,Hot,Kolkata,CESC,151.59
10111,2,1,2,0,0,1,1,0,0,0,0,1,0,1019,0,0,Apr,0,Moderate,Mumbai,MSEDCL,195.89
10112,2,1,3,0,0,1,1,0,0,0,0,0,0,1597,0,0,Jun,9,Hot,Kolkata,CESC,207.77
10113,4,0,3,1,1,0,1,0,1,1,0,0,0,1541,0,0,Jun,6,Hot,Chennai,TANGEDCO,645.96
10114,2,0,2,0,0,1,1,0,0,0,1,0,0,1085,0,0,Nov,2,Hot,Chennai,TANGEDCO,268.0
10115,4,2,2,1,1,1,1,0,0,0,0,0,0,971,0,0,May,13,Moderate,Bangalore,BESCOM,301.78
10116,5,0,5,1,0,1,1,0,0,1,1,1,0,2235,0,0,Apr,0,Hot,Chennai,TANGEDCO,734.38
10117,3,0,2,1,0,0,0,0,0,1,0,1,0,965,0,0,Apr,4,Hot,Chennai,TANGEDCO,438.08
10118,5,4,2,1,1,0,1,0,0,0,0,0,0,986,0,0,May,19,Hot,Kolkata,CESC,253.45
10119,4,2,2,1,0,0,1,0,0,0,1,0,0,969,0,0,May,16,Hot,Chennai,TANGEDCO,256.05
10120,4,3,2,0,0,1,1,0,0,1,1,0,1,851,0,0,Sep,0,Cold,Delhi,BSES Yamuna,485.26
10121,5,1,3,1,1,0,1,0,0,0,1,0,0,1518,0,0,Jun,21,Hot,Chennai,TANGEDCO,209.39
10122,1,0,2,1,0,0,0,0,0,0,1,0,0,988,0,0,Jul,0,Hot,Chennai,TANGEDCO,396.83
10123,4,3,3,0,1,1,1,0,0,1,1,0,0,1319,0,0,Jun,16,Moderate,Mumbai,MSEDCL,206.66
10124,4,3,1,1,0,0,0,0,0,0,0,0,0,504,0,0,May,14,Hot,Kolkata,CESC,195.71
10125,4,3,2,0,1,1,1,0,0,1,0,0,0,961,0,0,Nov,0,Moderate,Mumbai,MSEDCL,413.11
10126,3,0,3,1,1,1,1,0,1,0,0,0,0,1494,0,0,Oct,11,Hot,Delhi,BSES Yamuna,491.52
10127,5,4,2,0,0,1,0,0,0,1,0,1,0,840,0,0,Apr,7,Hot,Chennai,TANGEDCO,233.54
10128,4,2,3,1,0,1,1,0,1,1,0,1,0,1576,0,0,May,13,Hot,Chennai,TANGEDCO,400.08
10129,2,0,2,0,0,0,1,0,0,0,1,0,0,1163,0,0,May,10,Hot,Kolkata,CESC,187.39
10130,2,1,3,1,0,1,0,1,1,0,1,1,1,1364,0,0,Aug,7,Hot,Delhi,BSES Yamuna,676.46
10131,4,2,1,0,1,0,0,0,0,0,1,0,1,720,0,0,May,19,Cold,Delhi,BSES Yamuna,181.44
10132,4,0,4,0,0,1,0,0,1,1,1,0,0,1973,0,0,Jun,14,Moderate,Mumbai,MSEDCL,171.12
10133,3,1,2,0,0,0,1,1,0,0,1,1,0,1134,0,0,May,5,Hot,Kolkata,CESC,344.77
10134,4,0,4,0,1,1,1,0,0,1,1,0,0,1759,0,0,Apr,0,Moderate,Mumbai,MSEDCL,455.87
10135,1,0,2,0,0,1,0,0,1,0,0,0,0,1063,0,0,Jan,5,Hot,Chennai,TANGEDCO,234.35
10136,6,4,3,0,1,1,1,0,0,1,0,0,0,1552,0,0,Dec,14,Moderate,Mumbai,MSEDCL,248.26
10137,4,1,2,0,0,0,1,0,0,0,0,0,0,817,0,0,Apr,5,Cold,Delhi,BSES Yamuna,185.29
10138,5,0,4,1,1,1,1,1,0,0,0,0,0,1772,0,0,Oct,6,Moderate,Bangalore,BESCOM,518.44
10139,3,1,1,1,0,0,0,0,0,0,0,0,0,751,0,0,Oct,8,Moderate,Mumbai,MSEDCL,235.56
10140,4,2,2,0,1,0,0,0,0,1,1,0,0,832,0,0,Apr,6,Hot,Chennai,TANGEDCO,369.4
10141,4,1,2,1,1,1,1,0,1,0,1,1,0,1060,0,0,May,12,Hot,Chennai,TANGEDCO,485.2
10142,2,1,1,1,0,0,1,0,0,1,1,0,0,609,0,0,Oct,18,Moderate,Mumbai,MSEDCL,175.04
10143,4,1,2,0,1,1,1,0,1,0,0,0,1,1182,0,0,Jul,0,Cold,Delhi,BSES Yamuna,619.59
10144,5,2,5,1,1,1,1,0,1,1,1,0,0,2329,0,0,May,9,Moderate,Mumbai,MSEDCL,517.18
10145,5,2,5,1,1,1,1,1,0,1,0,1,0,2381,0,0,Nov,0,Moderate,Mumbai,MSEDCL,757.61
10146,5,4,2,1,0,0,1,0,0,0,0,0,0,963,0,0,May,9,Hot,Kolkata,CESC,353.95
10147,4,0,5,0,1,1,0,0,0,1,0,0,0,2004,0,0,Apr,2,Moderate,Bangalore,BESCOM,392.9
10148,4,3,3,1,0,1,0,0,0,0,0,0,0,1233,0,0,Mar,2,Hot,Delhi,BSES Yamuna,472.5
10149,2,1,2,1,0,0,1,0,1,0,0,0,0,1079,0,0,Aug,0,Hot,Kolkata,CESC,540.7
10150,5,0,3,0,0,0,0,0,0,0,0,0,0,1344,0,0,Jan,6,Moderate,Mumbai,MSEDCL,172.33
10151,2,0,3,1,1,1,1,0,0,1,1,0,0,1550,0,0,Oct,10,Hot,Chennai,TANGEDCO,525.07
10152,8,1,6,0,1,1,1,1,0,1,1,1,0,2470,0,0,May,10,Moderate,Mumbai,MSEDCL,433.35
10153,3,2,2,1,0,0,0,0,0,0,0,0,0,1147,0,0,May,14,Hot,Kolkata,CESC,252.84
10154,4,0,3,1,0,0,1,0,0,0,0,0,1,1429,0,0,Oct,7,Hot,Delhi,BSES Yamuna,561.24
10155,3,1,1,0,0,0,0,0,0,1,0,0,0,524,0,0,Oct,9,Hot,Chennai,TANGEDCO,91.06
10156,3,2,1,0,0,0,0,1,1,1,0,0,0,677,0,0,May,22,Moderate,Mumbai,MSEDCL,66.17
10157,3,0,1,0,0,0,0,0,0,0,0,1,0,670,0,0,Jun,19,Moderate,Bangalore,BESCOM,68.55
10158,5,2,6,1,1,1,0,0,0,1,1,1,0,2756,1,0,Jul,5,Moderate,Bangalore,BESCOM,766.65
10159,5,1,4,0,0,1,0,0,0,1,0,0,0,1614,0,0,Jul,0,Moderate,Mumbai,MSEDCL,260.08
10160,2,0,3,1,1,0,1,0,1,0,1,0,0,1441,0,0,Jun,7,Moderate,Bangalore,BESCOM,425.96
10161,3,2,3,0,1,1,1,0,1,0,1,0,0,1352,0,0,Oct,11,Moderate,Mumbai,MSEDCL,283.83
10162,1,0,2,0,0,0,1,0,1,0,0,0,0,852,0,0,Oct,22,Moderate,Bangalore,BESCOM,60.0
10163,4,1,2,1,0,0,1,1,0,0,0,0,0,948,0,0,Oct,20,Moderate,Bangalore,BESCOM,152.75
10164,5,4,2,1,1,0,1,0,0,0,1,0,0,1157,0,0,May,24,Hot,Delhi,BSES Yamuna,139.42
10165,5,4,2,1,0,1,0,0,0,1,1,0,0,1018,0,0,May,6,Hot,Kolkata,CESC,483.67
10166,5,2,3,1,0,1,0,0,1,1,0,0,0,1312,0,0,Mar,0,Hot,Chennai,TANGEDCO,647.85
10167,2,0,3,0,0,1,0,0,0,1,0,0,0,1487,0,0,Oct,18,Moderate,Mumbai,MSEDCL,93.34
10168,1,0,1,0,0,1,1,0,0,0,0,1,0,676,0,0,Feb,8,Hot,Kolkata,CESC,176.24
10169,4,2,1,1,1,0,0,0,0,0,0,0,0,482,0,0,Mar,8,Hot,Kolkata,CESC,412.84
10170,3,2,1,0,0,0,1,0,1,0,1,1,1,617,0,0,Nov,0,Cold,Delhi,BSES Yamuna,443.11
10171,3,0,2,1,0,1,1,0,1,0,1,0,0,1025,0,0,Mar,3,Moderate,Bangalore,BESCOM,420.55
10172,6,1,5,1,0,1,0,1,0,1,0,0,0,2269,0,0,Mar,0,Hot,Kolkata,CESC,749.68
10173,3,1,3,1,1,1,1,0,0,0,1,0,1,1214,0,0,Nov,6,Hot,Delhi,BSES Yamuna,717.81
10174,3,1,4,1,0,1,1,0,1,1,1,0,0,1889,0,0,May,21,Moderate,Mumbai,MSEDCL,145.67
10175,1,0,2,0,0,1,1,0,0,0,1,0,0,1138,0,1,Oct,14,Moderate,Bangalore,BESCOM,130.16
10176,4,2,2,0,0,0,0,0,0,1,0,0,0,1064,0,0,May,22,Hot,Kolkata,CESC,69.44
10177,4,2,1,0,0,0,1,0,0,1,0,0,0,598,0,0,May,21,Moderate,Bangalore,BESCOM,60.0
10178,5,3,4,0,1,1,1,0,1,1,0,1,0,1757,0,1,Mar,0,Moderate,Mumbai,MSEDCL,542.58
10179,2,1,3,1,0,0,0,0,0,0,1,0,0,1532,0,0,Nov,8,Hot,Chennai,TANGEDCO,335.72
10180,1,0,2,1,0,1,0,0,0,0,1,1,1,1196,0,0,Sep,0,Hot,Kolkata,CESC,706.25
10181,6,3,3,1,1,1,1,0,0,0,1,0,0,1406,0,0,Apr,0,Moderate,Mumbai,MSEDCL,629.84
10182,2,1,2,0,0,1,0,0,0,0,0,0,0,973,0,0,Aug,0,Hot,Kolkata,CESC,181.75
10183,3,0,3,0,0,0,0,0,1,0,1,0,0,1383,0,0,Mar,0,Hot,Chennai,TANGEDCO,320.41
10184,6,1,5,1,1,1,1,0,0,1,0,1,0,2264,0,0,Jun,15,Hot,Chennai,TANGEDCO,404.29
10185,2,0,3,1,1,0,1,0,0,0,0,0,0,1445,0,0,May,22,Moderate,Mumbai,MSEDCL,150.16
10186,6,2,3,0,1,1,1,0,0,0,0,0,0,1235,0,0,Oct,22,Moderate,Bangalore,BESCOM,108.28
10187,3,1,1,0,0,1,0,0,0,0,0,0,0,772,0,0,Jun,18,Hot,Chennai,TANGEDCO,80.84
10188,1,0,1,0,0,0,0,0,0,0,0,0,0,658,0,0,Nov,0,Hot,Delhi,BSES Yamuna,106.2
10189,4,3,2,1,1,1,0,0,0,1,1,0,0,818,0,0,Jun,11,Hot,Delhi,BSES Yamuna,458.93
10190,3,1,1,0,0,1,0,0,0,0,0,0,0,422,0,0,Jun,9,Moderate,Mumbai,MSEDCL,78.62
10191,4,2,3,0,0,1,0,0,1,1,0,1,0,1303,0,1,Jul,0,Hot,Kolkata,CESC,470.17
10192,3,0,3,1,0,0,0,0,1,1,1,1,0,1440,0,0,Sep,9,Hot,Chennai,TANGEDCO,442.96
10193,1,0,1,1,0,0,0,0,0,1,0,0,0,790,0,0,Jan,0,Hot,Chennai,TANGEDCO,428.55
10194,5,1,4,1,1,1,1,0,1,1,0,0,0,1960,0,1,Jun,24,Moderate,Bangalore,BESCOM,136.76
10195,2,1,2,1,1,1,1,1,0,0,0,1,0,1003,0,0,Sep,0,Moderate,Mumbai,MSEDCL,598.15
10196,1,0,2,1,0,0,1,0,0,0,0,0,0,1052,0,0,May,14,Moderate,Mumbai,MSEDCL,154.06
10197,5,0,2,0,1,0,0,0,1,0,0,0,0,941,0,0,Jan,3,Moderate,Bangalore,BESCOM,305.92
10198,3,1,2,1,0,0,1,0,0,1,0,0,0,1101,0,0,Jan,3,Hot,Chennai,TANGEDCO,462.32
10199,1,0,2,0,0,0,0,0,0,0,1,0,0,942,0,0,Sep,4,Hot,Chennai,TANGEDCO,162.04
10200,2,1,2,0,0,1,0,0,1,0,0,0,1,1070,0,0,Apr,0,Moderate,Bangalore,BESCOM,349.86
10201,2,1,2,1,0,1,0,0,0,0,1,1,0,1106,0,0,Apr,0,Moderate,Bangalore,BESCOM,392.04
10202,5,2,6,1,0,1,1,0,1,1,1,1,1,2509,0,1,May,6,Hot,Kolkata,CESC,845.46
10203,3,0,1,0,0,0,0,0,0,1,0,0,0,407,0,0,Mar,4,Hot,Kolkata,CESC,182.55
10204,3,1,1,0,0,0,0,0,0,0,0,0,0,468,0,0,Feb,0,Hot,Chennai,TANGEDCO,158.87
10205,2,1,1,0,0,0,0,0,0,0,0,0,0,589,0,0,Oct,19,Moderate,Bangalore,BESCOM,60.0
10206,2,1,3,1,0,0,0,0,0,1,0,0,0,1378,0,0,May,24,Hot,Kolkata,CESC,97.99
10207,2,0,1,0,0,0,0,0,0,0,0,0,0,462,0,0,Jun,8,Hot,Kolkata,CESC,83.18
10208,4,1,4,0,0,1,1,0,1,1,1,0,1,1667,0,0,Oct,6,Moderate,Bangalore,BESCOM,461.41
10209,3,2,3,1,0,1,1,0,1,0,0,1,0,1405,0,0,Dec,10,Hot,Kolkata,CESC,431.21
10210,6,3,3,1,1,1,1,0,1,0,1,1,0,1599,0,0,Jul,0,Hot,Kolkata,CESC,896.07
10211,6,3,3,1,1,1,0,0,1,1,1,0,0,1205,0,0,Dec,24,Hot,Delhi,BSES Yamuna,131.94
10212,3,1,2,0,0,1,0,0,0,0,0,0,0,918,0,0,May,13,Moderate,Bangalore,BESCOM,105.4
10213,2,0,2,0,1,0,1,0,1,0,0,1,0,1112,0,0,Sep,6,Moderate,Bangalore,BESCOM,268.94
10214,1,0,2,1,1,0,1,0,1,0,1,0,0,830,0,0,Nov,7,Moderate,Mumbai,MSEDCL,397.54
10215,5,4,3,0,0,1,0,1,1,1,0,0,0,1205,0,0,Feb,8,Moderate,Bangalore,BESCOM,260.94
10216,1,0,2,1,0,0,0,1,0,0,0,0,0,1006,0,0,May,24,Moderate,Mumbai,MSEDCL,98.84
10217,1,0,1,0,0,0,1,0,0,1,0,0,0,556,0,0,Aug,0,Moderate,Mumbai,MSEDCL,182.04
10218,4,0,5,1,0,1,1,1,0,1,1,1,0,2066,0,0,May,7,Moderate,Bangalore,BESCOM,453.41
10219,4,1,1,0,0,0,0,0,0,1,1,0,0,786,0,0,Jan,6,Moderate,Bangalore,BESCOM,153.16
10220,4,1,4,1,0,1,1,0,0,1,0,0,0,1929,0,1,Oct,9,Hot,Chennai,TANGEDCO,489.03
10221,4,3,3,0,0,0,1,0,1,1,0,0,0,1569,0,0,Apr,3,Moderate,Bangalore,BESCOM,305.17
10222,4,3,2,1,1,1,1,0,0,0,1,1,0,1152,0,0,May,19,Hot,Delhi,BSES Yamuna,278.71
10223,3,2,1,0,0,1,0,1,0,1,0,0,1,735,0,0,Nov,9,Hot,Kolkata,CESC,371.02
10224,4,3,1,0,0,0,0,0,0,0,1,1,0,778,0,0,Apr,0,Moderate,Mumbai,MSEDCL,194.36
10225,5,3,3,1,0,1,0,0,1,1,1,0,0,1593,0,0,Oct,18,Moderate,Mumbai,MSEDCL,230.41
10226,3,0,3,0,1,1,1,0,0,1,0,1,0,1488,0,0,May,22,Moderate,Mumbai,MSEDCL,120.7
10227,3,1,3,0,0,0,0,0,0,1,1,0,0,1339,0,0,Nov,8,Hot,Chennai,TANGEDCO,216.4
10228,8,2,5,0,1,1,1,0,1,1,1,1,0,2299,0,1,Oct,22,Moderate,Mumbai,MSEDCL,161.41
10229,6,4,3,1,1,0,0,0,0,0,0,0,0,1212,0,0,May,8,Hot,Chennai,TANGEDCO,490.04
10230,4,3,2,1,1,1,0,0,0,0,0,0,0,951,0,0,Nov,6,Moderate,Bangalore,BESCOM,400.09
10231,5,4,2,1,1,1,1,0,0,0,1,0,0,1112,0,0,Jun,21,Moderate,Bangalore,BESCOM,192.84
10232,4,2,4,1,1,1,1,0,0,1,1,0,0,1951,0,1,May,7,Hot,Delhi,BSES Yamuna,689.12
10233,5,1,2,1,0,0,0,0,0,0,0,0,0,1199,0,0,Jun,11,Hot,Delhi,BSES Yamuna,307.0
10234,4,0,1,0,0,0,0,0,0,1,0,0,0,508,0,0,Feb,8,Hot,Delhi,BSES Yamuna,170.63
10235,4,2,3,1,1,1,1,1,0,0,1,0,0,1575,0,0,Oct,10,Hot,Kolkata,CESC,550.99
10236,1,0,2,0,0,1,1,0,0,1,0,1,0,1155,0,0,May,7,Moderate,Bangalore,BESCOM,203.52
10237,8,3,5,0,1,1,0,1,0,0,1,1,0,2148,0,0,May,17,Moderate,Mumbai,MSEDCL,223.19
10238,3,0,3,1,0,0,1,0,1,1,1,1,0,1566,0,0,Aug,0,Hot,Kolkata,CESC,669.68
10239,3,1,1,0,0,0,0,0,0,0,0,0,0,603,0,0,May,17,Moderate,Bangalore,BESCOM,82.82
10240,5,2,5,1,1,0,1,0,0,1,1,0,0,2306,0,1,Jun,16,Hot,Kolkata,CESC,398.71
10241,5,1,2,0,0,0,1,0,0,0,0,0,0,820,0,0,May,11,Hot,Chennai,TANGEDCO,161.57
10242,4,3,2,1,0,1,1,0,0,0,0,0,0,859,0,0,Jun,22,Hot,Chennai,TANGEDCO,143.75
10243,1,0,2,0,0,0,0,1,0,0,1,0,0,820,0,0,Apr,0,Hot,Chennai,TANGEDCO,251.25
10244,1,0,1,0,0,0,0,0,1,0,0,0,0,762,0,0,Oct,18,Moderate,Mumbai,MSEDCL,64.09
10245,3,1,2,0,0,1,1,0,0,0,0,0,0,1181,0,0,Jun,16,Hot,Kolkata,CESC,132.84
10246,2,1,1,0,1,0,0,0,1,0,0,0,0,644,0,0,Apr,0,Hot,Chennai,TANGEDCO,374.53
10247,1,0,2,0,1,1,1,0,0,1,1,0,0,1189,0,0,Feb,0,Cold,Delhi,BSES Yamuna,440.05
10248,4,3,2,0,0,1,0,0,0,0,0,0,0,872,0,0,Jun,9,Hot,Chennai,TANGEDCO,153.91
10249,3,0,3,1,0,0,0,0,1,1,1,1,1,1275,0,0,May,7,Hot,Chennai,TANGEDCO,603.62
10250,6,5,4,1,0,1,0,0,0,0,0,0,0,1785,0,0,Nov,8,Hot,Chennai,TANGEDCO,386.3
10251,3,0,2,0,0,0,0,0,0,1,1,0,0,877,0,0,Apr,5,Moderate,Mumbai,MSEDCL,163.46
10252,3,2,2,0,0,0,1,0,1,0,1,0,0,1189,0,0,Oct,13,Moderate,Mumbai,MSEDCL,156.85
10253,1,0,2,0,0,1,0,0,0,0,0,0,0,864,0,0,Sep,4,Hot,Chennai,TANGEDCO,160.97
10254,4,2,2,0,1,1,1,0,1,1,1,1,0,1141,0,0,May,23,Moderate,Mumbai,MSEDCL,107.52
10255,3,0,3,1,0,0,1,1,1,1,1,0,0,1489,0,0,Oct,17,Hot,Kolkata,CESC,341.24
10256,5,0,3,0,0,1,0,0,0,0,1,1,1,1255,0,0,Oct,22,Cold,Delhi,BSES Yamuna,133.33
10257,2,0,2,1,0,0,1,0,0,0,1,0,0,1130,0,0,Aug,7,Hot,Chennai,TANGEDCO,388.03
10258,2,1,2,0,0,1,0,0,0,0,0,1,0,1058,0,0,Mar,0,Moderate,Bangalore,BESCOM,178.28
10259,4,2,1,0,0,0,0,0,0,0,0,0,0,589,0,0,Apr,0,Cold,Delhi,BSES Yamuna,135.97
10260,6,3,3,1,0,1,0,0,0,1,1,0,0,1205,0,0,Jun,16,Hot,Kolkata,CESC,276.15
10261,4,3,1,0,0,1,0,0,0,0,0,0,0,405,0,0,Apr,9,Moderate,Bangalore,BESCOM,100.08
10262,8,2,6,1,1,1,1,0,1,1,1,0,0,2590,0,1,Jun,5,Hot,Chennai,TANGEDCO,891.57
10263,3,1,3,1,0,0,1,0,1,1,0,1,0,1347,0,0,Jun,7,Hot,Kolkata,CESC,500.49
10264,3,0,2,0,1,1,0,0,1,0,1,1,1,1057,0,0,Jun,11,Cold,Delhi,BSES Yamuna,354.7
10265,4,2,3,1,0,0,1,0,0,1,0,0,0,1417,0,0,Jun,8,Hot,Chennai,TANGEDCO,431.68
10266,3,1,4,0,1,1,0,0,1,1,1,0,0,1689,0,0,May,10,Moderate,Bangalore,BESCOM,301.33
10267,4,3,3,1,1,1,1,0,0,0,0,1,0,1511,0,0,Apr,3,Moderate,Bangalore,BESCOM,528.22
10268,5,0,2,1,0,1,0,0,0,1,1,0,0,1151,0,0,Jun,15,Moderate,Bangalore,BESCOM,227.89
10269,2,0,2,0,1,0,1,0,0,0,0,0,0,809,0,0,May,18,Moderate,Mumbai,MSEDCL,106.76
10270,6,4,4,0,1,1,1,1,1,1,1,1,0,1686,0,0,May,22,Moderate,Mumbai,MSEDCL,184.64
10271,5,1,3,0,0,1,0,0,0,0,0,0,1,1449,0,0,Feb,7,Hot,Chennai,TANGEDCO,359.01
10272,6,2,3,1,0,1,1,0,0,0,1,0,0,1525,0,0,Apr,0,Hot,Chennai,TANGEDCO,614.15
10273,5,4,4,1,1,1,1,0,0,1,0,1,1,1750,0,0,Jun,21,Hot,Chennai,TANGEDCO,298.64
10274,4,0,4,0,0,1,1,0,0,1,1,1,0,1712,0,0,Jun,24,Hot,Chennai,TANGEDCO,109.45
10275,5,0,4,1,1,1,0,1,0,1,1,1,0,1629,0,0,Mar,0,Hot,Delhi,BSES Yamuna,888.06
10276,3,1,1,0,1,0,0,0,0,0,1,0,0,527,0,1,Jun,15,Hot,Delhi,BSES Yamuna,178.84
10277,2,0,3,0,0,1,0,0,1,1,1,0,0,1277,0,0,May,22,Moderate,Bangalore,BESCOM,85.87
10278,4,3,3,0,0,1,0,0,1,1,0,1,0,1254,0,0,Jul,6,Moderate,Bangalore,BESCOM,252.51
10279,2,0,3,1,1,1,1,0,0,1,1,1,0,1504,0,0,Oct,21,Moderate,Bangalore,BESCOM,186.08
10280,5,0,3,1,1,1,1,1,0,0,1,0,0,1233,0,0,May,13,Moderate,Bangalore,BESCOM,349.82
10281,2,1,2,0,0,1,0,0,0,0,0,0,0,904,0,0,May,15,Hot,Chennai,TANGEDCO,111.3
10282,2,1,3,1,0,1,1,0,1,0,1,1,0,1371,0,0,Jul,7,Moderate,Mumbai,MSEDCL,370.69
10283,4,3,3,1,1,1,0,0,0,1,0,0,0,1221,0,0,Nov,8,Moderate,Mumbai,MSEDCL,416.43
10284,4,2,1,0,0,0,0,1,0,0,0,0,0,686,0,1,May,15,Hot,Kolkata,CESC,131.47
10285,3,2,2,0,0,1,0,0,1,1,0,0,0,1190,0,0,Apr,0,Hot,Delhi,BSES Yamuna,361.37
10286,4,3,2,0,0,1,0,0,1,0,0,0,0,904,0,0,Nov,6,Hot,Kolkata,CESC,226.35
10287,5,2,2,0,1,0,0,0,0,0,0,0,0,948,0,0,May,12,Hot,Delhi,BSES Yamuna,207.26
10288,3,0,1,0,0,1,1,0,0,1,0,0,1,671,0,0,May,5,Hot,Delhi,BSES Yamuna,433.08
10289,5,3,2,1,0,0,0,0,1,0,1,0,0,1075,0,0,Jun,8,Moderate,Mumbai,MSEDCL,304.37
10290,4,2,3,1,0,1,1,0,0,0,0,0,0,1498,0,0,May,8,Hot,Delhi,BSES Yamuna,412.89
10291,6,4,3,1,0,1,0,1,0,0,0,0,0,1371,0,0,Sep,9,Hot,Kolkata,CESC,419.25
10292,3,0,3,1,0,0,1,1,0,0,1,0,0,1246,0,0,Jun,20,Hot,Kolkata,CESC,224.9
10293,7,4,4,1,1,1,1,0,0,0,1,0,0,1713,0,0,Dec,18,Hot,Chennai,TANGEDCO,324.29
10294,2,1,2,1,0,0,0,0,0,0,1,0,0,1074,0,0,Apr,3,Moderate,Mumbai,MSEDCL,316.66
10295,3,0,1,1,0,1,1,0,0,0,0,0,0,703,0,0,Jun,9,Hot,Kolkata,CESC,339.83
10296,5,3,4,1,0,1,1,0,0,1,0,0,0,1806,0,1,Jun,7,Hot,Delhi,BSES Yamuna,514.11
10297,3,0,2,0,0,0,1,0,1,0,1,0,0,1194,0,0,Oct,13,Moderate,Bangalore,BESCOM,154.87
10298,7,3,5,1,0,1,1,0,1,1,1,1,0,2241,0,0,Jan,0,Moderate,Mumbai,MSEDCL,669.63
10299,7,0,4,1,1,1,1,0,1,1,1,1,0,1900,0,1,Sep,0,Moderate,Bangalore,BESCOM,787.04
10300,2,1,3,1,0,1,1,0,0,0,0,0,0,1395,0,0,Jun,11,Hot,Kolkata,CESC,328.76
10301,6,0,6,1,0,1,1,1,1,1,1,0,1,2563,0,0,Jun,18,Hot,Kolkata,CESC,443.93
10302,1,0,1,1,0,0,1,0,0,0,0,0,0,575,0,0,Oct,11,Hot,Delhi,BSES Yamuna,272.89
10303,3,0,2,0,0,0,1,0,1,0,0,0,0,1142,0,0,Jun,14,Hot,Delhi,BSES Yamuna,174.11
10304,6,4,3,1,0,0,1,0,0,0,1,0,0,1470,0,0,Aug,0,Moderate,Bangalore,BESCOM,450.21
10305,2,0,2,0,1,0,1,0,0,0,1,0,0,909,0,0,Jun,10,Moderate,Bangalore,BESCOM,199.38
10306,4,3,5,1,0,1,1,1,0,1,1,0,0,2171,0,1,Feb,0,Hot,Chennai,TANGEDCO,825.38
10307,3,0,1,0,0,0,1,1,0,1,0,0,0,751,0,0,Mar,0,Hot,Delhi,BSES Yamuna,347.69
10308,4,2,3,0,0,0,0,0,0,0,1,1,0,1401,1,0,May,16,Moderate,Mumbai,MSEDCL,217.51
10309,2,0,3,1,1,0,1,0,0,0,0,0,0,1367,0,0,Jul,0,Moderate,Bangalore,BESCOM,506.69
10310,2,0,3,1,0,0,1,0,1,0,0,0,0,1301,0,0,Jan,0,Moderate,Mumbai,MSEDCL,422.47
10311,1,0,2,0,0,0,1,0,0,0,1,0,0,885,0,0,Sep,0,Cold,Delhi,BSES Yamuna,195.4
10312,3,2,2,0,0,1,0,1,0,1,1,1,0,941,0,0,Apr,0,Hot,Kolkata,CESC,392.99
10313,5,2,4,1,0,1,1,0,1,1,1,0,0,1936,0,0,Jun,23,Hot,Kolkata,CESC,155.92
10314,4,1,2,1,1,0,0,0,0,0,0,0,0,1012,0,0,Apr,0,Hot,Chennai,TANGEDCO,604.72
10315,6,3,4,1,0,0,1,0,0,0,0,0,0,1650,0,0,Apr,7,Hot,Chennai,TANGEDCO,446.98
10316,5,4,3,1,1,0,0,0,0,1,0,0,0,1311,1,1,May,21,Moderate,Bangalore,BESCOM,223.25
10317,2,1,3,1,1,1,0,0,0,1,0,0,0,1470,0,0,Nov,7,Hot,Delhi,BSES Yamuna,536.62
10318,6,1,3,1,1,0,1,0,0,1,1,0,0,1264,0,0,Apr,7,Hot,Kolkata,CESC,592.89
10319,3,0,2,0,0,0,1,0,0,0,0,1,0,1143,0,0,Jan,0,Hot,Kolkata,CESC,271.07
10320,5,1,3,0,1,1,0,1,1,1,0,1,0,1382,0,0,Oct,12,Moderate,Mumbai,MSEDCL,300.47
10321,7,3,4,1,1,1,1,0,0,0,1,1,0,1931,0,0,May,21,Hot,Delhi,BSES Yamuna,284.16
10322,4,3,2,0,0,1,0,0,0,0,0,0,1,809,0,0,Jun,8,Moderate,Bangalore,BESCOM,249.29
10323,7,0,5,1,1,0,1,1,1,1,1,0,0,2233,0,1,Oct,6,Moderate,Bangalore,BESCOM,656.14
10324,5,2,2,0,1,1,1,0,0,1,0,0,1,1097,0,0,Sep,0,Moderate,Mumbai,MSEDCL,554.76
10325,4,2,1,0,0,0,0,0,0,0,0,0,0,643,0,0,Sep,0,Hot,Chennai,TANGEDCO,173.89
10326,1,0,2,0,0,0,1,0,0,0,0,0,0,1150,0,0,May,5,Moderate,Bangalore,BESCOM,124.63
10327,4,1,5,1,0,1,1,0,1,1,0,1,0,2266,0,1,Jul,8,Hot,Delhi,BSES Yamuna,616.93
10328,1,0,2,1,0,0,1,0,0,0,1,0,0,917,0,0,Dec,18,Moderate,Bangalore,BESCOM,129.3
10329,4,0,4,1,0,1,1,0,0,1,0,0,0,1743,0,0,Oct,8,Hot,Delhi,BSES Yamuna,451.27
10330,6,4,4,1,1,1,1,0,1,0,1,1,0,1980,0,0,Jun,24,Moderate,Mumbai,MSEDCL,136.58
10331,2,0,2,0,0,1,1,0,0,0,0,1,0,1000,0,0,Feb,0,Moderate,Mumbai,MSEDCL,251.83
10332,3,2,1,0,0,0,0,0,0,0,0,0,0,638,0,0,Dec,11,Moderate,Bangalore,BESCOM,82.26
10333,6,1,3,1,0,0,0,0,0,1,1,0,0,1533,0,0,Apr,2,Hot,Kolkata,CESC,553.86
10334,3,2,2,0,0,0,0,0,0,0,0,0,0,1045,0,0,May,17,Hot,Kolkata,CESC,68.13
10335,3,1,3,1,0,1,1,0,1,1,0,0,0,1545,1,0,Mar,0,Hot,Kolkata,CESC,1010.03
10336,1,0,2,1,0,0,1,0,0,0,1,0,0,807,0,0,Apr,0,Hot,Kolkata,CESC,480.85
10337,4,3,2,1,0,0,0,0,0,1,1,1,0,951,0,0,Sep,0,Hot,Chennai,TANGEDCO,532.75
10338,5,1,3,0,1,1,0,0,1,1,1,0,0,1591,0,0,Mar,8,Moderate,Bangalore,BESCOM,335.78
10339,1,0,2,1,1,1,1,0,0,0,0,1,0,1010,0,0,Apr,0,Hot,Delhi,BSES Yamuna,652.66
10340,4,1,2,0,0,1,1,1,0,0,0,0,1,1166,0,0,Apr,5,Hot,Kolkata,CESC,481.83
10341,5,3,2,0,0,1,1,0,0,0,1,0,0,957,0,0,May,8,Hot,Delhi,BSES Yamuna,260.75
10342,5,2,2,0,0,0,0,0,0,0,0,0,0,857,0,0,Jul,0,Hot,Delhi,BSES Yamuna,205.34
10343,6,5,3,0,0,1,0,1,0,1,1,0,0,1285,0,0,Jun,14,Hot,Kolkata,CESC,246.15
10344,5,2,4,1,0,1,1,0,1,0,1,0,0,1654,0,0,Aug,0,Hot,Delhi,BSES Yamuna,687.85
10345,1,0,2,0,1,0,0,0,1,0,0,0,0,1000,0,0,Aug,5,Moderate,Mumbai,MSEDCL,230.84
10346,6,5,3,1,0,1,1,0,1,1,1,0,0,1321,0,0,Jan,7,Moderate,Bangalore,BESCOM,443.7
10347,3,2,3,0,1,0,1,0,0,1,0,0,0,1307,0,0,Jul,6,Moderate,Bangalore,BESCOM,301.07
10348,5,0,2,1,0,1,0,0,0,1,1,1,0,1103,0,0,Jul,0,Hot,Kolkata,CESC,620.99
10349,3,1,2,1,0,0,1,0,0,0,1,0,1,931,1,0,Feb,0,Moderate,Mumbai,MSEDCL,794.18
10350,5,4,5,1,1,1,1,1,1,1,1,1,0,2391,1,0,May,17,Moderate,Bangalore,BESCOM,507.07
10351,2,0,3,0,1,0,0,0,1,1,1,0,1,1584,0,0,Feb,0,Cold,Delhi,BSES Yamuna,602.49
10352,2,1,3,1,0,1,0,0,0,0,1,1,0,1397,0,1,Apr,0,Hot,Chennai,TANGEDCO,586.55
10353,6,1,3,0,1,1,1,0,0,1,1,0,0,1246,0,0,May,22,Moderate,Bangalore,BESCOM,127.75
10354,2,0,1,0,0,1,1,0,0,0,0,1,0,627,0,0,Jan,0,Hot,Kolkata,CESC,259.37
10355,3,1,3,0,1,1,1,0,1,0,0,0,0,1444,0,0,Feb,0,Hot,Kolkata,CESC,554.5
10356,6,3,3,0,1,1,0,0,1,1,1,1,0,1402,0,0,Feb,6,Moderate,Bangalore,BESCOM,413.09
10357,6,3,3,1,0,1,1,0,0,0,1,0,0,1460,0,0,Mar,3,Hot,Kolkata,CESC,581.94
10358,4,0,2,0,0,0,0,0,1,0,1,1,1,977,0,0,Jan,0,Cold,Delhi,BSES Yamuna,451.64
10359,4,2,1,0,0,1,1,0,0,0,1,0,0,423,0,0,Jun,23,Hot,Chennai,TANGEDCO,66.84
10360,5,1,2,1,0,0,1,1,0,0,0,0,0,974,0,0,Apr,0,Hot,Delhi,BSES Yamuna,607.72
10361,6,4,5,1,1,1,1,0,0,1,1,0,0,2273,0,0,Oct,5,Moderate,Mumbai,MSEDCL,582.32
10362,4,3,2,0,0,1,1,0,0,0,0,0,0,1139,0,0,Oct,17,Moderate,Bangalore,BESCOM,105.39
10363,5,4,2,1,1,1,0,0,0,0,1,0,0,1060,0,0,Jul,0,Hot,Delhi,BSES Yamuna,669.45
10364,4,1,1,0,0,1,0,0,0,0,0,0,1,685,0,0,Feb,0,Cold,Delhi,BSES Yamuna,383.92
10365,4,1,1,0,0,0,0,0,0,0,0,0,0,400,0,0,Oct,19,Hot,Chennai,TANGEDCO,87.36
10366,3,0,3,0,0,1,0,0,0,0,0,0,0,1285,0,0,May,19,Moderate,Mumbai,MSEDCL,65.9
10367,5,2,3,1,0,1,0,0,0,1,0,0,0,1537,0,0,Apr,0,Hot,Chennai,TANGEDCO,580.45
10368,4,2,3,0,1,0,1,0,0,1,0,1,0,1268,0,1,Sep,0,Hot,Chennai,TANGEDCO,554.84
10369,1,0,2,1,0,1,0,0,0,0,0,0,0,830,0,0,May,8,Hot,Kolkata,CESC,301.17
10370,3,1,3,1,0,1,0,1,1,1,0,0,0,1397,0,0,Jun,17,Hot,Kolkata,CESC,308.6
10371,3,0,2,0,0,1,1,0,0,1,1,0,0,890,0,0,Aug,0,Hot,Kolkata,CESC,329.75
10372,3,2,2,0,0,0,1,0,0,1,0,0,0,1148,0,0,Mar,0,Hot,Kolkata,CESC,313.19
10373,3,0,2,0,0,0,1,0,1,1,0,0,0,1182,0,0,Apr,9,Hot,Kolkata,CESC,239.52
10374,2,1,2,0,0,0,0,0,0,0,0,0,0,815,0,0,Dec,24,Moderate,Bangalore,BESCOM,60.0
10375,3,2,2,1,0,1,1,0,0,1,1,0,0,1109,0,0,Aug,0,Hot,Kolkata,CESC,619.16
10376,2,0,3,1,1,1,1,0,1,0,0,0,0,1595,1,0,Apr,0,Moderate,Mumbai,MSEDCL,834.8
10377,5,1,3,1,1,1,0,0,0,0,0,0,0,1475,0,0,Jun,9,Hot,Chennai,TANGEDCO,489.14
10378,4,3,4,0,0,1,1,0,1,1,1,0,0,1937,0,0,Apr,0,Hot,Kolkata,CESC,498.19
10379,3,1,2,0,1,0,0,0,0,1,1,0,0,961,0,0,Oct,24,Hot,Chennai,TANGEDCO,60.64
10380,1,0,1,0,0,0,0,0,0,0,0,1,0,591,0,0,May,6,Moderate,Mumbai,MSEDCL,97.64
10381,4,1,2,1,0,0,1,0,1,1,0,0,0,950,0,0,Oct,11,Hot,Kolkata,CESC,364.84
10382,7,2,6,1,1,1,1,1,1,1,1,1,0,2764,0,1,Dec,13,Moderate,Bangalore,BESCOM,479.19
10383,3,1,3,1,0,1,1,1,1,0,0,1,0,1312,0,0,Dec,12,Moderate,Bangalore,BESCOM,326.0
10384,6,5,3,1,0,1,1,0,1,0,1,0,0,1472,0,0,Mar,4,Hot,Chennai,TANGEDCO,588.86
10385,2,1,1,0,0,0,0,0,0,1,0,1,0,575,0,0,Nov,0,Moderate,Bangalore,BESCOM,160.8
10386,6,5,3,1,0,1,0,1,1,1,1,1,0,1348,0,0,May,16,Hot,Chennai,TANGEDCO,363.01
10387,3,0,1,0,0,0,0,0,0,0,0,0,0,577,0,0,May,21,Moderate,Mumbai,MSEDCL,60.0
10388,3,0,3,1,0,1,1,0,0,0,0,0,0,1581,0,0,Feb,9,Hot,Kolkata,CESC,394.34
10389,6,4,5,1,1,1,1,0,0,1,1,0,0,2222,0,0,Jun,17,Moderate,Bangalore,BESCOM,326.7
10390,4,0,5,1,0,1,1,1,0,1,0,0,0,2258,0,1,Jun,11,Hot,Chennai,TANGEDCO,481.36
10391,6,4,3,0,0,1,1,0,0,0,0,1,0,1472,0,0,Sep,9,Hot,Chennai,TANGEDCO,249.69
10392,1,0,2,0,0,0,1,0,0,0,0,1,0,988,0,0,Nov,4,Hot,Delhi,BSES Yamuna,167.79
10393,6,4,5,1,1,1,1,1,1,1,1,0,0,2305,0,0,May,14,Moderate,Mumbai,MSEDCL,435.11
10394,5,0,3,0,1,0,0,0,1,0,1,1,0,1577,0,0,May,21,Moderate,Bangalore,BESCOM,134.18
10395,1,0,1,0,0,0,0,0,0,0,0,0,1,489,0,0,Jun,22,Moderate,Mumbai,MSEDCL,71.35
10396,4,3,2,1,0,0,1,0,0,1,0,0,0,1142,0,0,Jul,0,Hot,Chennai,TANGEDCO,580.38
10397,2,1,2,1,0,0,0,0,0,0,1,0,1,1061,0,0,May,14,Hot,Chennai,TANGEDCO,321.14
10398,5,3,2,0,1,0,0,0,0,0,0,0,0,955,0,0,Nov,6,Hot,Delhi,BSES Yamuna,296.93
10399,1,0,2,0,1,1,1,1,0,1,0,0,1,999,0,0,Feb,0,Moderate,Bangalore,BESCOM,542.68
10400,5,1,3,0,1,0,1,1,0,0,1,0,0,1254,0,0,Sep,0,Moderate,Bangalore,BESCOM,396.98
10401,2,1,2,1,0,0,1,0,1,1,0,0,0,1053,0,0,Apr,8,Hot,Kolkata,CESC,431.68
10402,5,2,2,0,0,0,0,0,0,0,1,0,0,972,0,0,May,9,Hot,Chennai,TANGEDCO,189.88
10403,3,1,3,1,1,1,1,0,0,1,1,0,0,1399,0,0,Oct,7,Hot,Delhi,BSES Yamuna,592.0
10404,3,0,4,1,0,1,1,0,0,1,1,1,0,1701,0,0,May,18,Hot,Chennai,TANGEDCO,260.96
10405,6,4,3,0,1,0,0,1,0,1,1,0,0,1484,0,0,Oct,10,Moderate,Mumbai,MSEDCL,303.11
10406,2,0,2,1,0,1,0,0,0,0,0,0,0,950,0,0,May,7,Hot,Chennai,TANGEDCO,340.61
10407,6,5,5,1,1,1,1,0,0,1,0,1,0,2110,0,0,Aug,7,Moderate,Mumbai,MSEDCL,517.86
10408,7,5,4,1,1,1,1,0,0,0,1,0,0,1865,0,1,Aug,0,Hot,Kolkata,CESC,874.41
10409,5,4,2,0,0,1,0,0,0,0,0,0,0,890,0,0,May,14,Hot,Chennai,TANGEDCO,155.02
10410,3,0,1,0,0,0,1,0,0,1,1,0,0,576,0,0,Nov,0,Hot,Kolkata,CESC,306.36
10411,6,0,3,0,1,1,1,0,0,0,0,1,0,1430,0,0,Mar,0,Moderate,Mumbai,MSEDCL,443.02
10412,7,0,4,1,0,1,0,1,1,1,1,0,0,1628,0,0,Jun,14,Hot,Chennai,TANGEDCO,441.52
10413,6,2,5,1,0,1,1,0,0,1,0,0,0,2300,0,0,Nov,0,Hot,Chennai,TANGEDCO,697.15
10414,3,1,4,0,1,1,1,0,1,0,0,1,1,1794,0,0,Jan,0,Cold,Delhi,BSES Yamuna,683.21
10415,4,0,3,1,1,1,1,0,0,1,1,0,1,1506,0,0,Jun,9,Moderate,Bangalore,BESCOM,534.44
10416,4,3,3,1,1,1,1,0,1,1,1,0,0,1438,0,0,Apr,8,Hot,Delhi,BSES Yamuna,642.63
10417,4,1,1,0,1,0,0,0,0,0,1,0,0,756,0,0,Apr,7,Moderate,Mumbai,MSEDCL,231.46
10418,2,1,2,0,0,1,1,0,1,1,1,0,0,1183,0,0,Apr,0,Moderate,Mumbai,MSEDCL,317.95
10419,4,0,2,0,1,1,1,0,0,0,1,0,0,1066,0,0,Nov,4,Moderate,Bangalore,BESCOM,332.1
10420,5,4,3,0,1,1,1,0,1,0,1,0,0,1413,0,0,May,23,Moderate,Bangalore,BESCOM,124.26
10421,3,0,3,0,1,1,1,1,0,0,1,0,0,1281,0,0,Apr,0,Moderate,Bangalore,BESCOM,448.34
10422,4,1,3,1,0,0,0,0,1,0,0,0,0,1327,0,0,Nov,0,Moderate,Bangalore,BESCOM,394.34
10423,2,0,2,1,1,1,1,0,0,1,0,0,0,1061,0,0,May,20,Hot,Kolkata,CESC,222.98
10424,6,4,3,1,0,0,1,1,0,1,0,1,0,1266,0,0,Aug,0,Hot,Delhi,BSES Yamuna,709.08
10425,2,1,1,1,0,0,0,0,0,0,0,0,0,461,0,0,Jun,12,Hot,Kolkata,CESC,227.43
10426,2,1,2,0,1,0,1,0,1,0,0,0,0,932,0,0,Jul,8,Cold,Delhi,BSES Yamuna,282.2
10427,6,3,3,1,0,0,1,0,0,1,0,0,0,1336,0,0,Apr,0,Hot,Delhi,BSES Yamuna,622.09
10428,5,0,3,1,1,1,1,0,0,0,1,0,0,1227,0,0,Jul,0,Hot,Chennai,TANGEDCO,767.2
10429,8,3,6,1,1,1,1,0,1,1,1,0,0,2610,1,0,Nov,5,Moderate,Mumbai,MSEDCL,838.57
10430,5,4,2,1,0,0,0,0,0,0,0,0,0,1004,0,0,Mar,6,Hot,Kolkata,CESC,359.51
10431,1,0,2,1,0,1,1,0,0,0,0,0,0,1052,0,0,May,7,Hot,Kolkata,CESC,360.91
10432,2,1,2,0,0,0,1,0,0,0,0,0,0,837,0,0,Dec,7,Moderate,Bangalore,BESCOM,151.88
10433,2,0,2,0,1,1,0,0,0,0,0,1,0,842,0,0,Apr,3,Moderate,Bangalore,BESCOM,288.66
10434,6,3,4,1,1,1,1,0,1,0,1,0,0,1716,0,0,Feb,6,Hot,Kolkata,CESC,696.5
10435,4,2,3,1,0,1,1,0,0,0,0,0,0,1389,0,0,Feb,0,Hot,Kolkata,CESC,584.08
10436,7,3,4,0,1,1,1,0,1,1,0,1,0,1645,0,0,May,6,Moderate,Bangalore,BESCOM,430.98
10437,3,0,2,0,0,1,0,0,1,0,0,0,0,965,0,0,May,18,Hot,Kolkata,CESC,119.62
10438,3,0,4,1,0,1,1,0,0,1,1,1,0,1904,0,1,May,21,Hot,Chennai,TANGEDCO,220.1
10439,1,0,1,0,0,0,0,0,0,1,0,1,0,602,0,0,May,12,Moderate,Bangalore,BESCOM,123.89
10440,3,2,4,1,0,1,1,0,0,1,0,0,0,1832,0,0,Oct,21,Hot,Kolkata,CESC,195.41
10441,1,0,2,1,1,0,0,0,1,0,1,0,0,1044,0,0,Sep,0,Hot,Kolkata,CESC,634.37
10442,1,0,2,0,1,0,0,0,0,1,1,0,0,1008,0,0,May,24,Hot,Chennai,TANGEDCO,113.14
10443,6,3,3,0,1,1,1,0,0,1,0,0,0,1447,0,0,May,22,Moderate,Mumbai,MSEDCL,118.1
10444,8,5,5,0,1,1,1,1,1,1,1,1,0,2294,0,1,Dec,11,Moderate,Mumbai,MSEDCL,451.7
10445,2,1,1,0,0,0,1,0,0,1,1,0,0,726,0,0,Dec,9,Hot,Chennai,TANGEDCO,199.72
10446,4,1,2,1,0,1,0,0,0,1,0,1,0,1182,0,0,Dec,5,Hot,Chennai,TANGEDCO,465.44
10447,4,1,4,1,1,1,1,0,1,1,0,0,0,1757,0,0,Nov,0,Hot,Chennai,TANGEDCO,862.15
10448,3,1,2,0,0,0,0,0,0,1,0,0,0,800,0,0,Jun,8,Moderate,Bangalore,BESCOM,129.49
10449,3,1,2,1,0,1,1,1,0,0,1,1,0,1016,0,0,May,20,Moderate,Mumbai,MSEDCL,173.57
10450,1,0,2,1,0,0,0,0,0,0,0,0,0,1048,0,0,Dec,10,Hot,Kolkata,CESC,206.87
10451,5,3,2,0,0,1,1,1,1,0,0,0,0,1191,0,0,Aug,0,Moderate,Bangalore,BESCOM,363.68
10452,7,0,4,1,1,1,1,1,1,0,1,0,0,1668,0,0,Aug,0,Hot,Delhi,BSES Yamuna,970.97
10453,2,1,3,1,1,0,0,0,0,0,1,1,1,1229,0,0,Sep,0,Cold,Delhi,BSES Yamuna,702.61
10454,3,2,3,1,0,1,1,0,0,1,1,1,0,1314,0,0,Jun,8,Hot,Chennai,TANGEDCO,488.15
10455,7,5,6,1,0,1,1,1,1,1,1,0,0,2407,0,0,Jun,9,Hot,Kolkata,CESC,608.61
10456,4,2,2,1,0,1,1,0,1,0,1,1,0,1168,0,0,May,15,Hot,Delhi,BSES Yamuna,333.35
10457,4,1,1,0,0,0,1,0,0,0,0,0,0,674,0,0,Apr,0,Hot,Kolkata,CESC,250.09
10458,2,0,2,1,0,0,1,0,0,0,0,1,0,1114,0,0,May,7,Hot,Delhi,BSES Yamuna,409.45
10459,5,1,2,0,0,1,1,0,0,0,0,0,0,1134,0,0,Jun,15,Hot,Kolkata,CESC,169.71
10460,1,0,2,0,0,1,1,0,0,0,0,0,0,835,0,0,Oct,19,Hot,Kolkata,CESC,104.14
10461,6,3,5,1,0,1,1,0,0,1,1,0,0,2310,0,0,May,7,Hot,Kolkata,CESC,552.36
10462,2,1,3,0,0,1,0,1,0,1,0,1,0,1243,0,0,Oct,11,Moderate,Bangalore,BESCOM,186.56
10463,5,2,2,0,0,1,1,1,0,0,0,0,0,954,0,0,May,10,Moderate,Bangalore,BESCOM,212.69
10464,2,1,3,1,0,0,0,0,0,0,1,0,0,1276,0,0,Nov,0,Hot,Delhi,BSES Yamuna,442.01
10465,4,2,3,0,1,1,1,0,0,0,0,0,0,1277,0,0,Jan,0,Hot,Chennai,TANGEDCO,491.99
10466,4,0,5,1,1,1,1,0,0,1,0,0,0,2100,0,0,Jun,10,Moderate,Mumbai,MSEDCL,402.65
10467,5,2,4,0,1,1,1,0,0,1,0,1,0,1629,0,0,May,5,Moderate,Mumbai,MSEDCL,361.63
10468,2,1,3,1,0,1,0,1,0,0,1,0,0,1238,0,0,May,18,Hot,Chennai,TANGEDCO,234.68
10469,2,0,3,1,0,1,1,0,1,0,1,0,0,1438,0,0,Feb,0,Moderate,Mumbai,MSEDCL,505.12
10470,4,0,3,1,0,1,1,0,0,0,1,0,0,1212,0,0,Jul,0,Hot,Chennai,TANGEDCO,599.09
10471,2,0,3,0,0,1,1,0,0,0,1,0,0,1321,0,0,May,22,Hot,Kolkata,CESC,85.92
10472,2,0,1,0,0,1,1,0,0,0,0,0,0,543,0,0,Nov,6,Hot,Chennai,TANGEDCO,184.27
10473,2,1,1,0,0,0,0,0,0,0,1,0,0,571,0,0,Aug,3,Hot,Kolkata,CESC,150.41
10474,5,3,3,0,0,1,0,0,1,1,1,0,0,1567,0,0,May,12,Hot,Chennai,TANGEDCO,275.84
10475,2,1,2,1,0,1,0,0,1,1,0,0,0,1046,0,0,Jun,13,Hot,Delhi,BSES Yamuna,295.17
10476,4,2,1,0,0,0,0,0,0,0,0,0,0,646,0,0,Feb,3,Hot,Chennai,TANGEDCO,154.17
10477,3,0,3,1,0,1,0,0,0,1,1,0,0,1244,0,0,Jun,21,Hot,Kolkata,CESC,187.78
10478,4,2,1,0,0,1,0,0,1,0,1,0,0,652,0,0,Jul,0,Hot,Delhi,BSES Yamuna,332.02
10479,2,1,3,1,0,0,1,0,0,0,0,0,0,1574,0,0,Mar,0,Hot,Chennai,TANGEDCO,498.77
10480,4,2,3,0,0,0,1,0,0,1,1,1,0,1490,0,0,Jul,5,Hot,Delhi,BSES Yamuna,348.84
10481,6,1,5,1,0,1,1,1,0,1,1,0,0,2206,0,1,May,17,Moderate,Bangalore,BESCOM,289.08
10482,5,0,2,0,0,0,0,0,0,0,0,1,0,806,0,0,May,21,Moderate,Bangalore,BESCOM,82.63
10483,4,0,1,1,0,0,0,0,0,1,0,0,0,641,0,0,Aug,8,Hot,Delhi,BSES Yamuna,327.56
10484,5,2,3,1,0,1,0,0,0,0,1,0,0,1309,0,0,May,9,Moderate,Bangalore,BESCOM,289.39
10485,7,5,4,0,1,1,1,1,0,0,0,0,1,1713,0,1,Apr,0,Cold,Delhi,BSES Yamuna,746.28
10486,6,4,6,1,0,1,1,0,0,1,1,1,1,2706,0,0,May,15,Hot,Chennai,TANGEDCO,511.53
10487,5,0,2,0,0,1,0,0,0,0,0,0,0,1101,0,0,Aug,0,Hot,Kolkata,CESC,292.31
10488,4,2,2,0,0,0,1,0,0,1,1,0,0,1075,0,0,Feb,8,Moderate,Mumbai,MSEDCL,223.88
10489,5,4,4,1,1,1,1,0,0,1,0,0,0,1695,0,0,Oct,5,Hot,Chennai,TANGEDCO,665.49
10490,4,2,2,0,1,0,1,0,1,0,1,0,0,1093,0,0,Jun,22,Hot,Chennai,TANGEDCO,123.48
10491,2,1,3,1,1,0,1,0,0,0,1,0,0,1388,0,0,Aug,7,Hot,Delhi,BSES Yamuna,515.03
10492,5,2,2,0,1,1,1,0,0,0,0,0,0,1159,0,0,May,6,Moderate,Bangalore,BESCOM,320.19
10493,1,0,1,1,0,1,0,0,1,0,0,1,0,687,0,0,Apr,0,Moderate,Mumbai,MSEDCL,378.78
10494,4,1,2,1,0,0,1,0,1,0,1,0,0,953,0,1,Oct,21,Hot,Kolkata,CESC,185.86
10495,5,3,2,1,0,0,0,0,0,0,1,0,0,857,0,0,Mar,0,Hot,Delhi,BSES Yamuna,492.53
10496,4,3,3,0,0,1,1,0,0,1,0,0,0,1537,0,0,Apr,0,Moderate,Mumbai,MSEDCL,296.07
10497,8,3,5,1,0,1,1,0,1,0,1,0,0,2049,0,0,May,10,Hot,Delhi,BSES Yamuna,525.34
10498,4,2,2,1,0,1,1,1,1,0,0,0,0,1006,0,0,May,13,Hot,Kolkata,CESC,387.05
10499,5,1,4,1,0,1,1,0,0,0,0,0,0,1651,0,0,Apr,0,Hot,Chennai,TANGEDCO,602.14
10500,3,1,1,0,0,0,1,0,1,1,1,1,1,741,0,0,Nov,5,Hot,Chennai,TANGEDCO,493.18
10501,6,4,3,1,0,1,1,0,1,1,0,0,0,1570,0,0,Jan,7,Moderate,Bangalore,BESCOM,430.98
10502,4,2,1,0,1,1,0,0,0,0,0,0,0,549,0,0,Oct,11,Cold,Delhi,BSES Yamuna,198.11
10503,8,0,5,1,1,1,0,0,1,1,0,0,0,2052,0,0,May,15,Moderate,Mumbai,MSEDCL,334.92
10504,2,0,3,1,0,1,1,0,0,1,0,0,0,1412,0,0,Oct,11,Hot,Chennai,TANGEDCO,352.76
10505,2,0,3,1,1,1,1,0,0,0,0,0,0,1265,0,0,Sep,0,Moderate,Bangalore,BESCOM,496.55
10506,5,4,4,1,0,1,1,1,1,1,0,1,0,1831,0,0,Mar,0,Hot,Kolkata,CESC,846.75
10507,6,0,3,1,1,1,0,0,0,0,0,0,0,1572,0,0,Jul,5,Hot,Chennai,TANGEDCO,611.27
10508,4,0,5,1,1,1,1,0,0,1,1,1,0,2298,0,0,May,8,Hot,Chennai,TANGEDCO,662.29
10509,3,2,3,1,0,0,0,0,0,0,0,1,0,1537,0,0,Oct,10,Hot,Chennai,TANGEDCO,328.62
10510,4,3,5,1,1,1,1,0,1,1,1,1,0,2150,0,1,Oct,22,Moderate,Bangalore,BESCOM,243.32
10511,6,0,3,0,0,0,1,1,1,0,1,0,1,1404,0,0,Apr,0,Moderate,Bangalore,BESCOM,533.6
10512,4,0,1,0,0,1,0,0,0,1,1,0,0,719,0,0,May,6,Hot,Delhi,BSES Yamuna,249.48
10513,6,3,3,1,0,1,1,0,1,1,0,1,0,1454,0,0,Jun,18,Hot,Chennai,TANGEDCO,300.7
10514,2,0,1,0,0,0,0,0,1,0,0,0,0,536,0,0,Jun,20,Hot,Chennai,TANGEDCO,68.57
10515,2,0,3,1,0,1,0,1,0,0,0,0,0,1568,0,0,May,7,Hot,Kolkata,CESC,398.71
10516,5,1,2,1,0,0,0,0,0,0,1,0,1,934,0,0,May,13,Hot,Kolkata,CESC,402.09
10517,6,3,3,0,1,1,0,0,1,0,1,1,0,1253,0,0,Oct,8,Moderate,Mumbai,MSEDCL,321.48
10518,3,1,1,0,0,0,0,0,0,0,0,0,0,464,0,0,Jan,4,Hot,Chennai,TANGEDCO,125.25
10519,2,1,2,1,0,0,1,0,0,0,1,0,0,801,0,0,May,17,Hot,Chennai,TANGEDCO,213.78
10520,3,1,2,0,0,0,1,1,0,0,0,0,1,931,0,0,Apr,8,Hot,Kolkata,CESC,373.33
10521,8,0,5,1,1,1,1,0,1,1,1,1,0,2333,0,0,May,15,Hot,Delhi,BSES Yamuna,514.4
10522,4,2,2,1,1,0,0,0,0,0,0,1,0,831,0,0,Jul,6,Moderate,Mumbai,MSEDCL,362.24
10523,3,0,2,1,0,1,1,0,1,0,0,0,0,1155,0,0,Jun,8,Hot,Chennai,TANGEDCO,418.12
10524,4,2,3,0,0,1,1,1,0,1,0,0,0,1585,0,0,Jun,15,Hot,Chennai,TANGEDCO,246.58
10525,5,0,3,0,0,0,0,0,1,1,0,1,1,1559,0,0,Aug,2,Hot,Chennai,TANGEDCO,566.76
10526,1,0,2,1,0,1,1,0,0,0,0,1,0,1042,0,0,Oct,9,Hot,Delhi,BSES Yamuna,381.91
10527,2,1,2,0,0,0,0,0,0,0,0,0,0,991,0,1,Apr,0,Hot,Delhi,BSES Yamuna,183.69
10528,5,3,2,0,0,0,0,0,1,0,0,1,0,941,0,0,Mar,0,Moderate,Mumbai,MSEDCL,240.4
10529,4,0,5,1,1,1,1,0,0,1,0,1,0,2147,0,0,May,7,Hot,Kolkata,CESC,645.3
10530,3,1,1,0,0,0,1,0,1,0,0,0,0,488,0,0,Oct,8,Hot,Chennai,TANGEDCO,197.66
10531,4,2,2,0,0,1,1,0,0,0,0,0,0,848,0,0,Jun,23,Hot,Chennai,TANGEDCO,77.1
10532,2,0,1,0,0,0,1,0,0,0,0,0,0,535,0,0,Mar,3,Hot,Chennai,TANGEDCO,177.64
10533,2,0,2,1,0,1,0,0,0,0,0,1,0,990,0,0,Apr,0,Hot,Chennai,TANGEDCO,479.67
10534,3,0,3,1,0,1,1,0,0,0,0,0,0,1348,0,0,Oct,23,Hot,Delhi,BSES Yamuna,109.45
10535,4,3,2,0,0,0,0,0,0,0,0,0,0,886,0,0,May,13,Moderate,Bangalore,BESCOM,82.28
10536,2,0,1,1,0,0,0,0,0,0,0,0,0,407,0,0,May,20,Hot,Chennai,TANGEDCO,103.39
10537,1,0,2,1,0,0,0,0,0,0,1,0,0,1022,0,0,Jul,0,Hot,Chennai,TANGEDCO,404.1
10538,4,0,1,0,0,0,0,0,1,1,0,0,0,756,0,0,Oct,15,Moderate,Mumbai,MSEDCL,99.63
10539,1,0,1,0,0,0,0,0,0,0,0,0,1,415,0,0,May,6,Cold,Delhi,BSES Yamuna,219.76
10540,4,3,4,1,0,1,0,0,0,0,1,1,0,1895,0,0,Sep,9,Hot,Kolkata,CESC,412.83
10541,3,2,3,1,1,1,1,0,0,1,0,0,0,1305,0,0,May,14,Hot,Chennai,TANGEDCO,401.28
10542,3,2,4,1,1,1,1,0,0,1,1,0,0,1882,0,1,Jul,0,Moderate,Bangalore,BESCOM,627.47
10543,4,0,4,0,0,1,1,1,1,1,0,1,0,1703,0,0,Jun,23,Moderate,Mumbai,MSEDCL,112.42
10544,3,1,3,1,1,1,1,0,1,1,1,0,0,1560,0,0,Oct,7,Moderate,Bangalore,BESCOM,507.45
10545,4,0,1,0,1,1,1,0,0,0,0,0,0,545,0,1,May,6,Moderate,Bangalore,BESCOM,291.81
10546,4,2,3,0,1,1,0,0,1,1,0,1,0,1234,0,0,Sep,0,Moderate,Mumbai,MSEDCL,449.24
10547,3,0,4,1,1,1,1,0,1,1,1,0,0,1712,0,0,Jul,0,Hot,Kolkata,CESC,875.98
10548,2,0,3,1,1,1,1,0,0,0,1,0,0,1507,0,0,Oct,8,Moderate,Bangalore,BESCOM,383.59
10549,2,1,3,1,0,1,1,0,0,1,0,1,0,1598,0,0,Jun,16,Hot,Delhi,BSES Yamuna,295.51
10550,4,0,2,1,0,0,0,0,0,0,0,0,0,852,0,0,May,13,Moderate,Bangalore,BESCOM,202.22
10551,6,4,4,1,0,0,0,0,0,0,0,0,0,1946,0,1,Jan,6,Hot,Delhi,BSES Yamuna,440.61
10552,6,5,3,1,1,0,0,0,0,0,1,0,0,1280,0,0,Oct,11,Hot,Chennai,TANGEDCO,436.41
10553,6,3,6,1,1,1,0,1,1,1,0,1,0,2503,1,0,Nov,5,Hot,Delhi,BSES Yamuna,1078.73
10554,4,1,2,1,1,1,1,0,0,0,0,0,0,1121,0,0,May,15,Cold,Delhi,BSES Yamuna,311.8
10555,1,0,2,1,0,0,0,0,0,0,1,1,0,1168,0,0,Apr,0,Hot,Chennai,TANGEDCO,455.56
10556,5,3,2,1,1,0,0,0,0,0,0,0,0,1041,0,0,Jun,13,Hot,Delhi,BSES Yamuna,349.43
10557,4,2,3,1,1,1,1,0,0,0,0,0,0,1230,0,0,Mar,0,Hot,Kolkata,CESC,705.29
10558,2,0,2,1,0,1,1,0,0,0,0,0,0,1116,0,1,Jan,0,Hot,Kolkata,CESC,534.88
10559,2,1,1,0,0,0,0,0,0,0,0,0,0,591,0,1,May,6,Moderate,Bangalore,BESCOM,103.3
10560,5,2,6,1,1,1,1,0,1,1,1,1,1,2756,0,1,Jul,5,Moderate,Bangalore,BESCOM,786.82
10561,2,1,1,0,0,0,1,0,0,0,1,0,0,760,0,0,Oct,17,Moderate,Bangalore,BESCOM,87.35
10562,5,4,4,0,1,1,1,0,0,0,1,0,0,1832,0,0,Apr,0,Moderate,Mumbai,MSEDCL,436.54
10563,2,1,2,1,0,1,1,1,0,0,0,1,0,897,0,0,Nov,2,Hot,Kolkata,CESC,554.44
10564,7,3,4,1,0,1,1,0,0,0,1,1,0,1633,0,0,Jun,14,Hot,Kolkata,CESC,336.26
10565,5,0,3,1,0,1,1,1,0,1,1,0,0,1442,0,0,Nov,7,Moderate,Mumbai,MSEDCL,463.65
10566,3,0,4,1,0,1,1,0,0,1,0,0,0,1658,0,0,Mar,0,Hot,Delhi,BSES Yamuna,629.77
10567,6,1,5,1,1,1,1,0,0,0,1,0,0,2258,0,1,May,24,Moderate,Mumbai,MSEDCL,124.37
10568,4,3,1,0,0,0,0,0,0,0,0,1,0,416,0,0,May,18,Hot,Delhi,BSES Yamuna,76.99
10569,2,0,1,0,0,0,0,0,0,1,0,0,0,477,0,0,May,9,Hot,Chennai,TANGEDCO,133.7
10570,2,1,2,0,1,0,1,0,1,0,0,0,0,1005,0,0,Nov,9,Moderate,Mumbai,MSEDCL,259.87
10571,2,0,3,1,0,1,1,0,0,0,0,0,0,1501,0,0,Oct,5,Hot,Delhi,BSES Yamuna,462.57
10572,7,0,4,1,0,1,1,0,0,1,1,0,0,1765,0,0,Sep,0,Moderate,Bangalore,BESCOM,561.54
10573,2,0,2,1,0,1,0,0,1,1,0,0,0,1090,0,0,May,19,Moderate,Mumbai,MSEDCL,139.29
10574,2,0,3,1,1,0,0,1,0,1,0,0,1,1584,0,0,May,15,Moderate,Bangalore,BESCOM,361.45
10575,4,0,2,0,0,1,0,0,0,1,0,0,0,911,0,0,May,21,Hot,Chennai,TANGEDCO,114.33
10576,5,1,4,1,1,1,1,0,0,1,1,0,0,1987,0,0,Sep,0,Hot,Chennai,TANGEDCO,852.93
10577,8,0,5,1,1,1,1,1,1,1,1,1,0,2316,0,0,May,6,Hot,Kolkata,CESC,890.41
10578,2,1,2,1,0,1,1,1,1,0,1,0,0,1152,0,1,Dec,13,Hot,Chennai,TANGEDCO,412.39
10579,4,2,2,1,0,1,1,0,0,1,1,0,0,944,0,0,May,24,Hot,Delhi,BSES Yamuna,114.42
10580,3,1,1,0,0,0,0,1,1,0,0,0,0,555,0,0,Apr,0,Moderate,Mumbai,MSEDCL,206.47
10581,4,2,3,1,0,1,0,1,1,1,1,0,0,1377,0,0,Nov,8,Hot,Delhi,BSES Yamuna,519.53
10582,5,3,3,1,0,1,1,0,0,1,1,0,0,1545,0,0,Sep,0,Hot,Chennai,TANGEDCO,686.16
10583,2,0,1,1,0,1,0,0,0,0,0,0,0,535,0,0,Jun,11,Hot,Delhi,BSES Yamuna,260.28
10584,3,2,2,0,1,1,0,0,1,0,0,1,0,1114,0,0,Oct,12,Moderate,Mumbai,MSEDCL,221.66
10585,5,2,2,1,0,1,1,0,1,0,1,1,0,817,0,0,Nov,0,Moderate,Bangalore,BESCOM,499.56
10586,2,0,3,0,1,0,1,0,1,1,1,1,0,1550,0,0,Oct,21,Moderate,Mumbai,MSEDCL,138.77
10587,6,3,3,1,0,1,1,0,1,0,0,0,0,1354,0,0,Nov,3,Hot,Kolkata,CESC,603.82
10588,4,3,1,1,0,0,0,0,1,0,0,0,0,671,0,0,May,20,Hot,Kolkata,CESC,153.71
10589,4,2,3,1,0,1,1,0,1,0,0,0,0,1465,0,1,Jun,18,Hot,Kolkata,CESC,270.49
10590,2,0,3,1,0,1,0,0,1,1,0,0,0,1559,0,0,Sep,4,Hot,Kolkata,CESC,510.5
10591,4,2,2,1,0,0,0,1,0,0,0,0,0,1131,0,0,Jun,6,Hot,Kolkata,CESC,424.87
10592,1,0,1,1,0,0,0,0,0,1,0,0,0,415,0,0,Jun,5,Moderate,Bangalore,BESCOM,274.25
10593,2,0,3,1,0,1,1,0,0,0,0,0,0,1211,0,0,Nov,0,Hot,Kolkata,CESC,502.85
10594,4,1,5,1,1,1,1,1,0,1,0,0,0,2074,0,1,May,22,Moderate,Mumbai,MSEDCL,223.99
10595,3,2,2,1,1,1,0,0,0,1,0,0,0,1011,0,0,Jun,10,Hot,Chennai,TANGEDCO,495.74
10596,2,0,2,0,0,1,0,1,1,0,0,0,0,978,0,0,Jun,10,Hot,Delhi,BSES Yamuna,242.97
10597,3,1,2,0,0,0,0,0,1,1,0,0,0,928,0,0,May,11,Moderate,Bangalore,BESCOM,162.4
10598,3,1,3,1,0,1,0,1,0,1,0,0,0,1482,0,0,May,23,Hot,Kolkata,CESC,138.54
10599,4,0,2,1,1,1,0,0,0,1,1,1,0,994,0,0,Sep,0,Hot,Kolkata,CESC,747.19
10600,4,1,2,1,0,1,1,0,1,1,1,0,0,1067,0,0,Nov,4,Hot,Kolkata,CESC,604.27
10601,5,3,3,0,1,1,1,1,1,0,0,0,0,1229,0,0,Jun,6,Hot,Kolkata,CESC,523.05
10602,5,0,3,0,0,1,0,0,1,1,0,0,0,1208,0,0,May,11,Moderate,Mumbai,MSEDCL,193.24
10603,4,2,2,1,0,0,1,0,1,0,0,0,0,1108,0,0,Sep,0,Hot,Kolkata,CESC,590.49
10604,5,4,2,1,0,1,0,0,0,1,0,0,0,1109,0,0,Dec,17,Hot,Kolkata,CESC,263.54
10605,4,1,3,1,0,1,1,0,1,0,1,0,0,1364,0,0,Feb,5,Hot,Kolkata,CESC,550.29
10606,2,0,1,0,1,0,1,0,0,0,0,0,1,592,0,0,Jul,0,Hot,Delhi,BSES Yamuna,541.1
10607,4,0,1,0,1,0,0,0,0,0,0,0,0,704,0,0,Jun,8,Moderate,Mumbai,MSEDCL,212.63
10608,7,0,4,1,1,1,1,0,0,1,1,0,0,1859,0,0,Jun,15,Moderate,Mumbai,MSEDCL,349.76
10609,4,3,1,1,1,0,1,0,0,0,0,0,0,591,0,0,Jan,0,Hot,Delhi,BSES Yamuna,631.26
10610,6,0,3,1,1,0,0,0,1,1,0,0,0,1278,0,0,Dec,7,Moderate,Bangalore,BESCOM,443.24
10611,8,4,5,1,1,1,1,1,1,1,0,0,0,2178,0,0,Feb,8,Hot,Kolkata,CESC,768.48
10612,3,0,2,1,0,0,0,0,0,1,0,0,0,890,0,0,May,15,Moderate,Bangalore,BESCOM,177.06
10613,4,1,2,1,1,1,0,0,0,1,0,0,0,1014,0,0,May,23,Moderate,Bangalore,BESCOM,99.31
10614,6,4,3,0,1,1,1,0,1,0,1,1,0,1278,0,0,Aug,2,Hot,Kolkata,CESC,607.41
10615,7,2,4,1,1,0,1,0,0,1,1,1,0,1702,0,0,Jul,0,Hot,Chennai,TANGEDCO,882.2
10616,7,3,5,1,1,1,1,1,0,0,1,1,0,2110,0,0,Feb,0,Hot,Chennai,TANGEDCO,961.12
10617,4,1,3,1,1,1,1,0,1,1,0,0,0,1513,0,0,Mar,0,Hot,Kolkata,CESC,848.42
10618,1,0,1,0,0,1,1,0,0,0,0,0,0,646,0,0,May,5,Moderate,Mumbai,MSEDCL,166.19
10619,3,2,3,0,0,1,0,0,1,0,1,1,0,1433,0,0,Aug,5,Hot,Chennai,TANGEDCO,319.93
10620,1,0,2,0,1,0,0,0,1,0,1,1,0,881,0,1,Nov,6,Moderate,Bangalore,BESCOM,289.51
10621,1,0,2,1,0,0,1,0,0,1,0,0,0,931,0,0,May,21,Hot,Kolkata,CESC,149.48
10622,1,0,1,0,0,1,0,0,1,0,0,0,0,634,0,0,Jun,23,Moderate,Mumbai,MSEDCL,62.6
10623,3,1,2,1,0,0,1,0,1,0,0,0,0,1077,0,0,May,14,Moderate,Mumbai,MSEDCL,241.13
10624,6,1,3,1,1,1,0,0,1,1,1,0,1,1586,0,0,Jun,15,Hot,Delhi,BSES Yamuna,550.01
10625,1,0,2,0,1,0,1,0,1,0,0,0,0,1134,0,0,Jun,12,Moderate,Bangalore,BESCOM,210.86
10626,1,0,2,0,1,1,0,0,1,1,0,0,0,898,0,0,Jun,24,Moderate,Mumbai,MSEDCL,83.51
10627,4,0,2,0,1,1,0,0,0,0,1,0,0,837,0,0,May,11,Cold,Delhi,BSES Yamuna,214.75
10628,7,4,4,0,1,1,1,1,0,1,1,0,0,1760,0,0,Oct,6,Moderate,Bangalore,BESCOM,450.49
10629,6,5,3,1,0,0,1,0,1,0,0,1,0,1316,0,0,Oct,16,Hot,Kolkata,CESC,312.7
10630,4,0,2,1,1,1,1,0,1,0,1,0,0,1040,0,0,Dec,11,Moderate,Mumbai,MSEDCL,408.41
10631,4,1,1,1,0,0,0,0,0,0,0,0,0,425,0,0,May,12,Moderate,Bangalore,BESCOM,203.78
10632,5,2,2,1,0,0,0,1,0,0,1,0,0,935,0,0,Jan,8,Hot,Chennai,TANGEDCO,413.2
10633,5,2,5,0,1,1,1,0,1,1,0,0,1,2049,0,1,Jul,0,Cold,Delhi,BSES Yamuna,757.74
10634,4,2,3,0,1,1,0,0,1,0,0,0,1,1493,0,0,Sep,5,Cold,Delhi,BSES Yamuna,484.9
10635,5,2,3,1,1,1,1,0,0,0,1,1,0,1593,0,0,Nov,0,Hot,Kolkata,CESC,791.08
10636,2,0,3,0,1,0,1,0,1,1,1,0,1,1497,0,0,Jan,0,Cold,Delhi,BSES Yamuna,648.67
10637,5,2,2,1,1,1,0,0,0,1,0,0,0,1092,0,0,Oct,15,Hot,Delhi,BSES Yamuna,353.83
10638,4,2,4,1,1,1,1,0,0,1,1,0,0,1753,0,0,Jun,17,Moderate,Mumbai,MSEDCL,271.94
10639,3,2,3,1,1,1,1,0,1,1,0,0,0,1419,0,0,May,22,Moderate,Mumbai,MSEDCL,188.7
10640,3,1,1,0,0,1,0,0,0,0,0,0,0,539,0,0,Apr,7,Moderate,Mumbai,MSEDCL,112.81
10641,4,1,1,0,0,0,0,0,0,0,0,0,0,448,1,0,Oct,5,Hot,Kolkata,CESC,405.8
10642,3,2,3,1,1,1,0,1,1,1,0,0,0,1341,0,0,May,17,Moderate,Mumbai,MSEDCL,293.52
10643,8,1,5,1,0,1,1,0,1,0,0,1,1,2045,0,1,Jun,6,Moderate,Mumbai,MSEDCL,644.58
10644,5,1,2,1,1,0,1,0,0,0,0,0,0,962,0,0,Jun,19,Moderate,Mumbai,MSEDCL,189.99
10645,4,3,4,1,1,1,0,0,0,1,1,0,0,1884,0,0,May,6,Hot,Kolkata,CESC,618.73
10646,6,0,3,0,0,0,1,0,0,1,0,0,0,1467,0,0,Sep,0,Hot,Chennai,TANGEDCO,387.01
10647,5,4,2,0,1,1,1,0,0,0,0,1,0,915,1,0,May,12,Cold,Delhi,BSES Yamuna,433.79
10648,4,1,1,0,0,0,1,0,0,0,0,0,0,481,0,0,Sep,0,Moderate,Bangalore,BESCOM,175.97
10649,4,2,1,0,0,1,0,0,0,0,0,0,0,443,0,0,May,5,Moderate,Bangalore,BESCOM,140.54
10650,2,1,3,1,0,1,1,0,0,1,0,1,0,1393,0,0,Jan,8,Hot,Delhi,BSES Yamuna,431.36
10651,4,1,2,0,1,1,1,0,1,1,0,0,0,1057,0,0,Sep,6,Hot,Kolkata,CESC,515.3
10652,5,0,2,1,1,1,1,0,0,0,0,0,0,1072,0,0,Oct,17,Hot,Delhi,BSES Yamuna,307.61
10653,6,2,3,1,1,1,1,0,1,0,0,1,0,1593,0,0,Mar,0,Hot,Delhi,BSES Yamuna,871.28
10654,4,3,3,0,1,1,1,0,1,1,1,0,0,1473,0,0,Jun,10,Moderate,Bangalore,BESCOM,337.45
10655,4,0,1,0,0,1,1,0,0,0,0,0,0,677,0,1,Feb,0,Hot,Delhi,BSES Yamuna,336.26
10656,4,2,2,0,0,0,0,0,0,0,1,0,0,882,0,0,Oct,24,Hot,Kolkata,CESC,60.0
10657,4,2,2,0,1,1,0,0,0,1,1,0,0,857,0,0,Dec,20,Moderate,Mumbai,MSEDCL,127.95
10658,3,0,3,0,0,0,1,0,0,1,0,0,0,1252,0,0,May,8,Moderate,Mumbai,MSEDCL,183.53
10659,3,1,4,0,0,1,1,1,1,0,0,1,0,1600,0,0,May,20,Moderate,Bangalore,BESCOM,112.14
10660,1,0,2,1,1,1,0,0,1,1,0,0,0,1015,0,0,Oct,17,Cold,Delhi,BSES Yamuna,253.77
10661,5,2,4,1,0,1,1,0,0,0,1,0,0,1916,0,1,Jun,8,Moderate,Mumbai,MSEDCL,368.31
10662,5,3,3,1,1,0,1,0,1,0,0,0,0,1427,0,0,May,12,Hot,Chennai,TANGEDCO,448.55
10663,5,0,3,1,0,0,1,0,0,0,0,0,0,1453,0,0,Apr,0,Moderate,Bangalore,BESCOM,403.72
10664,6,4,3,0,1,0,1,0,0,0,1,0,0,1358,0,0,Jun,19,Moderate,Mumbai,MSEDCL,146.51
10665,2,0,2,0,1,0,1,0,0,0,1,0,0,1086,0,0,Jun,17,Hot,Kolkata,CESC,187.58
10666,2,0,1,0,0,0,1,0,0,0,0,0,0,465,0,0,May,5,Hot,Kolkata,CESC,162.07
10667,4,3,3,1,1,1,0,0,0,1,1,0,0,1508,0,0,Apr,0,Moderate,Mumbai,MSEDCL,595.41
10668,2,1,3,1,1,0,0,0,1,0,1,0,0,1294,0,0,May,5,Hot,Kolkata,CESC,576.16
10669,5,4,3,0,1,1,1,0,0,1,0,0,0,1452,0,0,May,17,Hot,Kolkata,CESC,253.5
10670,3,1,2,0,0,1,1,0,0,0,0,0,1,949,0,0,Mar,0,Moderate,Mumbai,MSEDCL,368.15
10671,4,1,4,1,0,1,1,0,1,1,1,0,0,1622,0,0,May,10,Hot,Kolkata,CESC,505.27
10672,3,2,3,1,1,1,1,0,0,0,1,0,0,1443,0,0,Apr,2,Hot,Chennai,TANGEDCO,678.05
10673,2,0,1,1,0,0,1,0,1,0,1,0,0,614,0,0,Nov,7,Hot,Kolkata,CESC,401.99
10674,4,3,2,1,0,0,0,0,0,1,1,0,0,1198,0,0,Feb,0,Hot,Delhi,BSES Yamuna,535.74
10675,5,2,3,0,0,1,0,0,1,1,0,1,0,1330,0,0,Oct,18,Hot,Delhi,BSES Yamuna,175.03
10676,5,2,3,1,0,0,1,0,0,0,0,0,0,1542,0,1,Jun,9,Hot,Chennai,TANGEDCO,442.66
10677,5,0,2,0,0,1,0,0,0,0,0,0,0,947,0,0,Jul,0,Hot,Kolkata,CESC,277.75
10678,3,1,4,0,1,1,1,0,1,1,1,0,0,1980,0,1,Nov,7,Moderate,Mumbai,MSEDCL,397.05
10679,2,1,2,0,0,1,0,0,0,0,0,0,1,908,0,0,May,14,Hot,Chennai,TANGEDCO,239.87
10680,2,1,2,0,0,1,0,0,0,0,0,0,0,839,0,0,Aug,0,Hot,Chennai,TANGEDCO,183.63
10681,7,2,4,1,1,1,1,0,0,0,0,0,0,1720,0,0,Jul,8,Hot,Chennai,TANGEDCO,590.2
10682,4,2,4,1,1,1,1,0,0,1,0,0,0,1894,0,0,Dec,16,Moderate,Mumbai,MSEDCL,306.66
10683,3,1,3,1,0,0,1,0,0,0,1,0,0,1319,0,0,Jan,8,Hot,Kolkata,CESC,399.07
10684,6,1,4,0,1,1,1,0,1,1,0,0,0,1617,0,0,May,24,Moderate,Bangalore,BESCOM,99.1
10685,4,0,1,0,0,0,0,0,0,0,0,1,1,568,0,0,Dec,7,Hot,Chennai,TANGEDCO,319.96
10686,3,2,4,0,1,1,1,0,1,0,1,1,1,1797,0,0,May,5,Cold,Delhi,BSES Yamuna,596.74
10687,2,0,2,1,0,0,1,0,1,1,1,0,0,942,0,0,Dec,24,Hot,Delhi,BSES Yamuna,126.73
10688,3,1,2,0,0,1,0,0,0,0,0,0,0,836,0,0,Oct,18,Moderate,Mumbai,MSEDCL,68.81
10689,2,1,2,1,1,0,0,0,0,1,0,0,0,985,0,0,May,7,Moderate,Bangalore,BESCOM,375.21
10690,2,1,2,0,1,0,0,1,1,1,0,0,0,1060,0,0,Jan,0,Hot,Kolkata,CESC,510.33
10691,1,0,2,1,1,0,0,0,0,1,1,0,1,1030,0,0,May,7,Moderate,Mumbai,MSEDCL,472.4
10692,3,1,2,1,0,1,0,1,0,1,1,0,0,1053,0,0,Mar,7,Hot,Delhi,BSES Yamuna,487.75
10693,4,0,1,0,0,0,1,0,0,1,0,0,0,728,0,0,May,13,Cold,Delhi,BSES Yamuna,157.06
10694,2,1,2,0,1,0,1,0,0,0,1,0,0,1190,0,0,Nov,0,Moderate,Mumbai,MSEDCL,302.63
10695,4,3,3,1,0,1,1,0,0,1,1,0,0,1496,0,0,Jun,15,Hot,Kolkata,CESC,337.11
10696,4,2,2,0,0,1,1,0,0,0,1,0,0,809,0,0,May,18,Moderate,Bangalore,BESCOM,105.44
10697,4,1,2,0,0,0,1,0,0,0,1,0,0,1123,0,0,Apr,5,Moderate,Mumbai,MSEDCL,204.78
10698,4,2,3,1,0,1,0,0,0,1,1,0,0,1429,0,0,Jun,13,Hot,Delhi,BSES Yamuna,337.74
10699,4,1,4,1,0,1,1,0,1,1,1,0,0,1623,0,0,May,12,Hot,Kolkata,CESC,414.36
10700,4,0,3,1,0,1,0,1,1,0,0,1,0,1277,0,0,Sep,0,Hot,Delhi,BSES Yamuna,669.37
10701,3,2,2,0,0,0,0,0,0,0,1,0,0,992,0,0,Jun,20,Hot,Delhi,BSES Yamuna,99.15
10702,5,4,3,1,0,0,1,1,0,0,1,1,1,1308,0,0,Oct,7,Hot,Kolkata,CESC,681.86
10703,3,1,2,0,1,1,1,0,0,0,0,0,0,1079,0,0,Sep,0,Moderate,Mumbai,MSEDCL,332.96
10704,3,0,1,1,0,0,0,0,0,0,0,0,0,662,0,0,Mar,0,Hot,Kolkata,CESC,415.78
10705,5,3,2,0,0,1,0,1,0,1,0,1,0,1128,0,0,Mar,9,Hot,Kolkata,CESC,319.7
10706,7,5,4,1,0,1,1,1,0,1,0,1,0,1962,0,0,Jan,4,Hot,Chennai,TANGEDCO,699.75
10707,4,0,2,0,1,1,1,0,1,1,0,0,0,1154,0,0,May,13,Moderate,Mumbai,MSEDCL,251.64
10708,3,0,1,1,0,0,1,0,0,0,0,0,0,777,0,0,Feb,5,Hot,Chennai,TANGEDCO,362.1
10709,3,2,1,1,0,0,0,0,0,1,0,0,0,667,0,1,May,14,Moderate,Mumbai,MSEDCL,193.9
10710,4,1,4,1,1,1,0,0,1,1,0,1,0,1940,0,1,Apr,0,Moderate,Bangalore,BESCOM,670.94
10711,3,0,3,1,1,1,1,0,0,1,0,1,0,1458,0,0,May,16,Moderate,Bangalore,BESCOM,292.67
10712,4,1,2,0,0,1,1,0,1,0,1,0,0,1134,0,0,Apr,0,Hot,Delhi,BSES Yamuna,421.55
10713,3,2,3,0,1,1,0,0,0,1,1,0,1,1284,0,1,Jun,8,Cold,Delhi,BSES Yamuna,457.06
10714,2,0,3,0,1,0,1,0,1,1,1,0,0,1209,0,0,Dec,15,Hot,Delhi,BSES Yamuna,268.94
10715,6,5,3,0,1,1,1,1,0,1,0,0,0,1488,0,0,Jun,14,Moderate,Mumbai,MSEDCL,275.65
10716,1,0,2,1,0,1,0,0,0,0,0,1,1,1101,0,0,Jun,11,Hot,Chennai,TANGEDCO,441.75
10717,3,0,4,0,1,1,1,0,1,1,1,0,0,1658,0,0,Sep,0,Hot,Chennai,TANGEDCO,656.76
10718,1,0,2,1,0,0,1,0,0,0,1,0,0,1107,0,0,Jan,4,Hot,Chennai,TANGEDCO,443.8
10719,5,4,3,1,1,1,0,1,0,0,1,1,0,1461,0,0,May,14,Hot,Kolkata,CESC,449.07
10720,1,0,1,0,0,1,1,0,0,1,0,0,0,785,0,0,Dec,6,Moderate,Bangalore,BESCOM,202.5
10721,3,0,2,0,1,1,1,1,0,0,0,0,1,1084,0,0,Sep,8,Hot,Chennai,TANGEDCO,555.75
10722,2,0,2,0,0,1,1,0,0,1,0,1,0,918,0,0,Feb,0,Hot,Kolkata,CESC,361.26
10723,5,2,3,1,1,1,0,0,1,0,1,0,0,1367,0,0,May,23,Hot,Kolkata,CESC,198.49
10724,3,2,1,0,1,0,0,0,0,0,0,0,0,752,0,0,May,6,Moderate,Bangalore,BESCOM,190.16
10725,4,1,3,0,1,1,0,1,0,1,1,0,0,1388,0,0,Nov,0,Hot,Delhi,BSES Yamuna,611.17
10726,5,3,2,1,0,0,0,0,0,1,0,1,0,1050,0,0,Jun,22,Hot,Chennai,TANGEDCO,125.1
10727,6,1,3,1,0,1,0,1,1,0,0,1,0,1523,0,0,Feb,0,Hot,Kolkata,CESC,729.37
10728,5,3,4,0,1,1,1,1,0,1,0,1,0,1828,0,0,Jun,22,Moderate,Bangalore,BESCOM,167.09
10729,6,3,3,1,0,1,1,0,0,0,1,0,0,1389,0,1,May,8,Moderate,Mumbai,MSEDCL,387.41
10730,3,0,3,1,0,1,1,0,0,1,0,0,0,1515,0,0,May,6,Hot,Kolkata,CESC,462.36
10731,3,0,3,1,0,1,1,1,0,0,1,1,0,1323,0,1,Mar,0,Hot,Kolkata,CESC,705.08
10732,5,4,2,1,0,0,0,0,0,1,1,0,0,883,0,0,May,10,Hot,Chennai,TANGEDCO,363.55
10733,3,2,4,1,0,1,1,0,0,1,1,1,0,1896,0,1,Jul,0,Moderate,Bangalore,BESCOM,539.98
10734,3,0,2,1,0,0,1,0,0,0,0,0,0,1014,0,0,Sep,4,Hot,Delhi,BSES Yamuna,430.9
10735,3,1,3,0,0,0,0,0,0,1,1,0,1,1436,0,0,Jul,0,Moderate,Mumbai,MSEDCL,378.24
10736,6,0,3,1,0,1,1,0,0,0,0,0,0,1312,0,0,Jul,0,Hot,Chennai,TANGEDCO,612.14
10737,5,2,2,0,0,0,1,0,0,1,0,0,0,1016,0,0,Oct,11,Moderate,Mumbai,MSEDCL,180.69
10738,2,0,2,1,1,1,0,0,0,1,0,0,0,1120,0,0,May,7,Hot,Chennai,TANGEDCO,499.25
10739,2,0,2,0,0,0,1,0,0,0,1,0,0,1045,0,0,Apr,3,Hot,Delhi,BSES Yamuna,278.8
10740,3,2,4,1,1,1,1,0,0,0,1,1,0,1934,0,0,Feb,4,Moderate,Mumbai,MSEDCL,524.21
10741,8,1,5,0,1,1,1,1,1,1,0,1,1,2318,0,1,Apr,0,Cold,Delhi,BSES Yamuna,916.38
10742,6,2,3,0,0,1,1,0,1,1,1,0,0,1573,0,0,Mar,6,Moderate,Mumbai,MSEDCL,337.71
10743,5,1,3,0,1,0,0,0,0,0,0,0,0,1236,0,0,Nov,7,Moderate,Bangalore,BESCOM,258.86
10744,3,1,4,1,0,1,0,1,0,1,1,0,0,1663,0,0,Apr,0,Hot,Delhi,BSES Yamuna,674.74
10745,2,0,1,0,0,0,0,0,0,0,1,0,0,618,0,0,Feb,5,Moderate,Mumbai,MSEDCL,110.9
10746,2,0,2,0,0,1,1,1,1,0,0,0,0,1141,0,0,May,24,Hot,Chennai,TANGEDCO,105.56
10747,4,3,3,1,1,0,0,0,0,1,0,0,0,1588,0,0,Apr,0,Moderate,Mumbai,MSEDCL,532.28
10748,4,3,4,1,0,0,1,0,0,1,0,1,0,1633,0,0,Mar,0,Hot,Delhi,BSES Yamuna,616.9
10749,7,0,4,1,0,1,1,0,0,1,1,0,0,1638,0,0,May,12,Hot,Chennai,TANGEDCO,441.29
10750,2,0,2,0,0,0,0,0,0,0,0,0,0,866,0,0,Nov,0,Moderate,Bangalore,BESCOM,121.2
10751,4,0,1,0,0,0,0,0,0,0,1,0,0,608,0,0,Jan,0,Hot,Kolkata,CESC,226.19
10752,5,2,2,0,0,1,1,0,0,1,1,0,0,1117,0,0,Apr,0,Hot,Chennai,TANGEDCO,423.28
10753,5,0,2,0,0,1,0,0,0,1,1,0,1,1143,0,0,Oct,9,Moderate,Bangalore,BESCOM,301.49
10754,1,0,2,0,0,0,0,0,0,0,0,0,0,951,0,0,Apr,0,Moderate,Mumbai,MSEDCL,119.04
10755,3,0,3,1,0,0,1,0,1,0,1,1,1,1586,0,0,May,19,Hot,Kolkata,CESC,297.3
10756,1,0,1,0,0,0,0,0,0,0,1,1,0,764,0,0,Feb,0,Moderate,Bangalore,BESCOM,157.47
10757,7,5,4,1,1,1,1,0,1,1,0,1,0,1798,0,0,Sep,9,Moderate,Bangalore,BESCOM,489.97
10758,2,0,2,1,0,0,0,0,0,0,0,0,0,888,0,0,Aug,0,Hot,Delhi,BSES Yamuna,370.85
10759,3,0,3,1,0,0,1,1,1,1,0,0,0,1447,0,0,Mar,0,Hot,Chennai,TANGEDCO,708.49
10760,1,0,1,1,0,0,0,0,0,1,0,0,0,722,0,0,Nov,0,Moderate,Bangalore,BESCOM,302.41
10761,1,0,2,0,0,1,1,0,0,0,0,0,0,878,0,0,Jun,8,Hot,Kolkata,CESC,162.55
10762,1,0,1,0,0,1,1,0,0,0,0,0,0,684,0,0,Sep,0,Moderate,Mumbai,MSEDCL,186.86
10763,8,2,5,1,1,1,1,0,1,1,1,1,1,2329,1,1,Sep,2,Moderate,Mumbai,MSEDCL,1156.56
10764,4,3,4,1,0,1,1,0,1,0,0,1,0,1631,0,0,Jun,10,Moderate,Bangalore,BESCOM,352.63
10765,2,1,2,1,0,0,0,0,0,0,0,0,0,886,1,0,Aug,8,Hot,Kolkata,CESC,537.25
10766,4,2,2,0,0,1,1,0,0,0,0,0,0,838,0,0,Apr,0,Hot,Delhi,BSES Yamuna,304.17
10767,7,0,5,1,1,1,1,0,0,1,1,0,0,2392,0,0,Jan,0,Moderate,Bangalore,BESCOM,732.13
10768,3,2,2,1,1,1,1,0,1,0,0,0,0,900,0,0,May,18,Hot,Chennai,TANGEDCO,294.9
10769,5,1,2,1,0,0,1,0,0,0,1,0,0,1043,0,0,Apr,7,Moderate,Mumbai,MSEDCL,315.24
10770,4,2,3,0,0,0,1,1,0,0,0,1,0,1431,0,0,Dec,11,Hot,Chennai,TANGEDCO,245.24
10771,6,4,5,1,0,1,1,1,1,0,1,1,0,2397,0,1,Nov,0,Hot,Kolkata,CESC,910.72
10772,1,0,1,0,0,1,0,0,0,1,1,1,0,467,0,0,Mar,0,Hot,Chennai,TANGEDCO,269.96
10773,1,0,2,1,0,1,1,0,0,1,0,0,0,991,0,0,May,8,Hot,Kolkata,CESC,392.85
10774,7,4,5,0,1,1,1,0,0,1,1,0,0,2027,0,0,Jun,17,Moderate,Mumbai,MSEDCL,195.48
10775,3,1,2,1,0,1,1,0,0,0,1,0,0,1069,0,0,May,12,Moderate,Bangalore,BESCOM,232.22
10776,3,1,1,0,0,0,0,0,0,0,0,0,0,625,0,0,Aug,4,Hot,Kolkata,CESC,157.13
10777,5,2,3,0,1,1,1,0,1,0,0,0,0,1276,0,0,Jun,8,Moderate,Mumbai,MSEDCL,306.32
10778,7,5,4,1,1,1,1,0,1,0,0,0,0,1822,0,0,Jun,12,Moderate,Bangalore,BESCOM,386.42
10779,2,1,2,1,1,1,1,0,0,1,0,1,1,1171,0,0,Jul,0,Moderate,Bangalore,BESCOM,736.62
10780,5,2,6,0,1,1,0,1,0,1,1,0,0,2566,0,0,Jan,0,Moderate,Bangalore,BESCOM,538.15
10781,6,4,3,1,0,0,1,1,1,0,0,1,0,1483,0,0,Jan,0,Moderate,Bangalore,BESCOM,546.7
10782,3,2,1,0,0,0,1,0,0,0,0,0,1,591,0,0,Apr,0,Cold,Delhi,BSES Yamuna,368.17
10783,5,4,6,1,1,1,1,0,0,1,1,0,0,2488,0,0,Aug,0,Moderate,Mumbai,MSEDCL,679.77
10784,1,0,2,1,0,1,1,0,1,0,1,1,0,831,0,0,Apr,4,Moderate,Mumbai,MSEDCL,373.39
10785,1,0,2,1,1,0,1,0,1,1,0,1,0,936,0,0,Nov,0,Hot,Kolkata,CESC,767.68
10786,4,1,3,1,0,0,0,0,1,0,1,1,0,1355,0,0,Feb,0,Hot,Chennai,TANGEDCO,568.75
10787,4,0,2,1,0,0,0,0,0,0,0,0,0,1049,0,0,Jun,8,Hot,Delhi,BSES Yamuna,310.9
10788,2,0,1,0,0,0,1,0,0,0,0,0,0,494,0,0,Jan,6,Hot,Delhi,BSES Yamuna,178.38
10789,1,0,1,0,0,1,0,0,0,0,0,0,0,416,0,0,Dec,20,Hot,Delhi,BSES Yamuna,60.0
10790,3,0,2,1,0,0,1,0,0,1,0,0,0,916,0,0,Apr,8,Hot,Chennai,TANGEDCO,371.7
10791,5,4,4,1,1,1,1,1,1,0,1,1,0,1932,0,0,Jun,8,Hot,Kolkata,CESC,708.43
10792,6,4,3,0,1,1,0,0,0,0,1,0,1,1510,0,0,Dec,11,Cold,Delhi,BSES Yamuna,374.0
10793,6,3,6,1,0,1,1,0,1,1,1,0,0,2409,1,1,Jan,0,Hot,Delhi,BSES Yamuna,1177.77
10794,5,0,2,1,1,0,0,0,1,0,0,0,0,879,0,0,Jun,17,Moderate,Bangalore,BESCOM,204.72
10795,2,0,2,1,0,0,0,0,1,0,1,1,0,933,0,0,Jun,10,Hot,Kolkata,CESC,375.22
10796,4,0,2,1,0,0,0,0,0,1,0,0,0,1002,0,0,May,16,Hot,Chennai,TANGEDCO,262.87
10797,5,0,2,0,0,0,0,0,0,1,0,0,0,915,0,0,Jul,5,Hot,Chennai,TANGEDCO,218.31
10798,1,0,2,0,1,0,0,0,0,1,0,0,1,1019,0,0,Jun,11,Cold,Delhi,BSES Yamuna,286.05
10799,3,0,3,0,1,1,1,0,0,0,1,0,0,1452,0,0,Apr,0,Moderate,Bangalore,BESCOM,373.18
10800,6,4,4,1,0,1,0,0,0,1,0,0,0,1768,0,0,Aug,7,Hot,Chennai,TANGEDCO,495.97
10801,4,1,5,1,1,1,1,0,0,1,1,0,0,2334,0,1,May,9,Moderate,Bangalore,BESCOM,484.64
10802,1,0,2,0,1,1,1,0,0,0,0,0,0,1115,1,0,May,9,Hot,Kolkata,CESC,494.61
10803,6,2,4,1,0,1,1,0,1,1,1,0,0,1804,0,1,Dec,23,Hot,Delhi,BSES Yamuna,169.78
10804,2,0,2,0,0,1,0,0,0,0,1,0,0,1097,0,0,Jun,16,Moderate,Bangalore,BESCOM,88.12
10805,3,2,1,0,1,0,0,0,0,0,1,0,0,771,0,0,Sep,0,Cold,Delhi,BSES Yamuna,331.14
10806,3,1,4,1,1,1,1,1,0,0,0,0,0,1847,0,0,Oct,15,Moderate,Bangalore,BESCOM,307.91
10807,4,1,3,1,0,1,0,0,1,1,1,0,0,1564,0,0,Jun,15,Hot,Chennai,TANGEDCO,326.75
10808,4,0,2,1,0,1,0,0,0,0,0,0,0,870,0,0,Sep,4,Hot,Chennai,TANGEDCO,393.63
10809,4,2,2,0,0,0,0,1,1,0,1,0,0,955,0,0,May,22,Hot,Delhi,BSES Yamuna,99.0
10810,5,0,2,0,0,0,0,1,1,0,0,0,0,901,0,0,Apr,0,Hot,Kolkata,CESC,360.59
10811,3,1,3,1,1,0,0,0,0,0,1,1,0,1212,0,0,Jul,0,Hot,Chennai,TANGEDCO,656.89
10812,3,1,2,1,0,1,0,1,1,0,0,1,0,1070,0,0,Nov,0,Hot,Chennai,TANGEDCO,634.18
10813,7,3,6,0,0,1,1,0,0,1,0,1,0,2691,0,1,Jan,0,Hot,Kolkata,CESC,597.06
10814,1,0,1,0,0,0,1,0,0,0,0,0,0,619,0,0,Sep,7,Hot,Chennai,TANGEDCO,143.31
10815,1,0,2,0,0,1,1,0,0,0,0,0,0,814,0,0,Jan,9,Hot,Chennai,TANGEDCO,137.14
10816,1,0,2,1,0,1,0,0,0,1,1,1,0,1037,0,0,May,5,Hot,Delhi,BSES Yamuna,447.56
10817,4,3,3,1,0,0,1,0,1,0,0,1,0,1316,0,0,Jul,0,Hot,Delhi,BSES Yamuna,616.9
10818,2,0,2,1,1,0,0,0,0,1,1,0,0,1130,0,0,May,18,Moderate,Mumbai,MSEDCL,217.14
10819,2,0,3,0,1,1,1,0,0,0,1,0,1,1255,0,0,May,9,Hot,Kolkata,CESC,467.75
10820,6,3,4,1,1,1,1,0,1,1,1,0,0,1950,0,0,Apr,0,Moderate,Mumbai,MSEDCL,714.25
10821,8,1,5,1,0,1,1,1,0,1,0,0,0,2131,0,0,Dec,18,Hot,Chennai,TANGEDCO,297.08
10822,4,2,4,1,1,1,1,1,1,1,1,0,0,1825,0,1,Jun,20,Hot,Kolkata,CESC,349.91
10823,3,1,4,1,0,1,1,0,0,0,1,0,1,1907,0,1,Mar,7,Moderate,Mumbai,MSEDCL,484.0
10824,4,0,3,1,0,1,0,0,0,0,1,0,0,1593,0,0,Jan,3,Moderate,Mumbai,MSEDCL,380.57
10825,7,2,4,1,1,1,1,0,0,1,0,1,0,1821,0,0,Apr,0,Hot,Delhi,BSES Yamuna,890.65
10826,1,0,2,0,0,1,0,0,0,0,1,0,0,972,0,0,Jun,6,Hot,Chennai,TANGEDCO,175.38
10827,3,0,2,0,0,0,1,1,1,0,1,0,0,1139,0,0,Sep,6,Moderate,Mumbai,MSEDCL,269.35
10828,1,0,2,0,0,0,1,0,0,1,0,0,0,1084,0,0,Dec,18,Moderate,Mumbai,MSEDCL,83.79
10829,5,3,2,1,1,0,1,0,0,0,1,0,0,1108,0,0,Oct,18,Moderate,Bangalore,BESCOM,208.55
10830,4,3,2,1,1,1,1,0,1,0,1,0,0,956,0,0,Jun,19,Cold,Delhi,BSES Yamuna,223.16
10831,7,0,5,1,0,1,1,1,1,1,1,1,0,2150,0,1,Jul,8,Moderate,Mumbai,MSEDCL,563.77
10832,3,1,2,0,1,0,0,0,0,0,1,0,0,984,0,0,Jun,13,Cold,Delhi,BSES Yamuna,192.25
10833,3,1,1,0,0,1,0,0,0,1,0,0,0,577,0,0,May,6,Hot,Kolkata,CESC,186.19
10834,5,2,3,1,1,0,0,0,1,0,0,1,0,1220,0,0,Sep,8,Hot,Kolkata,CESC,510.24
10835,1,0,1,0,0,0,1,0,0,0,0,0,0,511,0,0,Apr,9,Hot,Delhi,BSES Yamuna,129.21
10836,3,1,1,1,0,0,1,0,1,1,0,0,0,570,0,0,May,22,Hot,Delhi,BSES Yamuna,139.94
10837,1,0,2,1,0,0,1,0,0,1,0,0,0,937,0,0,Dec,14,Hot,Chennai,TANGEDCO,247.62
10838,2,1,2,0,1,0,1,1,0,0,0,0,0,1032,0,0,Jun,13,Moderate,Mumbai,MSEDCL,196.34
10839,1,0,2,0,0,0,1,0,1,0,0,0,0,1131,0,0,May,16,Hot,Delhi,BSES Yamuna,133.54
10840,6,4,3,0,1,1,1,0,0,1,0,0,0,1229,0,0,Oct,22,Moderate,Bangalore,BESCOM,123.3
10841,4,1,3,1,1,1,1,1,0,1,0,1,1,1580,0,0,Sep,5,Hot,Kolkata,CESC,927.8
10842,1,0,2,1,0,1,0,0,0,0,1,1,0,1106,0,0,May,12,Moderate,Bangalore,BESCOM,242.99
10843,3,1,2,1,0,0,0,0,0,1,1,0,1,960,0,0,Jun,5,Hot,Kolkata,CESC,566.54
10844,4,1,2,0,0,1,0,0,0,0,0,0,0,877,0,0,Apr,8,Hot,Chennai,TANGEDCO,164.06
10845,3,0,3,1,0,0,1,0,1,0,0,1,0,1477,0,0,Feb,2,Hot,Kolkata,CESC,572.95
10846,4,2,1,0,0,0,1,0,1,0,0,0,1,719,1,0,Dec,20,Cold,Delhi,BSES Yamuna,235.86
10847,1,0,1,1,0,0,0,0,0,0,0,1,0,420,0,1,Aug,0,Hot,Kolkata,CESC,425.49
10848,2,0,3,1,0,1,1,0,1,0,0,0,0,1584,0,0,Nov,0,Hot,Chennai,TANGEDCO,588.6
10849,2,0,2,1,0,1,0,0,0,1,0,0,0,1162,0,0,Oct,16,Hot,Delhi,BSES Yamuna,236.14
10850,3,2,1,1,0,0,0,0,0,0,1,1,0,771,0,0,May,10,Hot,Delhi,BSES Yamuna,317.38
10851,5,1,2,1,0,0,0,0,0,1,0,1,0,1179,0,0,Oct,6,Hot,Kolkata,CESC,465.44
10852,8,0,5,0,1,1,1,0,0,1,1,0,1,2142,0,0,Sep,0,Moderate,Bangalore,BESCOM,683.01
10853,6,4,4,0,0,1,0,0,0,0,1,0,0,1635,0,1,May,21,Moderate,Mumbai,MSEDCL,107.21
10854,4,0,3,0,1,0,1,0,0,0,0,1,0,1502,0,0,Jun,10,Hot,Chennai,TANGEDCO,314.08
10855,3,1,2,1,0,0,1,0,0,1,0,0,0,1013,0,0,May,5,Moderate,Mumbai,MSEDCL,344.62
10856,3,2,3,0,0,1,0,0,0,1,1,0,0,1231,0,0,Apr,0,Hot,Kolkata,CESC,315.82
10857,7,0,5,1,0,1,1,1,0,1,0,1,0,2185,0,1,Feb,9,Hot,Kolkata,CESC,609.04
10858,8,3,5,1,1,1,1,1,0,0,0,0,0,2173,0,0,Jun,21,Hot,Delhi,BSES Yamuna,268.43
10859,4,3,2,1,0,1,1,0,0,0,1,0,0,853,0,0,May,17,Hot,Delhi,BSES Yamuna,248.0
10860,6,1,4,1,0,1,1,0,0,1,1,1,0,1760,0,1,Feb,0,Hot,Kolkata,CESC,762.69
10861,2,1,2,0,0,0,0,1,0,0,0,0,0,1049,0,0,Aug,0,Moderate,Bangalore,BESCOM,177.55
10862,3,1,2,0,0,0,1,0,0,0,1,0,0,1050,0,0,Aug,3,Hot,Delhi,BSES Yamuna,232.61
10863,5,3,3,1,1,1,1,1,1,0,1,1,0,1478,0,0,Apr,0,Hot,Delhi,BSES Yamuna,969.16
10864,4,2,2,0,0,1,0,0,0,0,0,1,0,970,0,0,Dec,12,Hot,Delhi,BSES Yamuna,189.8
10865,7,0,5,0,1,1,1,0,1,1,0,0,1,2182,0,0,Sep,0,Cold,Delhi,BSES Yamuna,788.16
10866,1,0,1,0,0,1,0,0,0,0,0,0,0,401,0,0,Oct,6,Hot,Delhi,BSES Yamuna,138.14
10867,5,3,3,1,0,0,1,0,1,1,0,0,0,1393,0,0,Jan,0,Hot,Kolkata,CESC,642.82
10868,6,2,4,1,0,1,0,1,0,1,0,1,0,1765,0,0,Dec,12,Hot,Kolkata,CESC,422.52
10869,7,2,4,1,0,0,1,0,1,1,1,0,0,1846,0,1,Dec,24,Hot,Chennai,TANGEDCO,174.21
10870,1,0,2,0,0,1,0,0,0,0,0,0,0,1043,0,0,Jun,5,Hot,Chennai,TANGEDCO,150.49
10871,4,3,2,0,0,0,1,0,0,0,1,0,0,909,0,0,Dec,17,Moderate,Mumbai,MSEDCL,96.92
10872,5,3,3,1,1,1,1,0,0,1,0,0,1,1579,0,0,Jun,13,Moderate,Mumbai,MSEDCL,416.47
10873,2,1,2,0,1,1,0,0,0,0,1,1,0,1122,0,0,Mar,0,Moderate,Bangalore,BESCOM,335.61
10874,5,2,5,1,0,1,1,1,1,0,1,0,0,2070,0,0,Oct,12,Hot,Delhi,BSES Yamuna,517.29
10875,3,0,4,1,0,1,1,0,0,0,0,1,1,1763,0,0,Jun,15,Hot,Kolkata,CESC,413.48
10876,5,2,2,1,0,0,0,0,0,1,0,0,0,1084,0,0,May,9,Hot,Kolkata,CESC,366.13
10877,1,0,1,1,1,0,1,0,0,1,0,0,0,774,0,0,Apr,0,Moderate,Bangalore,BESCOM,470.97
10878,1,0,1,1,0,0,0,0,0,1,0,0,0,512,0,0,Jun,5,Moderate,Bangalore,BESCOM,239.21
10879,4,3,4,1,1,1,1,1,0,1,0,0,0,1827,0,1,Jul,0,Hot,Kolkata,CESC,925.89
10880,2,0,2,1,1,0,1,0,1,0,1,0,0,1100,0,0,Oct,20,Moderate,Mumbai,MSEDCL,174.8
10881,5,3,2,0,0,0,0,0,0,1,1,0,0,815,0,0,Jun,10,Moderate,Mumbai,MSEDCL,155.31
10882,4,1,2,1,0,1,0,0,0,0,0,0,0,830,0,0,May,15,Moderate,Bangalore,BESCOM,158.89
10883,6,3,3,0,1,1,1,0,0,0,0,1,0,1361,0,0,Jun,9,Hot,Kolkata,CESC,378.86
10884,4,2,1,1,0,1,0,0,0,0,0,0,0,705,0,0,May,11,Hot,Kolkata,CESC,286.09
10885,3,0,2,0,0,1,1,0,0,0,0,1,0,992,0,0,Jul,0,Moderate,Bangalore,BESCOM,234.92
10886,5,3,5,1,1,1,1,0,1,1,1,0,0,2209,0,0,Jun,11,Hot,Kolkata,CESC,622.25
10887,5,3,4,1,1,1,1,0,1,0,1,1,0,1977,0,1,Dec,23,Moderate,Bangalore,BESCOM,158.97
10888,4,3,3,1,1,1,0,0,0,0,0,0,0,1431,0,0,Jun,10,Moderate,Mumbai,MSEDCL,335.81
10889,2,0,1,1,0,0,0,0,0,0,0,0,0,583,0,0,Jul,3,Hot,Kolkata,CESC,338.63
10890,3,0,2,1,0,1,1,1,0,0,1,0,0,814,0,0,Oct,24,Moderate,Mumbai,MSEDCL,94.12
10891,2,0,3,0,0,1,0,0,0,0,0,0,0,1504,0,0,Nov,0,Moderate,Bangalore,BESCOM,224.1
10892,4,1,2,0,0,1,1,0,0,0,1,0,0,1008,0,0,Mar,4,Hot,Chennai,TANGEDCO,295.52
10893,7,4,4,1,1,0,1,0,1,1,1,0,0,1771,0,0,May,6,Hot,Chennai,TANGEDCO,736.42
10894,3,1,3,0,1,1,0,0,0,1,1,0,0,1465,0,0,Nov,0,Moderate,Mumbai,MSEDCL,365.54
10895,1,0,1,0,0,1,1,0,0,1,0,0,0,419,0,0,Dec,14,Moderate,Bangalore,BESCOM,109.03
10896,7,3,4,0,0,1,1,0,0,1,1,1,0,1669,0,0,Apr,0,Moderate,Mumbai,MSEDCL,400.56
10897,8,5,5,1,1,1,1,0,1,1,1,0,0,2007,0,0,May,6,Moderate,Mumbai,MSEDCL,620.17
10898,4,3,1,0,0,0,0,0,0,0,0,0,0,433,0,0,May,19,Hot,Chennai,TANGEDCO,65.3
10899,6,5,3,1,0,1,0,0,0,0,1,0,0,1423,0,0,Sep,0,Hot,Kolkata,CESC,568.73
10900,3,0,2,1,0,0,1,1,0,0,1,0,0,978,0,0,Oct,5,Hot,Kolkata,CESC,505.33
10901,3,0,2,0,1,0,0,0,0,0,0,0,1,1045,0,0,May,9,Moderate,Mumbai,MSEDCL,289.03
10902,3,1,2,0,0,0,1,0,0,0,0,0,1,1059,0,0,Jul,4,Hot,Kolkata,CESC,397.68
10903,4,1,3,0,0,1,1,0,0,1,0,0,0,1307,0,0,Oct,5,Hot,Kolkata,CESC,307.55
10904,4,0,5,1,1,1,1,0,0,1,1,1,0,2241,0,0,Aug,0,Hot,Delhi,BSES Yamuna,867.12
10905,4,3,3,0,0,1,0,0,0,0,1,0,1,1223,0,0,Apr,8,Cold,Delhi,BSES Yamuna,320.06
10906,4,3,1,1,1,0,1,0,0,0,0,0,0,615,0,0,Aug,2,Hot,Chennai,TANGEDCO,598.91
10907,3,2,3,1,0,0,1,0,0,0,0,0,0,1254,0,0,Apr,0,Hot,Chennai,TANGEDCO,521.16
10908,5,2,2,1,0,0,0,0,0,0,0,0,0,825,0,0,Jul,8,Moderate,Mumbai,MSEDCL,261.44
10909,3,0,4,1,1,1,1,0,0,0,0,0,0,1880,0,0,May,7,Moderate,Mumbai,MSEDCL,404.98
10910,3,0,2,0,0,1,1,0,1,0,1,0,0,1091,0,0,Feb,4,Moderate,Mumbai,MSEDCL,257.26
10911,5,1,2,0,0,0,1,0,1,1,0,1,0,1126,0,0,Apr,3,Hot,Delhi,BSES Yamuna,406.52
10912,1,0,2,0,0,0,1,0,1,0,1,0,0,985,0,1,May,11,Moderate,Mumbai,MSEDCL,175.59
10913,6,3,3,1,1,0,0,0,1,0,0,0,0,1211,0,1,Dec,17,Moderate,Bangalore,BESCOM,240.85
10914,1,0,2,1,1,1,1,0,0,0,0,0,0,928,0,0,May,10,Hot,Delhi,BSES Yamuna,394.58
10915,5,3,3,0,1,1,1,0,0,1,0,1,0,1571,0,0,Dec,9,Hot,Delhi,BSES Yamuna,403.67
10916,1,0,2,1,0,1,1,0,0,1,0,0,0,1007,0,0,May,13,Hot,Delhi,BSES Yamuna,296.06
10917,3,0,2,0,1,1,0,1,0,1,1,0,0,932,0,0,Dec,16,Moderate,Mumbai,MSEDCL,195.31
10918,5,0,2,0,1,1,1,0,0,1,0,0,0,1138,0,0,Dec,22,Hot,Chennai,TANGEDCO,168.28
10919,8,4,5,1,1,1,1,1,0,1,0,1,0,2195,0,0,Mar,0,Moderate,Bangalore,BESCOM,767.97
10920,8,1,5,1,0,1,0,0,0,0,1,1,0,2261,0,1,Oct,10,Hot,Kolkata,CESC,477.41
10921,2,1,2,1,0,1,0,0,1,0,0,0,0,1081,0,0,Jun,22,Hot,Chennai,TANGEDCO,125.98
10922,2,1,2,0,1,0,1,0,0,0,0,0,0,1168,0,0,Jul,0,Hot,Delhi,BSES Yamuna,415.46
10923,3,2,1,1,0,0,0,0,0,0,0,0,1,502,0,0,Sep,0,Hot,Chennai,TANGEDCO,605.06
10924,5,3,3,1,0,0,1,0,1,0,0,0,0,1319,0,0,Mar,0,Moderate,Bangalore,BESCOM,488.69
10925,2,0,2,0,0,1,1,0,0,0,0,1,1,982,0,0,Sep,0,Cold,Delhi,BSES Yamuna,406.3
10926,3,0,4,1,0,1,1,0,0,1,0,1,0,1608,0,0,May,21,Hot,Kolkata,CESC,174.03
10927,6,1,5,1,1,1,0,0,1,1,0,1,0,2044,0,0,Aug,0,Moderate,Mumbai,MSEDCL,673.38
10928,4,2,2,0,0,1,0,0,1,0,0,0,1,1043,0,0,Jun,15,Cold,Delhi,BSES Yamuna,240.82
10929,1,0,2,0,0,1,0,0,1,0,1,0,0,1069,0,0,Jul,0,Moderate,Bangalore,BESCOM,196.89
10930,7,0,4,0,0,1,1,0,1,1,0,1,0,1711,0,0,Jun,9,Moderate,Mumbai,MSEDCL,316.25
10931,4,0,4,1,0,1,1,0,0,1,0,0,0,1654,0,0,Oct,16,Hot,Kolkata,CESC,267.63
10932,1,0,1,1,1,0,1,0,1,1,0,1,0,792,0,0,Oct,20,Hot,Chennai,TANGEDCO,221.83
10933,4,0,2,0,1,1,0,0,0,0,0,0,0,814,0,0,May,20,Hot,Chennai,TANGEDCO,127.32
10934,3,1,2,1,0,0,1,0,0,0,1,0,0,836,0,0,May,21,Hot,Delhi,BSES Yamuna,150.61
10935,1,0,2,1,0,1,1,0,1,1,0,1,0,977,0,1,Apr,0,Hot,Kolkata,CESC,645.98
10936,3,2,2,0,1,1,0,0,0,0,1,1,0,926,0,0,Oct,15,Moderate,Mumbai,MSEDCL,168.86
10937,1,0,1,0,0,0,0,0,0,0,0,0,0,516,0,0,Dec,16,Hot,Kolkata,CESC,60.0
10938,5,0,3,1,0,1,1,0,1,1,0,0,0,1539,0,0,Apr,5,Hot,Chennai,TANGEDCO,591.76
10939,4,1,2,0,0,0,0,0,0,0,0,0,0,871,0,0,May,13,Hot,Kolkata,CESC,100.39
10940,3,1,1,0,0,1,0,0,1,0,1,0,0,751,0,0,Sep,2,Hot,Delhi,BSES Yamuna,276.68
10941,2,1,2,0,0,0,0,0,0,0,0,0,0,910,0,0,Jun,17,Moderate,Mumbai,MSEDCL,60.0
10942,6,0,4,0,1,1,1,1,1,1,1,1,1,1748,0,0,Oct,23,Cold,Delhi,BSES Yamuna,198.69
10943,3,2,4,1,1,0,0,1,1,1,0,0,0,1784,0,0,Jan,3,Moderate,Bangalore,BESCOM,590.42
10944,1,0,2,1,0,1,1,1,0,1,0,1,1,904,0,0,Nov,4,Hot,Chennai,TANGEDCO,712.17
10945,1,0,2,0,0,0,1,0,0,1,0,0,0,946,0,0,Feb,0,Moderate,Mumbai,MSEDCL,208.62
10946,8,2,5,1,0,1,1,0,0,0,1,0,0,2220,0,0,May,6,Hot,Kolkata,CESC,560.27
10947,4,2,2,1,0,1,0,0,1,1,0,0,0,1113,0,0,May,13,Hot,Kolkata,CESC,339.56
10948,4,0,2,1,0,1,0,1,1,0,0,0,1,1150,0,0,Nov,0,Hot,Chennai,TANGEDCO,847.26
10949,1,0,2,0,1,0,0,0,0,1,1,0,0,1173,0,0,May,18,Hot,Chennai,TANGEDCO,160.09
10950,2,0,2,1,0,0,0,0,0,1,1,0,0,805,0,0,May,24,Hot,Delhi,BSES Yamuna,82.15
10951,2,0,2,0,0,1,1,0,0,1,1,1,1,1059,0,0,Oct,20,Moderate,Bangalore,BESCOM,147.57
10952,6,3,4,1,0,1,1,0,1,0,1,0,0,1898,0,0,Jun,15,Moderate,Bangalore,BESCOM,270.54
10953,5,4,3,0,1,1,1,1,0,1,1,1,0,1548,0,0,Oct,20,Hot,Kolkata,CESC,255.28
10954,3,1,2,1,0,0,0,0,0,0,1,0,0,841,0,0,Jul,4,Hot,Chennai,TANGEDCO,385.19
10955,7,5,5,0,1,1,0,0,0,1,1,0,1,2258,0,0,Feb,0,Cold,Delhi,BSES Yamuna,682.27
10956,3,1,1,0,0,0,0,0,0,0,0,1,0,784,0,0,May,7,Moderate,Mumbai,MSEDCL,119.84
10957,1,0,2,1,0,0,0,0,0,0,0,0,0,1070,0,0,Apr,8,Hot,Delhi,BSES Yamuna,310.11
10958,6,3,3,1,0,1,0,0,1,1,0,0,0,1246,0,0,Feb,4,Hot,Kolkata,CESC,561.19
10959,5,3,3,1,0,0,1,0,1,1,0,0,0,1284,0,0,May,8,Hot,Kolkata,CESC,480.31
10960,4,0,1,1,0,0,0,0,0,1,0,0,0,573,0,0,Nov,4,Moderate,Bangalore,BESCOM,296.33
10961,1,0,2,0,1,0,0,0,0,0,1,0,0,857,0,0,Mar,0,Hot,Kolkata,CESC,340.26
10962,4,2,3,1,1,1,1,0,0,0,0,1,0,1398,0,0,Jan,8,Moderate,Bangalore,BESCOM,421.72
10963,5,4,3,0,0,1,1,1,0,0,0,1,0,1408,0,0,Nov,4,Moderate,Mumbai,MSEDCL,292.87
10964,3,2,3,1,1,1,1,1,0,1,1,0,0,1447,0,0,Jun,14,Moderate,Mumbai,MSEDCL,367.64
10965,2,0,2,0,0,0,1,0,1,0,0,1,0,1010,0,0,Jun,23,Moderate,Mumbai,MSEDCL,60.0
10966,2,1,1,0,0,1,0,1,0,0,0,0,0,438,0,0,Nov,0,Moderate,Mumbai,MSEDCL,211.7
10967,5,2,2,0,1,0,1,0,1,1,1,0,0,1051,0,0,Aug,0,Moderate,Bangalore,BESCOM,422.72
10968,1,0,1,0,0,0,0,0,0,0,0,1,0,530,0,0,Oct,8,Moderate,Mumbai,MSEDCL,81.41
10969,7,4,5,0,1,1,1,0,1,1,1,0,1,2290,1,0,Sep,0,Cold,Delhi,BSES Yamuna,1072.07
10970,4,2,2,0,0,0,0,0,0,0,0,0,0,1049,0,0,Jun,15,Cold,Delhi,BSES Yamuna,80.18
10971,4,1,2,0,1,0,0,1,1,0,0,0,0,851,0,0,Jul,0,Moderate,Bangalore,BESCOM,405.23
10972,6,1,3,1,1,1,1,0,0,0,1,1,0,1573,0,0,Jun,7,Hot,Chennai,TANGEDCO,640.25
10973,4,1,2,1,0,1,0,0,0,0,0,0,0,813,0,0,May,5,Moderate,Bangalore,BESCOM,300.72
10974,1,0,2,0,0,0,1,0,0,0,0,0,0,955,0,0,May,24,Moderate,Mumbai,MSEDCL,60.0
10975,5,3,4,1,0,0,0,0,1,0,1,1,0,1629,0,0,Apr,4,Hot,Kolkata,CESC,544.15
10976,4,3,4,0,1,1,0,0,0,1,0,0,0,1689,0,0,May,16,Moderate,Mumbai,MSEDCL,173.99
10977,3,0,3,0,0,1,0,0,1,0,1,0,1,1590,0,0,Jun,23,Cold,Delhi,BSES Yamuna,116.69
10978,4,3,1,0,0,0,0,0,0,0,1,0,0,566,0,0,Jun,18,Hot,Kolkata,CESC,60.0
10979,2,0,3,0,0,1,1,0,0,0,1,1,0,1550,0,0,Jul,0,Hot,Delhi,BSES Yamuna,369.01
10980,5,4,3,0,0,1,1,0,1,0,0,0,0,1268,0,0,Oct,14,Hot,Delhi,BSES Yamuna,210.38
10981,2,1,1,1,1,0,0,0,0,0,0,0,0,562,0,0,Jul,9,Moderate,Mumbai,MSEDCL,263.47
10982,5,2,2,1,0,1,1,0,0,1,0,1,0,1041,0,1,Apr,0,Moderate,Bangalore,BESCOM,522.29
10983,6,4,4,1,0,1,1,0,0,1,1,1,0,1982,0,1,Jan,4,Hot,Kolkata,CESC,690.01
10984,2,1,1,1,0,1,1,0,1,0,0,1,0,451,0,0,Apr,0,Hot,Kolkata,CESC,582.0
10985,5,0,3,1,1,1,1,0,0,0,0,0,1,1341,0,0,Nov,0,Moderate,Bangalore,BESCOM,702.72
10986,2,1,2,0,0,1,0,0,0,1,0,0,0,862,0,0,Jun,17,Cold,Delhi,BSES Yamuna,94.49
10987,2,0,2,0,0,1,1,0,0,0,1,1,0,1091,0,0,Oct,10,Moderate,Bangalore,BESCOM,175.81
10988,1,0,1,1,0,1,0,0,0,0,0,1,0,490,0,0,Apr,0,Hot,Delhi,BSES Yamuna,418.58
10989,4,0,4,1,1,1,0,0,0,0,1,1,0,1751,0,0,Aug,0,Moderate,Mumbai,MSEDCL,574.98
10990,4,1,2,0,1,0,1,1,1,1,0,0,0,956,0,0,Aug,0,Hot,Chennai,TANGEDCO,617.99
10991,2,0,3,1,1,1,1,0,0,0,1,0,0,1508,0,0,Oct,21,Moderate,Bangalore,BESCOM,147.43
10992,6,0,3,1,1,0,1,1,0,0,0,1,0,1564,0,0,Jun,18,Moderate,Bangalore,BESCOM,269.87
10993,2,1,3,0,0,1,0,0,0,1,1,0,0,1349,0,0,Sep,8,Moderate,Mumbai,MSEDCL,192.95
10994,7,2,5,1,1,1,1,1,0,0,1,0,0,2327,0,1,Nov,0,Hot,Delhi,BSES Yamuna,982.66
10995,6,4,3,1,1,1,1,1,0,1,0,0,0,1470,0,0,Dec,14,Moderate,Mumbai,MSEDCL,363.57
10996,1,0,2,1,0,1,0,0,1,0,1,0,0,1168,0,0,Mar,0,Hot,Kolkata,CESC,521.02
10997,8,5,5,1,1,1,1,1,1,1,1,1,0,2068,0,0,Jun,24,Hot,Chennai,TANGEDCO,191.18
10998,5,0,3,1,0,1,0,1,0,0,1,0,0,1315,0,0,Mar,0,Hot,Kolkata,CESC,638.31
10999,5,3,2,1,0,0,0,0,1,0,0,1,0,991,0,0,Nov,0,Hot,Chennai,TANGEDCO,548.88
11000,3,1,1,0,0,0,0,0,0,1,0,0,0,403,0,0,Dec,12,Cold,Delhi,BSES Yamuna,110.92
11001,6,0,4,1,0,1,1,0,0,1,1,0,0,1674,0,0,May,12,Hot,Kolkata,CESC,427.49
11002,5,2,2,0,1,1,0,1,0,0,0,1,1,1097,0,0,Dec,19,Cold,Delhi,BSES Yamuna,210.08
11003,6,2,3,1,0,1,1,0,0,0,0,0,0,1440,0,0,Sep,6,Hot,Chennai,TANGEDCO,479.28
11004,2,1,2,0,0,0,1,0,0,1,0,0,0,829,0,0,Jul,0,Moderate,Bangalore,BESCOM,209.71
11005,4,3,2,0,0,0,0,0,1,0,0,0,0,942,0,0,Jun,24,Hot,Chennai,TANGEDCO,60.0
11006,4,0,3,0,1,1,1,0,0,0,0,0,0,1525,0,0,May,6,Moderate,Bangalore,BESCOM,326.09
11007,2,1,1,0,0,0,0,0,0,0,0,0,0,582,0,0,Dec,24,Moderate,Bangalore,BESCOM,60.0
11008,5,2,2,0,0,0,0,1,1,1,0,0,0,815,0,0,Apr,0,Hot,Chennai,TANGEDCO,397.09
11009,2,0,3,0,0,1,1,0,0,1,1,0,0,1310,0,0,Oct,9,Moderate,Mumbai,MSEDCL,188.43
11010,2,0,2,0,1,0,0,0,1,1,1,0,1,1159,0,1,May,23,Cold,Delhi,BSES Yamuna,133.94
11011,3,0,3,1,1,0,1,0,0,1,0,0,0,1400,0,0,Sep,4,Moderate,Mumbai,MSEDCL,473.67
11012,7,2,4,1,1,1,1,1,0,1,1,0,0,1706,0,0,Apr,8,Hot,Chennai,TANGEDCO,693.42
11013,4,1,3,1,0,1,1,0,1,1,0,0,0,1578,0,0,May,18,Hot,Chennai,TANGEDCO,281.64
11014,2,0,1,0,0,0,0,0,1,0,0,0,0,561,0,0,Nov,0,Hot,Kolkata,CESC,206.48
11015,2,1,2,0,1,0,0,0,0,0,1,1,0,1082,0,0,Jun,12,Moderate,Bangalore,BESCOM,195.97
11016,5,2,3,1,0,1,0,0,1,0,1,0,0,1468,0,0,May,22,Hot,Chennai,TANGEDCO,143.81
11017,8,5,5,1,1,1,0,0,1,1,1,0,0,2154,0,0,Sep,7,Hot,Kolkata,CESC,733.5
11018,7,1,4,1,0,1,1,0,0,1,1,1,0,1672,0,0,May,7,Hot,Delhi,BSES Yamuna,591.7
11019,5,4,4,1,0,1,1,0,1,1,1,0,0,1796,0,0,May,7,Hot,Chennai,TANGEDCO,615.38
11020,4,1,2,0,0,0,0,0,0,0,0,0,0,1042,0,0,Jun,18,Hot,Kolkata,CESC,108.76
11021,4,0,2,0,0,1,0,0,0,0,1,0,0,885,0,0,Dec,17,Moderate,Bangalore,BESCOM,81.79
11022,3,0,2,1,0,0,0,1,0,0,0,0,0,1086,0,0,Oct,13,Moderate,Mumbai,MSEDCL,219.56
11023,1,0,2,0,0,0,0,0,0,1,1,0,0,1058,0,0,Jan,9,Hot,Chennai,TANGEDCO,222.37
11024,4,0,1,0,0,0,1,0,0,0,0,0,0,685,0,0,Sep,0,Hot,Chennai,TANGEDCO,225.09
11025,7,5,5,1,0,1,1,1,0,1,1,0,0,2148,0,0,Jun,17,Hot,Chennai,TANGEDCO,381.89
11026,1,0,2,0,0,1,0,0,0,1,1,0,1,1154,0,0,Apr,0,Cold,Delhi,BSES Yamuna,411.39
11027,1,0,2,1,0,0,1,0,0,0,1,0,0,1189,0,0,Oct,24,Hot,Chennai,TANGEDCO,101.41
11028,1,0,1,0,0,0,0,0,0,0,0,0,0,589,0,0,May,22,Hot,Chennai,TANGEDCO,60.0
11029,8,3,5,1,1,1,1,0,0,0,1,0,1,2216,0,0,May,20,Moderate,Mumbai,MSEDCL,265.39
11030,3,0,3,1,0,1,1,0,0,1,1,1,0,1554,0,0,Feb,0,Hot,Chennai,TANGEDCO,671.65
11031,6,4,3,1,0,0,1,0,0,1,1,0,0,1285,0,0,Dec,13,Hot,Kolkata,CESC,349.6
11032,6,1,4,0,1,1,1,1,0,0,0,1,1,1815,0,1,Sep,3,Cold,Delhi,BSES Yamuna,685.5
11033,4,0,2,0,0,0,0,0,1,1,1,1,0,1119,0,0,Mar,0,Moderate,Mumbai,MSEDCL,290.66
11034,2,1,3,1,0,1,1,0,0,0,0,1,0,1317,0,1,May,6,Hot,Kolkata,CESC,476.36
11035,4,2,1,0,0,0,0,0,0,1,0,1,0,769,0,0,May,21,Hot,Kolkata,CESC,73.82
11036,5,1,2,0,1,1,0,0,0,0,0,0,0,886,0,1,Jan,0,Moderate,Bangalore,BESCOM,352.47
11037,7,4,4,1,1,1,1,0,0,0,1,0,0,1639,0,0,Nov,0,Moderate,Mumbai,MSEDCL,621.96
11038,6,1,3,1,1,1,1,0,1,1,0,0,0,1360,0,0,Oct,5,Moderate,Bangalore,BESCOM,538.61
11039,3,1,2,0,0,1,0,0,0,0,1,1,0,990,0,0,Dec,24,Hot,Kolkata,CESC,60.0
11040,4,3,2,1,0,0,1,0,1,0,1,0,0,824,0,0,Apr,0,Moderate,Mumbai,MSEDCL,434.46
11041,3,1,3,1,1,1,0,0,0,1,1,1,0,1351,0,0,Jul,0,Hot,Delhi,BSES Yamuna,770.39
11042,4,3,1,0,0,1,1,0,0,0,1,0,0,494,0,1,Mar,4,Moderate,Bangalore,BESCOM,231.37
11043,4,3,2,1,0,0,0,1,0,0,0,0,0,845,0,0,May,12,Moderate,Mumbai,MSEDCL,226.36
11044,3,2,2,1,1,1,0,0,1,0,0,0,0,937,0,0,Oct,6,Moderate,Bangalore,BESCOM,402.99
11045,4,2,2,1,1,1,0,0,0,1,1,0,0,1087,0,0,Jan,0,Hot,Chennai,TANGEDCO,713.98
11046,3,2,4,1,1,1,1,0,0,0,1,1,0,1952,0,1,May,18,Moderate,Bangalore,BESCOM,281.85
11047,5,4,2,0,1,0,1,0,0,1,0,0,0,963,0,0,May,9,Moderate,Mumbai,MSEDCL,287.1
11048,5,3,2,1,0,1,1,0,1,0,0,0,0,1199,0,0,Jul,3,Hot,Kolkata,CESC,571.41
11049,4,0,3,0,0,1,0,0,0,1,0,0,0,1215,0,1,Apr,0,Hot,Chennai,TANGEDCO,368.47
11050,7,3,4,1,0,0,1,0,0,1,1,0,0,1617,0,0,Apr,0,Hot,Kolkata,CESC,710.37
11051,1,0,2,1,0,0,0,0,0,0,0,0,0,935,0,0,Jul,7,Hot,Chennai,TANGEDCO,270.81
11052,3,0,1,0,0,1,1,0,0,0,0,1,0,646,0,0,Jun,17,Hot,Delhi,BSES Yamuna,130.54
11053,2,0,2,0,0,0,0,0,0,0,1,0,0,1047,0,0,Sep,0,Hot,Chennai,TANGEDCO,199.68
11054,6,0,3,0,1,1,1,1,0,1,0,1,0,1530,0,0,Apr,0,Moderate,Bangalore,BESCOM,520.54
11055,5,0,3,1,1,1,1,0,0,1,0,0,0,1397,0,0,Jan,0,Hot,Chennai,TANGEDCO,801.06
11056,3,2,4,0,1,1,1,1,0,1,1,0,0,1600,0,0,Oct,8,Moderate,Mumbai,MSEDCL,369.28
11057,4,3,5,1,1,1,1,0,1,1,1,1,0,2189,0,0,Apr,0,Moderate,Bangalore,BESCOM,722.37
11058,6,5,3,1,0,1,1,0,0,0,1,1,0,1580,0,0,May,21,Hot,Delhi,BSES Yamuna,208.57
11059,3,1,3,1,1,1,1,0,0,1,0,1,0,1493,0,0,May,14,Hot,Delhi,BSES Yamuna,416.29
11060,4,0,2,0,0,1,1,1,0,0,0,0,0,844,0,0,Apr,0,Moderate,Bangalore,BESCOM,298.13
11061,2,0,1,1,0,1,0,0,0,0,0,0,0,736,0,0,Jun,11,Hot,Chennai,TANGEDCO,275.07
11062,6,4,6,1,0,1,0,0,1,1,1,1,0,2784,0,0,Nov,7,Hot,Chennai,TANGEDCO,638.2
11063,5,3,2,0,1,0,0,0,0,1,0,0,0,831,0,0,May,5,Moderate,Bangalore,BESCOM,302.24
11064,4,0,2,0,1,1,0,0,0,0,1,0,1,1191,0,0,Jun,17,Cold,Delhi,BSES Yamuna,217.25
11065,6,4,3,1,0,0,1,1,0,1,1,0,0,1317,0,0,May,11,Hot,Delhi,BSES Yamuna,476.1
11066,5,0,2,1,1,1,1,0,0,1,1,1,0,1095,0,0,Dec,13,Moderate,Bangalore,BESCOM,354.23
11067,2,0,3,1,1,0,1,0,1,0,0,0,0,1383,0,0,Apr,0,Moderate,Mumbai,MSEDCL,533.09
11068,6,5,3,1,0,1,1,0,1,1,0,1,0,1390,0,0,Mar,0,Hot,Kolkata,CESC,769.3
11069,3,1,2,1,1,0,1,0,0,0,0,0,0,1034,0,0,Mar,0,Moderate,Mumbai,MSEDCL,485.66
11070,6,2,4,0,0,1,1,0,0,1,1,0,0,1837,0,0,May,18,Moderate,Mumbai,MSEDCL,105.76
11071,1,0,2,1,1,0,0,0,0,1,0,1,0,1015,0,0,Jun,19,Moderate,Mumbai,MSEDCL,146.93
11072,4,3,2,1,0,0,1,0,0,0,0,0,0,873,0,0,Jul,8,Moderate,Mumbai,MSEDCL,283.83
11073,2,1,3,1,0,0,1,0,1,0,1,0,0,1310,0,0,Jun,5,Hot,Kolkata,CESC,476.79
11074,4,3,3,1,1,1,1,0,1,0,0,0,0,1302,0,0,Nov,0,Hot,Kolkata,CESC,776.05
11075,6,2,3,1,1,1,1,1,0,0,1,0,0,1558,0,0,May,24,Hot,Chennai,TANGEDCO,174.72
11076,1,0,2,0,0,1,0,0,0,1,0,0,1,873,0,0,Aug,3,Cold,Delhi,BSES Yamuna,308.32
11077,2,1,3,1,0,1,1,0,1,1,1,1,0,1451,0,0,May,8,Moderate,Mumbai,MSEDCL,416.46
11078,1,0,2,0,1,0,1,1,1,0,0,0,1,913,0,0,Jul,0,Moderate,Bangalore,BESCOM,554.07
11079,6,5,5,0,1,1,1,1,0,1,1,0,0,2378,0,0,Nov,2,Moderate,Mumbai,MSEDCL,573.33
11080,4,0,2,1,0,1,0,0,0,1,0,0,0,1112,0,0,Dec,10,Hot,Chennai,TANGEDCO,348.09
11081,4,1,3,0,0,1,1,0,1,0,0,1,0,1529,0,0,Aug,0,Moderate,Bangalore,BESCOM,325.21
11082,1,0,1,1,0,0,0,1,1,0,1,0,0,738,0,0,Nov,0,Hot,Kolkata,CESC,531.71
11083,1,0,2,0,1,0,0,0,0,0,0,0,1,1037,0,0,Jul,7,Cold,Delhi,BSES Yamuna,323.72
11084,5,3,2,1,0,0,1,0,0,1,0,1,0,972,0,0,Dec,12,Hot,Chennai,TANGEDCO,373.26
11085,5,4,4,0,0,1,1,0,0,0,1,1,0,1678,0,0,Oct,20,Hot,Chennai,TANGEDCO,130.63
11086,4,0,3,1,0,1,0,1,1,0,1,1,0,1585,0,0,Mar,3,Hot,Delhi,BSES Yamuna,643.4
11087,5,0,5,0,1,1,1,1,0,1,0,1,0,2092,0,0,May,9,Moderate,Bangalore,BESCOM,393.07
11088,4,0,2,1,0,1,1,0,0,1,0,0,0,849,0,0,May,14,Hot,Kolkata,CESC,295.08
11089,2,0,2,1,0,1,1,0,0,1,0,0,0,1084,0,0,Jan,3,Hot,Chennai,TANGEDCO,507.28
11090,2,1,1,0,0,1,1,0,1,0,0,0,0,622,0,0,May,24,Moderate,Mumbai,MSEDCL,60.0
11091,4,3,4,1,0,1,1,0,1,0,1,1,0,1680,0,0,Mar,0,Hot,Chennai,TANGEDCO,734.42
11092,4,2,2,0,1,1,1,0,0,1,0,1,0,1065,0,0,Jan,0,Moderate,Bangalore,BESCOM,456.64
11093,7,3,4,0,1,1,1,0,0,1,0,0,0,1754,0,0,May,23,Moderate,Bangalore,BESCOM,119.72
11094,7,0,4,0,1,1,1,0,0,1,1,0,1,1972,0,0,Apr,0,Cold,Delhi,BSES Yamuna,738.5
11095,7,0,5,1,1,1,1,0,1,1,1,0,0,2232,0,1,Nov,8,Moderate,Mumbai,MSEDCL,580.93
11096,5,3,3,1,0,1,1,1,1,0,0,0,0,1598,0,0,Oct,8,Hot,Kolkata,CESC,545.0
11097,4,2,3,0,1,1,1,0,0,1,0,1,0,1515,0,0,Dec,15,Moderate,Mumbai,MSEDCL,233.61
11098,4,2,3,1,1,1,1,0,1,0,0,1,0,1435,0,0,Oct,9,Hot,Kolkata,CESC,572.98
11099,3,2,1,1,0,0,1,0,1,0,0,0,0,558,0,0,Aug,0,Moderate,Bangalore,BESCOM,421.75
11100,4,0,3,0,1,0,0,0,1,0,0,0,0,1515,0,1,Jun,17,Moderate,Mumbai,MSEDCL,164.47
11101,2,1,1,0,0,0,0,0,0,0,0,0,0,650,0,1,Feb,0,Hot,Kolkata,CESC,193.8
11102,1,0,2,0,1,0,1,0,0,0,1,0,0,1113,0,0,May,11,Hot,Chennai,TANGEDCO,249.28
11103,1,0,2,0,0,0,1,0,1,0,1,0,0,1100,0,0,Aug,0,Hot,Chennai,TANGEDCO,331.75
11104,5,0,2,0,0,1,0,0,1,0,0,0,0,1179,0,0,May,15,Hot,Chennai,TANGEDCO,158.7
11105,1,0,2,1,0,0,0,0,0,1,0,0,0,1081,0,0,May,13,Hot,Chennai,TANGEDCO,254.34
11106,1,0,2,1,0,0,0,0,1,0,0,0,0,901,0,0,Mar,0,Hot,Kolkata,CESC,440.27
11107,4,3,3,1,0,1,1,1,0,0,1,0,0,1250,0,0,Feb,0,Moderate,Mumbai,MSEDCL,514.31
11108,3,2,1,0,0,1,0,0,0,0,0,0,0,451,0,0,Apr,0,Moderate,Bangalore,BESCOM,126.92
11109,5,0,3,1,0,1,1,0,0,1,0,0,0,1408,0,0,Oct,9,Moderate,Bangalore,BESCOM,354.82
11110,3,1,2,1,1,0,1,0,0,0,0,0,0,1106,0,0,Jul,0,Hot,Kolkata,CESC,608.94
11111,5,0,3,1,0,0,1,0,0,0,0,1,0,1330,0,0,May,16,Hot,Chennai,TANGEDCO,265.13
11112,5,2,3,1,1,1,1,0,1,0,0,0,0,1469,0,0,Feb,0,Moderate,Mumbai,MSEDCL,599.85
11113,2,0,3,0,1,1,0,0,0,0,0,0,0,1404,0,0,Apr,5,Moderate,Mumbai,MSEDCL,244.79
11114,4,3,3,1,0,1,0,0,1,1,0,0,0,1418,0,1,May,14,Hot,Delhi,BSES Yamuna,346.86
11115,1,0,2,0,0,1,0,0,1,0,1,0,1,1056,0,0,Apr,6,Cold,Delhi,BSES Yamuna,322.58
11116,4,3,3,1,0,1,0,0,1,1,0,0,0,1384,0,0,Sep,7,Hot,Delhi,BSES Yamuna,507.87
11117,1,0,2,1,0,0,0,0,0,0,0,0,0,944,0,0,Sep,0,Hot,Kolkata,CESC,391.36
11118,1,0,2,0,0,1,0,0,0,0,1,0,0,977,0,0,Mar,2,Hot,Chennai,TANGEDCO,204.79
11119,2,0,3,1,1,1,0,0,0,0,0,0,0,1213,0,0,Aug,3,Moderate,Mumbai,MSEDCL,427.55
11120,2,1,1,0,0,1,0,0,0,0,0,1,0,645,0,0,Jun,21,Hot,Kolkata,CESC,60.0
11121,6,3,3,1,0,1,1,0,0,0,1,0,0,1386,0,0,Dec,6,Hot,Chennai,TANGEDCO,471.48
11122,2,0,3,1,0,1,1,1,0,0,0,0,0,1536,0,0,Sep,0,Hot,Chennai,TANGEDCO,634.84
11123,2,1,2,1,0,0,1,1,0,1,0,1,0,1058,0,0,Jun,20,Hot,Chennai,TANGEDCO,210.84
11124,2,0,1,1,1,1,0,0,0,0,0,0,0,753,0,0,Jun,10,Hot,Chennai,TANGEDCO,406.45
11125,2,1,1,0,0,1,0,0,0,0,0,0,0,439,0,0,Apr,0,Moderate,Bangalore,BESCOM,136.25
11126,7,5,5,0,1,1,1,0,0,1,1,1,1,2088,0,0,Oct,18,Cold,Delhi,BSES Yamuna,307.16
11127,2,1,3,0,0,1,1,0,0,0,0,0,0,1324,0,0,Jun,17,Hot,Kolkata,CESC,123.18
11128,3,2,1,0,0,1,1,0,0,0,0,0,0,750,0,0,Jun,15,Hot,Delhi,BSES Yamuna,158.84
11129,2,1,2,0,0,1,0,0,0,0,1,0,0,808,0,0,Jun,12,Moderate,Mumbai,MSEDCL,97.09
11130,5,0,3,0,1,1,1,0,1,1,1,0,0,1549,0,0,May,6,Moderate,Mumbai,MSEDCL,419.61
11131,4,1,4,1,1,1,1,0,1,0,1,1,0,1683,0,0,Oct,23,Moderate,Bangalore,BESCOM,158.39
11132,3,0,1,0,0,0,0,0,0,0,1,0,1,420,0,0,Oct,5,Hot,Delhi,BSES Yamuna,334.69
11133,5,1,2,1,0,1,0,0,0,0,0,0,0,1080,0,0,May,19,Hot,Kolkata,CESC,216.28
11134,3,0,4,1,1,1,1,1,0,0,1,1,0,1957,0,1,May,13,Moderate,Mumbai,MSEDCL,374.01
11135,1,0,1,0,1,1,0,0,0,1,1,0,0,777,0,0,Apr,0,Moderate,Bangalore,BESCOM,304.01
11136,5,4,2,1,0,1,1,0,0,0,0,0,0,971,0,0,Apr,7,Hot,Kolkata,CESC,441.55
11137,6,5,5,1,0,1,1,0,0,1,1,0,0,2024,0,0,May,6,Hot,Chennai,TANGEDCO,585.72
11138,4,1,3,0,1,1,1,0,0,0,1,0,1,1592,0,0,Nov,0,Cold,Delhi,BSES Yamuna,623.06
11139,3,1,2,0,0,1,1,1,0,0,0,0,0,902,0,0,Jun,6,Hot,Delhi,BSES Yamuna,275.99
11140,4,3,1,0,0,1,1,1,0,1,1,1,0,589,0,0,Jun,21,Hot,Delhi,BSES Yamuna,140.43
11141,2,0,1,1,0,0,1,0,1,0,0,0,0,635,0,0,Nov,0,Hot,Chennai,TANGEDCO,476.0
11142,1,0,2,0,1,0,0,1,0,1,1,1,0,1112,0,0,Sep,0,Moderate,Mumbai,MSEDCL,371.47
11143,5,1,4,1,1,1,1,0,0,1,0,0,0,1636,0,0,Jan,7,Moderate,Bangalore,BESCOM,498.87
11144,1,0,2,1,0,1,0,0,0,1,0,0,0,1071,0,0,Mar,0,Hot,Delhi,BSES Yamuna,467.34
11145,2,0,3,1,1,0,1,0,0,1,0,0,0,1492,0,1,Apr,0,Moderate,Mumbai,MSEDCL,587.53
11146,3,2,4,1,0,1,1,0,1,1,1,0,0,1931,0,0,May,9,Hot,Chennai,TANGEDCO,502.46
11147,3,0,2,1,1,0,0,0,1,1,0,0,0,951,0,0,Oct,18,Moderate,Bangalore,BESCOM,213.36
11148,3,1,2,0,0,1,1,0,0,1,0,0,0,1081,0,0,Sep,0,Moderate,Bangalore,BESCOM,267.61
11149,3,2,3,1,0,1,1,0,0,0,1,0,0,1219,0,0,Mar,0,Hot,Chennai,TANGEDCO,553.57
11150,5,2,4,1,0,1,1,0,0,1,0,0,0,1736,0,0,Jun,16,Hot,Chennai,TANGEDCO,318.55
11151,5,0,4,1,1,1,1,0,0,0,1,1,0,1958,0,0,Mar,2,Moderate,Bangalore,BESCOM,626.63
11152,1,0,1,0,0,0,0,0,1,1,0,0,0,428,0,0,Apr,0,Hot,Chennai,TANGEDCO,240.27
11153,3,0,3,1,0,1,1,0,1,1,0,1,0,1230,0,0,Apr,0,Moderate,Bangalore,BESCOM,503.38
11154,6,2,3,0,1,1,1,0,1,0,0,0,0,1218,0,1,Nov,0,Moderate,Bangalore,BESCOM,480.46
11155,5,3,4,1,1,0,1,0,1,1,1,0,0,1747,0,0,May,22,Moderate,Bangalore,BESCOM,198.93
11156,2,1,1,0,0,0,0,0,0,0,0,0,0,682,0,0,Nov,6,Moderate,Bangalore,BESCOM,82.02
11157,4,1,3,0,0,1,1,0,0,0,1,0,0,1549,0,0,Sep,0,Hot,Kolkata,CESC,376.96
11158,7,0,4,1,1,1,1,1,0,1,0,0,0,1940,0,0,Aug,0,Hot,Chennai,TANGEDCO,932.45
11159,1,0,2,0,0,0,1,1,0,1,1,0,0,1099,0,0,Oct,11,Hot,Chennai,TANGEDCO,229.13
11160,2,0,2,0,0,0,1,0,0,0,0,0,0,962,0,0,Feb,0,Hot,Kolkata,CESC,220.62
11161,1,0,1,0,0,0,1,0,0,0,0,1,0,512,0,0,Oct,14,Hot,Chennai,TANGEDCO,110.75
11162,4,2,2,0,0,1,0,1,0,0,0,0,0,949,0,0,May,15,Hot,Kolkata,CESC,180.1
11163,3,0,2,1,0,0,1,0,0,1,1,0,0,1129,0,0,Dec,10,Moderate,Mumbai,MSEDCL,289.92
11164,7,2,5,0,1,1,1,0,1,1,1,1,0,2254,0,0,Oct,13,Moderate,Bangalore,BESCOM,334.88
11165,3,2,2,0,1,0,1,0,0,0,0,0,0,886,0,1,Dec,10,Hot,Kolkata,CESC,307.64
11166,4,3,2,1,0,0,1,1,1,1,1,1,0,1198,0,0,Nov,0,Hot,Chennai,TANGEDCO,762.98
11167,6,4,3,1,0,1,1,0,0,1,1,0,0,1549,0,0,May,11,Hot,Chennai,TANGEDCO,453.88
11168,3,0,2,0,1,0,1,0,0,0,0,1,1,897,0,0,Nov,8,Cold,Delhi,BSES Yamuna,368.54
11169,3,2,2,0,0,1,1,0,0,0,0,1,0,1196,0,0,May,19,Hot,Kolkata,CESC,118.79
11170,5,4,3,1,0,1,0,0,0,1,1,0,0,1331,0,0,Jul,0,Moderate,Mumbai,MSEDCL,488.91
11171,4,3,4,0,1,1,1,0,1,0,1,0,0,1911,0,1,Oct,8,Moderate,Bangalore,BESCOM,347.32
11172,5,4,3,0,0,0,0,0,0,1,0,1,0,1296,0,0,May,13,Hot,Chennai,TANGEDCO,182.93
11173,4,3,3,1,1,1,0,1,1,1,1,1,0,1297,0,0,Apr,6,Moderate,Bangalore,BESCOM,541.7
11174,4,1,1,0,1,0,0,0,1,0,0,1,0,689,0,0,Oct,23,Moderate,Mumbai,MSEDCL,85.69
11175,6,2,5,1,1,1,1,0,1,1,1,0,0,2355,1,1,Mar,5,Moderate,Bangalore,BESCOM,865.69
11176,3,0,1,0,0,0,0,0,0,0,1,0,0,626,0,0,May,15,Hot,Delhi,BSES Yamuna,75.61
11177,3,0,3,0,0,0,1,0,1,1,1,0,0,1344,0,0,Jun,20,Moderate,Bangalore,BESCOM,103.1
11178,1,0,2,0,0,0,0,0,0,0,0,1,0,955,0,0,Oct,7,Hot,Kolkata,CESC,105.88
11179,5,3,5,0,1,1,1,0,1,1,0,0,0,2269,0,1,Oct,24,Moderate,Bangalore,BESCOM,112.47
11180,2,1,3,0,1,1,1,1,1,0,0,0,0,1361,0,0,Jun,13,Hot,Delhi,BSES Yamuna,342.2
11181,4,0,3,0,0,1,1,0,1,1,0,0,0,1311,0,0,Jun,8,Hot,Chennai,TANGEDCO,337.14
11182,5,3,2,0,0,1,1,0,1,0,0,0,0,1130,0,0,Oct,5,Moderate,Mumbai,MSEDCL,270.85
11183,5,4,2,0,0,1,1,0,0,0,0,0,0,984,1,0,May,19,Moderate,Bangalore,BESCOM,191.5
11184,5,0,3,1,0,0,0,0,0,0,1,0,0,1404,0,0,Jun,6,Hot,Chennai,TANGEDCO,401.81
11185,3,0,3,1,0,1,0,0,1,0,0,0,0,1296,0,0,Jan,8,Hot,Kolkata,CESC,407.22
11186,4,2,1,0,0,1,0,0,0,0,0,0,0,776,0,0,Dec,22,Hot,Chennai,TANGEDCO,71.83
11187,5,0,5,0,1,0,1,0,0,1,1,0,0,2054,0,0,Jun,19,Moderate,Bangalore,BESCOM,174.42
11188,7,4,4,1,0,1,1,1,1,1,0,0,0,1716,0,0,Aug,0,Hot,Kolkata,CESC,826.61
11189,1,0,2,1,1,1,0,0,0,0,0,0,0,892,0,0,Apr,4,Moderate,Mumbai,MSEDCL,390.53
11190,4,2,4,0,0,1,1,0,0,0,1,1,0,1892,0,1,Jul,0,Moderate,Bangalore,BESCOM,387.74
11191,2,0,3,1,0,1,1,1,0,1,1,1,0,1403,0,0,May,21,Hot,Kolkata,CESC,244.89
11192,1,0,2,1,0,1,0,0,0,0,1,0,0,1081,0,0,Mar,9,Hot,Delhi,BSES Yamuna,340.32
11193,1,0,2,0,0,1,1,0,1,0,0,1,0,988,0,0,Oct,11,Moderate,Mumbai,MSEDCL,156.3
11194,2,0,3,1,1,1,1,1,0,1,0,1,0,1522,0,0,Oct,23,Moderate,Bangalore,BESCOM,136.72
11195,5,1,3,0,0,1,1,0,1,1,0,1,0,1283,0,0,Feb,8,Hot,Kolkata,CESC,345.9
11196,4,0,2,0,0,1,1,0,1,1,0,0,0,979,0,0,May,12,Hot,Chennai,TANGEDCO,255.56
11197,6,2,3,1,1,1,1,0,0,1,0,0,0,1473,0,0,May,6,Hot,Chennai,TANGEDCO,668.85
11198,5,1,3,0,0,1,1,0,0,1,0,0,0,1380,0,0,Jun,12,Hot,Chennai,TANGEDCO,253.91
11199,3,0,3,1,1,1,1,0,0,1,0,0,0,1380,0,0,May,18,Moderate,Bangalore,BESCOM,224.95
11200,2,0,1,0,0,0,0,0,0,0,0,0,0,682,0,0,Jul,8,Hot,Kolkata,CESC,97.81
11201,6,3,4,1,1,1,1,0,0,0,1,1,0,1886,0,0,Apr,2,Moderate,Bangalore,BESCOM,600.03
11202,2,0,2,0,1,0,1,0,1,0,0,0,0,905,0,0,Apr,0,Hot,Kolkata,CESC,432.45
11203,2,1,2,0,0,0,1,0,0,0,0,1,0,928,0,0,Aug,9,Hot,Kolkata,CESC,193.95
11204,1,0,2,1,1,1,0,1,0,1,1,0,0,1061,0,0,Dec,15,Moderate,Mumbai,MSEDCL,276.17
11205,5,2,2,1,0,0,0,0,0,0,0,0,0,810,0,0,Nov,0,Hot,Delhi,BSES Yamuna,462.48
11206,3,1,4,0,0,1,0,1,1,1,0,1,0,1761,0,0,Sep,0,Moderate,Bangalore,BESCOM,347.35
11207,1,0,2,1,1,0,0,0,0,0,1,0,0,980,0,0,Feb,0,Moderate,Bangalore,BESCOM,443.24
11208,5,3,3,1,1,1,0,0,1,1,1,1,0,1412,0,0,Apr,0,Hot,Delhi,BSES Yamuna,844.79
11209,4,3,1,0,0,0,0,0,0,1,1,0,0,673,0,0,Jul,0,Moderate,Mumbai,MSEDCL,164.73
11210,4,2,2,1,1,1,1,0,0,0,0,0,0,820,0,0,May,6,Hot,Chennai,TANGEDCO,523.94
11211,6,3,6,1,0,1,1,0,1,1,1,0,0,2674,0,1,May,18,Hot,Delhi,BSES Yamuna,347.89
11212,3,2,3,1,1,0,1,1,0,0,1,0,0,1459,0,0,Dec,22,Hot,Delhi,BSES Yamuna,218.46
11213,4,3,2,1,1,1,0,0,1,1,1,1,0,1132,0,0,Feb,0,Hot,Kolkata,CESC,831.94
11214,5,4,3,1,1,0,0,0,1,1,1,0,0,1315,0,0,Oct,19,Moderate,Bangalore,BESCOM,244.47
11215,3,2,2,0,0,1,0,1,1,0,0,0,0,824,0,0,Feb,0,Moderate,Bangalore,BESCOM,265.5
11216,2,1,2,0,0,0,0,0,1,1,0,1,0,1132,0,0,May,18,Moderate,Mumbai,MSEDCL,101.9
11217,3,2,3,1,0,0,0,0,1,1,0,0,0,1453,0,0,Jun,11,Hot,Kolkata,CESC,378.1
11218,4,3,3,0,0,1,1,1,1,1,1,0,0,1410,0,0,May,10,Moderate,Bangalore,BESCOM,307.74
11219,2,0,2,1,1,1,1,0,0,1,1,1,1,1104,0,0,Dec,19,Moderate,Bangalore,BESCOM,285.94
11220,8,2,5,0,1,1,1,1,0,1,1,1,0,2320,0,1,Jun,18,Moderate,Mumbai,MSEDCL,279.69
11221,6,3,3,0,1,1,0,0,0,1,1,0,1,1538,0,0,Aug,5,Hot,Chennai,TANGEDCO,632.39
11222,3,0,2,0,0,1,0,0,1,0,0,0,0,1056,0,0,Aug,2,Hot,Kolkata,CESC,274.81
11223,5,4,3,1,1,1,0,0,0,0,1,1,1,1367,0,0,Oct,24,Hot,Delhi,BSES Yamuna,171.47
11224,6,3,3,1,0,0,0,0,1,0,1,1,0,1536,0,0,Oct,11,Hot,Chennai,TANGEDCO,391.55
11225,4,1,3,0,0,0,1,0,1,1,0,0,0,1220,0,1,May,21,Hot,Delhi,BSES Yamuna,134.83
11226,5,2,2,0,1,0,1,0,0,0,1,1,0,885,0,0,Oct,22,Moderate,Bangalore,BESCOM,78.56
11227,2,1,3,0,1,1,1,0,1,0,0,0,0,1214,0,0,Jul,0,Moderate,Mumbai,MSEDCL,403.45
11228,3,0,2,0,0,1,1,0,0,0,1,0,0,849,0,0,Jul,0,Moderate,Mumbai,MSEDCL,238.81
11229,4,2,4,1,0,1,1,0,1,0,0,0,0,1903,0,0,Apr,2,Hot,Chennai,TANGEDCO,640.63
11230,6,4,3,0,1,1,1,0,1,0,0,0,1,1504,0,0,Apr,4,Cold,Delhi,BSES Yamuna,577.07
11231,2,1,1,0,0,0,0,0,0,0,0,0,0,595,0,0,Jul,0,Hot,Chennai,TANGEDCO,139.12
11232,4,2,3,1,0,1,0,0,1,1,1,0,0,1563,0,0,May,14,Moderate,Mumbai,MSEDCL,263.83
11233,8,1,5,0,1,0,1,0,0,1,1,0,0,2300,0,0,May,10,Moderate,Mumbai,MSEDCL,330.01
11234,5,3,5,1,1,1,1,0,1,1,1,0,0,2287,1,1,May,17,Hot,Kolkata,CESC,567.1
11235,4,0,2,1,1,1,0,0,0,0,0,0,0,1187,0,0,Apr,7,Moderate,Bangalore,BESCOM,392.56
11236,3,2,1,0,0,0,0,0,0,0,0,0,0,644,0,0,Jun,6,Moderate,Mumbai,MSEDCL,96.64
11237,5,4,3,1,1,1,1,1,1,1,1,1,0,1552,0,0,Jun,20,Hot,Chennai,TANGEDCO,341.23
11238,1,0,1,0,0,0,0,0,0,0,0,0,0,600,0,0,Mar,0,Hot,Delhi,BSES Yamuna,109.07
11239,6,0,5,1,0,1,1,0,0,1,0,1,0,2192,0,0,May,18,Hot,Chennai,TANGEDCO,270.29
11240,2,0,2,0,0,1,1,1,0,0,1,0,1,1135,0,0,May,19,Hot,Kolkata,CESC,226.86
11241,1,0,2,1,0,0,0,0,0,0,0,1,0,945,0,0,Jun,12,Hot,Chennai,TANGEDCO,266.63
11242,3,2,2,0,1,1,0,0,0,1,0,0,0,1109,0,0,Aug,3,Moderate,Bangalore,BESCOM,315.2
11243,4,2,2,1,1,0,0,0,1,1,1,0,0,926,0,0,Jan,4,Moderate,Bangalore,BESCOM,472.56
11244,3,2,3,1,0,1,0,0,1,1,0,1,1,1374,0,0,Mar,0,Hot,Chennai,TANGEDCO,820.58
11245,5,0,2,0,0,0,1,0,0,1,1,0,0,933,0,0,May,15,Moderate,Bangalore,BESCOM,130.41
11246,4,3,2,0,0,0,1,0,0,1,0,0,0,865,0,0,Oct,12,Moderate,Bangalore,BESCOM,143.88
11247,5,2,2,0,0,1,1,1,1,0,1,0,0,1192,0,0,May,12,Hot,Kolkata,CESC,290.14
11248,6,2,3,1,1,0,1,0,0,0,0,1,0,1564,0,0,Jun,13,Hot,Kolkata,CESC,446.86
11249,2,0,1,1,1,0,0,0,0,0,0,0,0,678,0,0,May,5,Hot,Chennai,TANGEDCO,443.58
11250,3,1,3,1,1,1,1,0,1,0,0,0,0,1445,0,0,May,17,Moderate,Bangalore,BESCOM,266.7
11251,6,4,3,1,1,1,1,0,1,0,1,1,0,1562,0,0,Dec,13,Moderate,Bangalore,BESCOM,399.71
11252,2,1,3,1,1,0,1,0,0,1,0,0,0,1436,0,0,Oct,12,Hot,Delhi,BSES Yamuna,415.49
11253,8,4,5,1,1,1,1,0,1,1,1,0,0,2170,0,0,Aug,0,Hot,Kolkata,CESC,977.08
11254,7,5,4,1,1,1,1,0,0,1,0,1,0,1650,0,0,May,9,Hot,Kolkata,CESC,634.08
11255,5,4,5,1,1,1,1,0,1,1,1,0,0,2327,0,0,Jun,13,Moderate,Bangalore,BESCOM,442.58
11256,3,0,2,1,0,1,0,0,1,1,0,0,0,1158,0,0,Jul,0,Hot,Delhi,BSES Yamuna,579.72
11257,4,3,1,1,0,0,1,0,1,0,0,0,0,552,0,0,May,13,Moderate,Mumbai,MSEDCL,214.94
11258,2,1,2,1,0,0,1,0,0,1,0,1,0,879,0,0,Jun,13,Hot,Delhi,BSES Yamuna,322.4
11259,3,2,4,1,0,1,1,1,0,0,1,1,0,1744,0,0,Mar,7,Hot,Kolkata,CESC,537.33
11260,7,1,5,0,1,1,1,0,0,1,0,1,1,2273,0,0,Feb,0,Cold,Delhi,BSES Yamuna,726.27
11261,4,1,4,1,1,1,0,0,1,1,1,0,0,1754,0,0,Apr,0,Moderate,Mumbai,MSEDCL,624.74
11262,2,1,1,1,0,0,1,0,0,0,1,0,0,798,0,0,Sep,5,Moderate,Bangalore,BESCOM,321.28
11263,6,1,5,1,1,1,1,0,0,0,0,0,0,2336,0,0,Apr,0,Moderate,Mumbai,MSEDCL,626.85
11264,1,0,2,1,0,1,1,0,0,0,1,0,0,1162,0,0,Nov,6,Hot,Delhi,BSES Yamuna,431.05
11265,4,2,1,0,0,0,0,0,0,0,0,0,0,724,0,0,May,14,Hot,Kolkata,CESC,95.88
11266,1,0,2,1,0,0,0,0,0,0,1,0,0,1135,0,0,Apr,2,Hot,Kolkata,CESC,376.15
11267,4,3,1,1,0,1,0,0,0,0,0,0,0,542,1,0,Oct,16,Moderate,Mumbai,MSEDCL,274.6
11268,3,0,3,1,1,0,0,0,1,0,0,0,0,1497,0,0,May,24,Hot,Delhi,BSES Yamuna,111.69
11269,3,1,2,1,0,1,1,0,1,0,0,1,0,833,0,0,May,13,Moderate,Bangalore,BESCOM,259.67
11270,2,0,2,1,1,0,0,0,0,0,1,0,1,1103,0,0,May,16,Moderate,Mumbai,MSEDCL,272.02
11271,6,0,3,1,0,1,1,0,1,1,1,1,0,1591,0,0,May,13,Moderate,Bangalore,BESCOM,332.04
11272,7,0,4,1,0,1,1,0,0,1,1,1,1,1838,0,0,Jul,0,Hot,Chennai,TANGEDCO,972.62
11273,4,3,3,1,0,0,0,1,0,1,0,1,0,1337,0,1,Jun,17,Moderate,Bangalore,BESCOM,217.98
11274,2,0,2,1,0,0,0,0,0,0,0,0,0,1053,0,0,May,17,Hot,Kolkata,CESC,143.87
11275,5,0,4,1,0,0,1,0,1,1,0,1,0,1604,0,0,May,17,Hot,Delhi,BSES Yamuna,300.96
11276,4,0,4,0,1,1,1,0,0,1,1,0,0,1971,0,1,Mar,0,Hot,Kolkata,CESC,665.75
11277,2,1,1,0,0,0,0,0,1,0,0,0,0,575,0,0,Oct,13,Moderate,Mumbai,MSEDCL,109.93
11278,6,5,3,1,0,1,1,0,0,1,0,1,0,1572,0,0,Nov,0,Hot,Chennai,TANGEDCO,700.28
11279,4,1,2,1,0,0,0,0,1,1,0,0,0,1013,0,0,Oct,6,Hot,Kolkata,CESC,435.86
11280,3,2,1,0,0,0,0,0,0,0,0,0,0,763,0,0,May,16,Hot,Delhi,BSES Yamuna,82.72
11281,2,1,3,0,0,1,0,0,1,0,1,0,0,1222,0,0,Dec,8,Moderate,Bangalore,BESCOM,187.5
11282,3,2,4,1,1,1,1,0,1,0,0,1,0,1917,0,1,Jun,24,Moderate,Bangalore,BESCOM,160.18
11283,3,2,2,0,0,1,0,0,0,1,1,1,1,812,0,0,Sep,5,Hot,Delhi,BSES Yamuna,419.79
11284,3,0,4,1,1,1,1,0,1,1,1,0,0,1992,0,1,Aug,0,Hot,Kolkata,CESC,920.91
11285,7,5,4,0,1,1,1,1,0,0,0,1,0,1840,0,1,Aug,0,Moderate,Mumbai,MSEDCL,551.84
11286,6,5,4,1,0,1,0,1,1,1,1,0,0,1875,0,1,Jun,16,Hot,Delhi,BSES Yamuna,380.97
11287,2,1,2,0,1,0,0,0,1,1,0,0,0,891,0,0,Apr,0,Hot,Kolkata,CESC,430.28
11288,4,3,4,0,1,0,1,0,1,1,1,0,0,1707,0,0,May,24,Moderate,Mumbai,MSEDCL,86.97
11289,5,1,2,1,0,0,0,0,0,1,0,0,0,1028,0,0,Oct,24,Hot,Kolkata,CESC,122.24
11290,2,0,3,1,1,0,0,0,0,1,0,0,0,1351,0,0,Apr,2,Hot,Kolkata,CESC,593.86
11291,3,0,1,0,0,0,0,0,0,0,0,0,0,507,0,0,Apr,7,Moderate,Mumbai,MSEDCL,95.14
11292,2,1,1,0,0,1,0,1,0,0,0,0,1,688,0,0,May,5,Hot,Kolkata,CESC,382.01
11293,2,0,3,0,0,1,1,0,1,1,0,0,0,1375,0,0,May,5,Hot,Delhi,BSES Yamuna,327.64
11294,5,3,2,1,0,0,0,0,1,0,0,0,0,1119,0,0,Jun,6,Moderate,Bangalore,BESCOM,346.8
11295,2,1,2,1,0,1,1,0,0,1,1,0,0,1085,0,0,Jun,24,Hot,Chennai,TANGEDCO,125.08
11296,3,0,2,0,0,0,0,0,0,1,1,0,0,1163,0,0,Sep,6,Moderate,Mumbai,MSEDCL,179.11
11297,5,1,3,0,0,1,0,0,0,1,0,0,0,1528,0,0,Feb,3,Hot,Kolkata,CESC,333.36
11298,1,0,1,1,0,0,0,0,0,1,0,0,0,764,0,0,Apr,3,Hot,Kolkata,CESC,371.44
11299,3,1,4,1,1,1,1,1,1,1,1,0,0,1840,0,1,Jun,7,Moderate,Bangalore,BESCOM,612.31
11300,1,0,1,0,1,1,1,0,0,0,0,0,0,544,0,0,May,22,Moderate,Bangalore,BESCOM,71.16
11301,1,0,2,0,1,0,1,0,1,1,1,0,0,1155,0,0,Oct,18,Hot,Kolkata,CESC,224.94
11302,5,0,2,0,1,1,1,0,0,0,0,1,0,813,0,0,Jun,13,Hot,Chennai,TANGEDCO,263.69
11303,5,2,2,1,1,0,0,0,0,1,0,0,0,1074,0,0,May,5,Hot,Kolkata,CESC,561.06
11304,5,1,2,0,1,1,1,1,0,1,1,0,0,870,0,0,Jan,0,Cold,Delhi,BSES Yamuna,553.29
11305,5,1,2,0,1,0,0,0,0,0,0,1,0,1114,0,0,Oct,11,Moderate,Bangalore,BESCOM,207.62
11306,5,3,5,1,0,1,1,0,0,1,1,1,0,2194,0,0,May,24,Hot,Chennai,TANGEDCO,171.51
11307,6,3,3,0,0,1,1,1,0,1,1,0,0,1552,0,0,Jun,16,Moderate,Bangalore,BESCOM,188.26
11308,2,1,1,1,0,0,1,0,0,0,0,0,0,699,0,0,Jul,0,Hot,Chennai,TANGEDCO,450.73
11309,3,1,2,1,0,1,1,1,0,1,0,1,0,1166,0,0,Nov,0,Moderate,Mumbai,MSEDCL,511.35
11310,7,4,4,1,0,1,1,0,1,1,0,1,0,1610,0,0,Apr,5,Hot,Chennai,TANGEDCO,659.83
11311,3,2,2,0,0,0,1,0,0,1,0,0,0,905,0,0,Feb,0,Hot,Kolkata,CESC,291.51
11312,1,0,1,0,0,0,1,0,1,1,1,0,0,657,0,0,Mar,0,Hot,Chennai,TANGEDCO,317.07
11313,4,1,3,1,0,1,1,0,0,1,0,0,0,1580,0,0,Aug,0,Hot,Delhi,BSES Yamuna,630.88
11314,5,0,3,1,0,1,1,1,1,1,1,1,0,1395,0,0,Mar,7,Hot,Chennai,TANGEDCO,664.79
11315,4,2,3,0,0,0,1,0,0,1,0,0,0,1344,0,0,Jun,15,Hot,Delhi,BSES Yamuna,169.66
11316,2,1,1,0,0,0,1,0,0,0,1,0,0,619,0,0,Aug,0,Moderate,Bangalore,BESCOM,186.41
11317,1,0,1,0,0,0,1,0,0,0,1,0,1,749,0,0,Aug,0,Cold,Delhi,BSES Yamuna,356.72
11318,4,3,3,1,1,1,0,0,1,1,1,0,0,1373,0,0,May,12,Moderate,Bangalore,BESCOM,374.39
11319,1,0,2,1,0,0,1,0,0,1,0,1,0,1015,0,0,Jul,3,Hot,Kolkata,CESC,455.56
11320,5,4,3,1,0,1,1,0,0,0,0,1,0,1292,0,0,Dec,20,Hot,Kolkata,CESC,208.2
11321,5,4,3,0,0,1,0,0,0,1,0,0,0,1459,0,0,Jan,0,Moderate,Mumbai,MSEDCL,255.07
11322,2,0,2,1,0,0,0,0,0,1,1,0,0,862,0,0,Jul,0,Hot,Kolkata,CESC,506.25
11323,5,4,5,1,1,1,1,0,1,0,0,1,0,2028,0,1,Jun,21,Hot,Chennai,TANGEDCO,258.96
11324,5,2,4,1,1,1,1,0,1,0,1,0,0,1874,0,0,Apr,0,Moderate,Mumbai,MSEDCL,688.75
11325,6,4,3,1,0,1,1,0,1,0,1,0,0,1546,0,0,May,15,Hot,Chennai,TANGEDCO,333.11
11326,3,1,1,0,1,0,0,0,1,0,0,1,0,684,0,0,Oct,23,Moderate,Mumbai,MSEDCL,74.03
11327,3,2,1,1,0,0,0,0,0,1,0,0,0,771,0,0,Jun,16,Hot,Kolkata,CESC,207.02
11328,4,3,2,1,1,0,0,1,0,0,0,0,0,869,0,0,Jan,0,Moderate,Bangalore,BESCOM,500.88
11329,1,0,2,0,0,0,0,0,1,1,1,1,0,1178,0,0,Dec,22,Moderate,Bangalore,BESCOM,79.21
11330,8,3,5,1,1,1,1,1,1,1,1,0,1,2278,1,1,Jul,0,Cold,Delhi,BSES Yamuna,1399.85
11331,4,0,2,0,0,1,1,1,0,0,1,1,0,1030,0,0,May,16,Hot,Delhi,BSES Yamuna,187.06
11332,3,0,2,0,0,1,0,0,0,1,1,0,0,1101,0,0,Aug,4,Moderate,Bangalore,BESCOM,215.17
11333,4,2,2,1,0,1,0,0,0,0,0,0,0,1054,0,1,Apr,3,Moderate,Mumbai,MSEDCL,367.09
11334,3,2,3,0,1,1,1,0,1,0,1,0,0,1371,0,0,May,14,Hot,Chennai,TANGEDCO,304.52
11335,1,0,1,0,0,0,1,0,0,0,0,0,0,579,0,0,Apr,7,Hot,Chennai,TANGEDCO,135.61
11336,1,0,2,1,0,1,1,0,0,0,0,0,0,1063,0,0,May,10,Moderate,Bangalore,BESCOM,235.45
11337,2,1,2,1,0,1,1,0,0,0,0,1,0,982,0,0,Nov,7,Hot,Kolkata,CESC,423.2
11338,7,2,4,1,1,1,0,1,1,1,0,1,0,1921,0,1,May,12,Moderate,Bangalore,BESCOM,472.04
11339,2,1,1,0,0,0,0,0,1,0,1,1,0,604,0,0,May,5,Hot,Kolkata,CESC,204.49
11340,3,1,4,1,0,1,1,0,0,0,0,1,0,1848,0,1,Aug,0,Hot,Kolkata,CESC,666.87
11341,5,3,4,1,1,1,1,0,0,1,0,1,0,1812,0,1,Oct,23,Moderate,Mumbai,MSEDCL,122.64
11342,5,1,2,0,1,1,0,1,1,1,0,0,0,958,0,0,Apr,2,Cold,Delhi,BSES Yamuna,466.97
11343,5,1,3,1,1,0,1,0,1,0,0,0,0,1299,0,0,Oct,16,Hot,Chennai,TANGEDCO,359.4
11344,2,0,1,0,1,1,1,0,0,1,0,0,0,716,0,0,May,7,Moderate,Bangalore,BESCOM,263.04
11345,6,2,5,0,1,1,1,0,0,0,1,0,0,2111,0,0,Apr,0,Moderate,Bangalore,BESCOM,468.28
11346,6,0,3,1,1,1,1,0,1,0,0,0,1,1507,0,0,May,6,Cold,Delhi,BSES Yamuna,689.12
11347,1,0,2,1,1,0,0,0,1,0,1,0,0,965,0,0,Feb,0,Moderate,Mumbai,MSEDCL,484.29
11348,1,0,2,1,0,1,0,0,0,1,0,1,0,835,0,0,Oct,23,Moderate,Mumbai,MSEDCL,70.89
11349,3,0,1,1,0,1,1,0,0,0,0,0,0,511,0,0,Oct,23,Hot,Chennai,TANGEDCO,117.42
11350,6,1,6,1,0,1,1,0,1,1,1,0,1,2486,0,0,Jul,3,Hot,Kolkata,CESC,903.07
11351,4,0,1,0,0,0,0,0,0,0,0,0,0,582,0,0,May,12,Hot,Chennai,TANGEDCO,111.87
11352,6,5,3,1,0,1,1,1,0,0,0,0,0,1284,0,0,Apr,0,Hot,Delhi,BSES Yamuna,687.39
11353,4,2,2,1,0,0,1,0,0,0,0,0,0,1068,0,0,Jul,0,Hot,Delhi,BSES Yamuna,514.3
11354,7,1,5,1,1,1,0,1,1,1,1,1,0,2164,0,0,Mar,0,Moderate,Bangalore,BESCOM,785.91
11355,2,0,2,1,0,0,1,1,0,0,1,0,0,1102,0,0,May,10,Hot,Delhi,BSES Yamuna,370.24
11356,4,1,3,1,1,0,0,0,0,0,0,1,0,1289,0,0,Feb,4,Hot,Chennai,TANGEDCO,544.14
11357,5,4,2,0,0,0,1,0,0,1,0,1,0,1037,0,0,May,24,Hot,Chennai,TANGEDCO,65.17
11358,4,0,3,0,0,1,1,0,1,0,1,0,1,1221,0,0,Mar,8,Cold,Delhi,BSES Yamuna,399.76
11359,4,1,1,0,0,1,0,0,0,0,1,0,0,566,0,0,Jan,0,Moderate,Mumbai,MSEDCL,189.04
11360,5,3,2,1,0,1,1,0,1,0,0,0,0,1014,0,0,May,21,Hot,Delhi,BSES Yamuna,161.21
11361,1,0,2,0,0,0,1,0,1,0,1,1,0,857,0,0,Jun,17,Hot,Chennai,TANGEDCO,126.39
11362,2,0,3,1,0,0,0,1,0,0,0,0,0,1229,0,0,May,19,Moderate,Mumbai,MSEDCL,154.37
11363,5,0,2,0,1,0,1,1,0,0,0,0,0,905,0,0,Apr,5,Moderate,Bangalore,BESCOM,335.63
11364,4,2,3,1,0,0,1,0,0,0,0,1,0,1529,0,1,Feb,0,Moderate,Bangalore,BESCOM,477.02
11365,3,1,2,1,1,1,0,0,0,1,0,0,0,966,0,0,Mar,0,Moderate,Bangalore,BESCOM,499.95
11366,3,2,4,1,0,1,1,1,1,1,1,1,0,1949,0,1,Aug,0,Hot,Kolkata,CESC,873.63
11367,4,0,5,1,1,1,1,0,0,1,1,0,0,2153,0,1,Jan,4,Moderate,Bangalore,BESCOM,573.59
11368,5,2,3,1,0,0,1,0,1,1,0,1,0,1526,0,0,Oct,8,Hot,Chennai,TANGEDCO,504.44
11369,5,4,2,1,1,0,0,0,0,0,0,0,0,806,0,0,Oct,7,Hot,Kolkata,CESC,496.23
11370,3,0,2,0,1,0,1,1,0,0,0,0,0,996,0,0,Oct,9,Moderate,Mumbai,MSEDCL,260.78
11371,4,0,1,0,0,0,0,0,0,0,0,0,0,720,0,0,Oct,20,Hot,Chennai,TANGEDCO,78.01
11372,4,0,2,0,0,0,1,1,1,1,0,0,0,845,0,1,Jul,0,Hot,Kolkata,CESC,481.85
11373,4,1,3,1,0,0,1,0,0,0,0,0,0,1217,0,0,Oct,15,Hot,Chennai,TANGEDCO,251.76
11374,2,0,3,1,0,1,1,0,1,1,1,0,0,1596,0,0,Aug,0,Hot,Delhi,BSES Yamuna,696.45
11375,8,2,5,1,1,1,1,0,1,1,0,1,0,2152,0,1,May,17,Moderate,Mumbai,MSEDCL,372.84
11376,2,0,2,1,0,1,0,0,0,0,1,0,0,1063,0,0,Sep,0,Hot,Chennai,TANGEDCO,470.69
11377,6,5,3,0,1,1,1,1,0,1,0,0,1,1273,0,0,Jun,22,Cold,Delhi,BSES Yamuna,213.1
11378,2,0,2,0,0,0,0,0,0,1,0,0,0,944,0,0,Jan,0,Hot,Delhi,BSES Yamuna,244.02
11379,5,2,3,0,0,0,1,0,0,1,1,0,0,1301,0,0,Sep,0,Moderate,Mumbai,MSEDCL,291.13
11380,2,0,2,0,0,0,0,0,0,1,0,0,0,1134,0,0,Oct,11,Hot,Delhi,BSES Yamuna,138.42
11381,2,0,2,0,0,1,1,0,1,1,0,1,0,1134,0,0,Jun,5,Hot,Kolkata,CESC,347.4
11382,4,3,2,0,1,0,1,0,0,0,0,0,0,920,0,0,May,16,Moderate,Mumbai,MSEDCL,142.35
11383,6,3,3,0,0,0,1,0,1,1,0,0,0,1375,0,0,May,21,Hot,Chennai,TANGEDCO,140.76
11384,7,4,5,1,1,1,1,0,1,1,1,1,0,2062,0,0,Aug,5,Moderate,Mumbai,MSEDCL,612.52
11385,1,0,2,0,0,1,0,0,1,0,1,1,0,1095,0,0,Apr,2,Moderate,Bangalore,BESCOM,204.98
11386,3,2,1,0,0,0,0,0,0,1,0,0,0,483,0,0,Sep,3,Moderate,Mumbai,MSEDCL,154.55
11387,1,0,2,0,0,1,1,0,0,1,0,0,0,814,0,0,May,20,Moderate,Bangalore,BESCOM,105.67
11388,3,0,3,1,0,0,1,0,0,0,0,0,0,1554,0,0,May,12,Hot,Kolkata,CESC,325.92
11389,4,2,2,1,1,1,1,0,1,0,1,0,0,933,0,0,Oct,16,Hot,Chennai,TANGEDCO,344.85
11390,5,2,3,1,0,0,0,0,0,1,1,0,0,1320,0,1,Apr,0,Hot,Delhi,BSES Yamuna,591.04
11391,8,2,6,1,1,1,1,1,0,1,1,0,0,2718,0,1,Oct,12,Moderate,Mumbai,MSEDCL,494.4
11392,8,3,5,1,0,1,1,1,1,1,1,1,0,2391,0,1,Dec,14,Hot,Kolkata,CESC,510.09
11393,3,2,2,0,0,1,1,0,0,0,0,0,0,927,0,0,May,19,Hot,Kolkata,CESC,66.34
11394,5,4,4,1,0,1,1,1,0,1,0,0,0,1967,0,1,Nov,0,Hot,Delhi,BSES Yamuna,799.02
11395,4,1,3,0,1,1,1,0,0,1,1,0,0,1566,0,0,Jun,24,Moderate,Mumbai,MSEDCL,66.04
11396,5,0,2,1,1,1,1,0,0,0,1,0,0,1087,0,0,May,11,Hot,Chennai,TANGEDCO,470.49
11397,5,4,3,0,1,1,1,0,0,1,1,0,1,1500,0,0,May,14,Cold,Delhi,BSES Yamuna,339.09
11398,5,3,4,1,1,1,1,0,0,0,0,0,0,1977,0,0,Oct,14,Moderate,Mumbai,MSEDCL,331.94
11399,4,3,2,0,0,0,0,0,0,0,0,1,0,979,0,1,Jul,0,Moderate,Bangalore,BESCOM,204.0
11400,2,0,2,0,0,0,0,1,0,1,0,0,0,881,0,0,May,24,Moderate,Bangalore,BESCOM,60.0
11401,3,2,2,0,0,1,1,0,0,1,0,0,0,812,0,0,May,20,Hot,Kolkata,CESC,135.08
11402,3,1,3,0,0,1,0,0,0,1,1,0,0,1223,0,0,Aug,8,Hot,Kolkata,CESC,237.93
11403,5,0,2,0,1,1,1,1,0,1,0,0,0,967,0,0,May,22,Hot,Kolkata,CESC,154.33
11404,3,0,4,0,1,1,1,0,1,1,0,1,0,1869,0,0,May,13,Moderate,Bangalore,BESCOM,279.4
11405,6,1,3,0,0,0,0,1,0,1,1,0,0,1269,0,0,Aug,6,Moderate,Bangalore,BESCOM,277.59
11406,6,5,3,1,0,0,0,0,0,0,0,0,0,1517,0,0,Jun,10,Hot,Delhi,BSES Yamuna,354.13
11407,1,0,1,1,0,0,1,0,0,0,0,0,0,775,0,0,Apr,0,Hot,Chennai,TANGEDCO,431.89
11408,4,1,3,1,0,0,1,0,0,1,0,0,0,1288,0,0,Jul,0,Hot,Chennai,TANGEDCO,563.11
11409,2,1,1,0,0,1,0,0,0,1,0,0,0,588,0,0,May,22,Cold,Delhi,BSES Yamuna,60.0
11410,2,1,1,0,0,0,1,0,0,0,0,0,0,656,0,0,Sep,0,Hot,Chennai,TANGEDCO,229.22
11411,4,0,3,0,1,1,0,1,0,1,0,1,0,1416,0,0,May,8,Moderate,Mumbai,MSEDCL,340.4
11412,1,0,2,1,1,1,1,0,0,1,0,0,0,1181,0,0,Jun,15,Hot,Kolkata,CESC,364.19
11413,6,0,3,0,1,1,1,0,1,1,0,0,0,1231,0,0,Jun,16,Moderate,Mumbai,MSEDCL,249.72
11414,4,1,1,0,0,0,0,0,0,0,0,1,0,540,0,0,Mar,0,Hot,Kolkata,CESC,210.07
11415,1,0,2,0,0,0,0,0,1,0,0,0,0,960,0,0,Jul,5,Hot,Delhi,BSES Yamuna,206.92
11416,2,0,2,1,0,1,1,0,0,0,1,0,0,831,0,0,Oct,24,Hot,Chennai,TANGEDCO,86.56
11417,8,2,6,1,0,1,0,1,0,1,1,0,0,2711,0,0,Oct,10,Hot,Kolkata,CESC,554.25
11418,2,0,3,1,0,1,1,0,1,0,1,0,0,1351,0,0,Jul,0,Hot,Kolkata,CESC,612.4
11419,4,3,3,1,1,1,1,0,0,1,0,0,0,1546,0,0,Dec,18,Hot,Delhi,BSES Yamuna,324.86
11420,4,0,2,0,0,1,1,0,0,1,1,0,0,1059,0,0,Jun,19,Hot,Chennai,TANGEDCO,109.22
11421,4,0,1,0,0,1,0,0,0,0,0,0,0,615,0,0,May,21,Moderate,Mumbai,MSEDCL,60.0
11422,6,0,5,0,1,1,1,0,1,1,1,0,1,2278,0,0,Jul,0,Cold,Delhi,BSES Yamuna,765.01
11423,5,2,2,1,0,0,1,1,1,0,1,0,0,1084,0,0,Nov,7,Hot,Kolkata,CESC,517.23
11424,5,0,2,1,0,1,0,0,1,1,1,0,0,897,0,0,May,17,Hot,Kolkata,CESC,269.44
11425,2,0,3,1,0,0,0,0,0,1,1,0,0,1229,0,0,May,13,Hot,Chennai,TANGEDCO,291.46
11426,1,0,1,0,0,0,1,0,0,1,0,0,0,489,0,0,Dec,24,Hot,Chennai,TANGEDCO,60.0
11427,7,1,4,1,0,1,1,1,1,1,1,0,0,1747,0,0,Sep,0,Hot,Kolkata,CESC,866.75
11428,3,1,3,1,0,1,1,0,1,1,1,0,0,1343,0,0,Jan,9,Hot,Chennai,TANGEDCO,488.28
11429,2,0,2,0,1,1,0,0,0,1,1,0,0,866,0,0,Jun,17,Moderate,Bangalore,BESCOM,179.93
11430,3,0,1,0,0,0,0,0,0,1,0,0,0,756,0,0,Apr,0,Hot,Chennai,TANGEDCO,223.94
11431,3,0,2,1,0,1,0,0,0,0,0,0,0,857,0,0,May,24,Hot,Delhi,BSES Yamuna,85.55
11432,4,3,4,1,1,1,1,0,0,1,1,0,0,1880,0,1,Feb,2,Hot,Delhi,BSES Yamuna,826.03
11433,2,0,3,1,0,1,0,0,1,0,0,1,1,1478,0,0,Apr,0,Hot,Delhi,BSES Yamuna,772.05
11434,2,0,2,0,1,0,0,0,1,1,0,0,0,1035,0,0,Jun,10,Moderate,Bangalore,BESCOM,217.11
11435,3,0,1,1,0,0,0,0,0,0,0,1,1,784,0,0,Feb,7,Hot,Kolkata,CESC,462.56
11436,5,4,3,1,0,0,0,0,1,0,0,1,0,1552,0,0,Oct,16,Hot,Kolkata,CESC,268.52
11437,6,5,3,1,0,1,1,1,0,1,0,0,0,1598,0,0,Sep,0,Moderate,Mumbai,MSEDCL,603.83
11438,4,1,2,0,1,1,0,0,1,1,1,0,0,927,0,1,May,7,Moderate,Bangalore,BESCOM,330.73
11439,4,0,2,1,0,0,1,0,0,1,0,0,0,1136,0,0,Mar,4,Moderate,Mumbai,MSEDCL,384.84
11440,5,4,2,0,1,0,0,0,0,0,0,0,0,1008,0,0,Dec,17,Moderate,Bangalore,BESCOM,146.71
11441,3,2,3,1,0,1,0,1,1,1,1,0,0,1385,0,0,Jun,13,Hot,Chennai,TANGEDCO,418.02
11442,4,3,5,1,0,1,1,0,1,1,1,1,0,2168,0,0,May,5,Hot,Kolkata,CESC,657.97
11443,4,1,2,0,0,0,0,0,0,0,1,0,0,971,0,0,Apr,0,Moderate,Bangalore,BESCOM,158.83
11444,2,1,3,1,1,1,1,0,1,1,1,0,1,1459,0,0,Apr,9,Cold,Delhi,BSES Yamuna,609.25
11445,3,2,2,0,0,1,1,0,0,0,0,1,0,1004,0,0,Sep,0,Hot,Chennai,TANGEDCO,286.7
11446,4,0,2,1,0,1,0,0,0,0,0,0,0,934,0,0,Jun,5,Hot,Kolkata,CESC,388.9
11447,3,1,2,1,0,1,1,0,0,0,0,0,0,845,0,0,Dec,14,Moderate,Bangalore,BESCOM,207.34
11448,4,2,4,1,1,1,1,0,1,1,1,0,0,1608,0,0,Dec,8,Hot,Chennai,TANGEDCO,647.36
11449,4,2,2,0,1,0,1,0,0,0,1,0,0,960,0,0,Apr,0,Hot,Chennai,TANGEDCO,446.61
11450,4,1,3,0,1,1,1,0,1,0,0,0,0,1488,0,0,Dec,15,Moderate,Bangalore,BESCOM,192.88
11451,3,0,2,1,1,1,0,0,1,1,1,0,0,1139,0,0,Dec,7,Hot,Delhi,BSES Yamuna,591.15
11452,2,1,2,1,0,0,0,0,0,0,1,1,0,1187,0,0,Sep,6,Moderate,Bangalore,BESCOM,288.86
11453,1,0,1,0,0,0,0,0,0,0,0,0,0,720,1,0,May,15,Hot,Chennai,TANGEDCO,234.89
11454,2,0,3,0,0,0,1,0,1,0,0,0,0,1305,0,0,Apr,0,Hot,Delhi,BSES Yamuna,308.49
11455,4,0,2,0,0,1,0,1,0,0,1,0,1,1089,0,0,Mar,9,Hot,Kolkata,CESC,378.71
11456,3,2,3,1,0,1,0,0,0,1,1,1,0,1540,0,0,Feb,0,Hot,Chennai,TANGEDCO,618.55
11457,4,0,2,1,0,0,0,0,1,0,1,0,0,887,0,0,Oct,8,Moderate,Bangalore,BESCOM,315.82
11458,1,0,2,1,1,0,1,0,1,0,0,1,0,991,0,0,Nov,0,Moderate,Bangalore,BESCOM,534.25
11459,2,0,2,0,0,0,1,0,0,0,1,0,0,952,0,0,Sep,2,Moderate,Mumbai,MSEDCL,179.21
11460,5,0,2,1,0,0,0,0,1,0,1,0,0,1110,0,0,Sep,0,Moderate,Bangalore,BESCOM,445.5
11461,2,0,1,0,0,0,1,0,0,0,0,1,0,536,0,0,May,14,Moderate,Mumbai,MSEDCL,99.58
11462,2,1,2,0,1,1,1,0,0,1,1,0,1,1072,0,0,Jun,22,Moderate,Bangalore,BESCOM,137.33
11463,6,3,3,0,0,0,1,0,0,0,1,0,0,1348,0,0,Jul,0,Hot,Kolkata,CESC,364.44
11464,4,2,3,1,0,1,0,0,1,0,1,0,0,1387,0,0,May,18,Moderate,Bangalore,BESCOM,173.15
11465,3,1,2,1,0,1,0,1,0,0,0,0,0,940,0,0,Aug,9,Hot,Chennai,TANGEDCO,379.94
11466,3,1,2,0,1,0,0,0,1,0,0,1,0,930,0,0,Mar,0,Hot,Kolkata,CESC,417.81
11467,1,0,2,0,0,0,0,0,0,0,0,0,0,803,0,0,May,15,Hot,Chennai,TANGEDCO,60.0
11468,2,1,2,1,0,0,0,0,1,0,1,1,0,1062,0,0,Jun,17,Hot,Delhi,BSES Yamuna,232.44
11469,2,0,1,0,1,0,0,0,0,0,0,0,0,425,0,0,Jun,17,Hot,Chennai,TANGEDCO,134.01
11470,7,5,4,0,0,0,0,0,1,0,0,1,0,1623,0,0,Aug,3,Moderate,Bangalore,BESCOM,272.49
11471,1,0,2,0,0,1,0,0,0,0,1,1,0,1065,0,0,Jun,18,Hot,Delhi,BSES Yamuna,102.97
11472,5,3,2,0,0,0,1,1,1,1,1,0,0,1028,0,0,Jan,3,Moderate,Bangalore,BESCOM,333.46
11473,1,0,2,1,0,0,1,0,0,1,0,1,0,1068,0,0,Dec,19,Hot,Chennai,TANGEDCO,203.19
11474,1,0,1,1,0,0,0,0,0,0,0,1,0,524,0,0,Sep,0,Cold,Delhi,BSES Yamuna,316.35
11475,2,1,3,1,1,1,1,1,1,0,0,0,0,1371,0,1,Oct,17,Moderate,Mumbai,MSEDCL,246.18
11476,1,0,1,0,1,0,0,0,0,0,0,0,0,633,1,0,Oct,9,Moderate,Bangalore,BESCOM,343.9
11477,2,1,1,0,1,0,1,0,0,0,0,0,0,694,0,1,Apr,9,Hot,Chennai,TANGEDCO,286.24
11478,5,2,3,1,0,0,1,1,0,0,1,0,0,1474,0,0,Nov,8,Moderate,Bangalore,BESCOM,385.02
11479,1,0,2,0,0,0,1,0,1,1,0,0,1,875,0,0,Dec,14,Moderate,Bangalore,BESCOM,206.85
11480,4,1,3,1,0,1,1,0,0,0,1,0,0,1507,0,0,Feb,6,Hot,Delhi,BSES Yamuna,489.52
11481,3,1,3,1,0,1,0,0,0,0,0,0,0,1413,0,0,Apr,0,Hot,Chennai,TANGEDCO,495.5
11482,4,2,2,0,0,1,1,0,0,1,1,0,0,1175,0,0,Dec,16,Hot,Kolkata,CESC,176.79
11483,5,4,3,0,0,1,0,0,1,0,0,0,0,1357,0,0,May,17,Hot,Delhi,BSES Yamuna,131.14
11484,1,0,1,0,0,0,1,0,0,0,0,0,0,701,0,0,Oct,17,Hot,Kolkata,CESC,64.33
11485,5,0,3,1,0,1,0,0,1,1,1,0,0,1403,0,0,Feb,0,Moderate,Mumbai,MSEDCL,503.84
11486,5,1,2,0,1,0,1,0,0,0,0,0,0,948,0,0,Aug,0,Moderate,Mumbai,MSEDCL,340.03
11487,5,1,2,1,0,1,0,0,0,1,1,0,0,874,0,0,Aug,5,Moderate,Mumbai,MSEDCL,367.95
11488,4,3,3,0,0,0,1,1,1,1,1,0,0,1579,0,0,Nov,0,Moderate,Bangalore,BESCOM,382.18
11489,3,2,4,1,1,1,1,0,0,1,1,0,0,1828,0,1,Aug,9,Moderate,Mumbai,MSEDCL,494.38
11490,8,3,6,1,1,1,1,0,1,1,1,1,1,2703,0,0,Jan,3,Hot,Delhi,BSES Yamuna,1119.38
11491,5,3,3,0,0,1,0,0,1,1,1,0,0,1261,0,0,May,24,Moderate,Mumbai,MSEDCL,60.0
11492,1,0,2,0,1,0,0,0,0,0,1,0,0,857,0,0,May,23,Moderate,Mumbai,MSEDCL,60.0
11493,1,0,2,0,0,1,1,0,1,0,0,0,0,1073,0,0,Jun,8,Moderate,Mumbai,MSEDCL,181.43
11494,1,0,2,1,0,0,1,0,0,1,0,0,0,907,0,0,May,23,Hot,Kolkata,CESC,105.8
11495,5,0,2,0,1,1,0,0,1,0,1,0,0,986,0,0,May,22,Moderate,Bangalore,BESCOM,97.62
11496,1,0,2,1,0,0,0,0,0,1,0,0,0,1028,0,0,Jul,0,Moderate,Bangalore,BESCOM,336.39
11497,6,3,4,0,0,1,1,0,1,0,0,0,0,1647,0,0,May,12,Moderate,Bangalore,BESCOM,182.63
11498,5,3,2,0,0,0,1,0,0,0,0,0,0,1118,0,0,Oct,15,Hot,Delhi,BSES Yamuna,147.35
11499,4,0,2,1,0,0,0,0,0,0,1,1,0,1067,0,0,May,10,Moderate,Mumbai,MSEDCL,251.32
11500,5,0,2,1,0,0,1,0,0,1,0,0,0,1014,0,0,Jun,10,Hot,Chennai,TANGEDCO,390.62
11501,4,2,4,0,1,1,1,0,0,0,1,1,1,1889,0,0,Oct,15,Cold,Delhi,BSES Yamuna,327.6
11502,3,2,3,1,0,1,1,0,0,0,0,1,0,1453,0,0,Oct,9,Hot,Delhi,BSES Yamuna,390.21
11503,3,2,3,0,1,1,1,1,0,0,0,0,1,1557,0,0,Jun,15,Hot,Kolkata,CESC,376.83
11504,2,1,2,0,0,0,1,1,0,1,0,0,0,886,0,0,May,8,Moderate,Mumbai,MSEDCL,182.93
11505,7,4,4,1,1,1,1,0,0,0,0,0,0,1780,0,0,Jun,12,Moderate,Mumbai,MSEDCL,377.16
11506,1,0,1,1,0,0,0,0,0,0,0,1,0,424,0,0,Oct,15,Moderate,Mumbai,MSEDCL,158.77
11507,5,1,4,1,1,1,1,0,1,1,0,1,1,1987,0,1,Apr,0,Cold,Delhi,BSES Yamuna,978.11
11508,4,1,3,1,0,1,1,0,1,0,0,0,0,1421,0,0,Mar,0,Hot,Delhi,BSES Yamuna,637.0
11509,2,0,2,0,0,0,0,0,0,0,0,0,0,1196,0,0,Jun,12,Moderate,Bangalore,BESCOM,63.37
11510,1,0,2,0,0,0,0,0,0,0,0,0,0,848,0,0,Jun,11,Moderate,Bangalore,BESCOM,60.0
11511,5,0,3,1,0,1,1,0,0,1,0,0,1,1533,0,0,May,20,Hot,Chennai,TANGEDCO,251.81
11512,1,0,1,0,0,0,0,0,0,0,0,0,0,574,0,0,May,9,Moderate,Bangalore,BESCOM,60.0
11513,6,1,4,1,1,1,1,0,1,1,0,0,1,1991,0,0,Feb,0,Hot,Chennai,TANGEDCO,1113.4
11514,3,0,2,1,1,1,1,0,1,0,0,0,0,1110,0,0,Mar,8,Hot,Kolkata,CESC,572.15
11515,1,0,2,0,0,0,1,1,1,0,1,1,0,1073,0,0,Oct,17,Hot,Kolkata,CESC,175.72
11516,1,0,1,0,0,1,0,0,0,0,0,0,1,434,0,0,May,14,Hot,Kolkata,CESC,171.62
11517,3,1,2,1,0,1,0,0,0,0,0,0,0,1016,0,0,Feb,0,Moderate,Bangalore,BESCOM,344.08
11518,1,0,2,0,0,1,1,0,0,0,0,1,0,1008,0,0,Dec,15,Hot,Chennai,TANGEDCO,115.91
11519,4,2,2,0,1,1,1,0,0,0,0,0,0,959,0,0,Apr,0,Moderate,Mumbai,MSEDCL,356.35
11520,2,1,3,1,0,1,0,0,0,0,1,0,0,1206,0,0,May,19,Hot,Chennai,TANGEDCO,197.67
11521,4,3,2,1,1,0,1,1,0,1,1,1,0,1068,0,0,Dec,18,Hot,Kolkata,CESC,342.19
11522,5,3,5,1,0,1,1,0,0,1,1,1,0,2125,0,0,Apr,0,Hot,Chennai,TANGEDCO,784.43
11523,2,0,3,0,1,1,0,0,1,0,0,0,0,1567,0,0,Dec,22,Moderate,Mumbai,MSEDCL,105.72
11524,6,0,4,1,0,1,1,1,1,1,0,1,0,1924,0,0,Aug,5,Hot,Kolkata,CESC,698.42
11525,3,1,1,1,0,0,0,0,0,0,0,0,0,755,0,0,May,18,Hot,Delhi,BSES Yamuna,165.22
11526,3,1,2,1,0,1,1,1,0,0,0,0,0,889,0,0,Jun,8,Moderate,Mumbai,MSEDCL,320.74
11527,2,0,2,0,1,0,0,0,0,1,0,0,0,841,0,1,Jun,11,Moderate,Mumbai,MSEDCL,187.6
11528,2,0,3,0,0,0,1,0,0,1,0,0,0,1564,0,0,Oct,7,Moderate,Mumbai,MSEDCL,185.1
11529,6,4,4,1,0,1,0,0,0,0,0,0,0,1758,0,0,Feb,0,Hot,Chennai,TANGEDCO,598.64
11530,3,2,1,0,0,0,0,1,0,0,0,0,1,601,0,0,Oct,8,Cold,Delhi,BSES Yamuna,248.57
11531,2,0,1,0,1,1,0,0,0,1,1,0,0,765,0,0,Dec,8,Moderate,Mumbai,MSEDCL,240.95
11532,3,1,4,1,1,1,1,0,0,1,1,1,1,1881,0,0,May,10,Moderate,Bangalore,BESCOM,525.55
11533,4,3,2,1,0,0,0,0,1,0,0,0,0,1131,0,0,Apr,7,Moderate,Bangalore,BESCOM,313.08
11534,2,1,3,1,0,1,0,0,1,1,0,0,0,1487,0,0,Mar,0,Moderate,Mumbai,MSEDCL,456.39
11535,3,0,3,0,0,0,1,0,0,1,1,0,0,1290,0,0,May,5,Hot,Delhi,BSES Yamuna,292.3
11536,4,3,4,1,1,1,1,1,0,1,0,1,0,1724,0,0,Mar,0,Hot,Kolkata,CESC,906.24
11537,1,0,1,0,1,0,1,0,0,0,0,0,0,525,0,0,Apr,0,Hot,Kolkata,CESC,334.72
11538,1,0,1,0,0,0,0,1,0,0,0,0,0,451,0,1,Jul,0,Moderate,Bangalore,BESCOM,176.48
11539,6,4,3,1,0,1,1,0,1,1,0,1,0,1302,0,0,May,24,Hot,Kolkata,CESC,130.4
11540,4,0,5,1,1,1,0,0,1,1,1,1,1,2360,0,0,Nov,0,Cold,Delhi,BSES Yamuna,929.11
11541,1,0,2,1,0,1,1,0,0,0,1,0,0,986,0,0,May,12,Moderate,Bangalore,BESCOM,213.76
11542,2,1,2,1,0,1,1,0,0,0,0,0,0,1004,0,0,Apr,0,Hot,Kolkata,CESC,484.08
11543,2,1,3,0,1,1,0,0,0,0,1,0,1,1213,0,0,Mar,7,Cold,Delhi,BSES Yamuna,381.23
11544,6,2,5,1,1,1,1,0,1,1,1,1,0,2103,0,1,Jul,0,Moderate,Mumbai,MSEDCL,781.15
11545,3,0,4,1,1,1,1,0,0,1,1,0,0,1716,0,0,Jun,12,Hot,Chennai,TANGEDCO,510.14
11546,8,5,6,1,1,1,1,0,1,1,1,0,0,2703,0,1,Aug,0,Hot,Delhi,BSES Yamuna,1034.4
11547,3,0,1,0,0,1,1,0,0,0,0,0,1,492,0,0,May,24,Hot,Chennai,TANGEDCO,96.81
11548,1,0,1,1,0,1,1,0,1,0,0,0,0,543,0,0,Nov,0,Hot,Delhi,BSES Yamuna,533.76
11549,5,4,3,1,0,1,1,0,0,1,1,0,0,1309,0,0,Mar,0,Hot,Kolkata,CESC,685.84
11550,4,0,4,0,1,1,1,1,0,1,0,0,0,1762,0,0,Jan,4,Moderate,Bangalore,BESCOM,423.44
11551,3,1,2,0,0,0,0,0,1,1,0,0,0,852,0,0,Aug,9,Hot,Chennai,TANGEDCO,207.0
11552,4,0,2,0,1,1,0,0,0,0,0,0,0,802,0,0,Jul,3,Moderate,Bangalore,BESCOM,282.38
11553,4,0,3,0,0,0,0,0,0,1,0,0,0,1267,0,0,May,21,Hot,Chennai,TANGEDCO,73.84
11554,2,0,1,1,0,1,0,0,0,1,0,0,0,645,0,0,Jan,9,Hot,Chennai,TANGEDCO,306.68
11555,5,0,2,0,0,1,0,0,0,1,1,0,0,1188,0,0,Mar,0,Moderate,Mumbai,MSEDCL,307.32
11556,3,2,3,0,1,1,1,0,0,0,0,0,0,1337,0,0,Apr,0,Moderate,Mumbai,MSEDCL,335.64
11557,4,0,3,1,1,1,1,0,1,1,0,0,0,1507,0,0,Jun,15,Moderate,Bangalore,BESCOM,353.67
11558,4,2,3,0,1,1,1,0,0,1,0,0,1,1551,0,0,Jul,4,Cold,Delhi,BSES Yamuna,524.85
11559,2,1,2,0,0,0,0,0,0,0,1,0,0,1086,0,0,Jul,0,Hot,Chennai,TANGEDCO,205.66
11560,2,1,3,1,1,1,1,0,0,1,1,1,0,1265,0,0,Oct,11,Hot,Chennai,TANGEDCO,491.26
11561,3,0,3,1,0,1,1,1,0,1,1,0,0,1546,0,0,Jan,3,Moderate,Mumbai,MSEDCL,485.85
11562,6,3,3,1,1,0,1,0,0,0,0,0,1,1524,0,0,Jun,11,Moderate,Mumbai,MSEDCL,455.28
11563,3,2,3,0,0,1,0,1,0,0,0,1,0,1354,0,0,May,22,Moderate,Bangalore,BESCOM,83.23
11564,4,1,2,1,0,0,1,1,0,0,0,0,0,886,0,1,Jun,24,Moderate,Mumbai,MSEDCL,80.89
11565,4,0,1,0,0,0,0,0,0,1,1,0,0,432,0,0,Aug,0,Hot,Chennai,TANGEDCO,236.94
11566,4,0,1,0,1,1,0,0,0,0,0,0,1,467,0,0,Aug,6,Hot,Delhi,BSES Yamuna,470.15
11567,1,0,2,0,0,1,0,1,0,1,0,0,0,986,0,0,May,7,Moderate,Bangalore,BESCOM,175.84
11568,5,2,3,0,0,1,1,1,1,0,0,0,0,1391,0,0,May,20,Hot,Kolkata,CESC,146.24
11569,4,3,4,0,0,1,1,0,0,0,1,0,0,1812,0,1,Nov,6,Moderate,Bangalore,BESCOM,259.15
11570,2,0,3,1,0,0,1,0,1,0,0,0,0,1287,1,0,Oct,17,Hot,Delhi,BSES Yamuna,380.35
11571,5,4,3,1,0,1,1,0,1,1,0,0,0,1550,0,0,May,10,Hot,Delhi,BSES Yamuna,486.2
11572,4,2,2,0,0,1,1,0,0,0,1,0,0,907,0,0,Jun,17,Hot,Kolkata,CESC,120.82
11573,1,0,2,0,1,0,1,0,0,0,0,0,0,1039,0,0,Mar,0,Moderate,Bangalore,BESCOM,279.12
11574,1,0,2,0,1,1,1,0,1,0,0,0,0,1015,0,0,Jul,0,Hot,Chennai,TANGEDCO,485.16
11575,3,2,2,0,0,1,0,0,0,0,0,0,0,976,0,0,Jun,21,Moderate,Mumbai,MSEDCL,60.0
11576,2,1,1,0,0,0,0,0,0,0,0,0,0,452,0,0,May,10,Hot,Kolkata,CESC,70.53
11577,2,0,3,1,0,1,0,0,1,0,1,1,0,1529,0,0,May,20,Hot,Kolkata,CESC,201.13
11578,6,4,6,1,1,1,1,1,1,0,1,1,0,2448,0,1,Sep,0,Moderate,Bangalore,BESCOM,813.81
11579,5,2,2,0,1,0,1,0,0,0,0,0,0,1168,0,0,May,14,Moderate,Bangalore,BESCOM,192.33
11580,2,0,1,0,0,0,1,0,0,0,0,0,0,513,0,0,Sep,0,Hot,Delhi,BSES Yamuna,201.21
11581,4,0,3,1,0,1,0,0,0,0,1,0,0,1294,0,0,May,17,Moderate,Mumbai,MSEDCL,148.01
11582,1,0,2,1,1,0,0,0,0,1,1,0,0,824,0,0,Oct,20,Moderate,Mumbai,MSEDCL,144.25
11583,7,2,4,0,1,1,1,0,0,0,0,1,1,1731,0,0,Jan,7,Cold,Delhi,BSES Yamuna,512.94
11584,4,2,3,1,0,0,1,0,1,0,1,1,0,1378,0,0,May,5,Hot,Delhi,BSES Yamuna,523.86
11585,5,2,5,1,0,1,1,0,1,0,1,0,0,2394,0,1,Apr,0,Hot,Chennai,TANGEDCO,792.63
11586,5,1,2,0,0,1,0,0,1,1,0,0,0,944,0,0,Oct,13,Hot,Kolkata,CESC,201.42
11587,2,1,3,0,1,1,1,0,0,1,1,0,0,1563,0,0,May,24,Moderate,Bangalore,BESCOM,74.14
11588,1,0,2,1,0,1,1,0,0,0,0,1,0,997,0,0,Jun,15,Hot,Delhi,BSES Yamuna,263.88
11589,3,2,3,1,0,1,1,1,0,0,1,0,0,1524,0,0,Apr,0,Hot,Delhi,BSES Yamuna,676.41
11590,3,0,2,0,1,1,1,0,1,1,0,0,0,883,0,0,Mar,0,Moderate,Bangalore,BESCOM,443.58
11591,5,3,2,0,0,0,1,0,0,1,0,0,0,956,0,1,Jun,22,Moderate,Bangalore,BESCOM,64.33
11592,3,2,3,1,0,1,0,0,0,0,0,0,0,1284,0,0,May,16,Hot,Chennai,TANGEDCO,214.6
11593,4,1,3,1,0,1,1,0,0,0,1,0,0,1452,0,0,Nov,0,Hot,Kolkata,CESC,597.5
11594,6,3,4,1,1,1,1,0,1,1,0,1,0,1974,0,0,May,5,Hot,Kolkata,CESC,788.88
11595,5,1,3,1,0,0,1,0,1,0,1,0,0,1271,0,0,Mar,8,Moderate,Bangalore,BESCOM,354.79
11596,4,3,3,1,0,1,0,0,0,0,1,0,0,1422,0,0,Jan,0,Hot,Delhi,BSES Yamuna,532.87
11597,1,0,1,0,1,1,0,0,0,0,0,0,0,675,0,0,Apr,2,Moderate,Mumbai,MSEDCL,234.88
11598,2,0,3,1,0,1,1,0,1,1,0,1,0,1482,0,1,May,16,Hot,Kolkata,CESC,345.91
11599,5,0,3,1,0,1,0,1,1,0,1,0,0,1463,0,0,Apr,0,Hot,Kolkata,CESC,692.28
11600,3,0,4,1,0,1,1,0,0,1,1,0,1,1845,0,0,May,17,Hot,Chennai,TANGEDCO,380.97
11601,3,1,4,1,1,1,1,0,1,1,1,0,0,1940,0,0,Oct,12,Hot,Kolkata,CESC,554.02
11602,3,1,1,1,1,0,0,0,0,0,0,0,1,460,1,0,Jan,0,Moderate,Mumbai,MSEDCL,817.54
11603,5,3,4,1,1,1,1,1,0,0,1,0,0,1858,0,0,Oct,18,Moderate,Mumbai,MSEDCL,292.41
11604,1,0,1,0,1,0,0,0,0,0,0,0,0,406,0,0,May,20,Moderate,Mumbai,MSEDCL,60.0
11605,3,1,2,0,0,1,1,0,0,0,1,0,0,987,0,0,Nov,0,Hot,Kolkata,CESC,290.92
11606,6,0,3,1,1,0,1,0,0,1,0,0,0,1203,0,0,Jul,8,Hot,Delhi,BSES Yamuna,571.36
11607,4,1,1,0,0,0,0,0,1,0,1,0,0,630,1,1,Apr,0,Hot,Kolkata,CESC,668.8
11608,6,1,3,0,1,0,0,1,0,0,0,0,0,1332,0,0,Dec,22,Hot,Chennai,TANGEDCO,125.49
11609,1,0,1,0,0,1,1,0,1,1,1,0,0,794,0,0,Apr,7,Moderate,Mumbai,MSEDCL,232.88
11610,1,0,2,0,0,0,0,0,0,0,0,1,0,924,0,0,May,6,Cold,Delhi,BSES Yamuna,119.87
11611,2,0,3,0,0,1,1,0,1,0,1,0,0,1214,0,0,Dec,18,Hot,Chennai,TANGEDCO,116.38
11612,6,1,3,0,0,0,0,0,0,0,0,0,0,1212,0,0,Apr,9,Moderate,Bangalore,BESCOM,164.52
11613,7,3,4,0,1,1,1,0,1,0,1,0,0,1717,0,0,Jun,15,Hot,Delhi,BSES Yamuna,324.07
11614,3,1,3,1,1,1,0,1,0,0,0,0,0,1439,0,0,Dec,19,Moderate,Mumbai,MSEDCL,223.87
11615,3,2,3,0,0,0,0,0,0,0,0,1,0,1462,0,0,Jul,0,Moderate,Mumbai,MSEDCL,209.84
11616,4,1,2,0,0,0,1,0,1,0,0,0,0,1159,0,0,Jul,0,Moderate,Bangalore,BESCOM,270.73
11617,1,0,1,0,1,0,1,0,0,0,0,0,0,405,0,0,Jun,7,Hot,Chennai,TANGEDCO,236.71
11618,3,2,1,0,0,0,0,0,1,1,0,0,0,719,0,0,Jun,22,Moderate,Bangalore,BESCOM,76.87
11619,3,1,3,0,1,0,1,0,0,0,1,1,0,1430,0,0,Nov,2,Cold,Delhi,BSES Yamuna,391.64
11620,2,1,3,0,1,0,0,0,0,1,0,1,0,1229,0,0,Jun,12,Moderate,Bangalore,BESCOM,182.48
11621,5,1,2,0,0,1,0,0,0,0,0,0,1,821,0,0,Jul,4,Cold,Delhi,BSES Yamuna,316.59
11622,4,3,3,1,0,0,1,0,0,1,0,0,0,1355,0,0,Aug,8,Hot,Kolkata,CESC,404.98
11623,4,2,3,0,0,1,1,1,0,1,0,0,0,1317,0,0,Jun,15,Hot,Delhi,BSES Yamuna,209.34
11624,3,2,1,0,0,1,0,1,0,1,0,0,0,739,0,0,Oct,8,Hot,Chennai,TANGEDCO,243.7
11625,3,1,2,0,0,0,0,0,0,1,1,0,0,1188,0,0,Jan,3,Hot,Kolkata,CESC,250.65
11626,3,1,4,1,0,1,1,1,0,0,1,0,0,1792,0,0,May,15,Moderate,Bangalore,BESCOM,245.48
11627,3,2,3,1,1,1,1,0,0,1,0,0,0,1598,0,0,Jun,13,Moderate,Mumbai,MSEDCL,326.49
11628,5,4,4,1,0,1,1,0,1,1,0,0,0,1945,0,1,Jan,0,Hot,Delhi,BSES Yamuna,774.27
11629,2,1,1,0,0,0,1,0,0,0,0,0,0,594,0,0,Nov,8,Hot,Kolkata,CESC,165.19
11630,6,1,6,1,0,1,1,0,1,1,1,1,0,2567,0,0,Oct,24,Hot,Delhi,BSES Yamuna,160.35
11631,4,3,2,0,0,1,1,0,0,1,1,1,0,1176,0,0,Apr,0,Moderate,Bangalore,BESCOM,337.71
11632,1,0,1,0,0,0,0,0,1,1,0,0,0,638,0,0,May,19,Moderate,Mumbai,MSEDCL,71.7
11633,6,4,6,1,1,1,1,0,1,1,1,1,0,2761,1,1,Jul,0,Moderate,Bangalore,BESCOM,1078.62
11634,2,0,2,0,1,1,0,0,0,1,0,0,0,1043,0,0,May,6,Moderate,Bangalore,BESCOM,252.1
11635,4,2,3,0,0,1,1,0,0,0,0,0,0,1268,0,0,Oct,19,Hot,Chennai,TANGEDCO,119.67
11636,3,1,2,1,0,0,0,0,0,0,0,1,0,894,0,0,Apr,0,Moderate,Mumbai,MSEDCL,338.49
11637,2,0,3,0,1,1,1,0,1,0,1,0,0,1276,0,0,Oct,24,Moderate,Mumbai,MSEDCL,101.38
11638,4,1,4,1,0,1,1,0,1,1,0,0,0,1770,0,0,May,8,Hot,Kolkata,CESC,513.94
11639,5,0,2,0,0,1,1,0,0,0,0,0,0,800,0,0,May,17,Hot,Chennai,TANGEDCO,112.26
11640,4,3,3,1,0,1,1,0,0,1,0,0,0,1261,0,0,Apr,7,Hot,Chennai,TANGEDCO,475.9
11641,3,2,2,1,0,1,0,0,1,0,1,1,0,1006,0,0,Dec,14,Hot,Delhi,BSES Yamuna,319.54
11642,5,4,3,0,0,1,0,0,0,0,1,0,0,1353,0,0,May,15,Hot,Chennai,TANGEDCO,167.89
11643,1,0,2,0,0,0,1,0,0,0,0,0,0,1073,0,0,Apr,0,Cold,Delhi,BSES Yamuna,179.74
11644,2,1,2,1,0,0,1,0,0,1,1,1,0,847,0,0,Jan,4,Moderate,Bangalore,BESCOM,401.63
11645,2,0,2,0,1,0,1,0,0,1,1,0,0,936,0,0,May,21,Hot,Kolkata,CESC,141.43
11646,2,1,2,0,0,1,0,0,1,0,0,0,0,800,0,0,Jan,0,Moderate,Bangalore,BESCOM,211.27
11647,5,3,4,1,0,1,1,0,1,0,1,0,0,1834,0,0,May,9,Hot,Kolkata,CESC,502.29
11648,1,0,2,0,0,0,0,0,0,0,1,0,0,1192,0,0,Nov,0,Hot,Chennai,TANGEDCO,175.77
11649,2,1,2,0,0,1,0,0,0,0,0,1,0,1055,0,0,May,6,Moderate,Bangalore,BESCOM,174.41
11650,5,0,2,1,1,1,1,0,0,0,0,0,0,906,0,0,Jan,0,Moderate,Bangalore,BESCOM,560.58
11651,4,3,2,1,0,0,0,0,0,0,1,0,0,972,0,0,May,5,Hot,Kolkata,CESC,398.35
11652,5,0,3,0,1,0,1,0,0,1,0,0,0,1329,0,0,Jan,0,Moderate,Mumbai,MSEDCL,387.0
11653,5,3,5,0,1,1,1,0,1,1,1,0,0,2397,1,1,Oct,14,Moderate,Mumbai,MSEDCL,470.24
11654,3,2,2,1,1,1,1,0,0,0,1,0,0,1093,0,0,Apr,8,Moderate,Mumbai,MSEDCL,381.2
11655,6,3,4,1,1,1,1,0,1,1,0,0,0,1639,0,0,Feb,0,Hot,Kolkata,CESC,889.57
11656,5,4,3,1,1,1,1,0,1,0,1,1,0,1537,0,1,Dec,12,Hot,Chennai,TANGEDCO,556.47
11657,4,1,2,0,0,0,0,0,0,0,0,0,1,815,0,0,May,14,Cold,Delhi,BSES Yamuna,199.2
11658,5,0,3,1,0,0,0,1,1,1,0,0,0,1326,0,0,May,5,Moderate,Mumbai,MSEDCL,438.78
11659,3,0,3,1,1,1,1,0,1,1,1,0,0,1572,0,0,Nov,0,Moderate,Mumbai,MSEDCL,658.68
11660,2,1,3,1,1,1,1,0,1,1,0,0,1,1548,0,1,Jun,18,Hot,Delhi,BSES Yamuna,404.46
11661,3,0,4,1,1,1,0,1,0,0,0,0,1,1802,0,1,May,20,Moderate,Bangalore,BESCOM,253.04
11662,3,2,2,1,1,0,1,0,0,1,0,0,0,933,0,0,Sep,6,Hot,Delhi,BSES Yamuna,546.28
11663,7,1,4,1,1,1,1,0,0,1,1,0,0,1858,0,1,May,10,Hot,Chennai,TANGEDCO,611.29
11664,2,0,3,0,1,1,1,0,1,1,0,0,1,1213,0,0,May,11,Cold,Delhi,BSES Yamuna,417.19
11665,5,0,2,0,0,0,0,0,0,0,0,0,0,865,0,0,Oct,24,Hot,Chennai,TANGEDCO,60.0
11666,2,1,3,1,1,1,1,0,0,1,0,1,0,1550,0,0,Nov,6,Hot,Chennai,TANGEDCO,610.14
11667,1,0,2,0,1,1,0,0,0,0,0,0,0,1141,0,0,Jun,21,Moderate,Mumbai,MSEDCL,71.68
11668,8,3,6,1,1,1,1,1,1,1,1,1,0,2594,1,1,Jun,8,Hot,Chennai,TANGEDCO,1085.25
11669,4,0,3,1,0,1,1,0,0,0,1,0,0,1313,0,0,Feb,0,Hot,Kolkata,CESC,609.15
11670,4,1,1,0,0,0,1,0,0,0,0,0,0,558,0,0,Jun,6,Hot,Chennai,TANGEDCO,205.48
11671,3,2,2,1,1,1,0,0,1,1,0,1,0,960,0,0,May,8,Moderate,Mumbai,MSEDCL,440.69
11672,2,0,3,1,0,0,1,0,0,0,0,0,0,1453,0,0,Jun,13,Hot,Chennai,TANGEDCO,286.68
11673,2,0,1,0,0,0,1,0,1,0,1,0,0,784,0,0,Aug,8,Hot,Chennai,TANGEDCO,236.01
11674,4,0,1,0,0,0,0,0,0,0,0,0,0,414,0,0,Jun,5,Hot,Chennai,TANGEDCO,159.99
11675,4,3,2,0,0,0,1,0,0,1,0,0,0,836,0,0,Feb,3,Moderate,Bangalore,BESCOM,203.31
11676,4,1,2,1,1,0,0,0,1,0,0,0,1,954,0,0,May,22,Moderate,Mumbai,MSEDCL,157.09
11677,5,0,2,1,1,1,0,0,0,1,0,0,0,826,0,0,Apr,0,Hot,Kolkata,CESC,721.85
11678,1,0,2,1,1,0,1,0,0,0,0,0,0,811,0,0,Apr,0,Cold,Delhi,BSES Yamuna,485.09
11679,2,1,2,1,0,0,1,0,1,1,1,0,0,866,0,0,Apr,0,Hot,Kolkata,CESC,627.34
11680,4,0,3,0,1,1,1,0,0,0,1,0,0,1229,0,1,Nov,0,Moderate,Bangalore,BESCOM,425.21
11681,6,4,3,1,1,1,0,0,0,1,1,0,0,1295,0,0,Aug,0,Moderate,Mumbai,MSEDCL,592.76
11682,3,1,2,1,0,1,0,0,1,0,0,0,0,1014,0,0,Nov,0,Hot,Chennai,TANGEDCO,518.5
11683,2,1,2,1,0,0,1,1,0,1,1,0,0,993,0,0,Jun,22,Moderate,Bangalore,BESCOM,129.73
11684,5,1,3,0,0,1,1,1,1,1,1,0,0,1334,0,0,Jan,7,Hot,Chennai,TANGEDCO,430.75
11685,2,0,1,0,0,0,1,0,0,0,1,0,0,689,0,0,Jan,0,Hot,Kolkata,CESC,240.51
11686,3,2,1,0,0,0,0,0,0,0,0,0,1,431,0,0,Mar,0,Hot,Chennai,TANGEDCO,354.29
11687,4,3,1,0,0,0,1,0,0,1,0,0,0,772,0,0,Sep,0,Hot,Chennai,TANGEDCO,311.85
11688,4,1,4,1,0,1,1,0,0,0,0,0,0,1638,0,0,Apr,0,Hot,Delhi,BSES Yamuna,561.36
11689,2,0,3,0,1,1,1,0,1,1,1,0,0,1551,0,0,Mar,0,Moderate,Bangalore,BESCOM,479.07
11690,3,2,3,1,1,1,0,0,0,0,1,1,0,1405,0,0,Oct,18,Moderate,Bangalore,BESCOM,242.74
11691,2,0,3,1,0,1,0,0,0,1,1,0,0,1586,0,0,Apr,9,Hot,Kolkata,CESC,411.67
11692,3,2,3,1,0,1,0,0,1,0,0,1,0,1242,0,0,Jun,19,Hot,Delhi,BSES Yamuna,201.97
11693,1,0,2,0,0,0,0,0,0,0,0,0,0,1136,0,0,May,24,Moderate,Mumbai,MSEDCL,60.0
11694,2,0,3,1,0,1,0,0,1,0,1,0,0,1458,0,0,Oct,19,Hot,Kolkata,CESC,208.66
11695,3,0,1,1,0,1,0,0,0,0,0,0,0,648,0,0,Aug,9,Moderate,Mumbai,MSEDCL,224.51
11696,3,1,3,0,0,0,0,1,0,0,0,0,0,1273,0,0,May,9,Hot,Kolkata,CESC,188.15
11697,6,4,3,1,1,0,1,0,0,1,0,0,0,1572,0,0,Oct,17,Hot,Kolkata,CESC,337.47
11698,5,2,3,1,0,1,0,0,1,1,0,0,0,1518,0,0,Aug,3,Hot,Kolkata,CESC,575.31
11699,4,0,2,1,1,1,1,0,1,1,0,0,0,1166,0,0,Oct,20,Hot,Chennai,TANGEDCO,284.6
11700,4,3,2,1,0,1,1,0,0,0,0,0,0,1095,0,0,Dec,11,Hot,Delhi,BSES Yamuna,337.92
11701,2,0,3,0,0,1,1,0,1,1,0,1,0,1473,0,0,Apr,0,Hot,Chennai,TANGEDCO,429.56
11702,5,4,3,0,1,1,1,0,0,1,1,0,1,1522,0,0,Apr,0,Cold,Delhi,BSES Yamuna,672.69
11703,3,2,4,0,1,1,1,0,1,1,1,0,0,1958,1,0,Jun,6,Moderate,Mumbai,MSEDCL,622.97
11704,5,2,2,0,0,1,0,1,0,1,1,0,0,989,0,0,Jun,12,Hot,Delhi,BSES Yamuna,241.92
11705,3,2,3,0,0,1,0,0,0,0,1,1,0,1337,0,0,Oct,23,Hot,Delhi,BSES Yamuna,60.0
11706,3,0,3,1,0,1,1,0,1,0,0,1,0,1501,0,0,Apr,3,Hot,Kolkata,CESC,576.07
11707,3,1,4,1,1,1,1,0,0,1,1,0,0,1910,0,1,May,5,Moderate,Bangalore,BESCOM,557.14
11708,2,0,3,1,1,1,0,1,1,1,0,0,0,1530,0,0,Jun,12,Moderate,Mumbai,MSEDCL,367.9
11709,6,3,3,1,0,1,1,0,1,0,1,0,0,1552,0,0,May,18,Moderate,Bangalore,BESCOM,222.12
11710,5,0,3,1,0,0,1,0,1,1,1,1,0,1481,0,0,Feb,0,Moderate,Bangalore,BESCOM,556.37
11711,6,2,3,1,1,1,0,0,0,0,0,1,0,1365,0,0,Mar,0,Hot,Kolkata,CESC,726.13
11712,5,4,5,1,0,1,1,1,0,0,0,0,0,2277,0,0,Apr,0,Hot,Kolkata,CESC,723.76
11713,2,0,1,0,0,0,0,0,0,0,0,0,0,425,0,0,Jun,10,Moderate,Bangalore,BESCOM,72.76
11714,2,0,1,0,0,0,0,0,0,0,0,1,0,472,0,0,May,8,Hot,Delhi,BSES Yamuna,106.99
11715,7,3,5,1,1,1,1,0,0,0,1,0,0,2114,0,0,Apr,0,Hot,Kolkata,CESC,878.69
11716,3,1,3,1,1,0,0,0,0,0,0,0,0,1250,0,0,Aug,9,Hot,Chennai,TANGEDCO,421.99
11717,2,0,3,1,0,1,1,1,1,0,0,0,0,1568,0,0,Oct,14,Hot,Kolkata,CESC,370.04
11718,2,1,2,1,0,0,0,1,1,0,0,0,0,970,0,0,Apr,0,Moderate,Bangalore,BESCOM,452.83
11719,3,0,1,0,0,0,1,0,0,0,0,0,0,667,0,0,Aug,0,Hot,Chennai,TANGEDCO,250.86
11720,5,3,3,0,0,1,0,0,1,0,1,0,1,1202,0,0,Feb,2,Moderate,Mumbai,MSEDCL,413.45
11721,5,4,3,1,0,1,0,0,0,0,0,0,0,1409,0,0,Oct,6,Hot,Kolkata,CESC,419.35
11722,4,3,2,0,0,1,1,0,0,1,0,0,0,1175,0,1,Dec,8,Hot,Kolkata,CESC,302.43
11723,3,1,2,1,1,1,1,0,0,0,1,0,0,1190,0,0,Apr,4,Moderate,Mumbai,MSEDCL,458.6
11724,7,1,4,1,0,1,1,0,1,1,0,1,1,1989,0,0,Sep,5,Hot,Kolkata,CESC,848.71
11725,1,0,1,1,1,1,0,1,0,0,1,1,0,737,0,0,Feb,0,Moderate,Bangalore,BESCOM,524.45
11726,6,5,4,1,1,1,0,0,0,1,0,1,0,1900,0,0,Dec,19,Hot,Kolkata,CESC,299.81
11727,2,0,2,0,0,1,1,1,1,0,1,1,0,1182,0,0,May,11,Hot,Delhi,BSES Yamuna,318.79
11728,2,1,3,1,0,1,1,0,0,1,0,1,0,1541,0,0,Jun,19,Hot,Chennai,TANGEDCO,228.18
11729,5,1,5,1,1,1,1,1,1,1,0,0,0,2114,0,0,Sep,0,Hot,Chennai,TANGEDCO,969.17
11730,2,0,3,0,1,1,0,0,0,1,1,0,0,1366,0,0,Apr,2,Moderate,Bangalore,BESCOM,321.7
11731,1,0,2,1,0,1,0,0,0,0,0,1,0,1064,0,0,May,23,Moderate,Mumbai,MSEDCL,74.84
11732,3,2,3,0,0,0,1,0,1,1,0,1,0,1426,0,0,Feb,2,Moderate,Bangalore,BESCOM,295.0
11733,2,0,2,0,0,1,1,0,0,0,0,0,0,950,0,0,Jun,17,Hot,Delhi,BSES Yamuna,117.27
11734,1,0,2,0,0,0,1,0,0,0,0,0,1,1067,0,0,Sep,7,Cold,Delhi,BSES Yamuna,256.24
11735,8,2,6,1,0,1,1,1,0,1,1,0,1,2515,0,0,Oct,24,Hot,Kolkata,CESC,206.24
11736,3,1,3,0,0,0,0,0,1,0,0,1,0,1287,0,0,Jun,17,Hot,Chennai,TANGEDCO,98.24
11737,4,2,3,1,0,0,1,0,0,1,0,0,0,1517,0,0,Sep,0,Hot,Delhi,BSES Yamuna,603.29
11738,3,1,2,0,0,0,1,0,0,0,0,1,1,1041,0,0,Mar,0,Hot,Kolkata,CESC,458.13
11739,1,0,1,0,0,1,0,0,0,0,0,0,0,759,0,0,Aug,0,Moderate,Mumbai,MSEDCL,149.89
11740,1,0,1,0,0,1,0,0,0,0,1,1,0,728,0,0,Jan,2,Hot,Delhi,BSES Yamuna,232.71
11741,2,0,3,1,0,1,1,0,0,1,1,1,0,1532,0,0,Apr,0,Hot,Chennai,TANGEDCO,652.41
11742,2,0,3,0,0,0,0,0,0,0,1,1,0,1239,0,0,Jun,16,Moderate,Bangalore,BESCOM,109.15
11743,5,3,3,0,0,1,1,0,1,0,1,0,0,1381,0,0,May,8,Moderate,Bangalore,BESCOM,249.79
11744,6,2,4,1,0,0,1,0,1,1,1,1,0,1808,0,0,May,7,Hot,Kolkata,CESC,575.31
11745,2,1,1,1,0,1,0,0,1,1,0,0,0,790,0,0,Oct,17,Hot,Delhi,BSES Yamuna,219.64
11746,5,4,2,1,0,0,1,1,1,0,1,0,0,1072,0,0,Jun,6,Hot,Delhi,BSES Yamuna,540.75
11747,5,0,2,0,0,0,0,0,0,0,0,0,0,918,0,0,May,19,Hot,Kolkata,CESC,74.63
11748,5,2,2,0,1,1,0,0,0,0,0,0,0,1181,0,0,May,9,Moderate,Mumbai,MSEDCL,227.71
11749,1,0,1,0,1,0,0,0,0,0,0,0,0,423,0,0,Oct,7,Moderate,Bangalore,BESCOM,165.17
11750,8,1,5,1,1,1,1,0,1,1,0,1,1,2257,0,1,May,13,Hot,Kolkata,CESC,697.74
11751,1,0,2,0,0,1,0,0,0,1,0,0,0,891,0,0,Oct,13,Hot,Delhi,BSES Yamuna,130.85
11752,4,3,5,1,1,1,1,1,1,1,0,0,0,2160,0,1,Apr,7,Moderate,Mumbai,MSEDCL,597.24
11753,3,1,2,0,0,0,1,0,1,1,1,0,0,948,0,0,Jun,13,Hot,Kolkata,CESC,203.69
11754,7,1,6,1,1,1,1,0,1,1,1,0,0,2516,0,1,May,8,Moderate,Mumbai,MSEDCL,599.94
11755,3,1,3,1,1,1,1,1,1,0,0,0,0,1252,0,0,Jun,8,Hot,Chennai,TANGEDCO,593.37
11756,4,1,5,1,0,1,1,0,1,0,1,0,0,2301,0,0,Jun,6,Hot,Chennai,TANGEDCO,579.73
11757,1,0,1,0,0,0,1,0,0,1,0,0,0,444,0,0,Jun,19,Hot,Chennai,TANGEDCO,60.0
11758,3,2,3,1,0,0,1,0,1,1,0,0,0,1464,0,0,Jun,19,Hot,Delhi,BSES Yamuna,271.57
11759,6,5,4,1,1,1,1,0,0,1,0,0,0,1861,0,0,May,21,Hot,Kolkata,CESC,259.13
11760,1,0,1,1,0,1,0,1,0,0,0,0,0,706,0,0,Nov,0,Hot,Delhi,BSES Yamuna,488.43
11761,3,0,1,1,1,0,0,0,0,0,0,0,0,633,0,0,May,17,Hot,Delhi,BSES Yamuna,232.25
11762,3,1,2,0,0,0,1,0,0,0,1,0,0,1174,0,0,May,10,Hot,Chennai,TANGEDCO,191.88
11763,4,2,5,1,0,1,1,0,1,1,0,0,0,2034,0,1,Apr,0,Hot,Kolkata,CESC,760.53
11764,2,1,3,1,0,1,1,0,1,0,1,0,0,1537,0,0,May,24,Hot,Delhi,BSES Yamuna,115.25
11765,2,1,3,1,0,1,0,1,0,1,0,1,0,1396,0,0,Apr,0,Hot,Kolkata,CESC,665.73
11766,3,1,1,0,1,0,0,0,0,1,0,0,0,424,0,0,Jul,0,Moderate,Mumbai,MSEDCL,255.29
11767,1,0,1,0,0,0,0,1,0,0,0,0,0,794,0,0,Aug,0,Moderate,Bangalore,BESCOM,159.91
11768,6,1,4,1,1,1,1,0,1,1,0,1,0,1801,0,0,May,19,Hot,Delhi,BSES Yamuna,348.97
11769,3,0,1,0,1,1,1,0,0,1,0,1,0,672,0,0,Dec,7,Moderate,Mumbai,MSEDCL,290.93
11770,2,1,3,1,0,1,1,1,0,0,1,0,0,1235,0,0,May,8,Moderate,Mumbai,MSEDCL,368.74
11771,6,5,4,0,1,1,1,0,0,1,0,0,0,1822,0,1,Oct,5,Cold,Delhi,BSES Yamuna,453.57
11772,2,0,2,0,0,0,0,1,0,1,0,0,0,1151,0,0,May,10,Moderate,Bangalore,BESCOM,180.98
11773,2,1,3,0,0,1,1,1,1,1,0,1,0,1476,0,0,May,7,Hot,Chennai,TANGEDCO,375.23
11774,3,1,1,0,0,0,0,0,0,0,0,1,0,417,0,0,Jul,0,Hot,Chennai,TANGEDCO,161.03
11775,5,1,3,0,1,1,0,0,0,0,0,0,0,1387,0,0,Jun,19,Moderate,Bangalore,BESCOM,115.09
11776,5,1,2,0,1,0,1,0,0,1,1,0,0,1056,0,0,Jun,11,Moderate,Mumbai,MSEDCL,283.97
11777,3,2,3,1,0,1,1,1,1,1,1,0,0,1341,0,0,Sep,8,Moderate,Bangalore,BESCOM,418.95
11778,3,1,2,0,1,1,1,0,1,0,0,0,1,935,0,0,Aug,0,Cold,Delhi,BSES Yamuna,617.42
11779,1,0,2,1,1,1,0,0,1,1,0,0,0,1106,0,0,Nov,0,Moderate,Mumbai,MSEDCL,518.2
11780,2,0,3,0,0,0,1,0,1,1,1,1,0,1278,0,0,Apr,2,Hot,Chennai,TANGEDCO,376.12
11781,4,1,2,1,0,1,0,0,0,0,0,1,0,1091,0,0,Jan,0,Hot,Kolkata,CESC,514.27
11782,4,2,3,0,1,0,1,0,1,1,1,0,0,1261,0,0,Dec,24,Hot,Chennai,TANGEDCO,119.93
11783,5,0,2,1,0,1,0,0,0,0,0,0,0,928,0,0,May,18,Hot,Delhi,BSES Yamuna,217.79
11784,3,0,3,1,0,1,0,0,0,1,1,0,0,1540,0,0,Jan,0,Moderate,Bangalore,BESCOM,465.25
11785,3,1,2,1,1,0,1,0,1,0,1,0,0,1097,0,0,Apr,0,Moderate,Bangalore,BESCOM,566.5
11786,2,1,3,1,1,1,0,1,0,0,1,1,1,1456,0,0,Jul,0,Hot,Chennai,TANGEDCO,954.35
11787,4,2,1,1,0,0,1,0,0,0,0,0,0,611,0,0,Jun,10,Moderate,Bangalore,BESCOM,242.79
11788,5,3,2,0,1,1,0,0,1,1,0,0,0,853,0,0,Apr,8,Moderate,Bangalore,BESCOM,295.64
11789,4,1,2,1,0,0,1,0,1,1,0,0,0,974,0,0,Apr,9,Hot,Kolkata,CESC,443.92
11790,3,2,3,1,1,1,1,0,0,1,0,0,0,1299,0,0,May,11,Hot,Delhi,BSES Yamuna,466.14
11791,3,2,2,0,0,1,0,0,1,0,1,0,0,838,0,0,Jan,7,Hot,Kolkata,CESC,257.46
11792,6,5,4,0,1,1,1,0,0,0,0,0,0,1862,0,1,Jan,0,Moderate,Bangalore,BESCOM,467.42
11793,6,5,4,1,1,1,1,0,1,0,0,0,1,1749,0,0,Jun,13,Cold,Delhi,BSES Yamuna,503.62
11794,1,0,2,0,0,1,1,0,0,0,1,0,0,920,0,0,May,8,Moderate,Bangalore,BESCOM,137.76
11795,5,3,3,1,1,1,1,0,0,0,1,0,0,1377,0,0,Jan,9,Hot,Kolkata,CESC,499.37
11796,1,0,1,1,0,1,0,0,1,0,0,0,0,700,0,0,May,7,Hot,Kolkata,CESC,353.11
11797,3,2,2,0,1,0,0,0,0,1,0,0,0,1129,0,0,Nov,0,Moderate,Bangalore,BESCOM,311.17
11798,3,0,3,1,0,0,1,0,0,1,0,0,0,1319,0,0,May,8,Hot,Kolkata,CESC,408.69
11799,5,1,3,1,0,0,0,1,1,0,0,0,0,1271,0,0,May,17,Hot,Kolkata,CESC,273.11
11800,6,4,3,1,1,0,0,0,0,0,1,0,0,1418,0,0,May,20,Hot,Kolkata,CESC,236.8
11801,2,0,2,1,0,1,1,0,0,1,0,0,0,1193,0,0,Mar,0,Hot,Chennai,TANGEDCO,572.88
11802,5,0,2,0,0,1,1,0,0,0,0,0,0,1197,0,0,Jun,9,Moderate,Bangalore,BESCOM,175.14
11803,2,0,1,1,1,0,0,0,0,0,0,0,0,701,0,0,Oct,7,Moderate,Mumbai,MSEDCL,302.44
11804,5,1,3,1,1,0,0,0,0,0,1,0,0,1322,0,0,Apr,9,Moderate,Mumbai,MSEDCL,351.6
11805,5,2,3,1,1,1,1,0,1,1,0,0,0,1443,0,0,Jul,7,Moderate,Mumbai,MSEDCL,513.54
11806,4,0,3,1,0,1,1,0,1,0,0,0,0,1573,0,0,Oct,15,Moderate,Bangalore,BESCOM,242.32
11807,1,0,2,1,0,0,1,0,1,0,0,1,1,874,0,0,Nov,0,Moderate,Bangalore,BESCOM,546.07
11808,5,3,2,0,0,1,1,0,0,0,0,0,0,805,0,0,Jun,23,Hot,Kolkata,CESC,90.72
11809,1,0,2,1,0,0,0,0,1,0,0,0,0,820,0,0,Apr,3,Hot,Kolkata,CESC,401.39
11810,1,0,1,0,0,1,0,0,0,0,0,0,0,589,0,0,Jul,0,Hot,Kolkata,CESC,165.99
11811,2,0,2,0,1,0,0,0,0,0,0,0,0,1024,0,0,Aug,0,Moderate,Bangalore,BESCOM,282.07
11812,4,1,4,1,1,1,1,1,1,1,1,1,0,1702,0,0,Sep,9,Moderate,Bangalore,BESCOM,544.32
11813,7,5,4,0,1,1,1,1,0,1,1,0,0,1943,0,0,Nov,0,Moderate,Mumbai,MSEDCL,594.81
11814,2,0,3,1,0,1,0,1,0,0,0,0,0,1298,0,0,Jun,14,Hot,Kolkata,CESC,257.03
11815,3,2,2,1,0,0,1,0,1,1,1,1,1,1117,0,0,May,16,Hot,Kolkata,CESC,371.64
11816,3,1,1,0,0,0,0,0,1,0,1,0,0,762,0,0,Jun,18,Hot,Chennai,TANGEDCO,103.0
11817,3,1,4,0,1,1,1,0,0,1,1,0,0,1682,0,0,May,12,Moderate,Mumbai,MSEDCL,263.21
11818,2,1,1,0,0,0,1,0,1,0,0,0,0,580,0,0,Feb,0,Moderate,Bangalore,BESCOM,214.41
11819,4,0,5,1,1,1,1,0,1,1,1,0,0,2151,0,1,Aug,0,Moderate,Bangalore,BESCOM,734.58
11820,4,1,2,1,1,0,0,0,0,1,0,0,0,855,0,0,Jan,0,Moderate,Mumbai,MSEDCL,495.92
11821,4,2,2,0,1,0,0,0,0,1,0,0,0,989,0,0,Feb,7,Moderate,Mumbai,MSEDCL,245.65
11822,6,5,5,1,0,0,1,0,1,1,1,1,0,2021,0,1,May,23,Hot,Kolkata,CESC,183.19
11823,1,0,1,0,0,0,0,0,0,0,0,0,0,467,0,0,Nov,9,Moderate,Bangalore,BESCOM,96.37
11824,2,1,3,0,0,0,0,0,0,0,1,0,0,1384,0,0,May,21,Moderate,Bangalore,BESCOM,64.83
11825,5,4,3,0,1,0,0,0,0,0,1,0,0,1209,0,0,Apr,0,Moderate,Bangalore,BESCOM,328.66
11826,5,2,2,1,0,1,1,0,0,0,0,0,0,865,0,0,Oct,15,Hot,Delhi,BSES Yamuna,271.35
11827,4,1,2,0,0,1,1,0,0,0,0,0,0,1063,0,0,Jun,8,Hot,Kolkata,CESC,282.3
11828,6,2,3,0,1,0,0,0,1,0,0,0,0,1424,0,0,May,6,Hot,Chennai,TANGEDCO,385.33
11829,6,2,3,0,0,1,1,0,1,0,0,0,0,1322,0,0,Aug,0,Moderate,Bangalore,BESCOM,326.59
11830,4,1,1,0,0,1,0,1,0,0,0,1,0,437,0,0,May,21,Moderate,Mumbai,MSEDCL,79.59
11831,5,4,5,1,0,1,1,1,0,1,0,1,1,2122,0,1,Aug,7,Hot,Chennai,TANGEDCO,763.27
11832,5,2,2,0,1,1,1,0,0,1,0,0,0,1117,0,0,Apr,0,Moderate,Bangalore,BESCOM,428.46
11833,1,0,2,0,1,1,1,0,1,1,1,1,1,955,0,0,Apr,4,Cold,Delhi,BSES Yamuna,565.22
11834,4,2,2,1,1,1,0,1,0,0,0,0,0,1193,0,0,May,23,Moderate,Bangalore,BESCOM,140.25
11835,2,0,1,1,0,0,1,0,0,0,0,0,0,700,0,0,May,7,Hot,Chennai,TANGEDCO,333.21
11836,2,1,1,0,0,0,1,0,1,0,0,1,0,720,0,0,Jun,19,Moderate,Bangalore,BESCOM,102.05
11837,8,3,6,1,1,1,1,0,1,1,1,1,0,2466,0,1,Sep,8,Hot,Kolkata,CESC,788.71
11838,3,2,2,1,1,1,1,0,0,0,0,1,0,1192,0,0,Nov,0,Moderate,Mumbai,MSEDCL,548.15
11839,1,0,1,0,0,0,1,0,0,1,0,0,0,532,0,0,Sep,0,Hot,Chennai,TANGEDCO,261.33
11840,3,2,1,0,0,0,1,0,0,0,0,0,0,761,0,0,May,10,Moderate,Mumbai,MSEDCL,109.74
11841,4,0,3,1,1,1,0,0,0,1,0,0,0,1593,0,0,Aug,0,Moderate,Mumbai,MSEDCL,556.39
11842,7,5,4,1,1,0,1,0,0,1,1,0,0,1739,0,0,Jun,16,Cold,Delhi,BSES Yamuna,330.84
11843,5,4,2,0,0,0,1,0,0,1,0,0,0,881,0,0,Nov,2,Hot,Delhi,BSES Yamuna,307.46
11844,3,2,1,0,1,0,0,0,0,1,1,0,0,457,0,0,Aug,0,Moderate,Bangalore,BESCOM,316.25
11845,3,2,2,0,0,0,1,0,0,0,1,0,0,948,0,0,Apr,4,Hot,Chennai,TANGEDCO,233.3
11846,1,0,1,0,0,0,0,0,0,0,0,0,0,530,0,0,Feb,0,Moderate,Mumbai,MSEDCL,85.72
11847,2,1,1,0,0,0,0,0,0,0,0,0,0,468,0,0,Jun,23,Hot,Kolkata,CESC,60.0
11848,1,0,2,0,0,0,1,0,0,0,0,1,0,1144,0,0,May,8,Hot,Kolkata,CESC,183.63
11849,4,0,2,1,0,0,0,0,0,1,0,0,1,1049,0,0,Apr,0,Hot,Chennai,TANGEDCO,689.57
11850,4,2,3,1,1,1,1,0,1,1,0,1,0,1519,0,0,Sep,0,Moderate,Bangalore,BESCOM,682.66
11851,1,0,2,0,0,1,1,0,0,1,0,0,0,976,0,0,May,5,Moderate,Mumbai,MSEDCL,197.75
11852,7,1,5,1,1,1,1,0,1,1,1,0,0,2071,0,1,Feb,2,Hot,Chennai,TANGEDCO,941.8
11853,6,2,4,1,0,1,1,0,0,1,1,1,0,1616,0,1,May,17,Hot,Chennai,TANGEDCO,351.16
11854,4,0,3,1,0,1,1,0,0,0,0,1,0,1528,0,0,Jul,0,Hot,Chennai,TANGEDCO,558.31
11855,2,0,2,0,0,0,1,0,0,1,0,1,0,959,0,0,Jun,5,Hot,Chennai,TANGEDCO,275.29
11856,2,0,2,0,0,1,1,0,1,0,0,1,0,869,0,1,May,21,Moderate,Mumbai,MSEDCL,85.2
11857,1,0,2,0,1,0,1,0,0,0,0,1,0,912,0,0,May,6,Moderate,Bangalore,BESCOM,242.64
11858,2,0,3,1,0,1,1,0,0,1,0,0,0,1431,0,0,Jan,7,Hot,Delhi,BSES Yamuna,443.63
11859,5,4,2,1,0,1,1,0,0,0,0,0,0,820,0,0,Dec,22,Hot,Chennai,TANGEDCO,141.74
11860,4,3,4,1,1,1,1,0,0,0,1,1,0,1734,0,0,May,18,Moderate,Bangalore,BESCOM,218.41
11861,4,3,5,1,1,1,1,0,1,1,0,1,1,2262,0,1,Nov,6,Moderate,Bangalore,BESCOM,730.48
11862,5,3,2,0,0,1,1,0,0,1,0,1,0,910,0,0,Oct,15,Moderate,Bangalore,BESCOM,147.6
11863,5,1,3,1,0,1,1,0,0,0,1,0,0,1445,0,0,May,17,Hot,Kolkata,CESC,286.24
11864,1,0,1,0,1,0,1,0,1,0,1,0,1,682,0,0,Jul,0,Cold,Delhi,BSES Yamuna,558.33
11865,5,2,2,0,0,0,0,0,0,0,1,0,0,807,0,0,May,8,Hot,Chennai,TANGEDCO,213.75
11866,2,0,2,0,1,0,0,0,0,0,1,0,0,1083,0,0,Dec,15,Hot,Chennai,TANGEDCO,176.76
11867,4,2,2,1,0,1,0,0,0,0,1,0,0,1006,0,0,Jun,10,Hot,Kolkata,CESC,355.08
11868,3,2,4,1,1,1,1,0,0,1,0,0,1,1793,0,0,Jun,23,Hot,Kolkata,CESC,233.82
11869,2,1,2,0,0,1,1,0,0,0,0,0,0,846,0,0,Jun,24,Hot,Kolkata,CESC,64.69
11870,4,1,2,0,0,0,1,0,0,0,1,1,0,1141,0,0,Apr,2,Moderate,Bangalore,BESCOM,230.65
11871,4,1,3,1,0,1,1,0,0,1,0,0,0,1441,0,0,May,23,Hot,Chennai,TANGEDCO,139.27
11872,3,2,3,0,0,1,0,0,0,0,0,1,0,1209,0,0,Aug,9,Moderate,Mumbai,MSEDCL,143.81
11873,3,2,2,0,0,1,1,0,0,0,0,0,0,1169,0,0,Feb,0,Hot,Delhi,BSES Yamuna,300.61
11874,3,1,4,1,0,1,1,0,0,1,1,0,0,1888,0,0,May,15,Hot,Chennai,TANGEDCO,327.41
11875,6,2,3,0,1,0,1,0,0,1,1,0,0,1590,0,0,Jun,9,Moderate,Bangalore,BESCOM,300.89
11876,1,0,2,1,1,1,0,0,0,1,0,0,0,930,0,0,Dec,20,Hot,Delhi,BSES Yamuna,192.95
11877,2,1,1,0,0,1,1,0,0,0,0,0,0,669,0,0,Nov,0,Hot,Delhi,BSES Yamuna,258.29
11878,3,1,2,0,1,0,1,0,0,1,0,0,0,1101,0,0,Oct,20,Hot,Delhi,BSES Yamuna,170.69
11879,5,0,4,0,1,1,1,0,1,1,0,0,0,1660,0,0,Jun,16,Moderate,Mumbai,MSEDCL,255.52
11880,5,3,3,1,0,1,0,0,0,1,0,0,0,1363,0,0,Oct,15,Hot,Delhi,BSES Yamuna,282.55
11881,3,1,4,1,0,1,0,0,1,1,0,0,0,1612,0,0,Jun,12,Moderate,Bangalore,BESCOM,267.48
11882,1,0,2,0,0,1,1,0,1,1,0,0,0,1071,0,0,May,12,Hot,Chennai,TANGEDCO,227.4
11883,2,0,1,0,0,0,1,0,0,1,1,0,0,607,0,0,Apr,5,Moderate,Bangalore,BESCOM,179.76
11884,4,3,1,1,1,0,0,0,0,0,1,0,0,645,0,0,Dec,23,Moderate,Bangalore,BESCOM,107.04
11885,3,1,2,1,0,1,0,0,0,0,1,0,0,932,0,0,Jun,22,Hot,Kolkata,CESC,123.91
11886,3,2,3,1,1,1,1,0,0,0,0,0,1,1443,0,0,Jul,0,Cold,Delhi,BSES Yamuna,763.78
11887,3,0,3,1,0,1,0,1,0,1,1,0,0,1493,0,1,Mar,0,Hot,Kolkata,CESC,698.44
11888,3,2,2,0,0,0,1,0,0,0,0,0,0,837,0,0,May,21,Moderate,Mumbai,MSEDCL,79.67
11889,2,1,2,1,0,0,1,0,0,0,1,0,0,1158,0,0,Dec,12,Moderate,Bangalore,BESCOM,263.52
11890,3,2,2,0,0,0,0,0,1,0,1,0,0,855,0,1,Sep,8,Hot,Chennai,TANGEDCO,211.96
11891,2,1,2,0,0,1,1,0,0,0,0,0,0,1118,0,0,Oct,10,Hot,Kolkata,CESC,201.96
11892,5,1,2,0,0,1,0,0,0,0,1,0,1,1175,0,0,May,6,Cold,Delhi,BSES Yamuna,369.26
11893,4,1,1,0,0,0,0,1,0,0,0,0,0,447,0,0,Feb,0,Hot,Chennai,TANGEDCO,263.38
11894,2,1,2,0,0,0,0,0,0,1,0,0,0,904,0,0,May,16,Moderate,Mumbai,MSEDCL,97.97
11895,4,3,1,0,0,0,0,0,0,0,0,0,0,458,0,0,May,12,Hot,Delhi,BSES Yamuna,122.98
11896,2,0,2,1,0,1,0,1,0,1,0,0,0,876,0,0,May,5,Moderate,Bangalore,BESCOM,360.51
11897,3,0,1,0,0,1,0,0,0,1,0,0,0,617,0,0,Jun,17,Moderate,Bangalore,BESCOM,86.0
11898,6,4,3,1,0,1,1,1,1,1,0,0,1,1582,0,0,Apr,0,Hot,Kolkata,CESC,1011.09
11899,1,0,2,1,0,0,0,0,0,0,0,1,0,854,0,0,Nov,2,Moderate,Mumbai,MSEDCL,288.29
11900,6,3,5,0,1,1,1,0,1,1,1,0,0,2054,0,0,Nov,6,Moderate,Bangalore,BESCOM,469.91
11901,4,1,2,1,0,0,0,1,1,0,0,0,0,928,0,0,May,7,Hot,Delhi,BSES Yamuna,460.49
11902,5,1,2,0,1,0,1,0,0,1,0,0,0,1191,0,0,Jul,9,Hot,Kolkata,CESC,350.21
11903,1,0,2,0,0,0,1,0,0,1,1,0,0,1182,0,0,Jun,12,Moderate,Bangalore,BESCOM,149.56
11904,2,1,1,0,1,1,0,0,1,0,1,1,0,787,0,0,May,5,Hot,Kolkata,CESC,380.11
11905,3,0,4,1,1,1,1,1,0,0,1,0,0,1684,0,0,Oct,22,Moderate,Bangalore,BESCOM,176.21
11906,1,0,1,1,0,1,0,0,1,0,0,0,0,613,0,0,Apr,8,Moderate,Mumbai,MSEDCL,252.98
11907,5,1,5,1,0,1,1,1,1,0,1,1,0,2114,0,1,Jun,13,Hot,Chennai,TANGEDCO,502.47
11908,3,1,4,1,1,1,1,1,0,1,1,0,1,1913,0,1,May,13,Moderate,Mumbai,MSEDCL,472.58
11909,5,1,3,0,1,0,1,1,1,1,0,0,0,1492,0,0,Oct,9,Moderate,Mumbai,MSEDCL,368.73
11910,4,2,3,1,1,0,1,0,1,0,1,1,0,1248,0,0,Jun,17,Hot,Kolkata,CESC,350.46
11911,4,0,3,1,0,0,1,0,0,1,0,0,0,1266,0,0,Oct,17,Moderate,Mumbai,MSEDCL,184.54
11912,5,2,2,0,0,0,0,0,0,1,1,1,0,1074,0,0,May,7,Hot,Chennai,TANGEDCO,267.22
11913,3,2,3,1,0,1,1,0,0,1,0,0,0,1328,0,0,Jan,0,Hot,Chennai,TANGEDCO,603.08
11914,2,1,1,1,1,0,1,0,0,0,0,0,0,428,0,0,Apr,0,Moderate,Mumbai,MSEDCL,438.42
11915,3,2,1,0,0,1,0,0,0,0,0,0,0,742,0,0,Oct,10,Hot,Delhi,BSES Yamuna,140.8
11916,1,0,2,0,0,0,0,0,1,1,0,0,0,832,0,0,May,18,Moderate,Bangalore,BESCOM,73.24
11917,3,0,3,1,0,1,1,0,0,0,0,1,0,1318,0,0,May,17,Hot,Chennai,TANGEDCO,239.26
11918,6,5,4,1,1,1,0,0,0,1,1,0,0,1779,0,0,May,23,Hot,Delhi,BSES Yamuna,196.21
11919,4,1,1,0,1,0,1,0,0,0,0,0,0,550,0,0,May,10,Moderate,Mumbai,MSEDCL,197.37
11920,4,2,4,1,0,1,1,0,1,1,1,1,0,1732,1,0,Oct,14,Hot,Delhi,BSES Yamuna,575.24
11921,2,0,2,1,1,0,0,0,0,0,0,0,0,1126,0,0,May,7,Moderate,Bangalore,BESCOM,330.5
11922,3,0,2,1,0,0,1,0,0,0,1,0,0,984,0,0,Jun,13,Hot,Kolkata,CESC,287.44
11923,5,4,2,0,1,1,1,0,1,0,0,0,0,933,0,0,May,7,Moderate,Bangalore,BESCOM,311.18
11924,3,1,2,0,0,0,0,0,0,0,0,0,0,976,0,0,May,21,Moderate,Mumbai,MSEDCL,60.0
11925,5,2,2,0,1,0,1,0,0,1,1,0,0,821,0,0,May,23,Moderate,Bangalore,BESCOM,92.2
11926,5,3,3,1,0,1,1,0,1,1,1,1,0,1440,0,0,Jun,18,Hot,Kolkata,CESC,303.11
11927,7,4,4,0,1,1,1,0,1,1,1,0,0,1676,0,0,Apr,6,Cold,Delhi,BSES Yamuna,470.67
11928,3,0,2,0,1,1,1,0,1,0,1,0,0,1003,0,0,May,21,Cold,Delhi,BSES Yamuna,153.34
11929,2,0,2,0,1,0,0,0,0,0,0,0,0,803,0,0,Jan,0,Moderate,Bangalore,BESCOM,223.14
11930,7,3,4,1,0,1,1,1,0,1,1,0,1,1927,0,1,Sep,0,Hot,Kolkata,CESC,1044.2
11931,4,2,3,1,0,1,1,1,1,1,1,0,0,1364,0,0,Jan,7,Hot,Delhi,BSES Yamuna,628.71
11932,4,2,2,0,0,1,1,0,0,1,0,0,0,927,0,0,Oct,5,Hot,Delhi,BSES Yamuna,299.96
11933,5,2,2,0,0,1,0,0,0,1,0,0,0,844,0,0,Jan,0,Hot,Delhi,BSES Yamuna,326.69
11934,6,2,4,1,0,1,1,0,1,1,0,0,0,1817,0,0,Oct,6,Moderate,Bangalore,BESCOM,460.88
11935,5,0,3,1,1,1,1,0,0,0,1,1,0,1434,0,0,Jun,11,Moderate,Bangalore,BESCOM,379.01
11936,1,0,2,1,0,0,0,0,0,1,0,0,0,935,0,1,Jun,23,Hot,Chennai,TANGEDCO,108.7
11937,5,2,2,1,0,1,1,0,1,0,0,0,0,967,0,0,Mar,0,Moderate,Mumbai,MSEDCL,501.56
11938,5,3,4,1,0,0,1,0,1,1,1,1,0,1836,0,0,May,16,Hot,Chennai,TANGEDCO,361.15
11939,1,0,1,0,0,1,0,0,0,0,0,0,0,492,0,0,Jul,0,Hot,Delhi,BSES Yamuna,156.47
11940,5,1,6,1,1,1,1,0,1,1,1,0,0,2404,0,0,Jun,15,Hot,Kolkata,CESC,461.99
11941,2,1,1,0,0,0,0,0,0,1,0,0,0,555,0,0,Jun,11,Hot,Kolkata,CESC,131.58
11942,5,3,3,1,0,1,1,0,0,0,0,0,0,1444,0,0,Mar,0,Moderate,Mumbai,MSEDCL,436.53
11943,4,2,2,1,1,1,0,0,1,1,1,1,0,1159,0,1,May,20,Moderate,Bangalore,BESCOM,209.76
11944,4,3,2,0,0,1,0,0,0,0,0,0,1,880,0,0,Jun,11,Moderate,Bangalore,BESCOM,185.85
11945,6,1,4,0,0,1,1,1,1,1,1,0,0,1846,0,1,Mar,0,Moderate,Bangalore,BESCOM,510.64
11946,3,2,2,1,0,1,0,0,1,0,1,1,0,1142,0,0,Dec,19,Hot,Delhi,BSES Yamuna,202.34
11947,3,0,3,0,0,0,1,1,0,0,1,0,0,1336,0,0,Oct,15,Hot,Delhi,BSES Yamuna,168.43
11948,1,0,1,1,1,0,0,0,0,0,0,0,0,785,0,0,May,15,Hot,Kolkata,CESC,286.6
11949,3,0,1,0,0,0,0,0,0,0,0,0,1,462,0,0,Jun,23,Moderate,Mumbai,MSEDCL,62.52
11950,4,0,2,0,1,0,1,1,0,1,0,1,1,1106,0,0,Jun,11,Cold,Delhi,BSES Yamuna,410.58
11951,5,4,3,0,0,1,0,0,1,0,1,0,0,1315,0,0,Mar,2,Hot,Kolkata,CESC,363.55
11952,1,0,1,0,1,0,0,0,0,0,0,0,0,512,0,0,May,10,Moderate,Mumbai,MSEDCL,139.53
11953,4,2,1,0,0,0,0,0,0,0,0,0,0,430,0,0,Apr,7,Hot,Delhi,BSES Yamuna,134.17
11954,2,1,2,0,0,0,0,1,1,0,1,0,0,806,0,0,May,13,Moderate,Bangalore,BESCOM,156.19
11955,6,4,3,1,0,1,0,0,0,0,0,0,0,1202,0,0,Nov,0,Hot,Chennai,TANGEDCO,571.83
11956,2,0,3,1,0,1,1,0,1,0,1,0,0,1506,0,0,Jun,9,Hot,Chennai,TANGEDCO,428.24
11957,3,2,2,1,0,0,0,1,0,0,1,0,0,1042,0,1,Feb,3,Moderate,Bangalore,BESCOM,366.47
11958,3,0,1,1,0,1,0,0,0,0,0,0,0,455,0,1,Jul,7,Hot,Delhi,BSES Yamuna,349.26
11959,4,3,5,1,1,1,1,1,0,1,1,1,0,2072,0,0,Dec,8,Moderate,Bangalore,BESCOM,547.96
11960,2,1,2,0,0,1,0,0,0,0,0,0,0,809,0,0,Apr,3,Moderate,Bangalore,BESCOM,137.97
11961,5,4,4,1,0,1,0,0,0,0,0,1,0,1660,0,0,Jul,0,Hot,Kolkata,CESC,553.34
11962,7,1,4,0,1,0,1,0,1,1,1,0,1,1649,0,0,Oct,9,Cold,Delhi,BSES Yamuna,521.2
11963,5,4,3,1,0,1,1,0,0,1,0,0,0,1321,0,0,Oct,12,Hot,Chennai,TANGEDCO,359.71
11964,1,0,2,0,0,0,1,0,0,1,0,0,0,974,0,0,Aug,9,Moderate,Mumbai,MSEDCL,137.66
11965,5,4,4,1,0,0,0,1,1,1,1,1,0,1600,0,0,Nov,0,Hot,Delhi,BSES Yamuna,748.78
11966,2,0,3,1,1,0,1,0,0,0,1,0,0,1237,0,0,Jan,0,Hot,Delhi,BSES Yamuna,653.73
11967,6,5,3,1,0,1,1,0,0,1,1,1,0,1389,0,0,Feb,0,Hot,Kolkata,CESC,706.91
11968,1,0,2,0,0,0,0,0,0,0,0,1,1,878,0,0,Mar,0,Moderate,Mumbai,MSEDCL,289.43
11969,3,0,2,0,1,0,0,0,1,0,0,1,0,1144,0,0,Jan,0,Moderate,Mumbai,MSEDCL,344.33
11970,2,0,1,0,1,0,1,0,1,1,0,0,0,737,0,0,Mar,0,Hot,Kolkata,CESC,470.45
11971,4,3,3,1,0,1,1,0,1,1,1,0,0,1389,0,0,Oct,9,Hot,Kolkata,CESC,487.73
11972,2,0,3,0,0,0,1,0,0,0,1,0,0,1383,0,0,Oct,8,Hot,Chennai,TANGEDCO,196.45
11973,5,3,2,0,1,0,1,0,0,0,1,0,0,866,0,1,May,9,Moderate,Mumbai,MSEDCL,251.98
11974,4,3,2,1,0,0,0,0,0,0,1,0,0,816,0,0,Dec,5,Hot,Delhi,BSES Yamuna,420.08
11975,4,2,2,1,0,1,1,0,0,0,1,0,0,1182,0,0,May,21,Moderate,Mumbai,MSEDCL,104.51
11976,6,5,3,1,1,1,1,0,0,1,0,1,0,1567,0,0,Apr,0,Hot,Chennai,TANGEDCO,850.51
11977,3,0,4,0,1,1,1,0,0,1,1,0,0,1991,0,1,Jul,0,Moderate,Mumbai,MSEDCL,464.34
11978,5,1,2,1,0,1,1,0,1,1,0,1,0,1115,0,0,May,23,Hot,Delhi,BSES Yamuna,157.75
11979,1,0,2,1,1,1,1,0,1,1,0,0,0,1095,0,0,Jan,4,Hot,Chennai,TANGEDCO,673.37
11980,3,1,1,0,0,0,0,0,0,0,1,0,0,608,0,0,Dec,19,Hot,Chennai,TANGEDCO,82.17
11981,3,2,3,1,0,1,0,0,0,1,1,0,0,1544,0,0,Jun,13,Hot,Kolkata,CESC,323.47
11982,2,0,3,1,0,1,1,0,0,1,0,1,0,1240,0,1,Jun,13,Hot,Chennai,TANGEDCO,354.71
11983,7,0,5,1,1,0,1,0,1,1,1,1,1,2395,0,1,Dec,18,Cold,Delhi,BSES Yamuna,414.71
11984,4,2,2,0,0,0,1,0,0,0,0,0,0,914,0,0,Oct,6,Hot,Delhi,BSES Yamuna,180.8
11985,5,2,5,1,0,1,1,1,0,1,1,0,0,2099,0,0,May,20,Hot,Kolkata,CESC,248.43
11986,1,0,1,0,0,1,0,0,0,0,0,0,0,772,0,0,Jan,7,Hot,Kolkata,CESC,127.67
11987,3,1,3,1,0,1,1,0,1,1,1,0,0,1544,0,0,Apr,2,Moderate,Bangalore,BESCOM,506.13
11988,3,0,1,0,0,1,0,0,0,0,0,1,1,748,0,0,May,21,Cold,Delhi,BSES Yamuna,102.96
11989,5,4,4,1,1,0,1,0,0,1,1,1,0,1738,0,0,Dec,16,Hot,Delhi,BSES Yamuna,393.29
11990,3,2,3,0,0,1,0,0,1,1,1,0,0,1515,0,0,Oct,6,Moderate,Bangalore,BESCOM,267.62
11991,4,2,3,0,1,1,1,0,1,1,1,1,0,1523,0,0,Jan,6,Moderate,Bangalore,BESCOM,418.34
11992,6,2,4,1,0,1,1,0,0,0,0,1,0,1933,0,0,Dec,7,Hot,Kolkata,CESC,517.44
11993,3,0,2,0,1,0,0,0,0,1,1,1,0,1101,0,0,May,11,Moderate,Bangalore,BESCOM,210.15
11994,1,0,1,1,0,0,0,0,0,0,1,1,0,693,0,0,Sep,0,Hot,Kolkata,CESC,395.46
11995,3,0,4,1,0,0,1,0,0,0,0,0,0,1616,0,0,Mar,0,Moderate,Bangalore,BESCOM,407.12
11996,1,0,2,1,0,1,0,0,1,0,1,0,0,1121,0,0,Apr,0,Moderate,Bangalore,BESCOM,417.21
11997,1,0,1,1,1,0,1,1,0,1,0,0,0,691,0,0,Jun,15,Hot,Chennai,TANGEDCO,363.48
11998,5,1,2,1,0,0,0,0,0,1,0,0,0,873,0,0,Aug,0,Hot,Kolkata,CESC,506.51
11999,4,3,3,1,0,1,1,0,1,1,1,1,0,1462,0,0,May,11,Hot,Kolkata,CESC,488.42
12000,4,2,1,0,0,0,0,0,0,0,0,0,0,415,0,0,Oct,24,Moderate,Mumbai,MSEDCL,60.0
12001,1,0,2,0,0,1,0,0,1,0,0,0,0,813,0,1,Nov,8,Moderate,Mumbai,MSEDCL,154.58
12002,2,1,1,1,0,0,0,0,0,0,0,0,0,735,0,0,Mar,0,Moderate,Mumbai,MSEDCL,306.87
12003,2,0,2,1,0,0,1,0,1,1,0,0,0,1080,0,0,Aug,0,Hot,Chennai,TANGEDCO,553.18
12004,4,1,4,1,1,1,1,0,0,1,1,1,0,1960,0,1,Mar,0,Moderate,Mumbai,MSEDCL,697.16
12005,5,1,6,1,1,1,1,1,1,1,0,1,0,2403,0,0,May,7,Moderate,Mumbai,MSEDCL,594.99
12006,4,2,3,0,0,0,1,1,0,1,1,1,0,1326,0,0,Oct,24,Moderate,Bangalore,BESCOM,79.23
12007,3,0,2,1,0,1,0,0,0,0,1,1,0,1111,0,0,May,23,Hot,Delhi,BSES Yamuna,134.81
12008,5,2,4,0,1,1,1,0,0,0,0,1,0,1605,0,0,Nov,3,Moderate,Bangalore,BESCOM,388.85
12009,6,1,3,0,0,0,0,0,1,0,0,0,0,1328,0,0,May,13,Hot,Kolkata,CESC,186.59
12010,3,2,2,0,1,1,0,0,0,1,1,0,1,1184,0,0,May,12,Cold,Delhi,BSES Yamuna,332.73
12011,6,4,5,1,0,1,1,0,1,0,1,1,0,2370,1,0,Dec,20,Hot,Kolkata,CESC,363.34
12012,2,1,3,1,0,1,1,1,0,0,1,1,0,1431,0,0,May,17,Hot,Kolkata,CESC,292.38
12013,4,0,3,0,0,0,1,0,0,0,0,1,0,1512,0,0,Aug,0,Hot,Chennai,TANGEDCO,334.34
12014,2,1,3,0,1,1,0,1,0,0,0,0,0,1394,0,0,Jun,15,Hot,Kolkata,CESC,251.44
12015,1,0,2,1,0,0,0,0,0,0,0,1,0,864,0,0,Apr,0,Hot,Delhi,BSES Yamuna,387.09
12016,3,1,2,1,0,1,0,0,0,0,1,0,0,1120,0,0,Jun,7,Hot,Delhi,BSES Yamuna,383.48
12017,3,2,3,0,1,1,0,0,0,1,0,1,0,1302,0,1,Feb,5,Moderate,Mumbai,MSEDCL,332.62
12018,4,0,2,1,0,1,1,0,0,0,0,0,0,1076,0,0,Aug,9,Hot,Chennai,TANGEDCO,379.77
12019,2,1,2,0,0,1,0,1,1,0,0,0,0,957,0,0,Jun,21,Hot,Kolkata,CESC,108.49
12020,4,3,3,1,0,1,0,1,0,1,1,0,0,1423,0,0,Mar,8,Moderate,Bangalore,BESCOM,381.51
12021,4,0,3,0,0,1,1,0,0,0,0,0,0,1488,0,0,Sep,4,Hot,Chennai,TANGEDCO,279.95
12022,2,0,2,0,0,1,1,0,0,1,1,1,1,1077,0,0,Oct,14,Hot,Delhi,BSES Yamuna,291.85
12023,4,0,3,1,0,1,1,0,0,1,1,1,0,1381,0,0,Aug,3,Hot,Chennai,TANGEDCO,615.06
12024,3,1,4,1,0,1,1,1,0,1,0,0,0,1965,0,1,May,22,Hot,Kolkata,CESC,186.68
12025,6,1,3,1,0,0,1,0,1,1,1,0,0,1203,0,0,Aug,0,Hot,Delhi,BSES Yamuna,715.87
12026,3,2,2,0,0,1,0,0,0,1,0,0,0,1014,0,0,Jun,9,Moderate,Mumbai,MSEDCL,139.61
12027,3,2,2,1,1,1,1,0,0,0,1,1,0,1016,0,0,Jun,10,Moderate,Bangalore,BESCOM,371.58
12028,2,1,2,0,1,1,0,0,0,1,0,1,0,1195,0,0,Jun,6,Hot,Chennai,TANGEDCO,354.32
12029,4,2,1,0,0,0,0,0,0,0,0,0,0,608,0,0,Jun,9,Moderate,Mumbai,MSEDCL,118.68
12030,1,0,2,0,1,1,0,0,1,1,0,1,0,873,0,0,Sep,5,Moderate,Bangalore,BESCOM,335.31
12031,2,1,2,1,1,0,0,0,0,1,1,0,0,1026,0,0,Dec,16,Hot,Kolkata,CESC,301.56
12032,2,1,2,1,0,0,1,0,0,0,1,1,0,1174,0,0,Aug,0,Hot,Delhi,BSES Yamuna,522.08
12033,5,4,4,1,1,1,0,0,1,1,0,1,0,1692,0,0,May,22,Hot,Delhi,BSES Yamuna,217.5
12034,4,2,1,0,0,0,0,0,0,0,0,0,0,464,0,0,May,12,Hot,Chennai,TANGEDCO,116.72
12035,2,1,3,1,1,1,0,0,0,0,0,0,0,1520,0,0,Jan,7,Moderate,Bangalore,BESCOM,369.07
12036,4,3,3,1,1,0,1,1,1,0,0,0,0,1209,0,0,Apr,0,Moderate,Mumbai,MSEDCL,644.94
12037,2,0,1,0,0,0,0,0,0,1,0,0,1,702,0,1,Apr,0,Hot,Kolkata,CESC,434.07
12038,6,1,5,1,0,1,0,0,1,0,1,1,0,2321,0,0,Dec,18,Hot,Kolkata,CESC,310.08
12039,4,0,3,1,1,1,0,1,1,0,0,0,0,1504,0,0,Sep,4,Moderate,Mumbai,MSEDCL,539.47
12040,3,0,2,0,0,1,0,0,0,1,0,0,0,1077,0,0,Mar,0,Moderate,Mumbai,MSEDCL,205.19
12041,6,4,3,0,0,0,1,0,0,1,0,0,0,1285,0,0,May,14,Hot,Chennai,TANGEDCO,177.71
12042,4,3,2,0,0,1,1,0,0,1,0,0,0,825,0,0,Apr,5,Hot,Delhi,BSES Yamuna,296.29
12043,2,1,3,0,0,1,0,1,0,1,0,0,0,1417,0,0,May,18,Hot,Delhi,BSES Yamuna,125.22
12044,3,0,1,0,0,1,0,0,0,0,1,0,0,792,0,0,Jun,12,Hot,Kolkata,CESC,164.55
12045,7,4,4,1,0,1,1,1,0,1,1,1,0,1694,0,0,Jun,15,Hot,Chennai,TANGEDCO,400.5
12046,4,2,2,1,0,0,1,0,1,1,0,0,0,1043,0,0,Oct,12,Moderate,Bangalore,BESCOM,293.39
12047,5,2,3,1,0,1,1,1,1,0,1,0,0,1306,0,0,Apr,0,Hot,Kolkata,CESC,778.6
12048,4,3,2,0,0,0,0,0,0,0,1,0,0,1189,0,0,May,22,Moderate,Bangalore,BESCOM,64.71
12049,6,3,3,1,1,0,1,0,0,0,1,0,1,1447,0,0,Jun,12,Cold,Delhi,BSES Yamuna,477.24
12050,2,0,3,0,0,1,1,0,0,0,1,0,0,1213,0,0,Nov,9,Hot,Kolkata,CESC,255.78
12051,2,1,2,1,0,1,1,0,0,0,1,0,0,960,0,0,Jun,20,Hot,Delhi,BSES Yamuna,198.64
12052,5,4,3,0,0,0,0,0,0,0,1,1,0,1270,0,0,May,14,Cold,Delhi,BSES Yamuna,151.53
12053,2,0,2,0,1,1,0,0,0,0,0,0,0,951,0,1,May,23,Hot,Kolkata,CESC,92.99
12054,4,1,4,1,0,1,1,0,0,1,1,0,0,1674,0,0,Apr,0,Hot,Chennai,TANGEDCO,659.85
12055,3,0,2,0,0,1,0,0,1,1,1,0,0,1175,0,0,Dec,6,Hot,Chennai,TANGEDCO,346.4
12056,4,0,4,1,1,1,1,0,0,1,1,1,0,1814,0,0,Jun,8,Moderate,Bangalore,BESCOM,483.64
12057,5,4,4,1,0,1,1,0,1,1,0,1,0,1967,0,0,May,15,Hot,Delhi,BSES Yamuna,373.63
12058,1,0,2,1,0,0,1,0,0,0,0,1,0,850,0,0,Aug,2,Hot,Delhi,BSES Yamuna,424.82
12059,1,0,2,0,0,1,0,0,1,1,0,0,0,1185,0,0,May,16,Moderate,Bangalore,BESCOM,97.8
12060,3,1,2,0,0,0,0,0,0,1,0,0,1,942,0,0,Jun,14,Cold,Delhi,BSES Yamuna,184.67
12061,3,1,4,0,1,1,1,1,1,1,1,1,0,1635,0,0,Jan,5,Hot,Kolkata,CESC,619.34
12062,4,2,2,1,0,1,0,0,1,0,0,1,0,1173,0,0,Oct,12,Hot,Delhi,BSES Yamuna,353.99
12063,2,0,3,0,1,1,1,1,0,1,0,0,0,1366,0,0,Dec,19,Hot,Chennai,TANGEDCO,217.13
12064,5,4,4,0,1,1,1,1,1,1,0,1,1,1835,0,0,Oct,22,Cold,Delhi,BSES Yamuna,197.25
12065,4,2,2,0,0,1,0,1,0,0,0,0,0,1059,0,0,Apr,6,Hot,Kolkata,CESC,270.54
12066,3,1,3,1,1,1,0,0,0,0,0,0,0,1391,0,0,Oct,24,Moderate,Bangalore,BESCOM,92.18
12067,2,1,2,0,0,0,1,0,0,0,0,0,0,1001,0,0,May,12,Moderate,Mumbai,MSEDCL,111.54
12068,2,1,1,1,0,1,0,0,0,0,1,0,0,661,0,0,Nov,0,Moderate,Mumbai,MSEDCL,369.67
12069,4,1,3,1,1,0,1,1,0,1,1,1,0,1384,0,0,May,5,Hot,Kolkata,CESC,744.44
12070,2,0,1,1,1,1,0,0,1,1,0,0,0,557,0,0,Feb,7,Moderate,Mumbai,MSEDCL,416.63
12071,1,0,2,1,0,1,1,0,0,1,1,1,0,1045,0,1,Oct,21,Moderate,Bangalore,BESCOM,146.76
12072,4,3,4,1,0,1,0,0,1,1,1,0,0,1709,0,0,Mar,9,Hot,Delhi,BSES Yamuna,474.29
12073,5,0,2,1,0,0,1,0,0,0,0,1,0,898,0,0,Jun,19,Moderate,Mumbai,MSEDCL,143.72
12074,8,4,5,1,0,1,1,0,1,0,1,0,0,2240,0,0,May,18,Hot,Chennai,TANGEDCO,329.22
12075,5,0,5,1,0,1,1,1,0,1,1,0,0,2201,0,0,Sep,0,Hot,Chennai,TANGEDCO,785.6
12076,2,0,2,1,0,0,1,0,1,1,0,1,0,921,0,0,Aug,3,Hot,Chennai,TANGEDCO,515.51
12077,1,0,1,0,0,1,0,0,0,0,0,0,0,516,0,0,Sep,3,Moderate,Mumbai,MSEDCL,102.91
12078,3,1,3,1,0,1,1,0,0,0,0,1,0,1295,0,0,Feb,5,Hot,Delhi,BSES Yamuna,446.5
12079,4,2,2,1,1,0,0,0,0,1,0,0,0,1033,0,0,Oct,10,Hot,Chennai,TANGEDCO,422.84
12080,3,2,1,0,0,0,0,0,0,0,0,0,0,466,0,0,May,14,Moderate,Bangalore,BESCOM,70.68
12081,6,3,3,1,1,1,1,0,0,0,0,0,0,1575,0,0,Apr,6,Hot,Kolkata,CESC,585.95
12082,3,1,1,0,0,0,0,0,0,0,0,0,0,617,0,0,May,5,Hot,Kolkata,CESC,137.77
12083,7,4,4,0,0,1,1,0,0,1,0,0,0,1614,0,0,Nov,9,Hot,Delhi,BSES Yamuna,327.28
12084,1,0,1,1,1,1,1,0,1,0,0,0,0,672,0,0,Jan,0,Hot,Chennai,TANGEDCO,694.89
12085,4,3,1,1,0,0,1,1,0,0,0,0,0,618,0,0,Oct,5,Hot,Delhi,BSES Yamuna,449.97
12086,3,1,2,0,1,0,1,0,0,1,1,0,1,1073,0,0,Nov,8,Cold,Delhi,BSES Yamuna,403.87
12087,5,3,5,1,0,1,1,1,1,0,1,0,1,2370,0,1,May,13,Hot,Kolkata,CESC,570.4
12088,2,1,3,0,0,0,0,0,1,1,1,1,0,1346,0,0,Oct,12,Moderate,Bangalore,BESCOM,177.15
12089,3,1,4,1,1,1,1,0,1,1,1,0,0,1931,0,0,Apr,0,Hot,Chennai,TANGEDCO,877.86
12090,4,2,2,0,0,1,1,0,0,1,0,0,0,1143,0,0,Jan,0,Moderate,Mumbai,MSEDCL,273.34
12091,3,0,2,0,0,1,0,0,0,0,0,0,0,951,0,0,Jun,22,Moderate,Bangalore,BESCOM,60.0
12092,1,0,2,0,0,1,0,0,0,0,1,1,0,1146,0,0,Jun,14,Hot,Chennai,TANGEDCO,154.62
12093,3,1,2,0,0,1,1,0,1,0,0,0,0,1103,0,0,Apr,0,Moderate,Mumbai,MSEDCL,240.0
12094,4,3,3,0,0,0,0,0,1,0,0,0,0,1214,0,0,Jun,22,Hot,Delhi,BSES Yamuna,67.6
12095,2,1,3,1,1,1,0,0,0,1,1,0,0,1578,0,0,May,6,Moderate,Mumbai,MSEDCL,455.01
12096,3,2,2,0,0,1,1,1,0,0,0,0,0,1182,0,0,Feb,0,Moderate,Bangalore,BESCOM,297.13
12097,7,1,5,0,1,1,1,0,0,1,1,0,1,2353,0,1,Jun,13,Cold,Delhi,BSES Yamuna,442.34
12098,1,0,2,0,1,1,1,0,0,0,1,1,1,883,0,0,Jun,8,Moderate,Bangalore,BESCOM,393.08
12099,7,2,5,1,1,1,1,0,1,1,1,0,0,2191,0,1,Apr,0,Moderate,Bangalore,BESCOM,787.49
12100,4,3,1,0,0,0,1,0,0,1,0,0,0,440,0,0,Aug,0,Moderate,Mumbai,MSEDCL,195.93
12101,3,0,2,0,1,0,0,0,0,0,0,0,0,1151,1,0,Feb,8,Hot,Chennai,TANGEDCO,489.03
12102,3,2,2,0,1,1,0,0,1,0,0,0,1,1123,0,0,Jun,21,Cold,Delhi,BSES Yamuna,189.22
12103,1,0,2,1,1,0,1,0,0,0,1,0,1,1060,0,0,May,22,Hot,Kolkata,CESC,223.39
12104,3,1,3,0,1,1,0,0,1,0,1,1,0,1508,0,0,May,21,Moderate,Bangalore,BESCOM,134.85
12105,1,0,2,0,0,0,1,1,1,0,0,1,0,1177,0,0,Oct,5,Moderate,Bangalore,BESCOM,272.37
12106,4,2,2,1,0,0,0,0,0,0,1,0,0,935,0,1,Jul,0,Moderate,Mumbai,MSEDCL,428.14
12107,4,3,3,1,0,1,1,1,0,1,1,0,0,1477,0,0,Mar,0,Hot,Chennai,TANGEDCO,714.47
12108,5,1,3,1,0,0,1,0,0,0,0,1,0,1305,0,0,Oct,19,Hot,Chennai,TANGEDCO,205.79
12109,7,3,4,1,0,1,1,1,1,1,1,0,0,1606,0,0,May,19,Moderate,Mumbai,MSEDCL,246.27
12110,5,0,2,1,0,1,1,0,0,0,0,0,0,1101,0,1,May,18,Hot,Chennai,TANGEDCO,244.58
12111,5,4,3,1,0,1,1,0,0,1,0,0,0,1229,0,0,Jun,21,Hot,Kolkata,CESC,200.62
12112,3,2,3,0,0,1,1,0,1,0,1,1,0,1325,0,0,Apr,2,Moderate,Mumbai,MSEDCL,325.6
12113,2,1,2,1,0,0,1,0,0,1,1,0,0,1156,0,0,Nov,0,Hot,Kolkata,CESC,558.58
12114,1,0,2,0,0,1,0,0,0,1,0,0,0,1199,0,0,May,17,Hot,Chennai,TANGEDCO,109.66
12115,1,0,2,1,1,1,1,0,0,0,0,0,0,878,1,0,May,20,Moderate,Bangalore,BESCOM,220.02
12116,3,2,1,0,1,1,1,0,0,0,0,0,0,788,0,0,Apr,2,Hot,Kolkata,CESC,393.53
12117,1,0,2,0,0,0,0,0,1,0,1,0,0,866,0,0,Oct,10,Hot,Delhi,BSES Yamuna,177.37
12118,3,2,1,0,0,0,1,0,0,0,0,0,0,422,0,0,Dec,9,Moderate,Bangalore,BESCOM,98.45
12119,3,1,3,0,0,0,1,0,0,0,1,1,0,1388,0,0,Oct,20,Hot,Kolkata,CESC,125.9
12120,5,1,3,1,1,0,0,1,0,1,0,0,0,1273,0,0,Apr,7,Hot,Chennai,TANGEDCO,568.22
12121,8,5,5,1,0,1,1,0,0,1,1,0,0,2004,0,0,Sep,5,Hot,Chennai,TANGEDCO,647.42
12122,3,1,3,1,0,1,0,1,0,1,1,1,0,1281,0,0,Apr,0,Hot,Delhi,BSES Yamuna,672.45
12123,4,0,1,0,0,1,0,0,0,0,0,0,0,424,0,0,Jan,4,Hot,Chennai,TANGEDCO,169.83
12124,4,0,4,0,1,1,1,0,1,0,0,0,0,1863,0,0,May,10,Cold,Delhi,BSES Yamuna,282.82
12125,4,3,4,1,0,1,1,1,0,0,0,0,0,1601,0,0,Jul,8,Hot,Chennai,TANGEDCO,483.13
12126,1,0,2,1,0,1,1,0,0,1,1,0,0,1077,0,0,Mar,7,Moderate,Bangalore,BESCOM,335.51
12127,4,0,3,0,1,1,1,0,0,1,1,1,0,1527,0,0,Jun,14,Moderate,Bangalore,BESCOM,260.04
12128,7,5,5,1,0,1,1,0,0,0,1,0,0,2342,0,0,Oct,15,Hot,Kolkata,CESC,362.83
12129,2,1,3,1,1,1,1,1,1,1,0,0,0,1423,0,0,Apr,0,Hot,Chennai,TANGEDCO,862.39
12130,5,3,4,0,1,1,0,1,1,1,1,0,1,1671,0,0,May,14,Cold,Delhi,BSES Yamuna,382.7
12131,4,3,1,0,0,0,0,0,0,0,0,0,1,467,0,0,May,7,Hot,Kolkata,CESC,314.46
12132,2,0,2,0,0,0,1,0,0,0,1,0,0,1119,0,0,Oct,24,Hot,Kolkata,CESC,60.0
12133,3,0,2,1,0,1,1,1,1,0,0,0,0,893,0,0,Sep,7,Hot,Delhi,BSES Yamuna,498.96
12134,2,0,3,0,0,1,1,1,0,1,0,1,0,1218,0,1,Sep,2,Hot,Delhi,BSES Yamuna,439.63
12135,4,2,4,0,0,1,1,0,1,0,1,1,0,1727,0,0,Jul,0,Moderate,Bangalore,BESCOM,371.84
12136,7,2,6,1,1,1,1,1,1,1,1,1,0,2742,0,1,Jun,14,Hot,Chennai,TANGEDCO,623.11
12137,1,0,2,0,0,0,0,0,1,0,0,0,0,881,0,0,Jun,10,Hot,Kolkata,CESC,117.18
12138,4,0,1,0,1,0,0,0,1,0,0,0,0,653,0,0,May,10,Moderate,Bangalore,BESCOM,189.76
12139,4,1,4,1,0,1,1,0,0,1,1,0,0,1820,0,0,Jun,5,Hot,Kolkata,CESC,588.01
12140,4,0,3,1,0,1,0,0,0,0,1,0,0,1542,0,0,Oct,14,Hot,Chennai,TANGEDCO,297.96
12141,1,0,2,1,1,0,0,0,0,0,1,0,0,896,0,0,Jun,21,Hot,Chennai,TANGEDCO,159.03
12142,5,1,2,1,0,1,0,0,1,0,0,0,0,851,0,0,Dec,6,Hot,Delhi,BSES Yamuna,422.74
12143,4,3,3,1,1,1,1,0,0,0,1,0,0,1374,0,0,Mar,0,Moderate,Bangalore,BESCOM,567.32
12144,4,0,3,1,1,1,1,0,0,1,0,0,0,1537,0,0,May,19,Moderate,Mumbai,MSEDCL,199.49
12145,2,0,2,1,1,0,0,0,0,1,0,0,1,981,0,0,Apr,0,Hot,Delhi,BSES Yamuna,793.28
12146,3,2,2,0,1,0,0,0,0,0,0,0,1,1152,0,0,May,11,Hot,Chennai,TANGEDCO,354.64
12147,4,2,5,1,1,1,1,0,1,1,1,1,0,2390,0,0,Sep,3,Hot,Delhi,BSES Yamuna,881.26
12148,6,3,3,0,0,1,1,0,0,1,0,0,0,1314,0,1,Oct,11,Moderate,Mumbai,MSEDCL,218.79
12149,4,3,2,0,0,1,1,0,0,1,0,1,1,1147,0,0,Jan,0,Cold,Delhi,BSES Yamuna,485.92
12150,5,3,2,1,0,0,1,0,0,0,0,0,0,800,0,0,Dec,8,Hot,Chennai,TANGEDCO,363.65
12151,2,1,3,1,1,1,1,0,0,0,1,0,0,1262,0,0,Oct,12,Moderate,Mumbai,MSEDCL,313.42
12152,2,1,2,1,0,0,0,0,1,0,0,0,0,1047,0,0,Nov,0,Hot,Kolkata,CESC,434.78
12153,1,0,2,0,1,0,1,0,1,1,0,1,0,1030,0,0,May,14,Moderate,Bangalore,BESCOM,200.18
12154,4,1,3,1,0,1,1,0,0,0,0,0,0,1425,0,0,May,17,Hot,Chennai,TANGEDCO,248.11
12155,2,1,2,1,0,1,1,0,1,1,0,0,0,818,0,0,Apr,7,Hot,Kolkata,CESC,471.13
12156,5,0,3,1,1,0,1,0,1,1,1,0,0,1230,0,0,May,22,Moderate,Mumbai,MSEDCL,201.39
12157,4,3,1,1,0,0,0,0,0,0,0,0,0,732,0,0,Mar,0,Hot,Kolkata,CESC,425.66
12158,2,1,3,1,0,0,0,0,0,0,1,0,0,1320,0,0,Oct,12,Moderate,Mumbai,MSEDCL,221.3
12159,3,2,2,0,0,0,1,0,0,0,0,0,0,823,0,0,Jun,12,Hot,Delhi,BSES Yamuna,134.77
12160,4,1,1,0,0,1,0,0,0,0,0,1,0,724,0,0,Mar,0,Moderate,Bangalore,BESCOM,194.82
12161,4,3,1,0,0,0,1,0,0,0,1,0,0,610,0,0,Oct,24,Moderate,Bangalore,BESCOM,60.0
12162,8,5,5,1,0,1,1,0,1,1,1,0,0,2160,0,0,Feb,7,Moderate,Bangalore,BESCOM,501.88
12163,4,1,4,1,1,1,1,1,1,0,0,0,0,1854,0,0,Nov,0,Moderate,Mumbai,MSEDCL,712.86
12164,5,4,2,1,0,1,0,0,0,0,0,1,0,858,0,0,Mar,0,Hot,Chennai,TANGEDCO,523.0
12165,5,3,3,0,1,1,1,0,1,0,0,1,0,1313,0,0,Aug,2,Hot,Delhi,BSES Yamuna,586.7
12166,5,3,3,1,0,1,1,0,0,1,0,1,0,1359,0,0,Jun,10,Hot,Chennai,TANGEDCO,434.38
12167,4,3,5,1,1,1,1,1,1,1,1,1,0,2219,1,1,Sep,0,Moderate,Bangalore,BESCOM,1026.05
12168,1,0,2,0,0,1,1,0,0,0,0,0,1,1156,0,0,Jun,12,Hot,Kolkata,CESC,298.39
12169,3,2,3,0,1,1,1,0,0,0,0,0,0,1368,0,0,May,18,Moderate,Bangalore,BESCOM,136.7
12170,2,0,1,0,0,1,1,0,0,1,0,0,0,411,0,0,May,22,Moderate,Mumbai,MSEDCL,64.14
12171,1,0,2,0,1,0,1,0,0,1,1,0,0,1041,0,0,Nov,2,Moderate,Bangalore,BESCOM,351.01
12172,6,4,5,1,0,1,1,1,1,1,1,1,0,2374,0,1,May,11,Hot,Kolkata,CESC,596.47
12173,3,2,3,1,0,1,0,0,1,1,1,0,0,1338,0,0,Oct,22,Hot,Kolkata,CESC,169.39
12174,3,2,2,1,0,0,0,0,0,1,0,0,0,896,0,0,Aug,0,Hot,Chennai,TANGEDCO,471.77
12175,4,2,1,1,0,1,0,0,0,0,1,0,0,546,0,0,Jul,0,Moderate,Mumbai,MSEDCL,379.46
12176,2,0,3,1,0,1,1,0,0,0,1,0,1,1381,0,1,Dec,8,Hot,Chennai,TANGEDCO,625.42
12177,3,1,3,0,0,1,1,0,0,0,0,0,0,1256,0,0,Jun,19,Moderate,Mumbai,MSEDCL,87.62
12178,4,0,2,0,0,1,1,1,0,0,0,0,0,841,0,0,Aug,0,Moderate,Bangalore,BESCOM,280.33
12179,8,1,5,1,1,1,1,0,0,1,1,0,0,2353,0,0,Oct,18,Moderate,Bangalore,BESCOM,307.97
12180,4,1,1,0,0,0,0,0,1,0,0,0,0,598,0,0,Jan,0,Hot,Delhi,BSES Yamuna,227.43
12181,3,0,2,1,0,0,1,0,0,1,1,0,0,830,0,0,Dec,20,Moderate,Mumbai,MSEDCL,173.6
12182,7,1,5,1,1,1,1,1,1,0,1,1,0,2179,0,0,May,12,Moderate,Mumbai,MSEDCL,477.11
12183,4,2,2,0,0,0,0,1,0,0,1,0,1,801,0,0,Aug,6,Hot,Kolkata,CESC,389.61
12184,5,4,2,0,0,1,0,0,1,0,0,0,0,1087,0,0,Dec,24,Moderate,Mumbai,MSEDCL,60.0
12185,6,5,3,1,1,0,1,0,0,1,0,0,0,1337,0,0,Sep,0,Moderate,Bangalore,BESCOM,557.43
12186,6,5,4,0,0,1,1,0,0,1,1,0,0,1704,0,0,Apr,9,Hot,Chennai,TANGEDCO,305.66
12187,1,0,1,1,0,1,1,0,0,0,0,0,0,791,0,0,May,10,Hot,Chennai,TANGEDCO,306.02
12188,7,3,5,1,1,1,1,1,1,1,0,0,0,2217,1,0,May,16,Moderate,Bangalore,BESCOM,495.71
12189,3,2,3,1,1,1,0,0,0,0,0,1,0,1421,0,0,Jun,19,Moderate,Bangalore,BESCOM,167.62
12190,4,3,2,0,0,1,0,1,0,0,0,0,0,1130,0,0,Jun,14,Moderate,Bangalore,BESCOM,129.26
12191,2,1,3,0,1,0,1,0,0,1,1,0,0,1304,0,0,Sep,9,Moderate,Mumbai,MSEDCL,271.5
12192,5,1,2,1,0,0,1,0,0,0,0,0,0,926,0,0,Oct,10,Hot,Chennai,TANGEDCO,352.58
12193,5,4,2,0,0,1,0,0,1,1,0,1,0,1064,0,0,Feb,0,Moderate,Bangalore,BESCOM,309.19
12194,4,0,3,0,1,1,1,1,1,1,0,0,0,1399,0,0,May,10,Hot,Delhi,BSES Yamuna,465.42
12195,6,1,5,1,1,1,1,0,1,1,1,1,0,2251,0,1,May,9,Hot,Kolkata,CESC,718.04
12196,1,0,1,0,0,0,0,0,0,0,0,0,0,414,0,0,Jan,0,Hot,Delhi,BSES Yamuna,112.69
12197,5,1,2,0,1,1,0,0,0,0,0,0,0,1025,0,0,May,18,Hot,Delhi,BSES Yamuna,163.7
12198,5,4,2,1,0,1,1,1,0,0,1,0,0,1152,0,0,May,6,Hot,Chennai,TANGEDCO,553.29
12199,3,0,2,0,0,0,1,0,0,0,1,1,0,904,0,0,Jun,24,Hot,Delhi,BSES Yamuna,61.56
12200,3,0,2,1,0,0,1,0,1,0,0,0,0,1032,0,0,Mar,0,Moderate,Mumbai,MSEDCL,413.37
12201,4,3,1,1,1,1,0,1,1,0,1,1,0,718,0,0,May,14,Hot,Chennai,TANGEDCO,441.67
12202,6,1,3,0,0,1,1,0,1,1,0,0,0,1418,0,0,Jun,9,Hot,Kolkata,CESC,361.29
12203,5,2,2,0,1,1,0,0,0,0,1,0,0,1076,0,0,Oct,15,Hot,Delhi,BSES Yamuna,186.67
12204,4,1,2,0,1,1,0,0,0,1,0,0,0,1060,0,0,Sep,0,Hot,Kolkata,CESC,462.64
12205,7,1,4,1,0,1,1,0,1,0,1,1,0,1980,0,0,May,13,Moderate,Bangalore,BESCOM,325.83
12206,3,2,4,1,1,1,1,0,0,1,1,0,0,1940,0,1,May,9,Hot,Chennai,TANGEDCO,582.99
12207,3,2,2,0,0,1,1,0,0,0,0,0,0,1168,0,0,Jan,0,Moderate,Mumbai,MSEDCL,198.89
12208,3,0,2,0,1,0,0,0,0,0,0,1,0,1135,0,0,Feb,4,Hot,Chennai,TANGEDCO,332.87
12209,4,1,3,1,1,1,1,1,0,1,1,1,0,1389,0,0,Oct,23,Moderate,Mumbai,MSEDCL,169.8
12210,2,0,2,0,0,1,0,1,0,1,0,0,0,1171,0,0,Oct,7,Hot,Chennai,TANGEDCO,284.91
12211,1,0,2,0,0,1,1,0,1,0,0,0,0,997,1,0,Jan,0,Moderate,Bangalore,BESCOM,483.54
12212,2,1,3,1,0,0,1,0,0,1,1,1,0,1552,0,0,Oct,14,Hot,Chennai,TANGEDCO,349.23
12213,4,2,1,0,0,0,0,0,0,1,0,0,0,676,0,0,Jun,24,Hot,Kolkata,CESC,60.0
12214,2,0,1,0,0,0,1,0,0,0,1,1,0,735,0,0,Oct,21,Hot,Chennai,TANGEDCO,67.04
12215,1,0,1,0,0,0,0,0,0,0,0,0,0,438,0,0,Jun,6,Moderate,Bangalore,BESCOM,71.88
12216,1,0,2,1,0,1,0,0,1,1,0,0,0,961,0,0,Apr,0,Moderate,Mumbai,MSEDCL,387.59
12217,2,0,1,0,1,0,0,0,0,0,0,0,0,520,0,0,May,23,Hot,Chennai,TANGEDCO,72.24
12218,6,3,6,1,1,0,1,1,1,1,1,1,0,2779,0,0,May,11,Moderate,Mumbai,MSEDCL,513.54
12219,1,0,2,0,0,1,0,0,0,0,0,0,0,1198,0,0,Sep,0,Hot,Chennai,TANGEDCO,226.34
12220,4,2,1,0,0,0,0,0,1,0,0,0,0,661,0,0,Oct,16,Hot,Kolkata,CESC,101.91
12221,4,0,2,0,1,1,0,0,1,0,0,1,0,1015,0,0,Aug,0,Moderate,Bangalore,BESCOM,332.82
12222,5,1,5,1,1,1,0,0,0,1,1,0,0,2311,0,0,May,8,Hot,Delhi,BSES Yamuna,594.93
12223,4,0,3,1,1,1,1,0,1,1,1,0,0,1248,0,0,Jul,0,Hot,Kolkata,CESC,855.95
12224,2,0,2,1,1,0,0,1,0,0,1,0,0,891,0,0,May,16,Moderate,Mumbai,MSEDCL,202.26
12225,7,5,4,1,0,1,0,1,1,1,1,1,0,1728,0,0,Dec,10,Hot,Kolkata,CESC,540.24
12226,1,0,2,0,0,1,0,0,1,0,0,0,1,1120,0,0,Apr,7,Cold,Delhi,BSES Yamuna,304.17
12227,5,1,2,1,0,0,0,0,0,0,0,0,0,827,0,0,Aug,0,Moderate,Mumbai,MSEDCL,344.51
12228,4,0,2,0,1,1,1,0,0,1,0,0,0,1155,0,0,Apr,0,Hot,Delhi,BSES Yamuna,551.08
12229,3,2,2,1,1,1,0,0,1,0,1,0,0,947,0,0,May,13,Moderate,Mumbai,MSEDCL,301.98
12230,1,0,2,0,1,0,1,1,0,0,1,1,0,1127,0,0,Aug,9,Moderate,Mumbai,MSEDCL,308.84
12231,3,0,3,1,0,1,1,0,0,1,1,0,0,1264,0,0,Aug,6,Moderate,Bangalore,BESCOM,375.32
12232,3,2,2,1,0,0,1,0,1,1,0,0,0,1017,0,0,Mar,7,Hot,Kolkata,CESC,445.18
12233,3,1,3,1,0,1,1,1,1,1,1,0,1,1250,0,0,Jul,2,Hot,Chennai,TANGEDCO,879.56
12234,4,3,1,0,1,1,0,0,0,0,1,0,1,704,0,0,Apr,6,Hot,Chennai,TANGEDCO,463.33
12235,1,0,2,0,1,0,0,0,0,0,0,0,0,873,0,0,Dec,18,Moderate,Bangalore,BESCOM,108.73
12236,4,1,2,0,0,0,1,0,0,0,1,0,0,998,0,0,Jun,6,Hot,Delhi,BSES Yamuna,221.21
12237,7,0,5,1,1,1,1,0,1,1,1,0,0,2191,0,1,Jan,6,Hot,Chennai,TANGEDCO,840.76
12238,4,3,2,0,0,1,0,0,0,0,1,0,0,988,0,0,Apr,0,Hot,Kolkata,CESC,289.18
12239,5,1,3,0,0,0,0,0,0,0,0,0,0,1211,0,0,Apr,5,Hot,Kolkata,CESC,207.29
12240,2,0,2,1,0,0,1,0,1,1,0,0,0,1038,0,1,Apr,0,Moderate,Mumbai,MSEDCL,482.86
12241,3,2,1,1,0,1,1,1,1,1,0,0,0,759,0,0,Jun,15,Moderate,Bangalore,BESCOM,273.7
12242,1,0,1,0,0,0,0,0,0,0,0,0,0,480,0,0,Apr,0,Hot,Kolkata,CESC,101.71
12243,2,0,2,1,0,1,1,0,0,0,1,0,0,1182,0,0,May,9,Hot,Delhi,BSES Yamuna,388.84
12244,3,2,2,0,0,0,0,0,1,1,0,1,0,1069,0,1,Apr,9,Hot,Chennai,TANGEDCO,251.46
12245,4,3,2,0,0,0,0,0,0,1,1,0,0,1089,0,0,Jul,0,Hot,Chennai,TANGEDCO,302.58
12246,4,2,3,0,1,1,1,1,1,0,0,1,0,1247,0,0,Jun,13,Cold,Delhi,BSES Yamuna,312.51
12247,2,0,1,1,0,0,1,0,0,0,0,0,0,716,0,0,Jun,22,Hot,Kolkata,CESC,115.99
12248,3,1,3,1,1,1,1,0,1,0,0,1,0,1408,0,0,Dec,21,Hot,Chennai,TANGEDCO,237.99
12249,4,3,2,1,0,1,0,1,0,1,0,0,0,834,0,0,May,24,Hot,Delhi,BSES Yamuna,118.27
12250,3,1,3,1,0,1,0,0,1,0,0,0,0,1318,0,0,Apr,0,Hot,Kolkata,CESC,550.49
12251,5,1,3,0,0,0,1,0,1,0,0,0,0,1264,0,0,Dec,20,Hot,Kolkata,CESC,132.19
12252,2,0,2,1,1,0,0,0,0,0,0,0,0,1114,0,0,Feb,0,Hot,Chennai,TANGEDCO,537.07
12253,1,0,2,0,1,0,1,0,0,1,1,0,0,1041,0,0,Oct,17,Moderate,Bangalore,BESCOM,144.78
12254,6,0,3,1,0,1,1,1,0,0,1,0,0,1235,0,0,Apr,2,Hot,Chennai,TANGEDCO,644.82
12255,7,2,4,1,0,1,1,0,1,1,0,1,0,1851,0,0,Jul,4,Hot,Chennai,TANGEDCO,708.22
12256,4,1,2,0,0,0,0,0,0,0,0,0,0,1042,0,0,May,18,Hot,Delhi,BSES Yamuna,93.28
12257,1,0,1,0,0,0,0,0,0,0,0,0,0,441,0,0,Oct,14,Cold,Delhi,BSES Yamuna,60.0
12258,5,3,4,1,0,1,1,0,0,1,0,1,0,1668,0,0,Aug,0,Hot,Delhi,BSES Yamuna,716.66
12259,1,0,2,0,0,0,1,0,0,0,1,1,0,906,0,0,Apr,0,Moderate,Mumbai,MSEDCL,182.17
12260,5,2,3,0,0,1,0,0,1,1,1,0,0,1238,0,0,Jul,2,Hot,Delhi,BSES Yamuna,392.13
12261,1,0,2,0,0,0,0,0,1,0,0,0,0,868,0,1,Apr,9,Moderate,Bangalore,BESCOM,130.45
12262,3,2,1,0,0,0,1,1,0,0,0,0,0,579,0,0,Apr,0,Moderate,Bangalore,BESCOM,202.87
12263,5,4,3,1,1,1,0,0,1,1,1,0,0,1211,0,0,Feb,0,Hot,Chennai,TANGEDCO,824.78
12264,6,2,3,1,1,1,1,0,0,1,0,0,0,1538,0,0,Mar,0,Hot,Delhi,BSES Yamuna,819.54
12265,1,0,2,0,1,0,1,0,0,1,0,0,0,1003,0,0,Aug,9,Moderate,Bangalore,BESCOM,226.39
12266,5,4,2,1,0,0,0,1,0,0,0,0,0,835,0,0,Dec,15,Moderate,Bangalore,BESCOM,185.25
12267,6,1,3,0,0,0,0,0,1,0,0,0,0,1325,0,0,Jul,0,Hot,Delhi,BSES Yamuna,338.59
12268,3,2,3,1,1,1,1,0,0,1,1,0,0,1262,0,0,Aug,0,Moderate,Bangalore,BESCOM,600.44
12269,3,0,1,0,0,1,1,0,0,1,0,0,0,731,0,0,Sep,0,Moderate,Mumbai,MSEDCL,235.07
12270,2,1,3,0,1,1,1,0,1,1,0,0,0,1281,0,0,Oct,12,Hot,Delhi,BSES Yamuna,318.83
12271,6,2,3,1,0,1,1,0,1,1,0,0,0,1506,0,0,May,18,Hot,Kolkata,CESC,286.32
12272,6,0,3,0,1,1,1,0,0,1,1,1,0,1498,0,0,Jun,18,Moderate,Mumbai,MSEDCL,186.17
12273,4,0,3,0,1,1,1,0,1,1,0,0,1,1233,0,0,Apr,6,Cold,Delhi,BSES Yamuna,529.49
12274,5,2,2,0,0,1,1,0,0,1,0,0,0,1039,0,0,Jun,8,Moderate,Bangalore,BESCOM,231.62
12275,6,2,3,1,0,1,1,0,0,1,0,1,0,1296,0,0,Apr,0,Hot,Chennai,TANGEDCO,675.56
12276,6,0,3,1,1,0,1,0,0,0,1,0,0,1248,0,0,Feb,0,Moderate,Bangalore,BESCOM,573.26
12277,1,0,1,0,0,0,0,0,0,0,0,0,1,545,0,0,Feb,0,Moderate,Bangalore,BESCOM,231.49
12278,2,1,2,0,0,0,1,0,0,0,0,0,0,924,0,0,Dec,7,Hot,Delhi,BSES Yamuna,193.99
12279,2,1,2,0,1,1,1,0,0,0,1,0,0,988,0,0,Jan,3,Moderate,Bangalore,BESCOM,304.4
12280,5,2,3,1,0,1,1,0,1,1,0,0,0,1256,0,0,Jul,0,Hot,Kolkata,CESC,684.46
12281,1,0,2,1,1,1,1,0,0,1,1,0,0,1148,0,0,Oct,11,Moderate,Mumbai,MSEDCL,363.28
12282,4,3,3,1,0,0,1,0,1,0,0,1,0,1308,0,0,May,6,Moderate,Mumbai,MSEDCL,360.45
12283,6,0,4,1,1,0,1,0,0,1,1,1,1,1604,0,0,Aug,6,Cold,Delhi,BSES Yamuna,707.23
12284,3,0,3,1,0,1,1,0,0,0,0,0,0,1223,0,1,May,22,Hot,Kolkata,CESC,143.51
12285,5,1,5,1,0,1,1,0,1,1,1,0,1,2220,1,0,Jun,21,Hot,Kolkata,CESC,418.99
12286,5,0,5,1,1,1,1,1,0,0,1,1,1,2314,0,0,Nov,0,Moderate,Mumbai,MSEDCL,856.88
12287,4,1,1,1,1,1,1,0,0,0,1,0,1,693,1,0,Jan,0,Hot,Chennai,TANGEDCO,1220.2
12288,3,1,3,1,1,1,0,0,0,0,1,1,0,1209,0,0,May,23,Moderate,Mumbai,MSEDCL,116.53
12289,4,2,2,1,0,0,1,0,0,1,0,1,1,964,0,0,Mar,0,Hot,Delhi,BSES Yamuna,773.67
12290,4,1,4,1,0,1,1,0,0,1,0,1,0,1814,0,0,May,9,Hot,Kolkata,CESC,472.1
12291,5,3,2,0,0,1,1,0,0,0,0,0,0,925,0,0,Sep,0,Moderate,Bangalore,BESCOM,231.42
12292,8,5,6,1,1,1,1,0,0,1,1,0,1,2666,1,0,Dec,19,Moderate,Mumbai,MSEDCL,415.72
12293,6,4,3,1,0,1,1,0,1,0,1,0,0,1479,0,0,Apr,6,Moderate,Mumbai,MSEDCL,438.13
12294,2,0,3,0,0,0,1,0,1,1,1,0,1,1287,0,0,Jan,5,Cold,Delhi,BSES Yamuna,430.57
12295,4,3,1,0,0,1,0,0,0,0,0,0,0,513,0,0,Mar,7,Hot,Kolkata,CESC,154.33
12296,2,0,2,1,1,1,0,0,1,0,0,0,0,820,0,0,Dec,11,Hot,Kolkata,CESC,381.94
12297,2,0,3,1,1,0,1,0,0,1,1,0,0,1347,0,0,May,6,Moderate,Mumbai,MSEDCL,448.57
12298,4,3,1,0,1,1,0,0,0,0,0,0,0,644,0,0,May,17,Hot,Kolkata,CESC,152.66
12299,3,0,4,1,0,1,1,0,0,1,1,1,0,1865,0,1,Aug,0,Hot,Kolkata,CESC,738.62
12300,2,1,1,0,0,1,0,1,0,0,0,0,0,616,0,0,Mar,8,Moderate,Mumbai,MSEDCL,130.19
12301,5,2,3,1,1,1,1,0,0,1,0,0,0,1439,0,0,May,19,Hot,Chennai,TANGEDCO,279.72
12302,4,2,2,1,0,0,1,0,0,1,1,0,0,1198,0,0,Mar,0,Hot,Delhi,BSES Yamuna,612.54
12303,6,1,3,1,0,1,1,0,0,1,1,0,0,1431,0,0,Dec,21,Hot,Delhi,BSES Yamuna,177.81
12304,5,0,3,0,1,0,1,0,1,0,0,1,0,1431,0,0,May,18,Moderate,Mumbai,MSEDCL,161.48
12305,4,1,2,1,0,1,1,0,0,0,1,1,0,1041,0,1,May,9,Hot,Chennai,TANGEDCO,454.74
12306,1,0,1,0,0,0,0,0,0,0,0,1,0,589,0,0,Jun,5,Moderate,Mumbai,MSEDCL,60.0
12307,3,1,1,1,0,1,1,0,1,0,0,0,0,789,0,0,Jan,4,Hot,Kolkata,CESC,470.84
12308,5,1,3,1,1,1,0,1,0,0,1,0,0,1428,0,0,Jul,0,Moderate,Bangalore,BESCOM,607.55
12309,4,3,3,1,0,1,1,0,1,0,1,0,1,1265,0,0,May,7,Hot,Kolkata,CESC,643.15
12310,6,4,3,0,0,1,1,0,1,1,0,1,0,1577,0,0,Apr,0,Moderate,Mumbai,MSEDCL,388.41
12311,6,5,3,1,1,1,1,1,0,0,1,1,0,1587,0,0,May,23,Hot,Delhi,BSES Yamuna,203.91
12312,4,2,2,0,0,0,0,0,0,0,0,0,0,1078,0,0,Dec,17,Hot,Chennai,TANGEDCO,112.48
12313,1,0,2,0,0,0,1,0,0,1,0,0,1,1068,0,0,Oct,5,Cold,Delhi,BSES Yamuna,339.21
12314,2,1,1,0,1,0,1,0,0,1,0,1,0,608,0,0,Dec,9,Moderate,Bangalore,BESCOM,228.72
12315,5,4,2,0,0,1,0,0,0,0,0,0,0,815,0,0,Nov,6,Hot,Chennai,TANGEDCO,188.91
12316,8,4,5,1,0,1,1,0,1,1,1,1,0,2296,1,1,Oct,11,Hot,Kolkata,CESC,820.91
12317,5,0,4,1,0,1,1,0,1,1,1,0,0,1819,0,0,May,15,Moderate,Mumbai,MSEDCL,307.14
12318,4,3,2,0,0,1,0,0,1,1,0,0,0,1056,0,0,Aug,9,Moderate,Mumbai,MSEDCL,228.4
12319,6,2,3,1,0,0,1,0,0,1,0,1,0,1566,0,0,May,22,Hot,Delhi,BSES Yamuna,142.64
12320,7,4,4,1,1,1,1,0,1,1,0,1,0,1867,0,1,May,22,Hot,Delhi,BSES Yamuna,247.0
12321,5,2,2,0,0,0,0,0,0,0,0,1,0,1028,0,1,Oct,14,Hot,Chennai,TANGEDCO,155.71
12322,1,0,1,0,0,0,0,0,0,0,1,0,1,518,0,0,Apr,0,Moderate,Bangalore,BESCOM,267.43
12323,4,1,1,1,0,0,0,0,0,0,0,0,0,577,0,0,May,21,Moderate,Bangalore,BESCOM,101.69
12324,2,1,3,0,1,1,1,1,0,1,0,0,0,1219,0,0,Nov,0,Moderate,Mumbai,MSEDCL,429.08
12325,5,4,5,1,0,1,1,1,0,1,1,0,0,2035,0,0,Jul,0,Hot,Chennai,TANGEDCO,799.63
12326,4,2,3,1,0,1,1,0,0,1,0,0,0,1534,0,0,Feb,0,Hot,Chennai,TANGEDCO,619.42
12327,3,1,1,0,0,0,0,0,0,0,0,0,0,507,0,0,Mar,0,Hot,Chennai,TANGEDCO,173.12
12328,1,0,2,1,0,0,1,1,0,0,0,0,0,988,0,0,Jun,17,Hot,Kolkata,CESC,232.93
12329,4,0,3,0,0,1,0,0,1,1,1,0,0,1377,0,0,Sep,0,Moderate,Bangalore,BESCOM,304.42
12330,7,1,4,1,0,1,0,0,1,1,1,1,0,1695,0,0,Sep,3,Hot,Kolkata,CESC,677.59
12331,4,2,3,0,0,1,1,0,1,0,0,0,0,1514,0,0,May,13,Moderate,Mumbai,MSEDCL,173.22
12332,5,2,3,1,0,1,0,0,1,1,1,0,0,1219,0,0,May,21,Hot,Kolkata,CESC,181.92
12333,4,2,1,0,0,0,1,0,0,0,0,0,0,563,0,0,Sep,0,Moderate,Bangalore,BESCOM,169.37
12334,4,0,4,1,0,1,1,0,1,1,1,0,0,1981,0,0,Nov,0,Moderate,Bangalore,BESCOM,572.28
12335,3,1,3,1,0,1,0,0,0,0,1,0,0,1296,0,1,May,9,Hot,Kolkata,CESC,409.4
12336,3,1,2,0,0,0,0,0,1,0,0,0,0,942,0,0,Mar,3,Moderate,Mumbai,MSEDCL,181.69
12337,2,1,3,1,0,0,1,0,0,0,1,0,0,1261,0,1,Jun,5,Hot,Delhi,BSES Yamuna,462.62
12338,1,0,2,1,0,1,0,0,0,1,0,0,1,1041,0,0,Feb,0,Moderate,Mumbai,MSEDCL,493.98
12339,1,0,1,0,0,1,0,0,1,0,0,0,0,637,0,0,Jun,8,Hot,Kolkata,CESC,177.43
12340,1,0,2,0,1,1,0,0,0,0,0,1,0,930,0,1,Apr,0,Hot,Delhi,BSES Yamuna,388.53
12341,2,0,2,0,1,1,1,0,0,1,0,0,0,892,0,0,Jun,19,Moderate,Bangalore,BESCOM,132.21
12342,1,0,2,0,0,0,1,0,0,1,0,0,0,890,0,0,Jun,19,Hot,Kolkata,CESC,121.51
12343,5,3,2,1,0,0,0,0,0,0,0,1,1,932,0,0,May,23,Hot,Kolkata,CESC,177.01
12344,5,4,3,1,0,0,1,0,1,1,1,1,0,1322,0,0,Oct,6,Moderate,Mumbai,MSEDCL,456.44
12345,1,0,2,0,0,1,0,0,0,1,0,1,0,1141,0,0,May,12,Hot,Chennai,TANGEDCO,153.44
12346,1,0,2,0,1,0,1,1,0,0,0,0,0,917,0,0,Apr,0,Moderate,Bangalore,BESCOM,326.6
12347,2,1,1,0,1,1,0,0,0,0,0,1,0,597,0,0,May,12,Moderate,Bangalore,BESCOM,168.16
12348,4,1,3,1,0,1,1,0,0,1,1,0,0,1481,0,0,Dec,11,Moderate,Mumbai,MSEDCL,321.13
12349,4,2,2,1,1,1,1,0,1,0,1,0,0,1173,0,0,Oct,23,Hot,Delhi,BSES Yamuna,191.69
12350,3,1,2,1,0,0,1,1,0,0,0,0,0,800,0,0,May,18,Hot,Kolkata,CESC,199.73
12351,7,3,4,0,1,1,1,0,0,1,1,0,0,1810,0,0,Apr,0,Moderate,Bangalore,BESCOM,519.16
12352,6,5,3,1,0,1,1,0,1,0,1,0,0,1462,0,0,May,12,Hot,Chennai,TANGEDCO,431.82
12353,5,2,4,1,1,1,1,0,1,1,1,0,0,1931,0,1,Jul,0,Moderate,Bangalore,BESCOM,748.26
12354,2,0,2,1,0,0,0,1,0,0,0,0,0,1011,0,0,Nov,0,Hot,Chennai,TANGEDCO,456.03
12355,2,1,1,0,0,1,0,0,0,1,0,0,0,486,0,0,Jun,24,Moderate,Bangalore,BESCOM,60.0
12356,3,2,3,1,0,1,1,0,0,1,1,0,0,1352,0,0,Oct,8,Hot,Kolkata,CESC,432.56
12357,2,0,2,1,1,1,1,0,0,0,0,1,0,1149,0,0,Jul,6,Hot,Chennai,TANGEDCO,533.41
12358,4,2,2,0,0,0,1,0,1,1,0,0,0,986,0,0,Mar,7,Hot,Kolkata,CESC,286.71
12359,1,0,1,0,1,0,0,0,0,0,1,0,0,460,0,0,Oct,11,Hot,Delhi,BSES Yamuna,176.52
12360,7,3,4,1,0,1,1,1,1,0,0,0,0,1884,0,0,Apr,0,Hot,Kolkata,CESC,785.43
12361,3,2,1,0,0,1,1,0,0,0,0,0,0,494,0,0,May,17,Hot,Kolkata,CESC,104.26
12362,7,2,4,1,0,1,1,0,1,0,1,0,0,1873,0,0,Oct,9,Hot,Delhi,BSES Yamuna,531.33
12363,6,5,4,1,1,1,1,0,0,1,1,0,0,1640,0,0,Dec,7,Moderate,Mumbai,MSEDCL,506.37
12364,5,4,2,0,0,0,0,0,0,0,1,0,0,946,0,0,May,15,Hot,Delhi,BSES Yamuna,133.85
12365,4,2,3,1,1,1,1,0,1,1,0,0,0,1445,0,0,May,18,Hot,Delhi,BSES Yamuna,347.45
12366,2,1,3,1,0,1,0,0,0,0,0,1,0,1331,0,0,May,16,Hot,Kolkata,CESC,217.08
12367,6,1,4,1,0,1,1,1,1,0,0,0,0,1896,0,0,May,13,Hot,Kolkata,CESC,428.16
12368,1,0,2,0,0,0,0,0,0,0,0,0,0,922,0,0,Sep,7,Hot,Delhi,BSES Yamuna,102.84
12369,4,2,3,1,0,0,0,1,0,1,1,1,0,1342,0,0,Oct,9,Moderate,Mumbai,MSEDCL,356.1
12370,2,0,2,1,1,1,0,0,0,1,0,0,1,981,0,0,Dec,19,Moderate,Bangalore,BESCOM,254.72
12371,5,3,5,1,1,1,0,0,0,1,0,0,0,2191,0,0,Oct,22,Moderate,Bangalore,BESCOM,133.38
12372,2,0,2,1,0,0,0,0,1,1,1,0,0,1198,0,0,May,20,Hot,Chennai,TANGEDCO,193.78
12373,4,0,2,0,0,1,1,0,0,0,0,0,0,1006,0,0,May,10,Moderate,Bangalore,BESCOM,179.64
12374,3,1,3,0,1,1,1,0,0,0,1,0,1,1430,0,0,Jun,23,Cold,Delhi,BSES Yamuna,137.75
12375,6,0,4,1,1,1,1,0,1,0,1,0,0,1621,0,0,Jul,5,Moderate,Bangalore,BESCOM,593.22
12376,5,1,3,1,1,0,1,0,1,1,1,0,0,1279,0,0,Feb,0,Moderate,Mumbai,MSEDCL,642.99
12377,1,0,2,0,0,0,0,0,0,0,1,0,0,929,0,0,May,8,Moderate,Mumbai,MSEDCL,101.53
12378,2,0,2,0,0,0,1,0,0,0,0,0,0,1091,1,0,Apr,2,Moderate,Bangalore,BESCOM,393.65
12379,8,2,5,1,1,1,1,0,1,0,1,0,0,2275,0,1,Jun,9,Hot,Delhi,BSES Yamuna,706.45
12380,3,0,3,0,1,1,1,0,0,0,0,0,0,1599,0,0,Apr,5,Moderate,Bangalore,BESCOM,295.21
12381,4,1,4,1,1,1,1,0,1,0,1,0,0,1922,0,1,Jun,20,Hot,Chennai,TANGEDCO,280.26
12382,2,0,1,1,0,1,1,0,0,1,1,1,0,775,0,0,May,16,Hot,Chennai,TANGEDCO,262.86
12383,5,1,2,0,0,1,1,0,0,0,1,0,0,854,0,0,May,10,Hot,Chennai,TANGEDCO,217.54
12384,6,5,3,1,0,1,0,0,0,0,1,0,0,1265,0,0,Jun,23,Hot,Delhi,BSES Yamuna,129.7
12385,6,0,4,1,1,1,1,0,0,1,0,0,0,1826,0,1,May,10,Moderate,Mumbai,MSEDCL,461.04
12386,1,0,1,0,0,0,0,0,0,1,0,0,0,425,0,0,May,18,Hot,Delhi,BSES Yamuna,85.78
12387,6,3,4,1,1,1,1,0,0,1,1,0,0,1852,0,0,Jul,2,Moderate,Mumbai,MSEDCL,641.73
12388,2,1,3,0,0,1,0,1,0,1,1,0,0,1396,0,0,Feb,0,Moderate,Bangalore,BESCOM,293.55
12389,4,0,2,1,0,0,0,0,1,0,0,0,1,929,0,0,May,11,Moderate,Bangalore,BESCOM,314.85
12390,2,1,2,0,1,1,0,0,0,0,0,1,0,1042,0,0,Apr,0,Moderate,Bangalore,BESCOM,291.71
12391,3,2,2,0,1,0,0,0,0,0,1,0,1,1111,0,0,Jan,0,Moderate,Mumbai,MSEDCL,443.15
12392,4,0,3,1,0,1,0,1,0,0,1,0,0,1411,0,0,Jan,0,Hot,Kolkata,CESC,641.01
12393,2,1,1,1,0,1,1,1,0,0,0,0,1,589,0,1,Apr,8,Cold,Delhi,BSES Yamuna,488.38
12394,2,1,2,0,0,1,0,0,1,0,0,0,1,1089,0,0,May,20,Hot,Kolkata,CESC,142.49
12395,6,1,4,1,0,1,1,0,1,1,0,0,0,1825,0,0,Jun,11,Hot,Chennai,TANGEDCO,507.91
12396,2,1,1,1,0,0,0,1,0,0,1,0,0,645,0,0,Sep,0,Moderate,Mumbai,MSEDCL,385.04
12397,5,1,2,1,0,0,0,0,1,0,1,0,0,855,0,0,Jun,15,Hot,Kolkata,CESC,260.75
12398,4,0,2,1,0,0,1,1,0,0,0,0,0,854,0,0,Jun,9,Hot,Kolkata,CESC,399.21
12399,3,1,3,0,0,0,1,0,0,0,1,0,0,1475,0,0,Jan,0,Moderate,Bangalore,BESCOM,217.68
12400,6,3,3,0,0,0,0,0,0,0,0,0,0,1505,0,0,May,12,Moderate,Bangalore,BESCOM,149.66
12401,5,1,2,0,1,1,0,1,0,0,0,0,0,1139,0,0,Jul,0,Moderate,Mumbai,MSEDCL,406.86
12402,5,3,3,0,0,0,0,0,0,1,1,0,0,1352,0,0,May,16,Hot,Kolkata,CESC,187.17
12403,2,1,3,0,0,1,0,0,0,1,0,1,1,1252,0,0,Jun,10,Cold,Delhi,BSES Yamuna,284.33
12404,2,0,1,0,1,1,0,0,1,0,1,1,0,797,0,0,Jun,15,Moderate,Mumbai,MSEDCL,171.08
12405,1,0,2,0,0,1,0,0,1,0,1,1,0,910,0,0,May,6,Moderate,Bangalore,BESCOM,169.06
12406,5,3,2,0,0,1,1,0,0,0,1,0,0,1003,0,0,Jun,6,Moderate,Bangalore,BESCOM,239.83
12407,1,0,2,0,0,1,1,0,0,1,1,1,0,911,0,0,Mar,8,Moderate,Mumbai,MSEDCL,198.01
12408,6,3,3,0,1,1,1,0,1,0,0,0,0,1524,0,0,Aug,0,Moderate,Mumbai,MSEDCL,432.42
12409,2,1,3,1,0,1,1,0,1,1,0,0,0,1457,0,0,Jan,0,Hot,Chennai,TANGEDCO,636.58
12410,5,4,2,0,1,0,1,0,0,0,0,0,0,815,0,0,Jan,4,Cold,Delhi,BSES Yamuna,323.85
12411,5,2,2,0,0,1,0,0,1,0,0,1,0,1149,0,0,Oct,19,Moderate,Bangalore,BESCOM,93.75
12412,5,3,2,0,0,0,1,1,0,0,1,1,0,965,0,0,Jun,9,Hot,Kolkata,CESC,273.39
12413,6,2,3,1,0,1,1,0,1,0,0,0,0,1500,0,0,Apr,0,Hot,Delhi,BSES Yamuna,683.71
12414,3,0,2,1,0,0,1,0,1,0,1,1,0,1181,0,0,Jun,20,Hot,Kolkata,CESC,230.8
12415,2,1,3,1,0,1,1,0,1,1,1,0,0,1479,0,0,May,21,Hot,Delhi,BSES Yamuna,209.37
12416,5,1,2,1,0,1,0,0,1,1,0,0,0,1170,0,1,May,13,Hot,Chennai,TANGEDCO,377.84
12417,3,2,3,1,0,0,1,0,1,0,1,1,0,1357,0,0,Oct,18,Moderate,Mumbai,MSEDCL,230.19
12418,6,5,4,1,0,1,1,0,1,1,0,0,0,1848,0,0,May,19,Hot,Kolkata,CESC,262.86
12419,2,0,2,1,0,0,1,0,0,0,0,1,0,1178,0,0,May,17,Hot,Kolkata,CESC,213.05
12420,2,1,2,0,1,0,1,0,1,1,0,0,0,980,0,0,Nov,2,Moderate,Mumbai,MSEDCL,352.52
12421,6,1,5,1,1,1,1,0,0,1,1,1,0,2190,0,0,Apr,0,Hot,Kolkata,CESC,907.75
12422,1,0,2,0,0,0,0,0,0,0,0,0,0,938,0,0,Mar,4,Hot,Kolkata,CESC,115.14
12423,4,3,3,1,0,1,0,0,1,0,1,0,0,1277,0,0,Feb,0,Moderate,Bangalore,BESCOM,456.58
12424,1,0,1,0,0,0,0,0,1,0,0,0,0,772,0,1,Mar,0,Hot,Delhi,BSES Yamuna,210.39
12425,6,3,3,0,0,1,1,0,1,1,0,0,0,1535,0,0,May,21,Moderate,Mumbai,MSEDCL,120.31
12426,3,2,1,1,1,0,0,0,0,1,0,0,0,449,0,0,Jul,2,Hot,Chennai,TANGEDCO,569.28
12427,6,3,5,1,1,1,1,1,1,1,1,0,0,2084,0,0,Jul,0,Hot,Kolkata,CESC,1031.58
12428,5,4,3,1,1,1,0,0,0,0,0,0,0,1382,0,0,Sep,4,Hot,Chennai,TANGEDCO,612.03
12429,2,0,3,0,1,1,0,0,1,0,1,1,0,1382,0,0,Jun,8,Moderate,Mumbai,MSEDCL,278.05
12430,4,0,3,1,0,1,0,0,0,1,1,0,0,1203,0,0,May,8,Hot,Chennai,TANGEDCO,426.11
12431,5,4,3,1,1,1,1,0,0,0,0,1,0,1516,0,0,May,23,Moderate,Bangalore,BESCOM,142.18
12432,2,0,2,0,0,0,1,0,0,0,0,1,1,910,0,0,Oct,8,Hot,Chennai,TANGEDCO,321.19
12433,7,5,4,1,1,1,1,0,0,1,0,0,0,1933,0,1,May,8,Hot,Chennai,TANGEDCO,660.21
12434,8,0,5,1,1,1,1,0,0,1,1,1,0,2338,0,1,Oct,19,Moderate,Mumbai,MSEDCL,290.09
12435,2,1,2,1,0,0,0,0,0,0,0,0,0,1050,0,0,May,8,Hot,Chennai,TANGEDCO,283.92
12436,6,1,5,1,1,1,1,0,1,1,1,1,0,2132,0,0,Apr,0,Moderate,Mumbai,MSEDCL,762.12
12437,3,0,3,0,0,1,1,0,0,0,0,0,0,1299,0,0,May,19,Moderate,Mumbai,MSEDCL,74.54
12438,5,1,3,1,1,1,0,0,0,1,1,1,0,1371,0,0,May,18,Moderate,Mumbai,MSEDCL,250.21
12439,1,0,2,0,0,1,1,0,0,0,0,0,0,1086,0,0,Nov,0,Hot,Delhi,BSES Yamuna,233.67
12440,3,2,2,0,0,1,1,0,0,0,0,0,0,918,0,0,Apr,0,Hot,Kolkata,CESC,273.23
12441,2,0,1,1,0,0,0,0,0,1,0,0,0,749,0,0,Jun,22,Hot,Delhi,BSES Yamuna,131.36
12442,1,0,2,0,1,1,0,0,0,0,0,0,0,974,0,0,Apr,0,Cold,Delhi,BSES Yamuna,274.78
12443,3,0,3,0,1,1,1,0,0,0,0,1,0,1229,0,0,Jul,4,Moderate,Bangalore,BESCOM,308.23
12444,5,4,2,0,0,1,0,0,0,1,0,0,0,854,0,0,May,7,Hot,Chennai,TANGEDCO,239.02
12445,1,0,2,0,1,0,0,0,0,1,0,0,1,1160,0,0,Aug,0,Cold,Delhi,BSES Yamuna,481.6
12446,8,0,6,1,1,1,1,1,1,1,1,1,0,2595,0,1,Oct,15,Moderate,Mumbai,MSEDCL,466.98
12447,1,0,2,0,0,0,1,0,0,0,1,0,0,840,0,0,May,16,Moderate,Mumbai,MSEDCL,71.78
12448,5,0,2,1,0,1,0,0,1,0,1,1,0,972,0,0,Nov,0,Hot,Kolkata,CESC,598.86
12449,1,0,1,1,0,0,0,0,1,0,0,0,0,729,0,0,May,17,Hot,Kolkata,CESC,181.51
12450,1,0,1,0,0,0,0,0,0,1,0,1,0,618,0,0,Nov,0,Moderate,Mumbai,MSEDCL,167.3
12451,6,2,3,1,0,1,0,0,0,0,0,1,1,1407,0,0,Apr,7,Moderate,Mumbai,MSEDCL,439.15
12452,6,5,3,1,0,1,0,1,1,0,1,0,0,1357,0,0,Oct,8,Hot,Chennai,TANGEDCO,516.8
12453,3,0,3,0,1,0,1,0,1,0,0,1,1,1532,0,0,May,15,Cold,Delhi,BSES Yamuna,295.85
12454,4,3,1,1,0,0,0,0,0,0,0,0,0,627,0,0,Sep,5,Moderate,Mumbai,MSEDCL,279.89
12455,3,2,3,1,1,1,1,1,1,1,0,0,0,1284,0,0,Dec,11,Hot,Delhi,BSES Yamuna,559.22
12456,1,0,2,1,0,0,0,0,0,0,0,0,0,972,0,0,Nov,2,Hot,Kolkata,CESC,356.02
12457,3,0,2,1,0,0,1,0,0,0,0,0,0,1044,0,0,May,20,Hot,Delhi,BSES Yamuna,141.48
12458,2,0,1,0,0,1,1,0,0,0,0,0,0,759,0,1,May,11,Moderate,Bangalore,BESCOM,156.87
12459,2,0,1,0,0,1,0,0,0,0,1,0,0,572,0,0,Jun,21,Hot,Delhi,BSES Yamuna,60.0
12460,3,2,2,1,0,1,0,0,1,1,0,1,0,1134,0,0,Aug,0,Hot,Delhi,BSES Yamuna,593.45
12461,3,0,1,1,0,0,0,1,0,1,0,0,0,611,0,0,Jun,6,Hot,Chennai,TANGEDCO,435.25
12462,8,3,6,1,1,1,1,0,1,1,0,0,0,2483,0,0,Oct,12,Hot,Chennai,TANGEDCO,608.74
12463,5,0,2,0,0,0,1,0,0,1,0,0,0,972,0,0,Feb,0,Moderate,Bangalore,BESCOM,275.23
12464,4,1,1,1,0,0,0,0,0,0,0,1,1,582,0,0,Jun,6,Cold,Delhi,BSES Yamuna,441.62
12465,2,1,2,0,1,0,1,0,1,0,0,0,0,932,0,0,Jun,24,Moderate,Bangalore,BESCOM,60.0
12466,5,1,3,1,0,1,0,0,0,0,1,0,0,1579,0,0,Jan,6,Moderate,Mumbai,MSEDCL,356.87
12467,4,2,1,0,0,0,0,0,0,1,0,0,0,687,0,0,Jan,0,Moderate,Mumbai,MSEDCL,191.72
12468,3,0,4,1,1,1,1,1,1,0,1,1,0,1861,0,1,Jun,6,Hot,Kolkata,CESC,779.58
12469,5,2,5,1,1,1,1,1,1,0,1,1,0,2349,0,1,Mar,0,Hot,Delhi,BSES Yamuna,1060.72
12470,4,2,2,1,0,1,0,1,0,1,0,0,0,1081,0,0,Sep,0,Hot,Delhi,BSES Yamuna,604.83
12471,2,0,2,0,1,0,1,0,1,1,1,0,0,1092,0,0,Nov,0,Moderate,Mumbai,MSEDCL,440.1
12472,2,1,1,0,0,1,0,1,0,0,0,0,0,668,0,0,Apr,0,Hot,Chennai,TANGEDCO,256.6
12473,3,1,3,1,1,1,1,0,0,0,1,0,0,1548,0,1,Sep,0,Hot,Chennai,TANGEDCO,780.46
12474,4,2,2,0,1,0,0,0,1,1,1,1,0,996,0,0,Jun,20,Moderate,Bangalore,BESCOM,129.69
12475,2,0,2,0,0,1,0,0,0,0,1,0,0,824,0,0,May,20,Hot,Delhi,BSES Yamuna,87.34
12476,3,0,2,0,0,1,0,0,0,1,0,0,0,940,0,0,Jul,3,Hot,Chennai,TANGEDCO,255.2
12477,2,1,3,1,0,1,1,0,1,1,0,0,0,1422,0,0,Oct,19,Hot,Kolkata,CESC,256.54
12478,5,4,2,1,0,1,0,0,0,0,1,1,0,819,0,1,Dec,11,Moderate,Bangalore,BESCOM,252.94
12479,4,2,2,1,0,0,0,0,0,1,0,0,0,1046,0,0,Jul,9,Hot,Kolkata,CESC,347.15
12480,6,4,3,1,1,1,1,0,1,0,1,0,0,1527,0,0,Aug,0,Moderate,Bangalore,BESCOM,674.01
12481,2,0,3,1,1,1,0,0,0,0,1,0,0,1400,0,0,Jun,16,Moderate,Mumbai,MSEDCL,244.16
12482,5,1,4,1,0,1,1,1,1,1,1,0,0,1714,0,0,Jun,21,Hot,Chennai,TANGEDCO,243.65
12483,3,2,1,1,0,1,0,0,0,0,0,0,0,782,0,0,Feb,4,Hot,Chennai,TANGEDCO,390.34
12484,4,3,3,1,1,0,0,0,0,0,0,0,0,1388,0,0,Apr,0,Hot,Kolkata,CESC,630.27
12485,4,2,3,1,0,0,0,1,1,0,0,0,0,1225,0,0,May,19,Hot,Delhi,BSES Yamuna,206.69
12486,4,3,1,0,0,0,0,0,0,0,0,0,0,453,0,0,Jun,22,Hot,Chennai,TANGEDCO,60.0
12487,5,2,3,0,1,1,1,0,0,1,0,0,0,1369,0,0,Feb,0,Cold,Delhi,BSES Yamuna,482.57
12488,2,0,2,0,0,1,0,0,0,0,0,1,0,1194,0,0,Jun,14,Hot,Chennai,TANGEDCO,131.67
12489,5,0,5,1,0,0,1,1,1,1,0,0,0,2380,0,0,Jan,8,Hot,Delhi,BSES Yamuna,588.65
12490,2,1,1,0,1,0,0,0,1,0,0,0,0,410,0,0,Sep,9,Moderate,Mumbai,MSEDCL,198.75
12491,2,1,3,0,1,1,1,0,0,0,0,1,0,1226,0,0,Jul,0,Moderate,Mumbai,MSEDCL,341.44
12492,2,1,2,1,0,0,0,0,0,0,0,0,0,1149,0,0,Jun,22,Moderate,Mumbai,MSEDCL,61.13
12493,4,0,5,1,1,1,1,0,1,1,0,1,0,2082,0,1,Jun,5,Moderate,Bangalore,BESCOM,598.03
12494,1,0,2,0,1,0,0,0,0,1,1,0,0,1089,0,0,Nov,0,Moderate,Mumbai,MSEDCL,296.69
12495,4,0,5,0,1,1,1,0,1,1,0,0,1,2037,0,1,Nov,0,Cold,Delhi,BSES Yamuna,727.65
12496,5,3,4,1,0,0,0,0,0,1,0,0,0,1686,0,0,Sep,0,Hot,Delhi,BSES Yamuna,571.02
12497,5,3,2,1,0,0,1,0,1,0,1,0,0,1120,0,0,May,24,Hot,Delhi,BSES Yamuna,117.23
12498,7,2,4,1,0,1,1,0,1,1,1,1,1,1986,0,0,Mar,5,Hot,Chennai,TANGEDCO,870.73
12499,8,5,6,1,0,1,1,0,1,1,0,0,0,2555,0,0,May,14,Hot,Chennai,TANGEDCO,472.37
12500,1,0,2,0,1,1,0,0,0,0,0,1,1,1197,0,0,Sep,8,Cold,Delhi,BSES Yamuna,365.22
12501,3,1,2,0,0,0,1,0,0,0,0,1,0,1107,0,1,Jun,24,Hot,Chennai,TANGEDCO,60.0
12502,3,2,3,1,1,1,1,0,0,0,0,0,0,1485,0,0,Aug,5,Moderate,Bangalore,BESCOM,458.28
12503,2,0,2,0,0,1,1,1,0,0,0,0,0,985,0,0,Mar,0,Hot,Delhi,BSES Yamuna,369.72
12504,4,0,1,0,0,0,0,0,0,0,0,0,0,581,0,0,Apr,0,Hot,Chennai,TANGEDCO,201.13
12505,4,3,2,0,1,1,1,0,0,1,1,0,0,1168,0,0,Jul,0,Moderate,Mumbai,MSEDCL,462.06
12506,1,0,2,0,0,1,0,0,0,1,0,0,0,942,0,0,May,6,Hot,Kolkata,CESC,183.28
12507,1,0,2,1,0,1,0,0,1,1,1,0,0,1005,0,0,May,23,Hot,Chennai,TANGEDCO,126.8
12508,2,1,2,0,1,1,1,0,0,0,1,0,1,941,0,0,May,19,Cold,Delhi,BSES Yamuna,210.13
12509,4,1,4,1,1,1,1,0,0,0,0,0,0,1784,0,0,Sep,2,Hot,Chennai,TANGEDCO,680.09
12510,3,2,3,1,1,1,0,0,0,1,0,0,0,1440,0,0,Jul,7,Hot,Chennai,TANGEDCO,536.95
12511,2,0,1,1,0,0,0,0,1,0,1,0,0,407,0,0,Mar,4,Hot,Kolkata,CESC,388.87
12512,6,2,3,1,0,0,0,0,1,0,0,0,0,1271,0,0,May,5,Hot,Chennai,TANGEDCO,454.06
12513,2,0,3,1,0,0,1,1,0,0,1,0,0,1487,0,0,Jul,0,Hot,Delhi,BSES Yamuna,592.32
12514,4,2,5,1,0,1,1,0,1,1,1,0,0,2094,0,1,Dec,5,Hot,Delhi,BSES Yamuna,672.73
12515,2,0,1,0,0,1,0,0,0,0,1,1,0,556,0,0,Nov,8,Moderate,Bangalore,BESCOM,125.4
12516,3,0,2,1,0,0,0,0,0,0,0,1,0,840,0,0,Apr,0,Hot,Chennai,TANGEDCO,442.28
12517,5,0,5,1,0,1,1,0,0,1,1,0,0,2330,1,0,Feb,0,Hot,Kolkata,CESC,1070.97
12518,7,2,5,1,1,1,1,0,1,1,1,0,1,2300,0,0,Jun,19,Hot,Delhi,BSES Yamuna,443.94
12519,4,2,3,0,1,0,1,0,0,0,1,0,0,1468,0,0,May,23,Moderate,Bangalore,BESCOM,105.18
12520,5,1,3,0,1,1,1,0,0,1,0,0,0,1354,0,0,Apr,0,Moderate,Bangalore,BESCOM,436.45
12521,3,0,1,0,1,1,1,0,0,1,1,0,0,674,0,0,Jul,8,Moderate,Bangalore,BESCOM,281.76
12522,4,0,3,1,0,1,1,0,0,0,1,0,0,1353,1,0,Apr,0,Hot,Kolkata,CESC,946.89
12523,4,1,2,0,0,0,0,1,0,0,1,0,0,852,0,0,May,9,Moderate,Mumbai,MSEDCL,156.01
12524,2,0,2,0,0,0,1,0,0,1,0,0,0,978,0,0,Sep,0,Moderate,Mumbai,MSEDCL,207.62
12525,4,1,4,1,0,1,1,0,1,0,0,0,0,1839,0,1,Jul,0,Hot,Chennai,TANGEDCO,665.84
12526,3,0,1,0,0,0,0,0,0,0,0,0,0,536,0,0,Jun,22,Moderate,Mumbai,MSEDCL,60.0
12527,4,2,2,0,0,1,0,1,0,1,0,0,0,1054,0,0,Nov,0,Moderate,Mumbai,MSEDCL,260.71
12528,8,1,5,1,0,1,1,0,1,0,1,0,0,2223,0,1,Mar,5,Hot,Chennai,TANGEDCO,684.61
12529,3,2,2,1,0,0,1,0,0,1,0,0,1,979,0,0,Jul,0,Hot,Kolkata,CESC,728.71
12530,6,0,5,1,1,1,1,0,0,0,1,0,0,2181,0,0,Mar,0,Hot,Chennai,TANGEDCO,861.01
12531,8,5,6,1,1,1,1,0,1,1,1,1,0,2658,0,0,Mar,0,Moderate,Bangalore,BESCOM,802.97
12532,2,1,3,1,0,0,1,1,0,0,0,0,0,1442,0,0,Jun,11,Hot,Chennai,TANGEDCO,374.29
12533,3,2,2,0,0,1,0,0,0,1,0,0,0,895,0,0,Jan,0,Moderate,Mumbai,MSEDCL,186.58
12534,5,3,2,1,0,0,0,0,0,1,0,1,0,996,0,0,Jun,20,Hot,Kolkata,CESC,168.32
12535,2,1,2,1,0,1,1,1,0,0,1,0,0,1191,0,0,Jan,0,Moderate,Bangalore,BESCOM,478.76
12536,4,0,2,0,0,0,0,0,0,1,0,0,0,813,0,0,Jun,22,Hot,Chennai,TANGEDCO,72.9
12537,1,0,2,1,1,0,0,0,1,0,0,0,0,919,0,0,May,11,Moderate,Bangalore,BESCOM,309.14
12538,7,2,5,1,1,1,1,0,0,1,1,0,0,2386,0,0,Feb,7,Hot,Kolkata,CESC,707.35
12539,2,0,2,1,0,0,0,0,0,1,0,0,0,1068,0,0,Sep,0,Moderate,Bangalore,BESCOM,356.5
12540,4,1,3,0,1,1,0,1,0,0,0,0,0,1370,0,0,May,21,Moderate,Bangalore,BESCOM,118.44
12541,2,1,1,0,0,0,0,0,0,0,1,0,0,471,0,0,May,5,Moderate,Bangalore,BESCOM,95.96
12542,6,4,3,1,0,1,1,1,0,0,1,0,0,1378,0,0,May,16,Moderate,Bangalore,BESCOM,274.72
12543,3,1,4,1,0,1,1,1,0,0,0,1,0,1769,0,0,Feb,0,Hot,Chennai,TANGEDCO,689.99
12544,5,4,2,0,1,1,0,0,0,1,1,0,0,958,0,0,May,5,Moderate,Bangalore,BESCOM,306.06
12545,5,0,2,1,0,0,0,0,0,1,0,1,0,953,0,0,Jul,9,Hot,Kolkata,CESC,383.78
12546,6,2,3,1,1,0,1,0,0,1,0,0,1,1281,0,0,Nov,0,Cold,Delhi,BSES Yamuna,830.88
12547,6,0,3,1,0,1,1,0,1,0,1,0,0,1256,0,0,Sep,3,Hot,Kolkata,CESC,633.42
12548,3,2,3,1,1,1,0,0,0,0,0,1,0,1206,0,0,Feb,0,Hot,Delhi,BSES Yamuna,640.22
12549,5,1,2,0,0,0,0,0,0,0,0,0,0,911,0,0,Apr,0,Cold,Delhi,BSES Yamuna,170.9
12550,5,2,2,1,0,0,1,0,0,1,1,0,0,847,0,0,Jan,0,Hot,Kolkata,CESC,579.81
12551,5,4,5,0,1,1,1,0,1,1,1,0,0,2079,0,1,Mar,7,Moderate,Mumbai,MSEDCL,436.99
12552,7,1,5,1,1,1,1,0,1,1,1,0,0,2374,0,0,May,22,Hot,Kolkata,CESC,238.08
12553,2,1,2,1,0,0,1,0,0,1,1,1,0,1175,0,0,Apr,0,Hot,Chennai,TANGEDCO,599.6
12554,5,3,4,0,1,1,1,0,0,1,1,0,1,1915,0,0,Jun,17,Hot,Chennai,TANGEDCO,357.37
12555,2,1,2,0,0,0,1,0,0,0,0,0,0,832,0,0,Jan,0,Hot,Kolkata,CESC,166.7
12556,4,2,2,0,1,1,1,0,0,0,0,1,0,914,0,0,Oct,16,Hot,Chennai,TANGEDCO,257.74
12557,3,1,2,1,0,0,1,1,0,1,0,1,0,1183,0,0,Jul,3,Hot,Delhi,BSES Yamuna,563.54
12558,3,1,2,0,0,0,0,0,1,0,1,0,0,802,0,0,Dec,16,Moderate,Mumbai,MSEDCL,119.19
12559,2,1,3,1,0,1,0,0,0,1,0,0,0,1203,0,0,Dec,14,Hot,Kolkata,CESC,277.41
12560,1,0,1,0,0,1,1,0,0,0,0,0,0,755,0,0,Jul,0,Hot,Delhi,BSES Yamuna,248.27
12561,3,1,2,0,1,0,0,0,0,1,0,0,0,1059,0,0,Apr,2,Moderate,Bangalore,BESCOM,270.99
12562,4,3,3,0,0,0,1,1,0,0,1,0,1,1241,0,0,Apr,5,Moderate,Bangalore,BESCOM,381.98
12563,5,2,3,0,0,0,0,0,0,0,1,0,0,1208,0,0,May,20,Hot,Kolkata,CESC,97.21
12564,4,2,3,0,0,1,1,1,0,0,0,0,0,1506,0,0,May,7,Hot,Kolkata,CESC,337.55
12565,6,4,4,1,1,1,1,1,1,1,0,0,0,1744,0,0,Jun,11,Hot,Delhi,BSES Yamuna,602.28
12566,1,0,1,0,0,0,0,0,0,0,0,0,0,496,0,0,Jul,0,Moderate,Mumbai,MSEDCL,91.26
12567,2,1,3,1,1,1,1,0,1,0,1,1,0,1475,0,0,Feb,0,Moderate,Mumbai,MSEDCL,636.45
12568,2,0,3,1,0,1,1,0,0,0,1,0,0,1341,0,0,Jun,11,Moderate,Mumbai,MSEDCL,254.11
12569,6,0,3,1,0,1,1,0,0,0,1,1,0,1477,0,0,Feb,0,Hot,Chennai,TANGEDCO,648.26
12570,5,4,2,0,0,0,0,1,0,0,0,1,0,826,0,1,Oct,18,Hot,Chennai,TANGEDCO,124.39
12571,3,1,1,0,0,0,1,0,0,0,0,0,0,442,0,1,Jan,4,Hot,Delhi,BSES Yamuna,208.82
12572,4,0,4,1,0,1,1,0,0,1,0,0,0,1730,0,0,May,8,Hot,Chennai,TANGEDCO,460.29
12573,3,2,2,1,0,0,0,0,0,1,0,0,0,1015,0,0,May,10,Moderate,Mumbai,MSEDCL,252.21
12574,5,0,4,1,0,1,0,0,0,0,1,1,0,1693,0,0,Jun,10,Hot,Delhi,BSES Yamuna,406.16
12575,4,0,3,0,1,1,1,0,0,1,1,0,0,1207,0,0,Feb,4,Moderate,Mumbai,MSEDCL,372.8
12576,5,4,3,0,0,0,1,0,1,1,0,0,0,1285,0,0,Nov,0,Moderate,Bangalore,BESCOM,314.09
12577,4,0,4,1,0,1,1,1,1,1,0,0,0,1944,0,0,May,7,Hot,Chennai,TANGEDCO,610.85
12578,4,3,3,0,0,1,1,0,1,1,1,1,0,1337,0,0,May,10,Moderate,Bangalore,BESCOM,266.81
12579,4,0,2,0,0,1,0,0,0,0,1,0,1,1168,0,0,Apr,6,Moderate,Mumbai,MSEDCL,273.42
12580,5,0,3,0,1,1,0,0,1,1,0,1,0,1445,0,0,Sep,5,Moderate,Bangalore,BESCOM,371.79
12581,3,1,4,1,1,1,0,0,0,1,0,0,0,1620,0,0,Jan,0,Hot,Kolkata,CESC,716.07
12582,4,1,2,0,0,1,0,0,1,0,1,0,0,1064,0,0,Mar,0,Hot,Chennai,TANGEDCO,352.69
12583,5,0,2,0,1,0,0,0,0,1,0,0,0,947,0,0,May,15,Cold,Delhi,BSES Yamuna,188.57
12584,2,0,1,1,1,0,0,0,0,0,0,0,0,583,0,0,Dec,12,Hot,Delhi,BSES Yamuna,309.51
12585,6,5,4,1,0,0,1,0,1,1,1,0,0,1826,0,1,Jan,7,Hot,Delhi,BSES Yamuna,600.53
12586,1,0,1,0,1,0,0,0,0,1,1,1,0,691,0,0,Feb,0,Moderate,Bangalore,BESCOM,305.64
12587,6,4,3,1,1,1,1,0,1,0,0,0,0,1235,0,0,Aug,0,Hot,Kolkata,CESC,821.8
12588,1,0,2,0,1,0,0,0,0,0,0,0,0,1045,0,0,Aug,0,Moderate,Bangalore,BESCOM,238.84
12589,1,0,2,0,0,0,0,0,0,0,0,1,0,872,0,0,Oct,6,Moderate,Mumbai,MSEDCL,97.83
12590,5,0,3,1,0,1,1,1,0,0,0,1,0,1349,0,0,Jun,23,Moderate,Bangalore,BESCOM,112.86
12591,1,0,1,1,0,0,0,0,0,0,0,0,0,400,0,0,May,20,Hot,Chennai,TANGEDCO,102.72
12592,2,1,3,1,1,1,1,0,0,1,1,0,0,1268,0,0,May,14,Hot,Chennai,TANGEDCO,380.52
12593,4,1,3,0,0,1,1,0,0,1,0,0,0,1492,0,0,May,15,Hot,Delhi,BSES Yamuna,190.37
12594,6,0,4,1,1,1,0,0,0,0,1,1,0,1829,0,0,Dec,21,Hot,Delhi,BSES Yamuna,211.61
12595,4,3,2,0,0,0,1,0,0,0,1,0,0,1010,0,0,May,23,Hot,Kolkata,CESC,65.7
12596,6,0,4,0,0,1,0,1,1,1,1,0,0,1671,0,0,Feb,0,Moderate,Bangalore,BESCOM,397.76
12597,2,1,3,1,0,1,1,1,1,1,0,1,0,1562,0,0,May,19,Moderate,Mumbai,MSEDCL,228.84
12598,3,2,4,1,1,1,1,0,1,0,0,1,0,1695,0,0,Dec,10,Hot,Delhi,BSES Yamuna,554.5
12599,5,2,2,0,1,0,1,1,0,1,0,1,0,1196,0,0,May,14,Moderate,Mumbai,MSEDCL,252.53
12600,3,0,3,0,0,1,1,0,0,0,1,0,0,1283,0,0,May,11,Hot,Kolkata,CESC,183.0
12601,4,3,4,1,1,1,1,1,0,1,1,0,0,1827,0,0,May,22,Moderate,Bangalore,BESCOM,184.42
12602,4,3,4,1,1,1,1,0,0,0,1,0,0,1898,0,0,Jan,5,Hot,Kolkata,CESC,658.36
12603,3,1,2,1,0,0,0,0,1,0,0,0,0,1035,0,0,Jun,20,Moderate,Bangalore,BESCOM,110.39
12604,1,0,2,0,0,0,1,1,0,0,0,0,0,1092,0,0,Aug,0,Moderate,Mumbai,MSEDCL,194.65
12605,5,4,2,0,0,0,0,1,1,1,0,0,0,1021,0,0,May,12,Hot,Kolkata,CESC,282.58
12606,5,1,2,1,0,1,0,0,0,1,0,0,0,1022,0,0,Oct,17,Hot,Delhi,BSES Yamuna,238.34
12607,2,1,2,1,0,0,0,0,1,1,1,0,0,1080,0,0,Aug,2,Hot,Kolkata,CESC,525.61
12608,3,2,2,0,0,1,1,0,0,0,0,1,0,1020,0,0,Jun,15,Moderate,Mumbai,MSEDCL,120.19
12609,5,1,4,0,0,1,0,0,1,1,0,1,0,1815,0,1,Aug,0,Moderate,Bangalore,BESCOM,402.12
12610,2,1,1,1,1,1,1,0,0,0,0,1,0,630,0,0,Sep,0,Hot,Kolkata,CESC,663.11
12611,3,0,3,1,0,1,0,0,0,1,0,0,0,1368,0,0,Jun,23,Hot,Chennai,TANGEDCO,133.8
12612,1,0,2,1,1,1,1,0,0,0,0,0,0,1128,0,0,May,22,Hot,Kolkata,CESC,171.74
12613,3,2,2,0,1,1,0,0,0,0,0,0,0,841,0,0,Mar,0,Moderate,Mumbai,MSEDCL,282.02
12614,1,0,1,1,0,0,0,0,0,0,0,0,0,657,0,0,May,21,Moderate,Bangalore,BESCOM,77.69
12615,2,0,2,0,0,0,0,0,0,0,0,0,0,995,0,0,Jun,6,Moderate,Mumbai,MSEDCL,87.11
12616,2,1,3,0,1,1,1,0,0,1,1,0,0,1591,0,0,Nov,0,Hot,Kolkata,CESC,545.69
12617,7,4,4,1,0,1,0,0,0,1,0,1,0,1695,0,1,Apr,4,Moderate,Mumbai,MSEDCL,473.79
12618,3,0,2,0,1,1,0,0,1,0,1,0,0,1116,0,0,Sep,0,Moderate,Mumbai,MSEDCL,384.02
12619,2,0,2,1,0,0,0,0,0,0,0,1,0,813,0,0,Apr,0,Hot,Chennai,TANGEDCO,412.39
12620,2,0,2,0,0,1,1,0,0,0,0,1,0,912,0,0,Dec,8,Moderate,Mumbai,MSEDCL,178.21
12621,3,0,4,1,1,1,1,0,0,1,1,1,0,1676,0,0,Jun,8,Moderate,Bangalore,BESCOM,448.13
12622,2,1,3,1,1,1,1,0,0,1,0,1,0,1476,0,0,May,15,Hot,Chennai,TANGEDCO,399.98
12623,4,3,3,0,1,1,1,0,1,0,0,1,0,1519,0,0,May,22,Hot,Delhi,BSES Yamuna,142.53
12624,3,2,3,0,0,0,1,1,0,1,1,0,0,1359,0,0,Apr,0,Hot,Chennai,TANGEDCO,422.85
12625,3,1,4,1,1,1,1,0,0,1,1,0,0,1912,0,0,Aug,5,Moderate,Mumbai,MSEDCL,496.71
12626,2,0,1,0,0,0,1,0,0,0,0,0,0,518,0,0,Jun,19,Hot,Chennai,TANGEDCO,60.0
12627,3,0,2,1,1,1,0,0,0,0,0,1,0,960,0,0,Oct,21,Hot,Kolkata,CESC,195.72
12628,4,1,4,0,1,1,1,0,1,1,1,1,0,1907,0,0,Jun,20,Moderate,Bangalore,BESCOM,183.03
12629,6,4,3,1,1,1,0,1,0,0,1,1,1,1550,0,0,Apr,0,Hot,Delhi,BSES Yamuna,1059.78
12630,3,2,3,0,1,1,1,0,1,0,0,0,0,1345,0,0,Jul,0,Moderate,Mumbai,MSEDCL,427.92
12631,5,1,3,0,0,1,0,0,0,0,0,0,0,1362,0,0,Oct,18,Moderate,Bangalore,BESCOM,76.62
12632,4,2,2,1,0,0,0,0,0,0,1,0,0,1195,0,0,Dec,19,Moderate,Bangalore,BESCOM,136.38
12633,4,3,3,1,0,1,1,1,0,0,0,1,0,1378,0,0,Jul,0,Hot,Kolkata,CESC,637.2
12634,4,2,3,1,0,1,1,0,0,0,0,1,1,1288,0,0,May,14,Hot,Kolkata,CESC,403.52
12635,3,2,2,0,1,1,0,0,0,0,0,1,0,1022,0,0,Jun,24,Moderate,Bangalore,BESCOM,63.64
12636,6,4,3,1,0,0,0,0,0,1,1,0,0,1465,0,0,Jun,14,Moderate,Bangalore,BESCOM,208.73
12637,7,0,4,1,1,1,1,0,0,0,1,0,0,1838,0,1,Jun,24,Hot,Chennai,TANGEDCO,153.63
12638,2,1,2,0,1,0,1,0,1,0,0,0,0,1107,0,0,Feb,2,Moderate,Bangalore,BESCOM,329.14
12639,1,0,2,0,0,0,0,0,0,0,0,0,0,833,0,0,Apr,8,Hot,Chennai,TANGEDCO,88.71
12640,4,3,2,1,0,0,0,0,1,1,1,0,0,1170,0,0,Jun,21,Moderate,Bangalore,BESCOM,129.21
12641,5,1,3,1,1,1,0,0,0,1,0,0,0,1366,0,0,Sep,4,Moderate,Mumbai,MSEDCL,496.63
12642,4,3,2,1,0,0,0,0,0,0,0,0,0,1191,0,0,Apr,0,Hot,Kolkata,CESC,448.49
12643,3,2,3,0,0,1,0,0,0,1,0,0,0,1324,0,0,Apr,7,Moderate,Bangalore,BESCOM,163.49
12644,4,0,4,1,0,0,1,0,0,1,0,1,0,1823,0,0,Sep,0,Moderate,Bangalore,BESCOM,502.5
12645,3,0,2,1,0,0,1,0,0,1,0,0,0,949,0,0,Jul,8,Hot,Kolkata,CESC,424.14
12646,3,0,4,1,1,1,1,0,1,0,0,0,0,1788,0,0,May,16,Moderate,Mumbai,MSEDCL,292.48
12647,7,5,6,1,1,1,1,1,1,0,1,0,0,2442,1,0,Feb,0,Hot,Chennai,TANGEDCO,1351.97
12648,2,0,1,1,0,0,0,1,0,0,0,1,0,428,0,0,May,8,Hot,Delhi,BSES Yamuna,367.42
12649,5,2,2,0,0,0,1,1,0,1,0,0,0,1161,0,0,Oct,24,Hot,Delhi,BSES Yamuna,65.75
12650,6,3,5,0,0,1,1,0,1,1,1,0,0,2119,0,0,Jan,5,Hot,Delhi,BSES Yamuna,489.24
12651,5,2,5,1,1,1,0,1,1,1,1,1,0,2336,0,0,Mar,3,Moderate,Mumbai,MSEDCL,705.01
12652,2,1,1,1,0,0,0,0,1,0,0,0,0,430,0,0,Oct,6,Moderate,Mumbai,MSEDCL,246.72
12653,4,2,1,0,1,0,1,0,0,1,0,0,0,580,0,0,Jun,18,Moderate,Mumbai,MSEDCL,141.0
12654,5,3,2,1,0,0,0,0,0,1,0,0,0,961,0,0,Jul,4,Hot,Kolkata,CESC,437.0
12655,5,0,6,1,1,1,1,0,0,1,1,1,0,2527,1,1,Aug,0,Moderate,Bangalore,BESCOM,978.9
12656,5,2,2,0,0,1,1,0,1,0,1,0,0,1054,0,0,May,12,Hot,Delhi,BSES Yamuna,219.4
12657,2,0,3,1,1,1,0,0,1,1,1,0,0,1493,0,0,May,18,Hot,Chennai,TANGEDCO,322.04
12658,4,3,4,1,0,1,1,0,0,1,0,0,0,1956,0,0,May,9,Hot,Chennai,TANGEDCO,442.68
12659,1,0,1,0,0,1,1,0,0,1,1,1,0,787,0,0,Apr,5,Moderate,Mumbai,MSEDCL,219.07
12660,2,1,3,1,1,1,0,0,1,0,1,0,0,1453,0,0,May,22,Moderate,Bangalore,BESCOM,154.52
12661,4,1,2,1,0,0,0,0,0,0,0,0,0,929,0,0,Dec,5,Hot,Delhi,BSES Yamuna,370.62
12662,6,1,4,0,0,0,1,0,1,1,1,0,0,1611,0,1,Feb,0,Hot,Chennai,TANGEDCO,544.66
12663,4,0,2,0,0,1,1,1,0,0,0,0,0,834,0,0,Apr,0,Moderate,Mumbai,MSEDCL,281.67
12664,3,0,3,0,1,1,1,0,0,0,0,0,0,1397,0,0,May,18,Moderate,Bangalore,BESCOM,160.18
12665,2,0,3,0,1,0,1,0,0,1,0,0,0,1447,0,0,Apr,0,Moderate,Bangalore,BESCOM,337.52
12666,1,0,2,0,1,0,1,0,0,1,0,0,1,909,0,0,Feb,2,Moderate,Mumbai,MSEDCL,457.99
12667,4,0,1,0,0,0,0,0,0,0,0,0,0,727,0,0,Apr,0,Hot,Kolkata,CESC,203.88
12668,3,0,2,1,1,0,1,0,0,0,0,0,1,1044,0,0,Jun,18,Moderate,Bangalore,BESCOM,231.04
12669,4,3,2,1,1,0,0,0,0,1,0,0,0,1049,0,0,Jun,8,Moderate,Bangalore,BESCOM,379.18
12670,4,1,4,1,1,1,1,0,1,1,1,1,0,1965,0,0,Apr,0,Moderate,Mumbai,MSEDCL,705.07
12671,6,5,4,1,1,1,1,0,0,1,1,0,0,1916,0,0,Jun,19,Moderate,Bangalore,BESCOM,229.6
12672,4,1,2,0,0,1,1,0,0,0,0,0,0,962,0,0,Jan,0,Moderate,Mumbai,MSEDCL,259.11
12673,2,0,3,1,0,1,1,0,0,0,1,0,0,1247,0,0,Jun,6,Moderate,Bangalore,BESCOM,324.48
12674,5,3,3,1,0,1,1,0,0,1,0,1,1,1598,0,0,Jan,0,Hot,Kolkata,CESC,850.35
12675,7,1,4,1,1,1,1,0,0,1,0,0,0,1670,0,0,Jun,19,Hot,Chennai,TANGEDCO,296.02
12676,5,0,2,0,0,1,0,0,0,0,1,0,0,1198,0,0,May,24,Moderate,Mumbai,MSEDCL,60.0
12677,3,1,2,0,0,0,1,0,1,0,0,0,0,933,0,0,Mar,6,Moderate,Mumbai,MSEDCL,170.85
12678,2,0,2,1,0,1,1,0,0,1,0,0,0,1038,0,0,Feb,0,Hot,Kolkata,CESC,597.83
12679,3,1,3,1,0,1,1,0,1,1,1,1,0,1267,0,0,Jan,0,Hot,Kolkata,CESC,717.57
12680,1,0,2,0,0,1,1,0,0,1,1,0,1,1077,0,0,Jun,16,Cold,Delhi,BSES Yamuna,190.76
12681,2,0,2,0,0,0,1,0,0,0,1,0,0,831,0,0,Oct,23,Moderate,Mumbai,MSEDCL,66.77
12682,3,1,1,1,0,0,0,0,0,1,0,0,0,522,0,0,Oct,9,Hot,Chennai,TANGEDCO,294.01
12683,6,0,3,1,0,0,1,0,0,0,0,0,0,1221,0,0,Jun,8,Hot,Kolkata,CESC,397.98
12684,1,0,2,1,1,0,0,0,0,1,0,0,0,954,0,0,Oct,18,Moderate,Mumbai,MSEDCL,179.93
12685,5,2,2,0,0,1,0,0,0,1,1,0,1,909,0,0,Oct,14,Moderate,Mumbai,MSEDCL,231.23
12686,3,2,2,1,0,1,0,0,0,0,1,0,0,1070,0,0,Jul,4,Hot,Kolkata,CESC,435.11
12687,1,0,2,0,1,1,1,0,0,1,1,0,0,1179,0,1,May,7,Hot,Kolkata,CESC,406.85
12688,5,0,3,0,1,1,1,0,1,0,1,1,0,1499,0,0,Oct,24,Cold,Delhi,BSES Yamuna,120.1
12689,2,1,2,0,0,0,1,0,0,1,1,0,1,914,0,0,May,6,Cold,Delhi,BSES Yamuna,352.44
12690,3,0,2,0,0,0,1,0,0,0,0,0,0,1019,0,0,May,7,Hot,Delhi,BSES Yamuna,164.33
12691,2,0,3,0,1,1,1,0,1,0,0,0,1,1429,0,1,Jul,0,Cold,Delhi,BSES Yamuna,641.62
12692,5,1,2,0,1,1,0,1,0,0,0,0,0,1051,0,0,Nov,5,Cold,Delhi,BSES Yamuna,337.37
12693,1,0,2,0,1,1,1,0,0,1,0,0,1,1048,0,0,Jun,24,Hot,Kolkata,CESC,121.99
12694,6,0,4,1,1,0,1,0,0,1,1,0,1,1608,0,0,Apr,5,Cold,Delhi,BSES Yamuna,724.13
12695,3,1,2,0,0,0,0,0,0,0,0,0,0,833,0,0,Mar,6,Hot,Chennai,TANGEDCO,142.18
12696,1,0,2,0,1,1,0,0,0,0,0,1,0,1027,0,0,May,13,Hot,Delhi,BSES Yamuna,219.84
12697,2,0,1,0,0,0,0,0,1,0,0,1,0,472,0,0,May,8,Moderate,Bangalore,BESCOM,123.91
12698,3,2,2,0,0,1,1,0,0,1,0,0,0,1198,0,0,May,17,Moderate,Mumbai,MSEDCL,89.62
12699,4,0,3,1,1,1,1,1,0,0,1,0,0,1500,0,0,Aug,0,Moderate,Bangalore,BESCOM,623.36
12700,6,1,3,1,1,1,1,0,1,1,0,1,0,1411,0,0,Jun,17,Moderate,Bangalore,BESCOM,299.83
12701,3,2,3,1,0,0,0,0,0,0,0,0,0,1271,0,0,May,6,Hot,Delhi,BSES Yamuna,364.8
12702,4,1,2,1,0,0,0,0,1,0,0,0,0,857,0,0,Apr,0,Hot,Chennai,TANGEDCO,480.47
12703,1,0,2,1,0,1,1,0,0,0,1,0,0,1019,0,0,Jun,13,Hot,Kolkata,CESC,286.58
12704,4,2,4,1,0,0,1,1,0,0,0,0,0,1970,0,1,Jul,0,Hot,Kolkata,CESC,684.12
12705,8,4,5,1,1,1,1,0,1,0,1,1,0,2274,0,0,Sep,6,Moderate,Bangalore,BESCOM,612.18
12706,2,1,1,0,0,0,0,0,0,0,0,0,0,648,0,0,Dec,16,Hot,Chennai,TANGEDCO,71.86
12707,3,1,2,0,0,0,1,0,0,0,1,0,0,815,0,0,Apr,0,Hot,Kolkata,CESC,268.97
12708,3,0,2,0,1,0,0,0,0,0,1,0,0,874,0,0,Jan,0,Moderate,Mumbai,MSEDCL,277.57
12709,4,0,1,1,0,1,0,0,1,0,0,0,0,505,0,0,Jun,8,Hot,Kolkata,CESC,354.79
12710,1,0,2,0,0,0,1,0,0,0,1,0,0,935,0,0,Nov,0,Moderate,Mumbai,MSEDCL,188.64
12711,1,0,1,0,0,0,0,0,0,1,0,0,0,473,0,0,Apr,0,Moderate,Bangalore,BESCOM,131.04
12712,6,3,3,0,1,0,1,0,1,1,1,0,1,1453,0,0,Sep,4,Cold,Delhi,BSES Yamuna,623.1
12713,5,0,3,1,1,1,0,0,1,1,0,0,0,1217,0,0,May,20,Moderate,Mumbai,MSEDCL,227.61
12714,1,0,1,1,0,0,1,0,0,0,0,0,0,442,0,0,May,18,Moderate,Mumbai,MSEDCL,123.88
12715,2,0,1,1,0,1,0,0,0,0,0,0,0,449,0,0,Nov,0,Hot,Kolkata,CESC,390.72
12716,5,2,4,1,0,1,1,0,0,1,0,0,0,1602,0,0,May,16,Moderate,Mumbai,MSEDCL,236.18
12717,4,1,2,0,0,1,1,0,0,1,0,0,0,1031,0,0,Aug,0,Moderate,Bangalore,BESCOM,290.67
12718,3,2,3,1,0,1,1,0,0,1,0,0,0,1418,0,1,Jun,5,Hot,Chennai,TANGEDCO,527.29
12719,4,0,2,1,0,1,0,0,0,0,0,1,0,858,0,1,Sep,0,Hot,Chennai,TANGEDCO,532.94
12720,5,2,3,0,0,1,0,1,1,1,0,0,0,1483,0,0,May,5,Hot,Kolkata,CESC,427.49
12721,1,0,2,1,1,1,0,0,0,1,0,0,0,1101,0,0,Oct,9,Hot,Chennai,TANGEDCO,475.45
12722,3,2,1,0,0,0,0,0,0,0,0,1,1,463,0,0,Jun,5,Moderate,Bangalore,BESCOM,235.82
12723,5,1,2,1,1,1,0,0,0,0,0,1,0,869,1,0,May,6,Moderate,Bangalore,BESCOM,601.95
12724,5,1,2,1,1,1,0,0,0,0,1,0,0,1102,0,0,Jan,0,Hot,Delhi,BSES Yamuna,693.74
12725,1,0,2,0,1,0,0,0,0,0,0,0,0,941,0,0,Jan,0,Moderate,Mumbai,MSEDCL,244.77
12726,2,1,3,1,1,1,1,0,0,1,0,1,0,1590,0,0,May,11,Moderate,Mumbai,MSEDCL,395.98
12727,1,0,2,1,0,0,0,1,0,0,0,0,0,1001,0,0,Apr,4,Hot,Kolkata,CESC,408.46
12728,4,3,1,0,0,0,1,1,1,0,0,0,0,606,0,0,Feb,3,Moderate,Mumbai,MSEDCL,257.37
12729,6,4,3,0,1,0,1,0,1,1,0,0,0,1420,0,0,Jun,7,Moderate,Mumbai,MSEDCL,348.68
12730,2,0,3,1,0,1,0,1,0,1,1,1,0,1561,0,0,Dec,14,Hot,Delhi,BSES Yamuna,366.46
12731,5,2,5,1,1,1,0,0,0,1,1,1,0,2245,0,0,May,8,Moderate,Bangalore,BESCOM,473.49
12732,3,1,3,0,0,0,1,0,0,1,0,1,0,1280,0,0,Jun,6,Hot,Delhi,BSES Yamuna,268.86
12733,3,0,2,0,1,1,0,0,0,0,1,0,0,1050,0,0,Apr,0,Hot,Kolkata,CESC,389.01
12734,3,2,3,1,1,1,0,0,1,0,0,0,0,1250,0,0,Apr,0,Hot,Chennai,TANGEDCO,697.61
12735,7,4,5,1,1,1,1,0,0,1,1,0,0,2284,1,1,May,5,Hot,Chennai,TANGEDCO,1075.38
12736,5,3,4,0,1,1,1,0,0,1,0,1,0,1968,0,1,Oct,11,Moderate,Bangalore,BESCOM,352.52
12737,2,1,2,1,0,1,1,0,1,1,0,0,0,1198,0,0,Dec,13,Hot,Chennai,TANGEDCO,340.57
12738,4,1,2,1,0,1,1,1,1,1,0,0,0,1183,0,0,Aug,6,Hot,Delhi,BSES Yamuna,607.32
12739,2,0,2,1,0,0,1,0,0,1,0,0,0,1145,0,0,Jan,0,Hot,Chennai,TANGEDCO,537.18
12740,5,4,3,1,0,0,1,1,0,0,0,0,0,1403,0,0,May,23,Hot,Kolkata,CESC,149.04
12741,2,0,3,0,1,1,1,0,1,1,1,1,0,1224,0,0,May,18,Moderate,Mumbai,MSEDCL,214.27
12742,5,3,3,1,1,1,1,0,0,0,0,0,0,1240,0,0,Nov,7,Moderate,Mumbai,MSEDCL,442.29
12743,2,0,1,0,0,0,1,0,1,1,0,0,0,468,0,0,Aug,7,Hot,Kolkata,CESC,247.11
12744,2,0,3,1,1,0,1,1,0,1,1,0,0,1203,0,0,Aug,6,Hot,Kolkata,CESC,626.29
12745,6,0,4,0,1,1,0,0,0,1,0,0,0,1839,0,1,Jun,14,Moderate,Bangalore,BESCOM,245.64
12746,4,3,2,1,1,0,1,0,0,1,0,1,0,1160,0,0,Jun,22,Moderate,Bangalore,BESCOM,138.59
12747,3,1,3,1,1,1,1,0,0,0,1,0,0,1230,0,0,Jul,9,Hot,Delhi,BSES Yamuna,492.29
12748,4,2,2,1,1,0,1,0,0,0,1,0,0,1186,0,0,Jun,19,Hot,Kolkata,CESC,263.19
12749,4,0,4,1,1,0,1,0,0,0,1,0,0,1716,0,0,Oct,15,Hot,Chennai,TANGEDCO,379.61
12750,6,3,4,1,1,1,1,0,0,0,1,0,0,1794,0,0,Jan,0,Moderate,Bangalore,BESCOM,631.24
12751,6,4,3,1,1,1,0,0,1,1,1,0,0,1289,0,0,Nov,7,Moderate,Mumbai,MSEDCL,511.66
12752,4,3,3,0,0,1,1,1,0,1,0,0,0,1377,0,0,Sep,0,Moderate,Bangalore,BESCOM,344.7
12753,4,1,4,1,1,1,1,0,0,0,1,0,0,1744,0,0,Jun,9,Moderate,Mumbai,MSEDCL,438.69
12754,2,1,2,0,0,0,0,0,0,1,1,0,0,1001,0,0,Oct,17,Moderate,Mumbai,MSEDCL,101.5
12755,1,0,2,0,1,1,1,0,0,1,0,0,0,1121,0,0,Oct,7,Hot,Chennai,TANGEDCO,370.34
12756,6,1,3,0,0,1,1,0,0,0,0,0,0,1543,0,0,May,24,Moderate,Mumbai,MSEDCL,60.0
12757,1,0,2,1,1,0,0,0,0,0,0,0,0,1002,0,0,Oct,21,Hot,Delhi,BSES Yamuna,167.78
12758,5,2,2,1,0,0,1,0,0,1,0,0,0,823,0,0,Apr,0,Hot,Chennai,TANGEDCO,593.94
12759,7,0,4,1,0,1,1,0,1,0,1,0,0,1954,0,0,May,5,Moderate,Bangalore,BESCOM,456.37
12760,5,0,3,0,0,1,1,0,0,1,1,0,0,1304,0,0,Apr,8,Hot,Kolkata,CESC,313.36
12761,1,0,2,1,0,0,0,0,1,0,1,1,0,1074,0,1,Mar,0,Hot,Kolkata,CESC,560.27
12762,3,1,2,1,1,0,1,0,0,1,0,0,0,1121,0,0,Oct,17,Hot,Kolkata,CESC,291.43
12763,5,1,2,1,0,1,1,0,0,0,0,0,0,859,0,0,May,12,Moderate,Bangalore,BESCOM,246.41
12764,5,3,2,1,0,0,0,0,0,0,0,0,0,1170,0,0,Jul,0,Hot,Delhi,BSES Yamuna,465.9
12765,2,1,2,0,1,0,0,0,0,0,0,0,0,814,0,0,May,22,Hot,Kolkata,CESC,70.76
12766,5,2,3,1,0,1,0,0,1,0,1,0,0,1284,0,0,Jun,18,Hot,Chennai,TANGEDCO,254.99
12767,3,0,2,0,0,1,0,0,0,0,0,0,0,996,0,0,May,21,Hot,Delhi,BSES Yamuna,60.0
12768,5,4,2,0,1,1,0,0,0,0,0,1,0,1034,0,0,Aug,0,Moderate,Mumbai,MSEDCL,330.84
12769,2,0,2,1,0,1,1,0,0,0,1,0,0,1143,0,0,Sep,0,Hot,Delhi,BSES Yamuna,531.54
12770,5,2,6,1,1,1,1,0,1,1,1,0,0,2662,1,1,May,16,Moderate,Bangalore,BESCOM,502.51
12771,5,3,2,1,0,0,1,0,0,0,0,0,0,805,0,0,Oct,21,Hot,Kolkata,CESC,175.07
12772,2,1,1,0,0,1,1,1,0,0,1,0,0,780,0,0,May,8,Moderate,Mumbai,MSEDCL,206.96
12773,1,0,1,0,0,0,1,0,0,0,0,0,0,688,0,0,Sep,0,Hot,Chennai,TANGEDCO,214.46
12774,5,0,3,1,0,0,1,0,0,1,0,1,0,1257,0,0,Jul,0,Hot,Delhi,BSES Yamuna,613.91
12775,2,0,3,1,0,1,1,1,0,1,0,0,0,1344,0,1,May,22,Hot,Delhi,BSES Yamuna,210.23
12776,5,0,2,0,0,1,0,0,0,1,1,0,0,1165,0,0,Oct,6,Hot,Delhi,BSES Yamuna,297.44
12777,3,2,2,1,0,0,1,0,0,0,0,0,0,841,0,0,Jun,11,Hot,Kolkata,CESC,301.6
12778,1,0,1,1,0,1,0,0,0,0,0,0,0,749,0,0,Oct,15,Hot,Kolkata,CESC,192.45
12779,4,0,3,0,1,0,1,0,1,0,1,0,1,1399,0,0,Aug,7,Cold,Delhi,BSES Yamuna,480.89
12780,4,1,3,0,1,0,1,0,0,0,0,0,0,1373,0,0,Jun,10,Moderate,Mumbai,MSEDCL,222.62
12781,1,0,1,1,0,1,1,0,0,0,0,0,1,784,0,0,May,13,Hot,Kolkata,CESC,360.58
12782,3,0,1,0,0,0,0,0,0,1,0,0,0,734,0,0,Dec,20,Hot,Chennai,TANGEDCO,62.31
12783,3,0,1,0,0,1,0,0,0,0,0,0,0,494,0,0,Feb,0,Hot,Chennai,TANGEDCO,198.09
12784,4,2,1,0,0,0,0,0,0,0,0,1,0,616,0,0,Oct,19,Moderate,Bangalore,BESCOM,60.0
12785,5,3,3,1,0,0,0,0,0,1,0,0,0,1310,0,0,Jun,6,Hot,Chennai,TANGEDCO,437.74
12786,1,0,2,0,1,0,0,0,0,1,1,0,0,1152,0,0,Aug,0,Moderate,Mumbai,MSEDCL,301.38
12787,2,0,2,0,1,0,1,0,0,0,0,0,0,979,0,0,May,10,Hot,Chennai,TANGEDCO,253.02
12788,3,1,2,1,0,1,0,0,1,0,0,0,0,962,0,0,May,24,Hot,Kolkata,CESC,115.06
12789,8,1,5,1,1,1,1,0,0,1,1,1,0,2118,0,0,Apr,0,Hot,Chennai,TANGEDCO,933.95
12790,5,3,4,1,1,1,1,0,1,1,1,1,0,1924,0,1,Dec,9,Hot,Chennai,TANGEDCO,651.03
12791,5,3,2,0,1,1,1,0,1,1,0,0,1,1188,0,0,Jan,8,Moderate,Bangalore,BESCOM,440.45
12792,2,1,2,1,0,1,1,0,0,0,0,0,0,1027,0,0,May,13,Hot,Chennai,TANGEDCO,297.91
12793,2,0,2,1,0,0,1,0,0,0,1,0,0,944,0,0,May,9,Hot,Delhi,BSES Yamuna,353.13
12794,2,0,2,0,0,0,0,0,0,1,1,0,0,1107,0,0,Oct,13,Moderate,Mumbai,MSEDCL,93.73
12795,4,3,1,0,0,0,0,1,0,0,0,0,1,541,0,0,Jun,23,Hot,Delhi,BSES Yamuna,93.98
12796,2,1,3,1,0,1,0,0,0,0,0,0,0,1321,0,0,Apr,0,Hot,Delhi,BSES Yamuna,464.38
12797,4,2,3,1,1,1,1,0,0,1,0,0,0,1484,0,0,Jun,12,Hot,Kolkata,CESC,463.06
12798,7,2,4,1,0,1,1,0,0,0,1,0,0,1991,0,1,Apr,5,Moderate,Bangalore,BESCOM,478.76
12799,2,1,2,1,0,1,1,0,1,1,1,0,0,1025,0,0,Jan,0,Hot,Chennai,TANGEDCO,658.8
12800,4,2,4,1,0,1,1,1,0,0,1,1,0,1959,0,1,Jun,15,Hot,Kolkata,CESC,411.62
12801,6,1,3,1,1,1,0,0,1,0,0,1,0,1456,0,0,May,22,Moderate,Bangalore,BESCOM,179.85
12802,3,0,1,0,0,0,0,0,0,1,0,0,0,684,0,0,Apr,3,Hot,Chennai,TANGEDCO,201.27
12803,3,1,2,1,1,1,1,1,0,1,0,0,0,964,0,0,Apr,0,Hot,Chennai,TANGEDCO,806.05
12804,5,1,2,0,0,0,0,0,1,1,0,0,0,1020,0,0,May,23,Hot,Chennai,TANGEDCO,95.82
12805,4,0,2,0,1,0,0,0,0,1,0,0,0,868,0,0,Oct,7,Cold,Delhi,BSES Yamuna,293.39
12806,3,2,2,1,0,0,1,0,0,0,0,1,0,1108,0,0,Sep,0,Hot,Chennai,TANGEDCO,496.68
12807,6,5,3,0,1,1,0,0,1,0,0,0,0,1423,0,0,Jan,2,Moderate,Bangalore,BESCOM,380.64
12808,5,1,2,0,0,0,0,0,0,0,0,0,0,923,0,0,Aug,0,Hot,Kolkata,CESC,207.76
12809,5,4,5,1,0,1,0,0,1,0,1,0,0,2343,0,1,Feb,0,Hot,Delhi,BSES Yamuna,742.02
12810,4,2,1,0,0,0,1,0,0,0,1,1,0,738,0,0,Jun,13,Moderate,Bangalore,BESCOM,145.16
12811,8,3,5,1,1,1,1,0,0,1,1,0,0,2011,0,0,Sep,0,Moderate,Mumbai,MSEDCL,698.41
12812,1,0,2,0,0,0,0,1,0,1,0,0,0,851,0,0,May,24,Moderate,Bangalore,BESCOM,60.0
12813,3,2,3,0,0,1,1,1,0,0,0,0,0,1328,0,0,May,24,Moderate,Bangalore,BESCOM,60.0
12814,2,0,2,0,0,1,0,0,1,1,0,0,0,934,0,0,Nov,2,Hot,Kolkata,CESC,302.52
12815,3,0,1,0,0,0,0,0,0,0,0,0,0,544,0,0,Jan,6,Hot,Delhi,BSES Yamuna,149.42
12816,6,4,4,0,1,1,1,0,0,1,1,0,0,1726,0,0,Mar,0,Moderate,Bangalore,BESCOM,495.02
12817,3,0,2,0,1,0,1,0,0,1,0,1,0,1025,0,0,Oct,18,Hot,Delhi,BSES Yamuna,213.87
12818,2,1,3,0,1,1,0,0,0,0,1,1,0,1270,0,0,Oct,13,Hot,Kolkata,CESC,271.26
12819,3,2,3,1,0,1,0,0,0,0,0,1,1,1472,0,0,May,18,Hot,Kolkata,CESC,270.72
12820,2,0,2,0,1,0,0,1,0,1,0,0,0,986,1,0,Jun,18,Moderate,Mumbai,MSEDCL,266.92
12821,5,1,2,0,0,0,0,0,0,0,1,0,0,802,0,0,Apr,0,Hot,Chennai,TANGEDCO,231.99
12822,5,1,3,1,1,0,1,0,1,0,1,0,0,1484,0,0,Oct,16,Moderate,Mumbai,MSEDCL,257.33
12823,4,1,1,0,1,0,1,0,0,0,0,0,0,421,0,0,May,13,Moderate,Bangalore,BESCOM,164.29
12824,6,2,3,1,0,1,1,1,1,0,1,0,0,1365,0,0,Jun,18,Moderate,Mumbai,MSEDCL,217.6
12825,3,2,4,1,1,1,0,0,0,0,0,1,0,1909,0,1,Mar,0,Moderate,Mumbai,MSEDCL,566.24
12826,4,2,1,0,0,0,0,0,0,0,0,0,0,762,0,0,Jun,6,Hot,Chennai,TANGEDCO,162.16
12827,2,1,1,0,0,0,0,0,0,0,1,0,0,645,0,0,Jul,0,Moderate,Bangalore,BESCOM,166.09
12828,2,1,3,1,0,0,0,1,0,1,0,0,0,1433,0,1,May,19,Hot,Kolkata,CESC,206.44
12829,3,1,2,0,0,0,1,0,0,1,0,0,0,1124,0,0,Oct,9,Hot,Delhi,BSES Yamuna,201.54
12830,3,0,2,1,0,1,0,0,0,1,0,0,0,957,0,0,Apr,0,Hot,Kolkata,CESC,516.87
12831,1,0,1,1,0,0,0,0,0,0,0,0,0,550,0,0,Oct,6,Cold,Delhi,BSES Yamuna,230.75
12832,3,0,3,0,1,1,1,0,0,0,1,0,0,1412,0,0,Aug,0,Moderate,Bangalore,BESCOM,391.66
12833,3,0,1,1,0,1,0,0,1,0,0,0,0,775,0,0,Oct,8,Hot,Kolkata,CESC,411.48
12834,3,0,2,1,1,1,1,0,0,0,0,0,0,1017,0,0,Jul,0,Moderate,Mumbai,MSEDCL,492.45
12835,3,0,3,1,0,1,0,0,1,0,1,0,0,1445,0,0,May,16,Moderate,Mumbai,MSEDCL,216.9
12836,5,2,2,1,0,1,1,0,1,1,1,0,0,1102,0,0,May,5,Hot,Chennai,TANGEDCO,577.77
12837,4,1,2,1,1,1,1,0,0,0,1,0,0,1075,0,0,Aug,7,Hot,Chennai,TANGEDCO,551.29
12838,7,4,6,1,0,1,1,0,1,1,1,0,0,2550,1,1,May,13,Hot,Kolkata,CESC,688.63
12839,2,0,3,1,0,1,0,0,0,1,0,1,0,1395,0,0,Feb,2,Moderate,Bangalore,BESCOM,391.9
12840,6,4,4,0,1,0,1,0,1,0,0,0,0,1620,0,0,Apr,0,Moderate,Mumbai,MSEDCL,437.36
12841,5,0,2,1,0,1,0,0,1,0,1,1,0,1056,0,0,Sep,6,Moderate,Mumbai,MSEDCL,393.25
12842,4,1,3,0,1,1,1,0,1,1,1,0,0,1598,0,0,Sep,0,Moderate,Bangalore,BESCOM,490.42
12843,3,2,1,0,0,0,0,0,1,1,0,0,0,416,0,0,May,13,Hot,Chennai,TANGEDCO,175.79
12844,2,0,1,0,1,0,0,0,0,0,1,1,0,450,0,0,May,23,Hot,Chennai,TANGEDCO,65.85
12845,2,1,2,0,1,1,1,0,0,0,0,0,1,1069,0,1,Jun,18,Cold,Delhi,BSES Yamuna,225.72
12846,2,1,2,0,0,1,0,0,0,1,0,1,0,1114,0,0,May,22,Moderate,Mumbai,MSEDCL,76.71
12847,7,0,4,1,1,1,1,0,1,1,1,0,0,1682,0,1,Jun,8,Moderate,Bangalore,BESCOM,543.16
12848,1,0,2,0,0,1,0,0,0,1,1,1,0,1105,0,0,May,8,Moderate,Mumbai,MSEDCL,166.55
12849,5,4,3,0,0,0,0,0,0,0,0,0,0,1323,0,0,Mar,0,Hot,Delhi,BSES Yamuna,246.32
12850,4,0,3,0,1,1,0,0,0,0,1,1,0,1489,0,1,Apr,0,Moderate,Mumbai,MSEDCL,404.76
12851,2,0,3,0,0,0,1,0,1,0,0,1,0,1461,0,0,May,22,Moderate,Bangalore,BESCOM,63.77
12852,5,1,2,1,0,1,1,0,1,1,0,0,0,1164,0,0,Apr,5,Moderate,Mumbai,MSEDCL,447.97
12853,6,0,3,0,1,1,1,0,1,0,0,0,0,1248,0,0,Dec,18,Hot,Kolkata,CESC,233.06
12854,2,1,2,0,0,0,1,0,0,0,1,0,0,805,0,0,Jul,0,Hot,Chennai,TANGEDCO,243.24
12855,3,1,1,1,0,0,0,0,0,0,0,0,0,516,0,0,Apr,0,Hot,Kolkata,CESC,373.98
12856,5,2,6,1,1,0,1,0,0,1,1,1,0,2517,0,1,May,9,Hot,Delhi,BSES Yamuna,615.14
12857,2,0,1,1,1,0,1,0,0,0,0,0,0,662,0,0,May,12,Moderate,Mumbai,MSEDCL,292.15
12858,3,2,1,0,0,0,1,0,0,0,0,0,0,752,0,0,Jul,0,Hot,Kolkata,CESC,228.1
12859,5,0,4,1,0,1,1,0,1,0,1,0,0,1973,0,0,Oct,22,Hot,Kolkata,CESC,174.83
12860,4,2,2,0,0,0,0,0,0,0,0,0,0,928,0,0,May,9,Hot,Kolkata,CESC,157.49
12861,5,4,3,1,0,1,1,0,0,1,0,1,0,1596,0,0,May,18,Hot,Chennai,TANGEDCO,235.93
12862,2,1,2,0,0,1,1,0,1,1,0,0,0,970,0,0,May,14,Moderate,Mumbai,MSEDCL,197.78
12863,1,0,2,0,0,1,0,0,0,1,0,0,0,826,0,0,May,9,Hot,Chennai,TANGEDCO,172.93
12864,3,2,2,1,0,1,0,1,0,0,1,0,0,998,0,0,Jan,6,Hot,Delhi,BSES Yamuna,435.42
12865,4,3,2,0,0,1,1,0,0,1,0,1,0,1171,0,0,Jun,22,Hot,Delhi,BSES Yamuna,92.89
12866,4,1,2,0,0,1,1,0,0,1,0,0,0,1186,0,0,Dec,15,Hot,Delhi,BSES Yamuna,188.93
12867,2,0,3,1,0,1,0,0,0,1,0,0,0,1513,0,0,Sep,2,Hot,Delhi,BSES Yamuna,490.92
12868,3,0,3,1,1,1,1,0,0,0,1,0,0,1544,0,0,Oct,6,Moderate,Bangalore,BESCOM,471.02
12869,8,4,5,0,1,1,1,1,1,1,0,1,0,2096,0,1,Apr,6,Moderate,Mumbai,MSEDCL,553.03
12870,3,2,1,0,0,0,1,0,0,1,0,0,0,416,0,0,Jun,20,Moderate,Mumbai,MSEDCL,60.0
12871,4,3,3,1,1,0,1,0,0,1,0,1,0,1372,0,0,Oct,20,Hot,Chennai,TANGEDCO,249.67
12872,5,1,3,1,0,0,0,0,0,0,1,1,0,1300,0,0,Feb,0,Hot,Chennai,TANGEDCO,538.36
12873,8,0,5,1,0,1,1,0,1,1,0,0,0,2185,0,0,Oct,11,Hot,Chennai,TANGEDCO,483.79
12874,2,1,1,0,1,0,1,0,0,0,0,0,0,583,0,0,Feb,0,Hot,Delhi,BSES Yamuna,359.31
12875,2,1,3,0,0,1,1,0,0,1,1,1,0,1414,0,0,Dec,17,Moderate,Bangalore,BESCOM,106.42
12876,4,0,4,1,1,1,1,0,1,1,1,0,0,1850,0,0,Feb,4,Hot,Delhi,BSES Yamuna,793.88
12877,3,0,2,0,0,1,1,0,1,1,1,0,1,1015,0,0,May,18,Cold,Delhi,BSES Yamuna,202.29
12878,3,1,4,0,0,1,1,1,0,0,0,0,0,1628,0,0,Feb,0,Moderate,Mumbai,MSEDCL,309.14
12879,2,1,1,0,0,0,1,0,0,0,0,0,0,501,0,1,Feb,0,Hot,Delhi,BSES Yamuna,230.84
12880,2,0,3,0,0,0,0,0,0,1,0,0,0,1322,0,0,Oct,10,Hot,Kolkata,CESC,146.29
12881,7,1,5,0,1,1,1,0,1,1,0,1,0,2053,0,1,Feb,0,Moderate,Mumbai,MSEDCL,587.41
12882,5,1,3,1,0,1,0,0,1,1,0,0,0,1482,0,0,Sep,0,Hot,Chennai,TANGEDCO,642.94
12883,5,4,2,1,1,1,1,0,0,1,0,0,1,901,0,0,Nov,5,Moderate,Mumbai,MSEDCL,618.74
12884,1,0,1,0,0,0,1,0,0,0,0,1,0,516,0,0,Nov,0,Hot,Kolkata,CESC,168.62
12885,7,5,5,0,0,1,1,1,0,1,1,1,0,2103,0,1,Oct,16,Hot,Kolkata,CESC,301.62
12886,2,0,2,1,0,0,0,0,0,0,1,0,0,844,0,0,Dec,10,Hot,Chennai,TANGEDCO,326.81
12887,4,2,1,0,0,0,1,0,0,1,0,0,0,513,0,0,Feb,0,Cold,Delhi,BSES Yamuna,247.78
12888,6,3,3,0,1,0,1,0,0,1,1,1,1,1542,0,0,Dec,13,Cold,Delhi,BSES Yamuna,380.69
12889,3,2,2,1,0,1,0,0,0,0,0,0,0,830,0,0,Jan,9,Hot,Chennai,TANGEDCO,320.28
12890,1,0,1,0,0,0,0,0,0,0,0,0,0,563,0,0,Apr,8,Hot,Chennai,TANGEDCO,80.13
12891,4,3,2,0,1,1,0,0,0,0,1,0,0,988,0,0,Feb,0,Moderate,Mumbai,MSEDCL,355.51
12892,3,2,1,0,0,0,0,0,0,1,1,0,0,692,0,0,Aug,0,Moderate,Bangalore,BESCOM,202.18
12893,3,1,3,0,0,0,1,1,1,1,1,0,0,1394,0,0,Feb,0,Moderate,Bangalore,BESCOM,364.48
12894,2,1,3,1,1,0,1,0,0,0,0,0,0,1491,0,0,May,9,Moderate,Bangalore,BESCOM,351.95
12895,3,2,3,1,0,1,1,0,0,0,0,0,0,1574,0,0,Jun,17,Hot,Kolkata,CESC,240.16
12896,7,5,4,1,0,1,1,0,1,0,1,0,0,1860,0,0,May,23,Hot,Chennai,TANGEDCO,190.15
12897,6,1,4,1,0,1,0,0,0,1,0,1,0,1806,0,0,Mar,0,Hot,Delhi,BSES Yamuna,630.12
12898,5,0,3,1,0,1,0,0,0,1,1,0,0,1251,0,0,Jun,19,Moderate,Mumbai,MSEDCL,163.78
12899,1,0,1,0,0,1,0,0,0,0,1,0,0,448,0,0,May,12,Cold,Delhi,BSES Yamuna,82.3
12900,3,1,3,0,1,1,1,0,1,0,0,1,0,1205,0,0,Jun,12,Hot,Kolkata,CESC,307.31
12901,1,0,2,1,0,1,1,1,1,0,0,0,0,1178,0,0,Jun,17,Hot,Kolkata,CESC,257.09
12902,3,1,3,1,0,0,1,0,0,0,0,1,1,1593,0,0,Dec,9,Moderate,Bangalore,BESCOM,392.11
12903,2,0,3,1,0,1,1,1,0,0,1,1,0,1573,0,1,Oct,17,Hot,Kolkata,CESC,333.79
12904,5,1,2,0,1,1,0,0,1,1,0,0,0,1023,0,0,Jan,5,Hot,Delhi,BSES Yamuna,450.56
12905,5,0,4,1,0,1,1,0,1,0,0,0,0,1622,0,0,Apr,0,Hot,Delhi,BSES Yamuna,672.2
12906,1,0,1,0,0,0,0,0,0,0,0,0,0,544,0,0,Nov,0,Hot,Kolkata,CESC,113.83
12907,5,1,3,1,0,0,0,0,0,0,0,0,0,1309,0,0,Jun,15,Hot,Chennai,TANGEDCO,225.29
12908,4,3,1,0,1,1,1,0,1,0,0,0,0,611,0,0,Sep,0,Moderate,Mumbai,MSEDCL,381.82
12909,7,5,5,1,1,0,1,0,0,1,0,0,1,2299,0,1,Jun,21,Moderate,Mumbai,MSEDCL,249.05
12910,2,0,1,0,0,0,1,0,0,1,0,0,0,440,0,0,Sep,5,Moderate,Mumbai,MSEDCL,177.67
12911,4,0,1,0,1,1,0,0,1,1,0,0,1,798,0,0,Mar,7,Moderate,Mumbai,MSEDCL,425.19
12912,2,1,2,0,0,1,1,0,0,0,0,1,0,971,0,0,Aug,0,Hot,Kolkata,CESC,293.51
12913,2,1,2,0,0,0,1,0,1,0,0,0,0,985,0,0,Oct,11,Moderate,Bangalore,BESCOM,117.8
12914,2,0,2,1,0,1,0,0,0,1,0,0,0,1013,0,1,May,23,Hot,Chennai,TANGEDCO,132.06
12915,5,1,3,1,0,0,1,0,1,1,1,1,0,1505,0,0,May,23,Moderate,Mumbai,MSEDCL,144.44
12916,1,0,2,0,1,1,0,0,0,0,0,0,0,851,0,0,Jun,5,Moderate,Bangalore,BESCOM,208.58
12917,2,0,1,0,0,0,1,0,0,1,1,0,0,469,0,0,Oct,12,Moderate,Bangalore,BESCOM,136.97
12918,4,0,2,1,0,0,0,0,1,0,0,0,0,995,0,0,Nov,0,Hot,Chennai,TANGEDCO,518.29
12919,3,1,4,1,0,1,0,0,0,0,1,0,0,1750,0,1,Jun,21,Hot,Delhi,BSES Yamuna,170.74
12920,3,0,3,1,1,1,0,0,1,0,1,0,0,1308,0,0,Jul,0,Moderate,Mumbai,MSEDCL,560.81
12921,4,2,3,0,0,1,0,0,0,0,1,1,0,1317,0,0,Oct,20,Moderate,Mumbai,MSEDCL,67.83
12922,3,0,3,1,1,1,1,0,1,0,0,0,0,1564,0,1,Apr,6,Moderate,Bangalore,BESCOM,516.99
12923,5,4,2,1,1,0,0,1,1,0,0,0,1,894,0,0,Oct,16,Hot,Chennai,TANGEDCO,457.8
12924,1,0,1,0,0,0,1,0,1,0,0,0,0,655,0,0,May,22,Hot,Kolkata,CESC,83.33
12925,3,0,2,0,0,1,0,0,0,0,0,0,0,843,0,0,Jun,16,Moderate,Mumbai,MSEDCL,80.55
12926,4,1,4,1,1,1,1,0,1,0,1,1,0,1666,0,1,Nov,4,Hot,Chennai,TANGEDCO,781.58
12927,8,2,6,1,1,1,1,0,1,1,0,1,0,2555,0,1,Jun,12,Hot,Chennai,TANGEDCO,644.39
12928,3,0,2,1,0,1,1,0,0,0,0,1,0,1122,0,0,Feb,3,Hot,Chennai,TANGEDCO,505.53
12929,4,1,1,0,1,0,1,0,0,0,0,0,1,605,0,0,Oct,19,Moderate,Bangalore,BESCOM,167.55
12930,1,0,1,1,0,1,1,0,0,1,0,0,0,673,0,0,Jun,6,Moderate,Mumbai,MSEDCL,331.21
12931,5,3,2,0,1,0,0,1,0,0,0,0,1,954,0,0,Feb,6,Cold,Delhi,BSES Yamuna,468.11
12932,5,2,3,1,1,1,1,0,1,0,1,1,0,1378,0,0,Jan,0,Moderate,Bangalore,BESCOM,697.59
12933,4,3,1,0,1,0,0,0,0,0,0,0,0,459,0,0,May,16,Hot,Kolkata,CESC,137.27
12934,6,4,5,1,0,1,1,1,0,1,1,1,0,2073,0,0,Mar,0,Hot,Delhi,BSES Yamuna,842.19
12935,2,1,2,1,0,1,0,0,0,1,0,0,0,848,0,0,Jun,21,Moderate,Bangalore,BESCOM,119.33
12936,3,0,4,1,0,1,1,1,1,1,0,0,0,1870,0,0,Jun,24,Hot,Kolkata,CESC,158.97
12937,6,4,3,0,1,1,1,0,0,1,1,0,1,1272,0,0,Oct,23,Moderate,Bangalore,BESCOM,167.78
12938,3,2,3,1,0,1,1,1,0,0,1,0,0,1395,0,0,Jun,10,Hot,Delhi,BSES Yamuna,443.68
12939,6,2,3,1,1,1,0,0,1,1,1,0,0,1598,0,0,May,8,Hot,Chennai,TANGEDCO,674.06
12940,2,0,3,1,0,1,1,0,0,1,1,0,0,1378,0,0,Feb,9,Hot,Kolkata,CESC,441.18
12941,4,0,3,1,1,1,1,0,0,0,0,0,0,1247,0,0,Jan,0,Moderate,Mumbai,MSEDCL,523.96
12942,6,2,3,1,1,0,0,0,0,0,0,0,0,1271,0,0,Nov,0,Moderate,Bangalore,BESCOM,510.93
12943,2,0,3,0,0,1,0,0,0,0,1,0,0,1312,0,0,Mar,0,Moderate,Mumbai,MSEDCL,193.73
12944,5,3,6,1,1,1,0,1,1,1,1,0,0,2644,0,1,May,15,Moderate,Bangalore,BESCOM,418.03
12945,3,1,3,0,0,1,0,0,0,0,0,0,0,1584,0,0,Sep,0,Moderate,Bangalore,BESCOM,203.83
12946,6,1,3,0,0,1,0,0,0,1,1,0,0,1590,0,0,Nov,6,Hot,Kolkata,CESC,316.39
12947,4,0,4,1,1,1,0,0,0,1,1,0,1,1908,0,0,Apr,0,Cold,Delhi,BSES Yamuna,829.19
12948,2,0,2,1,0,1,0,0,1,0,0,0,0,958,0,0,Apr,0,Hot,Delhi,BSES Yamuna,499.56
12949,1,0,1,1,0,1,0,0,0,0,1,1,0,673,0,0,Apr,3,Moderate,Mumbai,MSEDCL,301.08
12950,4,3,2,0,0,1,0,0,0,1,1,1,0,1067,0,0,Apr,0,Hot,Chennai,TANGEDCO,344.64
12951,6,2,3,1,1,1,1,0,0,0,1,0,0,1503,0,0,May,13,Hot,Chennai,TANGEDCO,466.11
12952,5,2,4,1,0,0,1,0,0,1,1,0,0,1629,0,0,Jun,10,Moderate,Bangalore,BESCOM,326.28
12953,2,0,2,0,0,0,1,0,0,0,1,0,0,896,0,0,Aug,0,Moderate,Bangalore,BESCOM,211.48
12954,5,2,3,1,0,1,0,0,1,0,1,1,0,1450,0,0,May,18,Hot,Delhi,BSES Yamuna,231.38
12955,3,0,3,1,1,1,1,0,1,0,0,1,0,1206,0,0,Jun,22,Hot,Chennai,TANGEDCO,205.17
12956,4,2,1,0,0,0,1,0,1,0,0,0,0,491,0,0,Jan,0,Moderate,Bangalore,BESCOM,250.83
12957,5,1,3,1,0,0,1,0,0,0,0,0,0,1312,0,0,Oct,13,Moderate,Bangalore,BESCOM,246.58
12958,5,3,4,1,1,1,1,0,0,1,1,1,0,1858,0,1,Oct,11,Hot,Chennai,TANGEDCO,592.38
12959,4,3,2,0,1,0,0,1,0,0,1,0,0,906,0,0,Jun,24,Moderate,Mumbai,MSEDCL,80.55
12960,4,3,3,1,1,1,1,0,0,1,0,1,0,1262,0,0,Apr,0,Hot,Chennai,TANGEDCO,771.63
12961,2,1,3,1,1,1,1,1,0,1,1,0,0,1589,0,0,Dec,14,Hot,Kolkata,CESC,464.84
12962,2,0,2,0,1,0,0,0,1,0,0,1,0,1157,0,0,Oct,8,Moderate,Mumbai,MSEDCL,256.59
12963,3,2,1,0,0,0,0,0,0,0,0,1,0,670,0,0,Jan,0,Moderate,Mumbai,MSEDCL,134.47
12964,6,2,6,1,1,1,1,0,1,1,1,0,0,2598,0,0,May,24,Hot,Chennai,TANGEDCO,181.14
12965,2,0,2,1,0,1,1,0,0,1,1,1,0,1146,0,0,Mar,0,Hot,Chennai,TANGEDCO,632.85
12966,5,1,2,0,1,0,0,0,0,0,0,0,0,1136,0,0,Mar,0,Moderate,Bangalore,BESCOM,304.85
12967,1,0,2,0,0,1,0,0,0,1,0,1,0,945,0,0,Jan,0,Moderate,Bangalore,BESCOM,188.88
12968,6,4,3,0,0,1,1,0,1,0,0,0,1,1260,0,0,Jul,7,Cold,Delhi,BSES Yamuna,430.86
12969,6,1,3,0,0,0,1,0,0,1,0,0,0,1319,0,0,May,5,Hot,Chennai,TANGEDCO,309.01
12970,5,1,3,0,1,0,0,1,0,0,1,0,1,1260,0,0,May,18,Cold,Delhi,BSES Yamuna,250.13
12971,2,1,1,1,0,1,1,0,0,0,0,0,1,708,0,0,Jan,0,Moderate,Mumbai,MSEDCL,491.37
12972,6,3,4,1,0,0,0,0,0,1,1,0,0,1625,0,1,Jan,3,Hot,Kolkata,CESC,584.68
12973,5,1,2,1,1,1,0,0,0,0,1,0,0,914,0,0,Sep,0,Moderate,Bangalore,BESCOM,516.22
12974,4,2,2,0,1,1,1,0,1,0,0,0,0,839,0,0,Jul,5,Moderate,Bangalore,BESCOM,339.81
12975,2,1,2,0,0,1,1,0,0,1,0,0,0,1143,1,0,May,22,Moderate,Mumbai,MSEDCL,153.19
12976,4,2,2,1,0,0,0,0,0,1,0,0,0,915,0,0,Feb,0,Hot,Kolkata,CESC,507.29
12977,7,5,4,1,0,1,1,0,0,1,1,1,0,1735,0,0,Sep,5,Hot,Chennai,TANGEDCO,628.72
12978,7,4,5,1,0,1,1,0,0,1,1,0,0,2276,0,0,Nov,0,Hot,Kolkata,CESC,776.52
12979,4,3,2,0,0,1,1,0,0,1,0,1,0,1098,0,0,Jun,21,Moderate,Bangalore,BESCOM,128.15
12980,5,4,4,1,0,0,1,0,0,1,0,0,0,1620,0,0,Mar,0,Hot,Chennai,TANGEDCO,610.88
12981,4,3,3,0,1,1,0,1,1,0,1,1,1,1586,0,0,Jul,9,Cold,Delhi,BSES Yamuna,494.19
12982,8,5,5,1,0,1,1,0,1,0,1,0,1,2030,0,0,Feb,0,Moderate,Mumbai,MSEDCL,735.58
12983,2,0,2,0,0,0,0,0,0,0,1,0,0,1046,0,0,Apr,8,Moderate,Bangalore,BESCOM,121.34
12984,2,1,3,0,1,1,0,0,1,1,0,0,0,1226,0,0,May,21,Hot,Chennai,TANGEDCO,141.43
12985,1,0,2,0,0,0,1,0,0,1,0,0,0,872,0,0,Apr,0,Cold,Delhi,BSES Yamuna,202.69
12986,7,2,4,1,1,0,1,0,1,1,1,1,0,1696,0,0,Nov,6,Hot,Chennai,TANGEDCO,720.43
12987,2,1,1,0,0,1,1,0,0,0,0,0,0,560,0,0,Oct,8,Hot,Kolkata,CESC,159.8
12988,3,1,3,1,0,1,1,0,0,1,0,0,0,1545,0,1,May,15,Hot,Delhi,BSES Yamuna,310.12
12989,2,0,2,1,1,1,1,0,1,1,0,0,0,1099,0,0,Dec,7,Moderate,Bangalore,BESCOM,478.91
12990,3,2,2,1,0,1,1,0,0,0,1,0,0,1098,0,0,May,23,Hot,Chennai,TANGEDCO,127.47
12991,6,3,3,1,0,1,0,0,0,0,0,1,0,1486,0,0,Jun,6,Hot,Kolkata,CESC,448.9
12992,3,2,4,1,1,1,1,1,0,1,0,1,0,1972,0,0,Jun,17,Hot,Chennai,TANGEDCO,413.56
12993,3,1,3,0,1,1,1,1,1,0,0,0,1,1411,0,0,Jun,17,Cold,Delhi,BSES Yamuna,307.01
12994,7,0,4,1,1,1,1,0,0,0,1,0,0,1675,0,0,Apr,0,Moderate,Mumbai,MSEDCL,625.12
12995,1,0,2,0,0,1,1,0,0,1,1,0,0,942,0,0,Nov,5,Hot,Kolkata,CESC,278.29
12996,4,1,3,0,0,0,1,0,0,0,1,1,0,1233,0,0,May,20,Hot,Chennai,TANGEDCO,132.22
12997,4,2,2,0,0,0,0,0,0,1,0,1,0,1135,0,0,Jul,0,Hot,Kolkata,CESC,286.51
12998,4,1,1,1,0,0,0,0,0,1,0,0,0,403,0,0,Sep,0,Moderate,Mumbai,MSEDCL,353.15
12999,2,1,3,1,1,1,1,0,1,0,0,0,0,1527,0,0,Oct,16,Moderate,Mumbai,MSEDCL,244.67
13000,2,0,3,1,0,0,1,0,1,1,0,1,0,1297,0,0,May,5,Hot,Chennai,TANGEDCO,527.74
13001,2,1,3,1,1,1,1,0,0,0,1,0,0,1565,0,1,Aug,0,Moderate,Bangalore,BESCOM,617.9
13002,5,0,3,0,0,1,0,0,0,0,0,0,0,1416,0,0,Feb,0,Moderate,Bangalore,BESCOM,245.12
13003,3,2,3,1,0,0,1,0,0,0,1,0,1,1227,0,0,Sep,5,Moderate,Mumbai,MSEDCL,461.94
13004,2,1,1,0,0,1,0,0,0,0,0,1,0,600,0,0,Sep,6,Moderate,Bangalore,BESCOM,116.59
13005,3,2,1,0,0,0,1,0,0,0,0,0,0,785,0,0,May,22,Hot,Delhi,BSES Yamuna,67.17
13006,5,3,3,0,0,1,1,0,0,1,0,0,0,1472,0,0,May,10,Hot,Chennai,TANGEDCO,295.92
13007,1,0,2,1,1,1,1,0,1,0,0,0,0,1113,0,0,May,24,Hot,Chennai,TANGEDCO,138.08
13008,2,1,1,0,0,0,0,0,0,0,0,0,0,526,0,0,Feb,6,Hot,Kolkata,CESC,111.46
13009,3,2,2,0,1,0,0,1,0,0,0,0,0,1001,0,0,Jun,17,Moderate,Bangalore,BESCOM,126.17
13010,2,0,3,1,0,0,0,1,0,1,0,0,0,1208,0,0,Nov,6,Hot,Kolkata,CESC,427.23
13011,3,1,2,1,0,0,0,0,0,1,1,0,0,1086,0,0,Jul,2,Hot,Delhi,BSES Yamuna,473.97
13012,6,5,3,1,0,1,1,0,0,0,1,0,0,1287,0,0,Jun,11,Moderate,Mumbai,MSEDCL,301.83
13013,4,3,3,0,0,1,0,0,0,0,0,0,0,1517,0,0,Dec,8,Moderate,Mumbai,MSEDCL,147.3
13014,1,0,2,0,0,0,0,0,1,0,0,0,0,818,0,1,Jun,18,Moderate,Mumbai,MSEDCL,63.97
13015,5,4,3,0,0,0,0,0,0,1,0,0,0,1280,0,0,May,19,Moderate,Bangalore,BESCOM,102.3
13016,2,0,3,0,0,0,1,0,1,1,0,1,0,1306,0,0,Aug,0,Moderate,Mumbai,MSEDCL,308.83
13017,2,1,3,0,0,1,1,1,0,1,1,1,0,1510,0,0,Jun,22,Moderate,Bangalore,BESCOM,114.38
13018,6,4,3,0,0,1,0,1,0,1,0,0,1,1429,0,0,Dec,5,Hot,Delhi,BSES Yamuna,544.28
13019,3,0,1,0,0,0,0,0,0,0,1,0,0,511,0,0,Oct,13,Hot,Kolkata,CESC,121.86
13020,3,1,3,1,1,1,0,0,0,0,0,1,0,1419,0,0,Nov,0,Moderate,Bangalore,BESCOM,527.9
13021,1,0,2,1,0,1,1,0,0,1,0,1,0,922,0,0,Jan,8,Moderate,Mumbai,MSEDCL,336.94
13022,8,3,5,1,0,0,1,1,1,0,1,0,0,2243,0,1,May,18,Hot,Delhi,BSES Yamuna,382.44
13023,6,5,4,1,1,1,1,0,1,0,1,0,0,1777,0,0,Jun,22,Moderate,Bangalore,BESCOM,187.12
13024,6,3,3,1,0,1,0,1,1,1,0,0,0,1264,0,0,May,8,Moderate,Mumbai,MSEDCL,430.52
13025,5,3,2,0,0,1,0,0,0,1,0,0,0,1179,0,0,Jul,0,Hot,Kolkata,CESC,305.12
13026,3,1,2,1,0,0,1,0,1,1,0,1,0,802,0,1,Aug,2,Moderate,Mumbai,MSEDCL,464.92
13027,2,0,2,1,0,1,0,0,0,0,0,1,0,1006,0,0,Jun,19,Hot,Chennai,TANGEDCO,188.18
13028,2,1,2,0,1,0,1,0,1,1,0,0,0,1193,0,0,May,9,Moderate,Bangalore,BESCOM,246.96
13029,4,3,2,0,1,1,0,0,0,1,1,0,0,820,0,0,Jul,0,Moderate,Bangalore,BESCOM,388.16
13030,6,1,3,0,1,1,0,0,0,1,1,0,0,1492,0,0,Sep,0,Moderate,Bangalore,BESCOM,404.11
13031,4,1,2,1,0,0,0,0,0,1,1,1,0,814,0,0,Jul,3,Hot,Kolkata,CESC,512.69
13032,7,0,5,1,1,1,1,0,1,1,0,1,1,2342,0,0,Oct,9,Cold,Delhi,BSES Yamuna,729.38
13033,2,1,1,0,0,0,0,0,0,0,0,1,0,605,0,0,Nov,0,Moderate,Bangalore,BESCOM,102.69
13034,5,1,5,1,1,1,1,0,0,0,1,0,0,2201,0,1,Mar,0,Hot,Kolkata,CESC,874.57
13035,4,3,4,0,1,1,1,0,1,0,0,0,0,1719,0,0,Nov,0,Moderate,Mumbai,MSEDCL,442.46
13036,2,1,3,0,1,1,0,0,0,1,1,0,0,1336,0,0,May,11,Moderate,Mumbai,MSEDCL,246.02
13037,6,4,3,0,1,1,1,1,0,0,0,1,1,1499,0,1,Jun,10,Cold,Delhi,BSES Yamuna,490.63
13038,4,2,2,1,0,0,0,0,0,1,0,0,0,1094,0,0,Nov,0,Hot,Chennai,TANGEDCO,498.64
13039,6,5,3,0,0,0,1,0,1,1,1,1,0,1588,0,0,Jun,21,Hot,Kolkata,CESC,169.92
13040,4,1,2,0,0,1,1,0,1,0,0,1,1,824,0,0,Feb,0,Hot,Delhi,BSES Yamuna,598.61
13041,4,0,2,0,0,0,1,0,0,0,0,0,0,1111,0,0,May,22,Hot,Kolkata,CESC,60.0
13042,5,2,3,1,1,1,1,0,0,1,0,0,0,1433,0,0,Oct,23,Hot,Chennai,TANGEDCO,201.81
13043,4,2,2,1,0,1,0,0,0,0,1,0,0,920,0,0,May,22,Hot,Kolkata,CESC,146.56
13044,4,3,3,1,1,0,1,0,0,1,1,0,0,1289,0,0,Oct,21,Hot,Delhi,BSES Yamuna,225.12
13045,3,1,2,0,0,1,1,0,1,0,1,0,0,1119,0,0,Sep,0,Moderate,Bangalore,BESCOM,278.05
13046,1,0,2,1,0,1,1,1,0,1,0,0,0,999,0,0,Nov,0,Moderate,Bangalore,BESCOM,463.86
13047,2,0,1,0,0,1,0,0,0,0,1,0,0,579,0,0,May,21,Hot,Delhi,BSES Yamuna,70.02
13048,3,2,1,0,0,0,0,0,1,0,0,0,0,744,0,0,May,14,Moderate,Mumbai,MSEDCL,65.66
13049,4,1,2,1,1,0,0,0,0,1,1,0,0,1167,0,0,May,11,Moderate,Mumbai,MSEDCL,350.95
13050,1,0,1,1,0,0,0,0,0,0,0,0,0,475,0,0,Jun,9,Moderate,Mumbai,MSEDCL,184.92
13051,3,0,1,1,0,0,0,0,0,0,1,0,0,536,0,0,Jan,0,Moderate,Mumbai,MSEDCL,356.84
13052,5,3,4,0,1,1,1,0,1,1,1,1,1,1737,0,0,Apr,6,Cold,Delhi,BSES Yamuna,613.56
13053,2,1,1,0,0,1,0,0,0,0,0,0,0,409,0,0,Dec,16,Moderate,Mumbai,MSEDCL,60.0
13054,2,1,3,1,1,1,0,0,0,0,0,0,0,1400,0,0,Jun,7,Moderate,Mumbai,MSEDCL,380.94
13055,2,0,2,0,0,0,1,1,0,1,0,0,0,1117,0,0,Apr,0,Moderate,Bangalore,BESCOM,283.74
13056,6,5,4,1,0,1,1,1,0,1,1,1,1,1945,0,0,Jun,8,Hot,Chennai,TANGEDCO,749.51
13057,2,0,2,1,0,0,0,0,0,1,0,0,0,1018,0,0,Jul,0,Moderate,Bangalore,BESCOM,379.19
13058,4,3,2,0,1,0,0,0,0,0,0,0,0,859,0,0,Jun,12,Hot,Kolkata,CESC,198.92
13059,4,2,3,0,0,0,0,0,1,0,1,0,0,1346,0,0,Jun,6,Hot,Kolkata,CESC,279.96
13060,3,2,2,0,0,0,1,0,0,0,0,0,0,906,0,0,Jul,0,Hot,Chennai,TANGEDCO,240.92
13061,5,0,3,1,1,1,1,0,0,0,0,0,0,1237,0,0,Apr,4,Moderate,Mumbai,MSEDCL,493.61
13062,1,0,1,1,0,0,1,0,0,0,0,0,0,533,0,0,May,9,Hot,Kolkata,CESC,303.28
13063,7,4,6,1,1,1,1,0,1,1,1,0,1,2798,0,1,Sep,0,Cold,Delhi,BSES Yamuna,1037.92
13064,5,0,2,0,0,0,1,0,0,0,0,0,0,1020,0,0,Jun,12,Moderate,Bangalore,BESCOM,135.83
13065,4,1,2,0,0,1,0,0,1,0,1,0,0,1102,0,0,Nov,5,Moderate,Bangalore,BESCOM,228.36
13066,5,4,3,0,0,0,1,0,1,1,1,0,0,1332,0,0,May,21,Moderate,Mumbai,MSEDCL,100.7
13067,3,1,2,1,0,1,1,0,0,1,1,0,0,1133,0,0,Mar,3,Hot,Kolkata,CESC,539.12
13068,7,2,4,1,0,1,1,0,0,1,0,0,0,1652,0,0,Jan,0,Hot,Chennai,TANGEDCO,696.0
13069,4,2,2,0,0,1,0,0,0,1,0,1,0,861,0,0,May,12,Moderate,Mumbai,MSEDCL,159.24
13070,4,2,3,0,0,1,0,1,1,0,0,0,0,1222,0,0,May,16,Moderate,Bangalore,BESCOM,169.32
13071,4,2,1,0,0,0,1,0,0,0,0,0,0,443,0,0,May,21,Moderate,Bangalore,BESCOM,69.09
13072,6,3,4,1,1,1,1,0,1,0,0,1,0,1907,0,0,Jun,6,Moderate,Bangalore,BESCOM,540.49
13073,3,0,3,1,1,1,1,0,0,0,1,0,0,1245,0,0,May,7,Moderate,Mumbai,MSEDCL,443.05
13074,2,1,2,0,1,0,1,1,0,0,0,0,0,946,0,0,Apr,0,Moderate,Mumbai,MSEDCL,344.92
13075,3,0,1,1,0,0,1,0,0,0,1,0,0,615,0,0,Jun,6,Hot,Delhi,BSES Yamuna,365.39
13076,4,2,2,1,0,0,0,0,0,0,1,0,0,1139,0,0,Nov,5,Hot,Chennai,TANGEDCO,424.99
13077,6,0,5,1,0,1,1,0,0,1,0,0,0,2046,0,1,Apr,5,Hot,Chennai,TANGEDCO,595.77
13078,1,0,2,0,0,1,0,0,0,0,1,1,0,1146,0,0,Apr,0,Hot,Kolkata,CESC,244.2
13079,3,0,2,1,0,1,0,0,1,1,0,1,0,1107,0,0,Jun,18,Hot,Kolkata,CESC,245.08
13080,3,2,1,0,0,0,0,0,0,1,0,0,0,423,1,0,Mar,0,Hot,Chennai,TANGEDCO,526.01
13081,2,0,2,0,1,0,0,0,0,0,0,1,0,944,0,0,May,6,Moderate,Bangalore,BESCOM,183.67
13082,3,2,3,0,0,1,1,0,0,1,0,0,0,1288,0,0,Dec,14,Hot,Chennai,TANGEDCO,181.83
13083,7,2,5,0,1,1,1,0,1,1,1,1,0,2173,0,1,Oct,11,Moderate,Mumbai,MSEDCL,407.69
13084,4,2,3,1,0,1,1,0,1,0,0,1,0,1263,0,0,Aug,5,Hot,Delhi,BSES Yamuna,545.87
13085,5,2,4,1,1,1,0,0,1,0,1,0,0,1718,0,0,Jan,0,Moderate,Bangalore,BESCOM,624.6
13086,5,4,3,0,1,1,0,0,1,1,0,1,0,1422,0,0,May,8,Moderate,Bangalore,BESCOM,303.11
13087,1,0,1,1,0,0,0,0,0,1,1,0,0,555,0,0,Jun,5,Hot,Delhi,BSES Yamuna,344.02
13088,4,0,2,0,0,1,1,0,0,0,1,0,0,977,0,1,Aug,8,Hot,Kolkata,CESC,283.86
13089,3,1,3,1,0,1,0,1,1,0,1,0,0,1519,0,0,Jul,0,Hot,Delhi,BSES Yamuna,702.14
13090,5,0,5,1,1,1,1,0,0,1,0,0,0,2341,0,0,Apr,3,Moderate,Mumbai,MSEDCL,589.07
13091,5,4,4,1,1,1,0,1,1,1,1,0,1,1655,0,0,May,15,Cold,Delhi,BSES Yamuna,477.77
13092,2,1,2,0,0,1,0,0,0,1,0,0,0,858,0,0,Apr,0,Hot,Chennai,TANGEDCO,254.76
13093,4,1,2,0,0,1,0,0,0,0,0,1,0,1188,0,0,Nov,0,Moderate,Mumbai,MSEDCL,232.82
13094,3,0,2,0,0,1,1,0,1,0,0,0,0,1180,0,0,Jun,18,Hot,Chennai,TANGEDCO,131.0
13095,7,1,5,1,0,1,1,0,1,1,1,1,0,2219,0,1,May,20,Hot,Kolkata,CESC,327.7
13096,6,3,4,0,0,0,0,0,0,1,1,1,0,1784,0,0,Nov,0,Moderate,Bangalore,BESCOM,335.92
13097,4,0,3,1,0,0,1,0,0,1,0,1,0,1246,0,0,Nov,2,Hot,Chennai,TANGEDCO,566.48
13098,5,3,2,1,0,1,1,0,1,0,1,0,0,1176,0,0,Jun,8,Hot,Kolkata,CESC,482.81
13099,3,0,3,0,0,1,1,1,1,0,0,0,0,1301,0,0,Jul,8,Hot,Kolkata,CESC,337.45
13100,1,0,2,1,0,0,1,0,0,1,0,0,0,843,0,0,May,16,Hot,Delhi,BSES Yamuna,233.42
13101,1,0,2,1,0,1,0,0,0,0,0,1,0,814,0,0,May,20,Hot,Kolkata,CESC,134.13
13102,2,1,3,0,1,1,0,0,0,1,1,1,0,1435,0,0,Jun,5,Moderate,Bangalore,BESCOM,306.21
13103,2,1,1,0,1,0,0,1,1,0,0,0,0,760,0,0,Oct,9,Hot,Chennai,TANGEDCO,323.46
13104,1,0,1,0,0,0,1,0,0,0,0,1,0,450,0,0,Jun,10,Hot,Delhi,BSES Yamuna,129.16
13105,6,5,4,1,0,1,1,0,1,1,1,0,0,1908,0,0,May,19,Moderate,Mumbai,MSEDCL,238.39
13106,4,2,3,1,0,0,0,0,0,0,1,1,0,1233,0,0,Jul,0,Hot,Delhi,BSES Yamuna,496.39
13107,5,2,2,1,0,0,0,1,0,0,1,0,0,923,0,0,Oct,19,Moderate,Bangalore,BESCOM,164.22
13108,2,0,3,1,0,1,0,0,1,1,1,0,1,1276,0,0,Sep,5,Hot,Kolkata,CESC,689.94
13109,2,1,2,0,0,0,0,0,0,1,0,0,0,1191,0,0,May,15,Hot,Delhi,BSES Yamuna,124.64
13110,3,2,3,1,1,1,1,0,0,1,0,1,0,1322,0,0,Nov,0,Moderate,Bangalore,BESCOM,616.12
13111,4,2,3,0,1,1,1,0,0,1,0,0,0,1404,0,0,Jan,0,Moderate,Bangalore,BESCOM,432.78
13112,5,4,3,0,0,1,1,0,0,1,0,0,0,1427,0,0,May,23,Moderate,Mumbai,MSEDCL,71.89
13113,6,3,3,0,1,1,1,0,1,0,1,0,0,1269,0,0,Nov,0,Moderate,Bangalore,BESCOM,467.64
13114,5,1,2,1,0,1,0,0,0,0,0,1,0,1029,0,0,Jul,0,Hot,Kolkata,CESC,546.3
13115,5,4,2,0,0,0,0,0,0,0,0,0,0,820,0,0,Aug,4,Hot,Kolkata,CESC,194.19
13116,4,2,2,0,0,0,0,0,0,0,0,0,0,907,0,0,Apr,0,Hot,Chennai,TANGEDCO,207.61
13117,4,3,2,0,0,1,0,1,0,0,0,0,0,1163,0,0,Jun,20,Moderate,Bangalore,BESCOM,99.25
13118,5,0,3,1,0,1,1,0,1,0,1,0,0,1440,0,0,Dec,14,Hot,Kolkata,CESC,364.39
13119,3,2,2,0,0,1,1,0,0,1,0,1,0,1050,0,0,Apr,0,Moderate,Mumbai,MSEDCL,272.31
13120,2,0,1,0,0,0,0,0,0,0,1,0,0,534,0,0,May,17,Moderate,Mumbai,MSEDCL,83.42
13121,1,0,2,1,0,1,0,0,0,1,0,1,0,889,0,1,May,11,Moderate,Mumbai,MSEDCL,261.69
13122,7,2,5,1,0,1,1,0,1,1,0,1,0,2078,0,1,May,24,Moderate,Mumbai,MSEDCL,115.3
13123,2,0,2,1,0,0,1,0,0,0,1,0,0,976,0,0,Jun,21,Hot,Kolkata,CESC,155.93
13124,5,3,3,1,1,0,1,1,1,1,0,1,1,1497,0,0,Apr,2,Cold,Delhi,BSES Yamuna,892.15
13125,1,0,2,0,0,1,0,1,0,0,0,0,0,1107,0,0,Jun,10,Moderate,Bangalore,BESCOM,135.32
13126,2,0,1,0,0,0,0,0,0,0,0,0,1,501,0,0,May,10,Moderate,Bangalore,BESCOM,177.87
13127,4,0,2,0,1,1,1,0,0,0,1,0,0,1160,0,0,Jun,13,Moderate,Bangalore,BESCOM,219.01
13128,3,2,3,1,0,1,1,0,1,0,0,0,0,1534,0,0,Apr,0,Hot,Kolkata,CESC,607.74
13129,4,0,3,0,0,0,1,0,0,1,1,0,0,1311,0,0,Jun,21,Hot,Chennai,TANGEDCO,97.3
13130,3,2,4,1,1,1,1,0,0,0,1,1,0,1780,0,0,Aug,0,Hot,Chennai,TANGEDCO,767.98
13131,2,1,2,1,0,1,0,0,0,0,0,0,0,903,0,0,Jul,4,Hot,Chennai,TANGEDCO,395.45
13132,1,0,1,0,0,0,0,0,0,1,0,0,1,415,0,0,Oct,17,Hot,Chennai,TANGEDCO,167.46
13133,8,5,5,1,0,1,1,1,0,1,1,0,0,2095,0,0,Dec,13,Hot,Chennai,TANGEDCO,494.13
13134,5,1,2,1,0,0,1,1,0,0,1,0,0,1092,0,0,Oct,24,Hot,Delhi,BSES Yamuna,135.98
13135,4,0,3,0,1,1,0,0,0,0,0,0,0,1345,0,0,Nov,0,Moderate,Mumbai,MSEDCL,309.46
13136,5,2,3,0,1,1,1,0,0,0,1,0,0,1501,0,0,Jan,0,Moderate,Bangalore,BESCOM,398.42
13137,4,3,2,0,1,0,0,0,0,1,0,0,0,801,0,0,Jun,23,Moderate,Bangalore,BESCOM,60.0
13138,5,1,3,1,0,1,0,0,0,0,0,0,0,1318,0,0,May,10,Moderate,Bangalore,BESCOM,276.42
13139,3,1,1,0,0,1,1,0,0,0,0,0,0,742,0,0,Oct,23,Hot,Delhi,BSES Yamuna,60.0
13140,5,4,2,0,0,0,0,0,0,0,0,0,0,893,0,0,Oct,8,Hot,Kolkata,CESC,174.72
13141,2,1,1,0,0,0,0,0,0,1,0,0,0,590,0,0,Jan,0,Moderate,Mumbai,MSEDCL,162.99
13142,6,4,4,0,0,1,1,0,0,0,1,1,0,1602,0,0,Jun,5,Hot,Chennai,TANGEDCO,377.01
13143,3,1,2,1,0,0,0,0,0,0,0,0,0,910,0,0,Oct,16,Hot,Delhi,BSES Yamuna,191.46
13144,4,2,3,1,1,0,1,0,0,0,1,1,0,1376,0,0,Jun,8,Hot,Delhi,BSES Yamuna,555.23
13145,5,2,5,1,1,1,1,1,0,1,1,1,0,2256,0,1,May,24,Moderate,Mumbai,MSEDCL,155.21
13146,5,0,3,0,1,0,1,0,0,0,1,0,0,1560,0,1,Feb,0,Moderate,Mumbai,MSEDCL,443.68
13147,6,2,3,1,0,1,1,1,1,0,1,0,0,1221,0,0,Aug,0,Hot,Chennai,TANGEDCO,780.73
13148,1,0,2,0,1,1,1,1,0,1,0,0,1,1197,0,0,Feb,0,Moderate,Bangalore,BESCOM,556.28
13149,3,1,2,1,1,1,0,0,0,1,0,0,0,1019,1,0,Jun,24,Moderate,Bangalore,BESCOM,140.38
13150,2,1,2,1,0,0,0,1,0,1,1,1,0,972,0,0,Nov,0,Hot,Delhi,BSES Yamuna,581.69
13151,2,1,3,1,1,1,1,0,1,0,1,0,0,1423,0,0,May,6,Moderate,Bangalore,BESCOM,477.07
13152,7,1,6,1,0,1,1,0,1,1,1,1,0,2789,0,0,Sep,0,Moderate,Mumbai,MSEDCL,670.19
13153,5,0,5,1,1,1,1,1,0,0,1,1,0,2064,0,1,Sep,8,Moderate,Bangalore,BESCOM,552.57
13154,6,2,4,1,1,1,1,0,0,0,0,0,1,1876,0,0,Jan,0,Cold,Delhi,BSES Yamuna,843.48
13155,4,1,4,1,0,1,1,1,0,1,0,1,0,1848,0,0,Nov,0,Hot,Delhi,BSES Yamuna,746.74
13156,3,2,2,1,1,1,0,0,0,0,1,0,0,1059,0,0,Apr,3,Moderate,Bangalore,BESCOM,470.71
13157,5,2,3,1,0,1,1,0,1,0,0,0,0,1330,0,0,May,23,Hot,Chennai,TANGEDCO,150.87
13158,7,1,4,1,1,0,1,0,0,0,1,0,0,1712,0,0,Oct,23,Hot,Kolkata,CESC,164.1
13159,2,0,2,0,0,1,0,0,0,1,1,0,0,1085,0,0,Jul,6,Hot,Chennai,TANGEDCO,224.28
13160,4,0,5,1,1,1,1,0,0,1,1,0,0,2286,0,0,May,9,Moderate,Mumbai,MSEDCL,469.16
13161,4,3,2,1,0,1,1,0,0,0,0,0,0,1010,0,0,Feb,0,Hot,Delhi,BSES Yamuna,560.87
13162,5,2,3,1,0,1,1,0,0,0,0,0,0,1219,0,0,May,17,Hot,Kolkata,CESC,253.79
13163,6,2,3,1,0,1,1,0,0,0,1,0,0,1414,0,1,Dec,17,Moderate,Mumbai,MSEDCL,211.55
13164,5,1,5,1,1,1,1,0,1,1,1,0,0,2309,0,0,Mar,8,Hot,Delhi,BSES Yamuna,687.43
13165,1,0,2,0,1,0,1,0,0,0,1,1,0,1050,0,0,Oct,8,Hot,Kolkata,CESC,318.18
13166,6,4,3,1,0,1,1,0,1,1,0,0,0,1581,0,0,May,14,Hot,Delhi,BSES Yamuna,376.53
13167,3,0,3,1,0,1,1,0,0,1,1,0,0,1470,0,0,Jul,7,Hot,Chennai,TANGEDCO,513.68
13168,1,0,2,0,0,0,1,0,0,0,0,1,0,979,0,0,Jun,7,Hot,Kolkata,CESC,195.97
13169,2,1,3,1,0,1,1,0,1,0,1,1,0,1393,0,0,May,14,Moderate,Bangalore,BESCOM,267.64
13170,4,0,3,0,1,1,1,1,0,1,1,0,0,1512,0,0,Feb,0,Hot,Delhi,BSES Yamuna,670.79
13171,2,0,3,0,0,0,0,0,0,0,1,0,0,1278,0,1,Mar,0,Moderate,Bangalore,BESCOM,200.93
13172,2,1,2,0,1,0,1,0,0,0,0,0,0,979,0,0,Jun,5,Moderate,Mumbai,MSEDCL,240.01
13173,5,4,2,0,0,1,1,0,0,1,0,0,0,962,0,0,Nov,0,Hot,Kolkata,CESC,376.61
13174,6,3,3,1,1,1,0,1,0,1,0,0,0,1401,0,0,Nov,0,Hot,Kolkata,CESC,799.29
13175,3,1,2,0,0,0,1,0,0,0,0,1,0,813,0,0,Mar,6,Hot,Kolkata,CESC,216.99
13176,2,0,2,0,0,0,0,0,0,0,0,0,0,1146,0,0,Oct,5,Hot,Kolkata,CESC,142.73
13177,4,1,5,1,1,1,1,0,0,0,1,1,0,2245,0,0,Apr,8,Moderate,Bangalore,BESCOM,493.78
13178,4,3,3,1,0,0,0,0,0,0,1,0,0,1213,0,0,Nov,2,Hot,Chennai,TANGEDCO,463.98
13179,5,0,3,1,0,0,0,0,0,0,0,0,0,1298,0,0,Sep,0,Hot,Chennai,TANGEDCO,484.07
13180,2,1,2,1,1,0,1,0,0,0,0,1,0,832,1,0,Dec,12,Moderate,Bangalore,BESCOM,424.74
13181,3,1,2,0,0,0,0,1,0,0,0,0,0,1056,0,0,May,15,Hot,Kolkata,CESC,129.02
13182,5,1,2,0,0,1,1,0,1,0,0,0,0,833,0,0,Aug,0,Moderate,Mumbai,MSEDCL,294.96
13183,3,2,2,1,1,1,0,0,0,0,1,0,0,818,0,0,Aug,3,Moderate,Mumbai,MSEDCL,458.24
13184,5,1,3,1,1,1,1,0,0,0,1,0,0,1351,0,0,May,14,Moderate,Mumbai,MSEDCL,322.52
13185,3,1,3,1,0,0,0,1,0,0,0,0,0,1459,0,0,Dec,23,Hot,Delhi,BSES Yamuna,125.74
13186,3,0,2,1,0,1,0,0,1,0,0,0,0,963,0,0,Apr,0,Cold,Delhi,BSES Yamuna,443.98
13187,3,1,1,1,0,0,0,0,0,0,0,1,0,476,0,0,Dec,18,Moderate,Mumbai,MSEDCL,149.46
13188,1,0,2,0,0,1,1,0,1,1,1,0,0,1113,0,0,Oct,6,Moderate,Mumbai,MSEDCL,265.45
13189,2,0,2,1,0,0,1,0,0,1,1,0,0,936,0,0,Jun,13,Hot,Chennai,TANGEDCO,317.84
13190,4,1,1,0,1,0,0,0,0,0,1,0,0,758,0,0,Feb,0,Moderate,Bangalore,BESCOM,302.13
13191,6,0,5,1,1,1,1,0,1,1,1,0,0,2207,0,0,May,21,Moderate,Mumbai,MSEDCL,227.23
13192,4,0,3,1,0,1,0,0,1,1,0,1,0,1441,0,0,Oct,14,Hot,Chennai,TANGEDCO,355.78
13193,3,1,3,1,1,1,1,0,1,0,0,0,0,1266,0,0,Aug,0,Hot,Chennai,TANGEDCO,733.61
13194,5,1,2,1,1,1,1,0,0,0,1,0,0,915,0,0,Dec,23,Moderate,Mumbai,MSEDCL,129.11
13195,3,0,4,0,1,1,1,0,1,1,1,1,0,1801,0,0,May,11,Moderate,Mumbai,MSEDCL,337.31
13196,3,1,3,0,0,1,1,0,1,1,1,1,0,1575,0,0,Oct,13,Cold,Delhi,BSES Yamuna,236.48
13197,2,1,3,1,0,1,1,0,1,0,1,0,0,1449,0,0,Oct,24,Hot,Chennai,TANGEDCO,120.09
13198,1,0,2,0,1,1,1,1,0,1,1,0,0,1077,0,0,Dec,7,Hot,Chennai,TANGEDCO,451.49
13199,5,0,5,1,0,1,1,0,1,1,1,0,0,2111,0,0,May,10,Hot,Kolkata,CESC,494.98
13200,5,0,4,0,0,1,1,0,0,0,1,0,0,1930,1,1,May,9,Moderate,Mumbai,MSEDCL,411.54
13201,7,0,4,1,0,0,1,1,0,1,0,0,0,1833,0,1,Feb,0,Hot,Delhi,BSES Yamuna,759.64
13202,1,0,2,1,0,1,0,0,0,0,1,0,0,975,0,0,Jun,22,Hot,Delhi,BSES Yamuna,140.52
13203,1,0,2,1,0,0,1,0,1,1,0,0,0,1191,0,0,Aug,6,Hot,Kolkata,CESC,455.47
13204,3,1,2,0,0,0,0,0,0,0,0,0,0,942,0,0,Apr,0,Hot,Chennai,TANGEDCO,205.8
13205,2,1,2,0,1,0,0,0,0,0,1,0,0,831,0,0,Apr,9,Moderate,Bangalore,BESCOM,182.31
13206,7,5,4,1,1,1,1,0,0,0,0,1,0,1780,0,0,Jun,18,Hot,Chennai,TANGEDCO,310.2
13207,2,1,1,0,0,0,1,0,0,0,0,0,0,466,0,0,May,5,Hot,Chennai,TANGEDCO,155.69
13208,1,0,1,0,0,0,0,0,0,0,0,0,0,403,0,0,May,5,Moderate,Bangalore,BESCOM,96.2
13209,1,0,2,0,0,1,0,0,0,0,0,0,0,1085,0,0,May,7,Hot,Delhi,BSES Yamuna,161.07
13210,2,1,2,0,0,0,0,0,0,1,0,0,0,1068,0,0,Jun,11,Moderate,Bangalore,BESCOM,111.96
13211,3,2,2,1,0,0,0,1,0,0,0,0,0,1035,0,0,Apr,0,Hot,Kolkata,CESC,504.72
13212,5,2,3,0,1,1,0,1,0,0,0,0,0,1476,0,0,Jun,6,Moderate,Bangalore,BESCOM,323.74
13213,4,2,3,0,0,1,0,0,0,1,0,0,0,1240,0,0,Feb,0,Hot,Kolkata,CESC,306.69
13214,1,0,1,0,0,0,0,1,0,0,0,0,0,520,0,0,Mar,0,Moderate,Bangalore,BESCOM,155.7
13215,1,0,2,0,1,1,1,0,0,0,1,0,0,1074,0,0,Aug,7,Moderate,Mumbai,MSEDCL,236.83
13216,5,2,2,1,0,0,1,0,0,1,0,1,1,1030,0,0,Aug,5,Hot,Kolkata,CESC,663.41
13217,3,0,1,0,0,0,0,0,0,0,1,0,0,703,0,0,May,15,Hot,Kolkata,CESC,97.09
13218,5,3,3,0,1,1,0,0,0,1,0,0,1,1285,0,0,Apr,2,Hot,Kolkata,CESC,639.0
13219,6,0,3,1,1,1,1,1,0,1,0,0,0,1262,0,0,Feb,8,Moderate,Bangalore,BESCOM,483.85
13220,5,4,3,1,0,1,0,0,0,1,1,1,0,1391,0,0,May,15,Moderate,Bangalore,BESCOM,249.6
13221,6,0,3,1,0,1,1,0,1,0,0,0,0,1492,0,0,Jun,9,Hot,Delhi,BSES Yamuna,495.61
13222,3,2,1,0,0,1,0,0,0,0,0,0,0,430,0,0,Oct,15,Hot,Kolkata,CESC,86.69
13223,4,1,5,1,1,1,1,1,1,1,1,1,0,2329,0,0,Jan,0,Hot,Kolkata,CESC,1040.78
13224,6,5,4,1,0,1,1,0,0,1,0,0,0,1745,0,0,May,24,Hot,Kolkata,CESC,140.85
13225,5,0,4,0,1,1,1,0,0,1,0,0,0,1706,0,0,May,5,Hot,Kolkata,CESC,505.31
13226,4,3,1,1,0,0,0,0,1,0,1,0,0,758,0,0,Oct,12,Hot,Chennai,TANGEDCO,294.16
13227,6,2,5,1,0,1,1,0,1,1,0,1,0,2109,0,0,Apr,7,Moderate,Mumbai,MSEDCL,471.89
13228,7,4,4,1,1,1,1,0,1,1,1,0,0,1875,0,1,Feb,0,Moderate,Mumbai,MSEDCL,783.2
13229,5,1,4,1,1,1,1,1,1,1,0,1,0,1809,0,0,May,5,Hot,Kolkata,CESC,836.46
13230,1,0,1,0,0,1,0,0,0,1,0,1,0,538,0,0,Jun,8,Moderate,Mumbai,MSEDCL,123.85
13231,2,1,3,0,1,1,1,0,0,0,0,0,0,1285,0,0,Oct,7,Cold,Delhi,BSES Yamuna,273.32
13232,8,2,5,1,1,1,1,0,0,1,0,1,0,2043,0,1,May,11,Moderate,Bangalore,BESCOM,468.62
13233,3,1,3,1,0,1,0,0,1,1,0,0,0,1281,0,0,May,9,Moderate,Mumbai,MSEDCL,334.98
13234,2,1,3,1,0,1,1,1,0,1,1,1,0,1263,0,0,May,12,Hot,Kolkata,CESC,394.54
13235,6,3,5,1,1,0,1,0,0,1,1,1,0,2377,0,1,Mar,0,Moderate,Mumbai,MSEDCL,702.69
13236,3,1,2,0,1,1,0,0,1,1,1,0,1,1142,0,0,Dec,6,Moderate,Mumbai,MSEDCL,459.69
13237,3,0,3,0,0,0,0,0,0,0,0,1,0,1520,0,0,Jun,13,Moderate,Mumbai,MSEDCL,110.64
13238,3,1,2,1,0,0,1,0,0,0,0,0,0,854,0,0,May,24,Hot,Chennai,TANGEDCO,112.56
13239,4,0,5,0,1,1,1,0,1,1,1,1,0,2073,0,1,May,22,Moderate,Bangalore,BESCOM,192.07
13240,1,0,1,1,0,0,1,1,0,0,1,0,0,772,0,0,Oct,11,Hot,Delhi,BSES Yamuna,364.6
13241,6,5,3,1,0,0,0,0,0,1,0,1,0,1328,0,0,Jul,0,Hot,Delhi,BSES Yamuna,579.23
13242,5,3,3,0,0,1,1,0,0,1,0,1,0,1455,0,0,Jun,13,Cold,Delhi,BSES Yamuna,195.02
13243,4,1,3,1,0,0,0,0,0,1,1,0,1,1430,0,0,Aug,5,Cold,Delhi,BSES Yamuna,508.1
13244,3,0,3,0,1,1,0,0,0,1,0,0,0,1336,0,0,Sep,0,Moderate,Bangalore,BESCOM,358.08
13245,3,1,4,1,1,1,1,1,1,1,1,0,0,1950,0,0,Apr,6,Moderate,Bangalore,BESCOM,566.48
13246,4,3,5,1,1,1,1,1,0,1,1,1,0,2354,0,1,Apr,7,Hot,Kolkata,CESC,772.81
13247,1,0,1,0,0,0,0,0,0,0,0,0,0,511,0,0,Dec,17,Hot,Delhi,BSES Yamuna,60.0
13248,4,2,2,1,0,0,0,1,0,1,1,0,0,1107,0,0,Apr,3,Hot,Delhi,BSES Yamuna,577.72
13249,4,3,1,1,0,0,0,0,0,0,1,0,0,545,0,0,May,11,Hot,Chennai,TANGEDCO,284.78
13250,3,1,2,0,1,1,0,0,0,0,0,0,0,832,0,0,Dec,17,Moderate,Bangalore,BESCOM,111.98
13251,3,2,3,1,0,1,1,0,1,1,0,0,0,1459,0,0,May,19,Hot,Delhi,BSES Yamuna,253.76
13252,6,4,4,1,1,1,1,0,0,1,1,1,0,1686,0,0,Jun,17,Hot,Kolkata,CESC,388.17
13253,7,3,4,1,1,1,1,0,0,1,1,1,1,1930,0,0,Sep,2,Moderate,Bangalore,BESCOM,818.92
13254,4,3,1,1,0,0,0,0,0,0,0,0,0,664,0,0,May,14,Hot,Kolkata,CESC,247.1
13255,1,0,1,1,0,1,0,0,0,1,0,0,0,719,0,0,May,18,Moderate,Mumbai,MSEDCL,136.15
13256,3,0,3,0,1,0,1,0,0,0,0,1,1,1229,0,0,May,14,Hot,Kolkata,CESC,350.43
13257,4,3,3,1,1,0,0,0,1,0,0,0,0,1591,0,1,May,7,Moderate,Bangalore,BESCOM,467.83
13258,4,2,2,0,0,0,1,1,0,0,0,0,0,1031,0,0,May,21,Moderate,Mumbai,MSEDCL,105.29
13259,3,0,4,0,1,1,1,0,1,1,1,0,0,1988,0,1,Aug,3,Moderate,Mumbai,MSEDCL,469.6
13260,8,1,5,1,1,1,1,1,1,1,1,1,0,2075,0,0,Oct,23,Hot,Chennai,TANGEDCO,236.18
13261,5,4,2,1,0,1,1,0,0,0,1,0,1,928,0,0,May,22,Moderate,Mumbai,MSEDCL,175.01
13262,5,1,4,1,1,1,1,1,0,0,0,0,0,1870,1,1,May,5,Hot,Delhi,BSES Yamuna,1004.85
13263,3,1,2,0,1,0,0,0,0,1,0,0,0,888,0,0,Nov,5,Cold,Delhi,BSES Yamuna,296.06
13264,5,4,3,1,0,0,1,0,1,1,0,0,0,1369,0,0,May,23,Hot,Kolkata,CESC,132.38
13265,3,1,2,0,1,0,0,0,0,0,1,0,0,927,0,0,Sep,0,Moderate,Bangalore,BESCOM,275.54
13266,4,3,1,1,0,0,0,0,0,0,0,0,0,573,0,0,Aug,4,Hot,Kolkata,CESC,355.73
13267,4,2,5,0,1,1,1,0,0,1,0,1,1,2025,1,1,Jan,0,Cold,Delhi,BSES Yamuna,971.44
13268,1,0,2,0,0,0,1,0,0,0,1,0,1,860,0,0,Apr,8,Cold,Delhi,BSES Yamuna,249.28
13269,2,1,3,1,1,1,1,1,0,0,1,0,0,1578,0,0,Jun,8,Moderate,Bangalore,BESCOM,444.33
13270,4,2,2,1,0,1,0,0,0,0,1,0,0,866,0,0,Oct,8,Moderate,Bangalore,BESCOM,298.24
13271,4,0,1,0,0,0,0,0,0,0,1,0,0,425,0,0,Jun,5,Moderate,Mumbai,MSEDCL,125.69
13272,3,1,1,1,0,0,0,0,1,0,0,0,0,482,0,0,Aug,0,Hot,Kolkata,CESC,461.22
13273,4,0,2,0,1,1,0,0,0,1,1,1,0,1163,0,0,Aug,7,Moderate,Bangalore,BESCOM,344.92
13274,2,0,3,1,0,0,1,0,1,0,1,0,0,1566,0,0,May,17,Hot,Delhi,BSES Yamuna,277.87
13275,2,1,2,1,0,1,0,0,0,0,0,0,0,859,0,0,Jun,6,Hot,Chennai,TANGEDCO,353.91
13276,2,1,3,0,0,1,0,0,0,1,0,0,0,1238,0,0,Feb,0,Hot,Chennai,TANGEDCO,253.61
13277,3,1,3,1,0,0,1,0,1,1,0,1,0,1322,0,0,Nov,4,Hot,Chennai,TANGEDCO,553.15
13278,4,3,3,0,1,1,1,1,1,1,0,0,1,1491,0,0,Jul,0,Cold,Delhi,BSES Yamuna,760.1
13279,5,3,2,1,0,1,0,0,0,1,1,0,0,1076,0,0,Apr,0,Moderate,Mumbai,MSEDCL,448.93
13280,6,2,4,1,1,1,1,0,1,0,0,1,0,1973,0,0,Apr,0,Moderate,Bangalore,BESCOM,671.26
13281,4,2,2,0,0,0,1,0,1,1,1,0,0,1103,0,0,Jan,0,Hot,Delhi,BSES Yamuna,449.95
13282,1,0,2,1,0,1,1,0,0,0,1,0,0,1081,0,0,May,12,Hot,Kolkata,CESC,292.81
13283,1,0,2,1,1,1,0,0,0,0,0,1,0,990,0,0,May,10,Hot,Chennai,TANGEDCO,399.96
13284,2,0,2,1,0,0,0,0,1,0,1,0,1,1091,0,0,Jul,0,Hot,Chennai,TANGEDCO,694.24
13285,4,0,1,0,0,0,0,1,0,1,0,0,0,551,0,0,May,20,Hot,Delhi,BSES Yamuna,87.09
13286,4,3,3,1,0,1,1,0,1,0,1,0,0,1583,0,0,Oct,8,Hot,Kolkata,CESC,521.13
13287,1,0,2,1,1,1,1,0,1,0,1,0,0,1032,0,1,Feb,0,Moderate,Mumbai,MSEDCL,580.58
13288,4,0,2,1,0,0,1,0,0,0,1,0,0,945,0,0,Aug,9,Hot,Chennai,TANGEDCO,357.76
13289,6,5,3,0,0,1,1,0,0,0,0,0,0,1470,0,0,Oct,22,Hot,Chennai,TANGEDCO,117.41
13290,2,0,2,0,0,0,0,0,0,0,0,0,0,1134,0,0,May,17,Moderate,Mumbai,MSEDCL,62.85
13291,1,0,2,0,1,1,0,0,1,1,0,0,0,933,0,0,May,23,Hot,Kolkata,CESC,91.63
13292,1,0,2,0,0,1,0,0,0,0,0,1,0,970,0,0,May,17,Hot,Chennai,TANGEDCO,91.2
13293,4,0,3,0,1,0,1,0,0,0,1,0,0,1227,0,0,Sep,4,Moderate,Mumbai,MSEDCL,299.46
13294,1,0,1,1,0,0,1,0,0,0,0,0,0,535,0,0,Nov,9,Hot,Delhi,BSES Yamuna,286.46
13295,4,3,2,1,0,0,1,0,0,1,0,1,0,1175,0,0,Feb,5,Hot,Chennai,TANGEDCO,487.89
13296,5,2,3,1,0,1,1,0,1,0,1,0,0,1440,0,0,Jun,5,Hot,Kolkata,CESC,552.1
13297,5,4,3,1,1,1,1,1,0,1,0,0,0,1543,0,0,Jun,5,Moderate,Bangalore,BESCOM,569.3
13298,6,0,3,1,0,1,1,1,0,1,1,0,0,1427,0,0,Jan,0,Hot,Kolkata,CESC,757.41
13299,7,3,4,1,0,1,1,1,1,1,1,1,0,1886,0,0,Apr,5,Moderate,Mumbai,MSEDCL,552.14
13300,4,0,1,0,0,0,1,1,0,0,0,0,0,702,0,0,Feb,6,Hot,Chennai,TANGEDCO,268.67
13301,1,0,2,0,0,0,1,0,0,1,1,0,0,833,0,0,May,17,Hot,Delhi,BSES Yamuna,122.75
13302,5,4,2,0,0,0,0,0,1,0,1,0,0,801,0,0,Apr,0,Hot,Chennai,TANGEDCO,293.53
13303,3,0,1,0,0,0,0,0,0,0,1,0,0,761,0,0,May,14,Cold,Delhi,BSES Yamuna,102.37
13304,5,0,2,0,0,1,0,0,1,1,1,0,0,994,0,0,Jul,3,Moderate,Mumbai,MSEDCL,299.28
13305,3,0,2,0,0,1,0,0,0,1,0,0,0,893,0,0,Oct,20,Moderate,Mumbai,MSEDCL,69.89
13306,6,4,3,0,1,1,0,1,1,1,1,1,0,1527,0,0,May,23,Moderate,Mumbai,MSEDCL,138.12
13307,3,2,3,0,0,1,1,0,0,1,0,1,0,1507,0,0,Feb,0,Moderate,Mumbai,MSEDCL,285.53
13308,2,1,2,0,0,1,0,0,0,0,1,0,0,934,0,1,Jan,0,Hot,Kolkata,CESC,285.37
13309,3,0,3,1,1,0,1,0,1,0,1,0,0,1403,0,0,Oct,24,Moderate,Mumbai,MSEDCL,117.03
13310,1,0,2,1,0,1,0,0,0,0,1,0,0,1049,0,0,Oct,12,Hot,Delhi,BSES Yamuna,298.33
13311,4,2,2,0,0,1,1,0,0,0,1,0,0,946,0,0,Mar,0,Moderate,Bangalore,BESCOM,229.08
13312,4,3,3,0,1,1,1,0,0,1,1,0,0,1545,0,0,Jan,0,Moderate,Bangalore,BESCOM,443.41
13313,1,0,1,1,0,0,0,0,1,0,1,0,0,747,0,0,Oct,11,Moderate,Bangalore,BESCOM,210.76
13314,4,3,1,0,0,0,0,1,0,1,0,0,0,653,0,0,Jun,13,Hot,Kolkata,CESC,169.08
13315,3,1,2,0,1,1,1,0,0,0,1,0,0,1198,0,1,Jun,17,Moderate,Mumbai,MSEDCL,174.18
13316,6,1,5,1,1,1,1,0,1,1,1,0,0,2333,0,0,Jun,20,Moderate,Bangalore,BESCOM,241.26
13317,4,0,3,1,0,1,1,0,0,1,0,0,0,1375,0,0,Sep,0,Hot,Delhi,BSES Yamuna,602.87
13318,2,1,1,0,0,1,1,0,0,0,1,0,0,524,0,0,May,6,Hot,Kolkata,CESC,201.85
13319,4,0,4,1,0,1,0,0,0,0,1,1,0,1850,0,0,May,19,Hot,Chennai,TANGEDCO,242.25
13320,3,2,3,0,1,0,0,0,0,1,0,0,0,1597,0,0,Feb,0,Moderate,Bangalore,BESCOM,337.91
13321,4,0,3,1,0,1,1,0,0,1,1,0,0,1330,0,0,Jun,13,Hot,Delhi,BSES Yamuna,339.49
13322,5,4,4,1,0,1,1,0,0,1,1,0,0,1649,0,0,Dec,7,Hot,Kolkata,CESC,512.51
13323,2,1,2,0,0,0,1,0,0,0,0,0,0,892,0,0,May,6,Moderate,Bangalore,BESCOM,142.35
13324,3,2,2,1,0,0,1,0,1,0,0,0,0,1179,0,0,Nov,5,Hot,Delhi,BSES Yamuna,461.26
13325,3,0,3,1,1,1,1,0,0,0,0,1,0,1509,0,0,Aug,0,Moderate,Bangalore,BESCOM,567.22
13326,3,1,3,0,1,1,1,0,0,1,1,0,0,1589,0,0,Apr,4,Moderate,Bangalore,BESCOM,386.33
13327,3,1,3,1,0,1,1,0,1,1,0,0,0,1419,0,0,Jul,0,Hot,Chennai,TANGEDCO,637.86
13328,5,4,3,1,0,1,0,0,0,1,0,0,0,1533,0,0,May,14,Hot,Delhi,BSES Yamuna,321.72
13329,6,0,5,0,1,1,1,0,0,1,1,1,0,2333,0,0,Mar,8,Hot,Kolkata,CESC,527.89
13330,3,1,4,1,1,1,1,0,1,1,1,1,0,1619,0,0,Feb,0,Moderate,Bangalore,BESCOM,662.18
13331,4,0,4,0,0,1,1,0,0,1,1,1,0,1804,0,1,Jan,0,Moderate,Bangalore,BESCOM,393.19
13332,3,1,4,1,1,1,1,0,0,0,1,0,0,1690,0,0,Sep,0,Moderate,Bangalore,BESCOM,543.71
13333,7,2,5,1,0,1,1,0,1,1,1,0,0,2354,0,1,Oct,14,Hot,Kolkata,CESC,470.09
13334,3,1,1,0,0,1,0,0,0,0,1,0,0,572,0,0,May,21,Hot,Kolkata,CESC,74.03
13335,2,0,2,0,1,0,1,0,0,1,0,1,0,988,0,0,Jun,17,Hot,Chennai,TANGEDCO,184.07
13336,2,0,2,1,1,0,1,0,0,1,0,0,1,1111,0,0,Jul,9,Moderate,Bangalore,BESCOM,462.43
13337,4,1,4,1,1,0,1,0,1,0,0,0,0,1601,0,0,Aug,3,Hot,Chennai,TANGEDCO,681.37
13338,2,1,3,0,0,1,1,0,0,0,1,1,1,1560,0,0,May,22,Moderate,Bangalore,BESCOM,114.16
13339,5,4,3,0,0,1,0,0,0,1,1,0,0,1367,0,0,Apr,0,Hot,Delhi,BSES Yamuna,367.62
13340,3,0,1,0,0,0,1,0,0,0,0,1,0,767,0,0,May,11,Moderate,Bangalore,BESCOM,141.91
13341,4,0,2,0,1,1,0,0,1,1,0,0,0,823,0,0,Jul,0,Hot,Chennai,TANGEDCO,513.68
13342,3,2,3,0,1,1,0,0,0,1,0,1,1,1564,0,0,Oct,21,Cold,Delhi,BSES Yamuna,166.49
13343,4,2,2,0,0,0,0,0,0,1,0,0,0,867,0,0,Feb,0,Moderate,Bangalore,BESCOM,209.27
13344,1,0,2,1,0,0,0,0,0,1,1,0,0,1169,0,0,Jun,11,Hot,Kolkata,CESC,310.65
13345,5,1,2,1,0,0,0,0,0,0,0,0,0,993,0,0,Feb,7,Hot,Delhi,BSES Yamuna,335.47
13346,5,1,2,0,0,0,0,0,0,0,0,1,0,883,0,0,Oct,7,Moderate,Bangalore,BESCOM,145.5
13347,4,2,3,1,1,1,1,0,0,0,0,0,0,1406,0,0,Jul,0,Moderate,Mumbai,MSEDCL,563.87
13348,3,2,2,0,0,1,0,0,0,1,1,0,0,848,0,0,Jul,9,Moderate,Mumbai,MSEDCL,176.15
13349,5,1,3,0,0,1,0,0,1,1,1,1,0,1231,0,0,Sep,0,Moderate,Mumbai,MSEDCL,378.45
13350,3,0,1,1,1,0,0,0,0,0,0,0,0,716,0,0,May,7,Moderate,Mumbai,MSEDCL,347.38
13351,3,1,4,1,1,1,1,0,0,1,1,1,0,1769,0,0,May,17,Moderate,Mumbai,MSEDCL,274.58
13352,2,0,2,1,0,1,1,0,1,0,1,0,0,928,0,0,Sep,3,Hot,Delhi,BSES Yamuna,504.74
13353,3,2,3,1,1,0,1,0,0,1,0,0,0,1301,0,0,Sep,0,Hot,Chennai,TANGEDCO,718.58
13354,5,1,3,1,0,1,1,0,0,1,1,0,0,1234,0,0,Mar,8,Hot,Delhi,BSES Yamuna,479.64
13355,2,0,2,1,0,1,0,0,0,0,0,0,0,1106,0,0,Nov,6,Hot,Kolkata,CESC,373.06
13356,6,5,4,1,0,1,1,0,1,1,1,1,0,1798,0,0,Apr,4,Hot,Kolkata,CESC,699.26
13357,4,0,3,0,1,0,1,1,0,1,0,1,0,1500,0,0,May,10,Moderate,Bangalore,BESCOM,296.8
13358,3,0,2,0,0,0,1,0,0,0,0,0,0,876,0,0,Apr,0,Moderate,Mumbai,MSEDCL,176.67
13359,1,0,2,1,0,0,1,0,0,1,1,0,0,1168,0,0,Dec,13,Hot,Chennai,TANGEDCO,309.01
13360,5,1,5,1,1,1,1,1,0,1,0,0,0,2320,0,0,May,13,Moderate,Bangalore,BESCOM,406.11
13361,2,1,3,1,1,1,0,0,0,0,0,0,0,1213,0,0,Dec,7,Moderate,Bangalore,BESCOM,352.86
13362,5,1,2,0,0,1,1,0,1,0,0,1,0,1148,0,0,Jun,21,Moderate,Mumbai,MSEDCL,100.52
13363,1,0,2,1,1,1,0,0,0,0,0,0,0,930,0,1,Apr,5,Moderate,Bangalore,BESCOM,391.83
13364,6,2,4,1,1,1,1,0,0,1,0,0,0,1837,0,0,Jun,21,Moderate,Mumbai,MSEDCL,186.87
13365,5,4,3,1,0,1,1,0,0,0,0,0,0,1479,0,0,Oct,22,Hot,Chennai,TANGEDCO,169.55
13366,2,0,3,1,0,0,1,0,0,0,0,0,0,1264,0,0,Jun,9,Moderate,Bangalore,BESCOM,269.69
13367,3,1,2,0,0,0,0,0,0,0,0,0,0,937,0,0,Mar,0,Moderate,Mumbai,MSEDCL,147.22
13368,6,2,3,0,0,1,0,1,0,0,1,0,0,1468,0,0,May,22,Moderate,Mumbai,MSEDCL,82.75
13369,1,0,2,1,0,0,1,1,0,0,0,0,0,1027,0,1,Apr,9,Hot,Kolkata,CESC,400.52
13370,3,0,2,0,1,0,0,0,1,0,0,0,0,1000,0,0,Mar,0,Moderate,Bangalore,BESCOM,305.18
13371,2,0,3,0,1,1,0,0,0,0,0,1,0,1341,0,0,May,8,Moderate,Mumbai,MSEDCL,248.26
13372,5,2,5,0,0,1,1,0,0,1,1,1,1,2099,0,1,Jul,0,Cold,Delhi,BSES Yamuna,631.47
13373,4,0,2,0,0,0,0,0,0,0,0,0,0,937,0,0,May,16,Moderate,Mumbai,MSEDCL,78.21
13374,2,1,2,0,1,0,1,0,0,1,0,1,0,967,0,0,May,18,Moderate,Bangalore,BESCOM,158.76
13375,3,1,3,1,1,0,0,1,0,1,0,1,0,1298,0,0,May,16,Hot,Chennai,TANGEDCO,350.44
13376,6,0,3,0,1,1,1,0,1,0,1,0,1,1510,0,0,Dec,15,Moderate,Bangalore,BESCOM,323.48
13377,5,3,4,1,0,0,0,0,0,1,1,1,0,1918,0,0,Jun,8,Moderate,Bangalore,BESCOM,348.62
13378,5,2,3,0,0,1,1,0,0,0,0,1,0,1526,0,0,Oct,14,Hot,Kolkata,CESC,189.96
13379,2,0,1,0,0,1,0,0,0,0,1,0,0,754,0,0,May,17,Hot,Kolkata,CESC,107.95
13380,8,3,6,1,1,1,1,0,0,1,1,1,0,2465,0,0,Apr,0,Moderate,Bangalore,BESCOM,746.24
13381,4,0,3,0,1,1,1,0,1,0,1,0,0,1534,0,0,Oct,12,Moderate,Mumbai,MSEDCL,264.57
13382,3,1,4,1,0,1,1,0,1,1,0,0,0,1928,0,1,Sep,0,Hot,Delhi,BSES Yamuna,730.29
13383,3,0,3,1,0,1,0,0,0,1,0,0,0,1246,0,1,May,24,Hot,Kolkata,CESC,129.86
13384,5,1,4,0,1,1,1,0,0,0,1,0,0,1936,0,0,Jun,11,Moderate,Mumbai,MSEDCL,270.74
13385,3,2,1,0,1,0,0,0,1,0,0,0,0,781,0,0,Feb,0,Hot,Kolkata,CESC,420.05
13386,4,2,2,0,1,1,0,0,1,0,1,0,0,1030,0,0,Jan,0,Hot,Chennai,TANGEDCO,481.07
13387,5,2,4,1,1,1,1,0,1,1,1,1,0,1907,0,0,Oct,9,Moderate,Mumbai,MSEDCL,521.14
13388,1,0,2,0,0,1,1,0,1,0,1,0,0,945,0,1,Nov,0,Hot,Delhi,BSES Yamuna,371.7
13389,4,0,1,0,0,1,0,0,0,0,0,0,0,606,0,0,May,5,Hot,Kolkata,CESC,176.41
13390,4,2,3,0,1,1,1,0,0,1,0,0,0,1345,0,0,Jun,6,Moderate,Bangalore,BESCOM,333.44
13391,6,4,4,0,0,0,0,0,0,0,1,0,0,1751,0,0,Aug,0,Moderate,Mumbai,MSEDCL,242.39
13392,2,0,2,1,0,0,1,0,0,0,0,0,1,1078,0,0,Aug,0,Hot,Chennai,TANGEDCO,650.78
13393,4,2,4,1,1,1,1,1,1,1,1,1,0,1739,0,0,May,24,Hot,Chennai,TANGEDCO,213.31
13394,6,2,3,1,1,0,1,0,1,1,1,0,0,1350,0,0,Jun,15,Moderate,Mumbai,MSEDCL,314.79
13395,5,4,3,0,1,1,1,0,0,1,0,0,0,1220,0,0,Jul,0,Hot,Chennai,TANGEDCO,516.51
13396,7,5,4,1,0,0,1,0,0,1,1,0,0,1853,0,0,Mar,0,Hot,Chennai,TANGEDCO,701.15
13397,5,4,2,1,1,0,1,0,0,1,1,0,0,863,1,0,Jun,21,Hot,Chennai,TANGEDCO,314.0
13398,1,0,2,1,0,1,0,0,0,1,1,0,0,1017,0,0,Jun,10,Hot,Chennai,TANGEDCO,331.08
13399,4,3,2,0,0,1,1,0,0,1,0,0,0,871,0,0,May,15,Moderate,Mumbai,MSEDCL,119.98
13400,3,0,3,1,0,1,1,1,0,0,0,0,0,1361,0,1,May,7,Hot,Delhi,BSES Yamuna,483.35
13401,5,0,3,1,1,0,1,0,0,1,0,1,0,1329,0,0,Jun,11,Hot,Kolkata,CESC,500.77
13402,3,1,4,1,1,1,1,1,1,0,0,1,0,1668,0,0,Apr,6,Hot,Kolkata,CESC,692.43
13403,5,0,3,1,1,0,0,0,0,1,0,0,0,1424,0,0,Oct,19,Hot,Chennai,TANGEDCO,261.99
13404,5,2,3,1,1,1,1,0,1,1,0,1,0,1445,0,0,Apr,0,Moderate,Mumbai,MSEDCL,691.87
13405,6,5,3,0,1,0,1,0,1,0,0,0,0,1267,0,0,Sep,3,Moderate,Bangalore,BESCOM,371.44
13406,4,0,2,0,0,1,1,0,0,1,0,0,0,1183,0,0,Oct,16,Hot,Chennai,TANGEDCO,168.24
13407,1,0,1,1,0,0,0,0,0,0,1,0,0,506,0,0,Nov,0,Hot,Chennai,TANGEDCO,382.62
13408,7,4,4,1,0,1,1,0,1,1,0,0,0,1708,0,0,May,14,Hot,Chennai,TANGEDCO,417.74
13409,3,1,1,1,0,0,0,0,0,1,0,0,0,727,0,0,Feb,0,Moderate,Mumbai,MSEDCL,356.97
13410,1,0,2,1,0,1,1,0,0,0,1,0,0,902,0,0,Jul,4,Hot,Kolkata,CESC,453.0
13411,6,3,3,1,0,0,1,0,0,1,0,1,0,1340,0,0,May,19,Hot,Delhi,BSES Yamuna,222.11
13412,4,0,2,1,0,1,1,0,0,0,0,0,0,864,0,0,Feb,0,Hot,Kolkata,CESC,540.02
13413,7,5,4,1,1,1,0,0,1,1,0,0,0,1733,0,0,Oct,19,Hot,Kolkata,CESC,308.86
13414,5,0,2,0,0,1,0,0,0,0,0,1,0,998,0,0,Mar,6,Moderate,Mumbai,MSEDCL,199.71
13415,1,0,1,0,1,0,0,0,0,0,0,0,0,767,0,0,Jun,20,Moderate,Bangalore,BESCOM,94.92
13416,2,0,2,1,0,1,1,0,1,0,1,0,0,954,0,0,Sep,7,Hot,Delhi,BSES Yamuna,433.18
13417,3,2,3,0,0,0,0,0,0,0,0,0,0,1278,0,0,Apr,6,Moderate,Mumbai,MSEDCL,112.76
13418,2,0,2,0,1,0,0,1,1,0,0,1,0,1181,0,1,Oct,21,Moderate,Bangalore,BESCOM,111.8
13419,3,0,3,0,0,1,1,0,0,0,0,0,0,1449,0,0,May,23,Moderate,Mumbai,MSEDCL,60.0
13420,5,1,4,1,0,1,1,0,1,1,0,0,1,1976,0,0,May,22,Hot,Kolkata,CESC,238.23
13421,7,4,4,1,0,1,1,0,0,0,1,0,0,1686,0,0,Mar,0,Moderate,Bangalore,BESCOM,497.34
13422,3,2,2,0,1,1,1,0,0,1,0,0,0,1103,0,0,Jun,9,Moderate,Bangalore,BESCOM,279.85
13423,4,0,2,0,0,0,1,0,0,0,0,1,0,1040,0,0,May,20,Moderate,Bangalore,BESCOM,76.91
13424,2,1,3,1,0,0,1,0,0,0,1,0,0,1287,0,0,Dec,5,Hot,Kolkata,CESC,409.73
13425,6,2,5,1,1,1,1,0,1,1,1,1,0,2323,0,0,Jul,0,Hot,Chennai,TANGEDCO,983.31
13426,6,2,6,0,1,1,1,1,1,1,1,0,0,2571,0,0,Sep,0,Moderate,Bangalore,BESCOM,614.93
13427,2,0,2,0,0,1,1,0,0,1,0,0,0,1156,0,0,Apr,0,Cold,Delhi,BSES Yamuna,250.95
13428,5,1,3,0,0,1,0,0,0,0,0,1,1,1216,0,0,Aug,8,Moderate,Bangalore,BESCOM,251.76
13429,5,4,2,1,0,0,0,0,1,0,1,0,0,1022,0,1,Jun,9,Hot,Chennai,TANGEDCO,397.09
13430,1,0,1,0,0,0,1,0,0,1,0,1,0,693,0,0,May,23,Hot,Delhi,BSES Yamuna,60.0
13431,3,1,1,1,1,0,0,0,0,1,0,0,0,793,0,0,Sep,7,Hot,Delhi,BSES Yamuna,470.27
13432,5,0,2,0,0,1,0,0,0,0,1,0,0,1109,0,0,Dec,12,Hot,Chennai,TANGEDCO,173.04
13433,5,3,2,1,0,1,0,0,1,1,1,0,0,1018,0,0,Feb,0,Moderate,Bangalore,BESCOM,500.54
13434,2,0,1,0,0,0,1,0,0,0,0,0,0,633,0,0,Sep,9,Cold,Delhi,BSES Yamuna,124.81
13435,4,0,3,1,1,1,1,0,0,1,0,0,0,1589,0,0,Nov,0,Moderate,Bangalore,BESCOM,624.17
13436,3,0,2,0,1,0,1,0,0,1,0,1,0,1047,0,0,May,19,Moderate,Mumbai,MSEDCL,126.73
13437,4,3,3,1,1,1,1,0,1,1,1,0,0,1589,0,0,May,5,Moderate,Mumbai,MSEDCL,570.94
13438,3,1,2,0,0,0,1,0,0,0,0,0,0,851,0,0,Sep,0,Hot,Delhi,BSES Yamuna,248.67
13439,2,1,2,0,0,0,1,0,0,0,1,0,0,814,0,0,Dec,5,Hot,Chennai,TANGEDCO,188.94
13440,5,2,2,1,0,1,0,0,1,1,0,1,0,1123,0,0,Nov,0,Hot,Chennai,TANGEDCO,625.77
13441,5,1,2,0,1,0,1,0,0,1,0,0,1,911,0,0,Feb,5,Moderate,Mumbai,MSEDCL,424.47
13442,3,0,3,1,0,0,1,0,0,0,0,0,0,1383,0,0,Oct,15,Hot,Delhi,BSES Yamuna,250.18
13443,5,3,2,0,1,1,0,1,0,0,1,1,0,1159,0,0,Jun,14,Moderate,Mumbai,MSEDCL,213.45
13444,4,0,3,0,1,1,1,0,0,0,1,0,0,1206,0,0,May,12,Hot,Chennai,TANGEDCO,306.82
13445,1,0,2,0,0,0,0,0,0,0,1,1,0,850,0,1,Oct,20,Hot,Chennai,TANGEDCO,96.58
13446,6,5,3,0,1,0,0,1,0,0,0,1,0,1513,0,0,Oct,16,Moderate,Bangalore,BESCOM,205.36
13447,2,0,3,1,0,1,0,0,0,0,0,1,0,1440,0,0,Jun,7,Hot,Chennai,TANGEDCO,356.72
13448,2,0,1,0,0,1,0,0,0,0,0,0,0,644,0,0,May,17,Moderate,Bangalore,BESCOM,71.14
13449,1,0,2,0,0,0,0,1,1,1,1,0,0,1164,1,0,May,14,Hot,Delhi,BSES Yamuna,372.62
13450,4,1,1,0,0,0,0,1,1,0,1,0,0,766,0,0,May,24,Hot,Kolkata,CESC,81.68
13451,3,2,3,1,0,0,1,0,0,1,1,0,0,1385,0,0,Jul,0,Hot,Delhi,BSES Yamuna,583.62
13452,4,3,2,1,1,1,0,0,1,1,0,0,0,1086,0,0,Oct,15,Moderate,Bangalore,BESCOM,286.8
13453,6,2,3,0,0,1,1,0,0,1,1,1,0,1291,0,0,May,14,Moderate,Bangalore,BESCOM,198.49
13454,3,0,3,0,1,1,0,0,1,1,1,1,0,1305,0,0,Oct,18,Moderate,Mumbai,MSEDCL,201.77
13455,5,2,5,1,0,1,1,0,1,1,1,0,0,2012,0,0,May,21,Hot,Chennai,TANGEDCO,235.49
13456,2,1,3,1,0,1,0,0,0,0,1,0,0,1345,0,0,Mar,0,Hot,Kolkata,CESC,483.18
13457,6,2,3,1,0,1,1,0,0,1,0,0,0,1318,0,0,Jan,9,Hot,Delhi,BSES Yamuna,453.54
13458,2,0,2,0,1,1,1,0,0,0,1,0,0,1002,0,1,May,23,Moderate,Bangalore,BESCOM,105.62
13459,6,2,5,1,1,1,1,1,0,1,1,1,0,2140,0,0,Jun,12,Moderate,Bangalore,BESCOM,466.99
13460,3,2,3,0,0,0,1,0,1,0,1,0,0,1314,0,0,Jan,2,Moderate,Bangalore,BESCOM,237.36
13461,3,2,2,1,0,0,0,0,0,0,1,0,0,951,0,0,Jul,0,Moderate,Mumbai,MSEDCL,351.24
13462,6,2,4,1,0,1,1,0,0,1,0,0,1,1656,0,0,Jun,20,Hot,Kolkata,CESC,302.53
13463,3,2,2,0,1,1,0,0,1,0,0,0,0,1181,0,0,Dec,16,Moderate,Bangalore,BESCOM,195.39
13464,5,1,4,1,1,0,1,0,0,1,0,0,0,1756,0,0,Mar,6,Hot,Delhi,BSES Yamuna,601.55
13465,3,0,4,1,0,1,1,0,1,1,1,0,0,1909,0,0,Aug,0,Hot,Kolkata,CESC,715.75
13466,2,0,2,1,1,1,1,0,0,0,1,0,0,932,0,0,Apr,9,Moderate,Bangalore,BESCOM,382.68
13467,5,4,3,0,1,1,1,0,0,0,1,0,1,1362,0,0,Apr,0,Cold,Delhi,BSES Yamuna,614.78
13468,2,1,2,0,1,1,1,0,1,0,0,1,0,1074,0,0,Jan,0,Moderate,Bangalore,BESCOM,393.37
13469,3,2,2,1,0,0,1,0,0,0,0,1,1,982,0,0,Jan,0,Hot,Chennai,TANGEDCO,692.46
13470,3,0,2,0,0,0,0,0,0,0,1,0,0,876,0,0,Apr,0,Hot,Kolkata,CESC,217.84
13471,3,2,3,1,0,1,0,0,1,0,0,0,0,1524,0,0,Apr,5,Hot,Kolkata,CESC,481.19
13472,4,1,2,0,1,0,0,0,0,0,1,0,0,843,0,0,Jan,9,Moderate,Bangalore,BESCOM,200.57
13473,2,0,1,1,0,0,0,0,0,1,0,0,0,605,0,0,Aug,2,Moderate,Bangalore,BESCOM,287.3
13474,5,2,3,1,1,0,0,0,0,0,0,1,0,1237,0,0,Jun,22,Moderate,Bangalore,BESCOM,143.84
13475,1,0,2,0,0,1,1,0,0,1,0,0,0,1117,0,0,May,12,Hot,Chennai,TANGEDCO,168.27
13476,3,0,1,0,0,0,0,0,0,0,0,0,0,421,0,0,Mar,3,Hot,Chennai,TANGEDCO,144.11
13477,3,1,2,0,0,0,1,0,0,0,0,0,0,872,0,0,May,20,Hot,Chennai,TANGEDCO,79.92
13478,1,0,2,0,0,0,1,0,1,0,0,0,0,1040,0,0,May,10,Cold,Delhi,BSES Yamuna,151.85
13479,2,0,2,0,1,0,0,1,1,1,0,0,0,953,0,0,Dec,13,Hot,Delhi,BSES Yamuna,281.02
13480,3,1,1,0,0,0,0,0,1,0,1,0,0,636,0,0,Jun,22,Hot,Delhi,BSES Yamuna,65.51
13481,5,1,5,1,1,1,1,1,0,1,1,1,0,2380,1,0,Jan,0,Hot,Kolkata,CESC,1316.78
13482,5,4,3,0,0,1,1,0,0,0,0,0,0,1204,0,1,Apr,0,Hot,Delhi,BSES Yamuna,372.67
13483,5,2,2,0,1,0,1,1,0,1,0,1,0,1020,0,0,May,12,Moderate,Mumbai,MSEDCL,297.54
13484,1,0,2,0,0,1,0,0,0,0,0,0,0,1109,0,0,May,11,Hot,Chennai,TANGEDCO,124.68
13485,3,2,2,0,1,0,0,0,0,1,1,0,0,885,0,0,Jul,0,Cold,Delhi,BSES Yamuna,337.66
13486,2,0,3,0,0,0,1,1,1,1,0,1,0,1376,0,0,Jun,19,Hot,Delhi,BSES Yamuna,157.11
13487,4,2,1,0,0,1,0,0,0,0,0,0,0,658,0,0,Jun,22,Moderate,Mumbai,MSEDCL,60.0
13488,4,1,2,1,0,1,1,0,0,0,0,0,0,1019,0,0,Oct,19,Hot,Kolkata,CESC,171.57
13489,6,0,4,1,0,0,0,1,0,0,1,1,0,1637,0,0,Apr,0,Hot,Kolkata,CESC,677.46
13490,4,0,2,1,0,0,0,0,1,0,0,1,0,941,0,0,Feb,0,Hot,Delhi,BSES Yamuna,549.55
13491,5,2,2,0,0,0,0,0,0,0,1,0,0,1197,0,0,Oct,16,Hot,Kolkata,CESC,106.63
13492,4,0,4,1,0,1,0,0,1,1,1,0,0,1834,0,1,May,23,Moderate,Bangalore,BESCOM,133.99
13493,3,1,3,1,1,1,1,0,0,1,0,0,0,1402,0,0,Jun,9,Hot,Chennai,TANGEDCO,534.04
13494,5,3,2,1,0,1,1,0,0,0,0,0,0,1128,0,0,Oct,14,Hot,Chennai,TANGEDCO,325.56
13495,3,1,3,1,0,0,1,0,1,0,0,1,0,1493,0,0,Nov,0,Moderate,Bangalore,BESCOM,482.35
13496,4,1,1,0,0,0,0,0,0,0,1,0,0,571,0,0,Jun,24,Moderate,Mumbai,MSEDCL,60.0
13497,5,3,3,1,0,0,1,1,0,0,1,1,0,1324,0,0,Oct,16,Hot,Chennai,TANGEDCO,310.41
13498,2,0,2,0,1,1,0,1,0,0,0,1,0,1125,0,0,Jun,5,Hot,Chennai,TANGEDCO,381.63
13499,3,1,4,1,0,1,0,0,1,0,1,0,0,1664,0,0,Jan,4,Hot,Kolkata,CESC,513.84
13500,5,3,5,1,1,1,1,1,1,0,1,1,0,2280,0,0,Dec,21,Moderate,Bangalore,BESCOM,213.3
13501,4,2,5,1,1,1,1,0,1,1,0,0,1,2271,0,0,Oct,20,Moderate,Mumbai,MSEDCL,253.79
13502,5,4,4,1,0,1,1,0,0,1,0,0,0,1843,0,1,Sep,0,Hot,Chennai,TANGEDCO,738.47
13503,2,0,3,1,1,1,0,0,0,0,1,0,0,1214,0,0,May,14,Hot,Chennai,TANGEDCO,317.36
13504,1,0,2,0,0,0,0,0,0,0,1,0,0,1025,0,0,Nov,0,Hot,Kolkata,CESC,193.11
13505,4,0,2,0,0,1,1,0,0,0,0,1,0,930,0,0,May,22,Hot,Chennai,TANGEDCO,70.92
13506,5,2,3,1,0,1,1,0,1,1,0,1,0,1394,0,0,Aug,0,Moderate,Bangalore,BESCOM,531.99
13507,6,1,4,1,0,1,1,0,1,1,0,0,0,1892,0,0,Mar,8,Hot,Chennai,TANGEDCO,538.01
13508,1,0,2,0,0,1,1,0,0,1,0,0,0,1008,0,0,Apr,5,Cold,Delhi,BSES Yamuna,226.62
13509,7,1,4,1,1,1,0,0,1,1,0,0,0,1980,0,1,May,17,Hot,Chennai,TANGEDCO,408.5
13510,6,0,4,1,0,1,1,0,1,1,0,1,0,1712,0,0,Jun,21,Hot,Kolkata,CESC,253.39
13511,7,4,5,0,1,1,1,0,1,1,1,0,0,2243,0,1,Oct,21,Moderate,Mumbai,MSEDCL,185.48
13512,3,2,4,1,0,1,1,0,0,0,1,0,0,1765,0,0,Apr,0,Hot,Kolkata,CESC,576.35
13513,3,2,2,1,0,1,0,0,0,0,0,0,0,990,0,0,Sep,0,Hot,Chennai,TANGEDCO,454.2
13514,3,1,1,0,0,1,1,0,0,0,0,0,0,656,0,0,Oct,23,Hot,Chennai,TANGEDCO,69.54
13515,4,2,1,0,0,0,0,0,1,1,0,1,0,726,0,0,Oct,7,Hot,Chennai,TANGEDCO,255.16
13516,2,0,2,0,0,1,1,0,0,0,1,0,0,1017,0,0,Jun,24,Hot,Chennai,TANGEDCO,60.0
13517,4,2,3,1,0,1,1,0,0,1,1,0,0,1558,0,0,Oct,23,Hot,Kolkata,CESC,140.01
13518,6,4,4,0,1,1,1,0,1,0,0,1,0,1874,0,1,Oct,17,Moderate,Mumbai,MSEDCL,233.53
13519,7,0,4,1,0,1,0,0,1,0,0,0,0,1651,0,0,Jun,8,Hot,Kolkata,CESC,482.29
13520,3,1,3,0,1,1,1,0,1,0,1,0,0,1573,0,1,Oct,10,Moderate,Mumbai,MSEDCL,318.65
13521,2,0,1,0,0,0,0,0,0,0,1,0,0,557,0,0,May,19,Moderate,Mumbai,MSEDCL,65.19
13522,5,0,2,0,1,1,0,0,1,0,0,0,1,1162,0,0,Jun,16,Cold,Delhi,BSES Yamuna,244.59
13523,1,0,1,0,0,1,1,0,0,0,0,0,0,454,0,0,Feb,4,Moderate,Mumbai,MSEDCL,136.27
13524,4,2,2,0,0,1,0,0,0,0,1,0,1,813,0,0,Oct,14,Hot,Kolkata,CESC,245.43
13525,2,1,3,1,1,1,1,0,0,1,0,0,1,1468,0,0,Mar,6,Hot,Kolkata,CESC,755.83
13526,1,0,1,1,0,0,1,0,0,0,0,1,0,739,0,0,May,9,Hot,Kolkata,CESC,336.62
13527,1,0,2,0,0,0,1,0,0,0,1,0,0,889,0,0,May,16,Hot,Chennai,TANGEDCO,117.59
13528,3,1,2,0,0,1,0,0,0,0,0,1,0,826,0,0,Mar,0,Moderate,Bangalore,BESCOM,189.64
13529,2,1,3,0,1,1,0,0,1,1,0,0,0,1288,0,0,Nov,0,Hot,Chennai,TANGEDCO,493.82
13530,4,2,2,1,0,1,1,0,1,0,0,0,1,1192,0,0,Dec,14,Cold,Delhi,BSES Yamuna,376.81
13531,3,1,2,0,0,0,0,0,0,0,0,0,0,840,0,0,Oct,14,Moderate,Mumbai,MSEDCL,74.41
13532,1,0,2,0,1,1,1,0,0,0,1,0,0,1103,0,0,May,10,Moderate,Bangalore,BESCOM,220.29
13533,8,1,5,0,1,1,1,1,1,1,1,1,0,2267,1,1,Feb,0,Moderate,Mumbai,MSEDCL,968.26
13534,4,0,2,0,0,0,1,0,0,1,0,0,0,937,0,0,Apr,7,Moderate,Mumbai,MSEDCL,181.44
13535,5,2,3,0,1,1,1,0,0,1,0,0,0,1205,0,0,Sep,6,Moderate,Mumbai,MSEDCL,339.33
13536,3,0,3,0,1,1,0,0,0,1,0,1,0,1441,0,0,May,12,Hot,Kolkata,CESC,281.04
13537,5,2,3,0,1,1,0,0,0,0,1,0,1,1361,0,0,Oct,24,Moderate,Mumbai,MSEDCL,109.78
13538,8,1,5,1,1,1,1,1,1,1,1,1,1,2179,0,1,Oct,12,Moderate,Mumbai,MSEDCL,622.25
13539,4,1,2,1,0,1,1,0,0,1,0,0,0,1096,0,0,Apr,0,Moderate,Bangalore,BESCOM,449.92
13540,2,0,2,0,0,1,0,0,1,1,0,0,0,805,0,0,Jul,3,Hot,Kolkata,CESC,293.35
13541,4,0,1,1,1,0,0,0,0,0,0,0,0,785,0,0,May,8,Moderate,Mumbai,MSEDCL,336.73
13542,5,1,3,1,0,1,0,0,0,1,1,0,0,1470,0,0,Apr,5,Hot,Chennai,TANGEDCO,509.52
13543,2,0,2,1,1,0,1,0,0,1,0,0,0,1071,0,0,Jun,13,Hot,Kolkata,CESC,377.22
13544,4,2,2,1,1,0,1,0,0,1,1,0,0,955,0,0,Oct,7,Moderate,Mumbai,MSEDCL,436.57
13545,4,1,3,0,1,1,0,1,0,1,0,1,0,1284,0,0,Nov,4,Hot,Chennai,TANGEDCO,522.83
13546,5,0,3,1,0,1,1,0,0,1,1,1,0,1399,0,1,Feb,0,Hot,Kolkata,CESC,726.51
13547,1,0,1,0,0,0,1,0,0,1,0,0,0,409,0,0,May,15,Hot,Kolkata,CESC,100.58
13548,2,1,3,1,0,1,1,0,0,1,1,0,0,1337,0,0,Jun,14,Hot,Delhi,BSES Yamuna,346.93
13549,4,2,3,1,0,1,0,1,0,0,0,1,0,1441,0,0,May,16,Moderate,Mumbai,MSEDCL,252.83
13550,4,1,2,0,1,1,1,1,0,1,0,0,1,1193,0,0,May,14,Cold,Delhi,BSES Yamuna,348.07
13551,5,2,2,0,0,1,1,0,0,0,0,0,1,1000,0,0,Sep,0,Hot,Chennai,TANGEDCO,520.4
13552,5,1,3,0,0,1,1,0,1,0,0,0,0,1355,0,0,Sep,3,Hot,Kolkata,CESC,352.15
13553,2,0,3,0,1,0,1,0,1,1,1,0,0,1474,0,0,Aug,0,Cold,Delhi,BSES Yamuna,467.73
13554,2,0,2,1,1,1,1,0,0,0,0,0,0,1024,0,0,Oct,8,Hot,Delhi,BSES Yamuna,478.89
13555,3,0,2,1,0,1,0,0,0,0,0,0,0,867,0,0,May,9,Hot,Kolkata,CESC,317.11
13556,3,2,3,1,1,1,1,0,1,0,0,0,0,1383,0,0,Sep,0,Moderate,Bangalore,BESCOM,567.67
13557,8,5,5,0,1,0,1,1,1,1,1,0,0,2194,0,0,Jan,0,Moderate,Mumbai,MSEDCL,617.44
13558,5,2,3,1,0,1,1,0,0,0,0,0,0,1241,0,0,Dec,12,Hot,Delhi,BSES Yamuna,348.5
13559,4,3,1,0,0,1,1,0,0,0,1,0,0,795,0,0,Nov,4,Hot,Kolkata,CESC,274.03
13560,5,1,2,1,0,0,1,1,1,0,1,1,0,950,0,0,Oct,15,Hot,Delhi,BSES Yamuna,374.48
13561,4,0,4,1,1,1,1,0,0,1,0,0,0,1683,0,0,Jun,18,Moderate,Mumbai,MSEDCL,246.51
13562,4,1,1,0,0,0,0,0,0,0,1,0,0,533,0,0,Jun,7,Hot,Chennai,TANGEDCO,171.69
13563,7,0,6,1,0,1,1,1,0,1,1,0,0,2708,0,0,Apr,0,Hot,Kolkata,CESC,859.16
13564,8,3,5,1,1,1,0,0,1,1,1,0,1,2353,0,0,Feb,0,Cold,Delhi,BSES Yamuna,964.4
13565,4,0,1,1,0,0,0,0,0,0,1,0,0,697,0,0,May,6,Hot,Delhi,BSES Yamuna,352.84
13566,4,2,5,1,1,1,1,0,0,0,1,0,0,2029,0,1,Apr,4,Moderate,Bangalore,BESCOM,559.89
13567,1,0,2,0,0,0,0,0,1,0,1,0,0,808,0,0,Jun,9,Hot,Delhi,BSES Yamuna,164.47
13568,5,3,4,0,1,1,1,0,1,1,0,0,0,1769,0,0,May,14,Moderate,Bangalore,BESCOM,248.28
13569,1,0,2,0,0,0,1,0,1,0,1,0,0,1089,0,0,May,7,Moderate,Bangalore,BESCOM,177.9
13570,1,0,2,0,0,0,0,0,1,1,1,0,0,967,0,0,Jan,4,Hot,Chennai,TANGEDCO,285.61
13571,3,0,3,0,0,1,0,1,0,1,1,1,0,1543,0,0,Jun,22,Moderate,Mumbai,MSEDCL,60.9
13572,2,1,3,1,0,1,1,0,0,0,0,0,0,1344,0,0,Jul,6,Hot,Delhi,BSES Yamuna,402.39
13573,1,0,1,0,0,0,0,1,0,0,0,0,0,627,0,0,May,18,Hot,Chennai,TANGEDCO,96.98
13574,3,0,3,1,1,0,1,1,1,0,0,1,1,1505,0,1,Mar,0,Hot,Chennai,TANGEDCO,1072.95
13575,1,0,2,0,1,1,0,0,0,0,0,0,0,875,0,0,Aug,8,Hot,Chennai,TANGEDCO,263.06
13576,1,0,2,0,0,1,0,0,0,0,1,1,1,1022,0,0,Mar,0,Moderate,Mumbai,MSEDCL,351.46
13577,3,0,2,0,1,1,1,0,0,1,1,0,0,976,0,0,Oct,13,Hot,Kolkata,CESC,323.37
13578,1,0,2,1,1,1,0,0,1,1,1,0,0,988,0,0,Jun,7,Cold,Delhi,BSES Yamuna,443.31
13579,1,0,2,0,0,0,1,1,0,1,1,0,0,1101,0,0,Apr,2,Moderate,Bangalore,BESCOM,271.03
13580,3,2,1,1,1,0,0,0,0,0,1,0,1,445,0,0,Oct,7,Hot,Delhi,BSES Yamuna,606.76
13581,3,1,1,0,0,1,1,0,1,0,1,0,0,781,0,0,Mar,0,Hot,Delhi,BSES Yamuna,390.73
13582,2,0,1,0,0,1,0,0,0,0,1,0,0,416,0,0,Jun,5,Hot,Chennai,TANGEDCO,163.59
13583,1,0,2,0,0,0,0,0,0,0,0,0,0,865,0,0,Jun,22,Moderate,Mumbai,MSEDCL,60.0
13584,8,2,5,1,1,1,1,0,1,1,1,1,0,2359,0,0,Jan,0,Hot,Chennai,TANGEDCO,1024.78
13585,4,2,1,0,0,0,1,0,0,1,1,0,0,660,0,0,Jun,12,Hot,Delhi,BSES Yamuna,194.95
13586,5,1,5,0,1,1,1,0,1,1,1,1,0,2122,0,0,Jul,8,Moderate,Mumbai,MSEDCL,424.83
13587,3,2,3,1,0,1,1,0,1,1,0,0,1,1430,0,0,Nov,7,Cold,Delhi,BSES Yamuna,564.36
13588,2,0,3,0,0,0,1,0,0,1,1,0,0,1324,0,0,Aug,4,Moderate,Bangalore,BESCOM,223.75
13589,4,3,3,1,0,1,0,0,0,1,1,1,0,1311,0,0,May,21,Hot,Kolkata,CESC,184.7
13590,4,2,4,1,0,1,1,0,1,1,1,1,0,1871,0,0,Oct,6,Hot,Kolkata,CESC,620.61
13591,3,1,1,1,1,0,0,0,0,0,0,0,0,480,0,0,May,20,Hot,Chennai,TANGEDCO,223.21
13592,6,1,3,1,0,0,0,1,1,1,0,0,0,1445,0,1,Oct,6,Hot,Kolkata,CESC,596.95
13593,4,2,3,1,1,1,1,0,1,1,1,0,0,1546,0,0,Oct,18,Hot,Delhi,BSES Yamuna,356.63
13594,5,4,3,1,0,1,1,0,0,0,1,0,0,1590,0,0,Jun,16,Hot,Delhi,BSES Yamuna,303.13
13595,5,3,4,0,1,1,1,1,1,1,0,1,1,1991,0,1,May,8,Cold,Delhi,BSES Yamuna,609.97
13596,2,0,1,0,0,0,0,0,0,0,0,0,0,727,0,0,Jun,19,Moderate,Bangalore,BESCOM,60.0
13597,4,3,3,0,1,1,0,0,0,1,1,0,0,1414,0,0,Nov,4,Moderate,Mumbai,MSEDCL,348.01
13598,4,3,3,1,1,1,1,0,1,0,1,0,0,1551,0,0,Jun,9,Hot,Delhi,BSES Yamuna,562.73
13599,4,1,2,1,0,0,0,0,0,0,0,1,0,1034,0,0,Oct,6,Moderate,Mumbai,MSEDCL,279.33
13600,4,2,2,0,0,1,0,0,0,0,0,0,0,1166,0,0,May,10,Moderate,Bangalore,BESCOM,135.44
13601,2,1,3,1,0,0,0,0,1,0,1,0,0,1281,0,0,May,17,Hot,Kolkata,CESC,229.86
13602,4,2,4,0,1,1,1,0,1,0,1,0,1,1893,0,1,May,10,Cold,Delhi,BSES Yamuna,504.38
13603,1,0,2,0,1,0,1,0,1,0,1,0,0,1109,0,0,May,9,Hot,Kolkata,CESC,329.43
13604,6,4,4,1,1,0,1,0,1,1,0,0,0,1675,0,0,May,18,Moderate,Mumbai,MSEDCL,262.87
13605,3,2,2,1,0,1,1,0,0,0,1,0,0,814,0,0,Oct,23,Moderate,Mumbai,MSEDCL,60.0
13606,4,0,1,0,0,0,0,0,0,0,0,0,0,619,0,0,Mar,0,Hot,Kolkata,CESC,170.52
13607,1,0,1,0,1,0,1,0,0,0,1,0,1,629,0,0,Jun,19,Hot,Chennai,TANGEDCO,236.87
13608,3,2,1,1,1,0,0,0,0,0,0,0,0,771,0,0,May,13,Moderate,Mumbai,MSEDCL,217.7
13609,1,0,2,1,0,1,1,0,0,1,1,0,0,1064,0,0,Nov,0,Hot,Chennai,TANGEDCO,593.12
13610,3,2,2,1,0,1,0,0,0,0,1,0,0,1063,0,0,Sep,0,Hot,Chennai,TANGEDCO,494.75
13611,6,0,3,1,0,1,1,1,0,1,1,1,0,1309,0,0,May,22,Hot,Delhi,BSES Yamuna,222.2
13612,5,4,3,1,0,0,1,0,0,0,1,1,0,1506,0,0,Jun,23,Hot,Kolkata,CESC,143.22
13613,2,1,1,0,0,0,0,0,0,0,0,0,0,599,0,0,Aug,0,Moderate,Mumbai,MSEDCL,139.12
13614,2,1,2,0,0,1,0,1,1,0,1,0,0,1025,0,0,Feb,8,Moderate,Bangalore,BESCOM,187.75
13615,2,0,2,0,0,0,0,0,1,1,0,1,0,984,0,0,Jul,0,Moderate,Mumbai,MSEDCL,250.11
13616,5,2,3,0,0,0,0,0,0,0,1,1,0,1230,0,0,Mar,0,Hot,Kolkata,CESC,328.46
13617,2,1,1,1,0,1,1,0,0,0,0,0,0,501,0,0,Apr,0,Hot,Delhi,BSES Yamuna,463.43
13618,1,0,1,0,0,0,1,0,0,0,1,0,0,658,0,0,May,8,Hot,Chennai,TANGEDCO,168.75
13619,7,3,5,1,1,1,1,1,1,1,0,1,0,2098,0,1,Dec,19,Moderate,Bangalore,BESCOM,309.9
13620,4,3,4,1,0,1,1,1,1,1,1,0,0,1938,0,1,Dec,9,Hot,Kolkata,CESC,598.36
13621,1,0,2,0,1,1,1,0,1,0,1,0,0,1098,0,0,Nov,7,Moderate,Bangalore,BESCOM,290.75
13622,4,3,2,0,1,1,1,0,1,0,0,0,0,1084,0,0,Jan,0,Moderate,Mumbai,MSEDCL,412.8
13623,4,3,2,1,1,1,0,0,0,1,0,0,0,1065,0,0,Oct,20,Moderate,Mumbai,MSEDCL,154.46
13624,4,0,3,0,0,1,1,0,1,0,1,1,0,1339,0,0,Sep,6,Hot,Chennai,TANGEDCO,356.24
13625,3,0,3,1,0,0,1,0,0,0,1,0,0,1501,0,0,May,23,Moderate,Mumbai,MSEDCL,76.68
13626,1,0,1,0,0,1,1,0,0,1,1,0,0,685,0,0,May,7,Moderate,Mumbai,MSEDCL,175.16
13627,6,1,3,1,0,1,1,0,1,0,1,0,0,1549,0,0,Sep,0,Hot,Kolkata,CESC,738.86
13628,4,2,2,1,0,0,0,0,0,1,0,0,0,1015,0,0,Mar,9,Hot,Chennai,TANGEDCO,330.43
13629,5,1,2,0,1,1,0,0,0,0,0,0,0,831,0,0,Jul,0,Moderate,Bangalore,BESCOM,310.17
13630,5,2,2,1,1,0,0,0,0,1,0,0,0,1102,0,0,Jul,0,Moderate,Bangalore,BESCOM,512.26
13631,5,4,2,0,1,0,0,0,0,0,1,0,0,887,0,0,Jun,17,Moderate,Bangalore,BESCOM,146.66
13632,3,2,2,1,1,0,1,0,0,0,0,0,0,862,0,0,Oct,15,Hot,Kolkata,CESC,317.44
13633,5,3,2,0,0,0,0,1,0,1,1,0,0,1186,0,0,May,5,Hot,Delhi,BSES Yamuna,337.86
13634,2,1,2,1,1,1,0,0,0,1,0,0,0,1078,0,0,May,13,Moderate,Mumbai,MSEDCL,302.43
13635,2,0,1,0,0,0,1,0,0,1,1,0,0,473,0,0,Sep,3,Hot,Kolkata,CESC,235.77
13636,2,1,3,0,0,0,0,0,0,1,1,0,0,1505,0,0,Aug,0,Hot,Delhi,BSES Yamuna,273.21
13637,1,0,2,0,0,0,0,0,0,0,1,1,0,923,0,0,Jun,9,Hot,Chennai,TANGEDCO,167.15
13638,2,0,1,0,0,1,0,1,0,0,1,0,0,668,0,0,May,23,Hot,Kolkata,CESC,99.6
13639,6,4,3,0,1,1,1,0,0,1,1,1,0,1581,0,0,May,11,Moderate,Mumbai,MSEDCL,285.68
13640,6,5,3,0,1,1,1,0,0,1,0,0,0,1484,0,0,Aug,9,Moderate,Mumbai,MSEDCL,328.05
13641,5,4,4,1,1,1,1,0,0,0,1,0,0,1720,0,0,Jan,0,Moderate,Mumbai,MSEDCL,600.22
13642,5,2,2,1,0,1,0,0,1,1,0,1,0,1145,0,0,Jul,3,Hot,Chennai,TANGEDCO,612.01
13643,5,4,2,1,0,1,1,0,0,1,0,0,0,1011,0,0,Apr,7,Hot,Delhi,BSES Yamuna,470.17
13644,6,0,3,0,0,1,1,1,1,0,1,0,0,1588,0,1,Jul,7,Hot,Delhi,BSES Yamuna,424.87
13645,5,2,3,0,1,1,0,0,0,1,0,1,0,1347,0,1,Apr,8,Moderate,Bangalore,BESCOM,321.78
13646,4,1,2,0,0,0,1,0,0,0,0,1,0,877,0,0,May,22,Hot,Kolkata,CESC,84.91
13647,5,2,4,0,1,1,1,0,0,1,1,1,1,1964,0,0,Sep,0,Cold,Delhi,BSES Yamuna,720.73
13648,4,1,1,0,0,1,0,0,0,0,0,0,0,413,0,0,Sep,8,Hot,Delhi,BSES Yamuna,173.36
13649,7,5,6,1,0,1,1,1,1,1,1,0,0,2535,0,0,Apr,2,Hot,Delhi,BSES Yamuna,880.45
13650,4,2,4,1,0,1,1,0,1,0,0,0,0,1903,0,0,May,16,Hot,Chennai,TANGEDCO,311.55
13651,4,3,3,0,1,1,1,0,1,0,0,0,0,1596,0,0,Jun,6,Moderate,Bangalore,BESCOM,317.34
13652,5,1,5,0,1,1,1,0,1,0,1,0,0,2279,0,1,Jun,20,Moderate,Mumbai,MSEDCL,183.2
13653,6,0,3,1,0,1,0,0,0,1,0,0,1,1278,0,0,Aug,0,Hot,Chennai,TANGEDCO,782.03
13654,3,1,2,1,0,1,1,0,1,1,0,0,0,1042,0,0,Jan,3,Hot,Kolkata,CESC,574.53
13655,3,1,2,0,0,0,0,0,1,1,0,0,0,992,0,0,Mar,0,Hot,Kolkata,CESC,296.29
13656,4,1,1,0,0,0,0,0,0,0,0,0,0,641,0,0,Apr,0,Moderate,Mumbai,MSEDCL,116.57
13657,3,1,2,0,0,0,0,1,1,0,0,0,0,850,0,0,Apr,0,Moderate,Mumbai,MSEDCL,231.54
13658,3,1,3,0,0,0,0,1,1,0,0,0,1,1431,0,0,Jan,3,Hot,Delhi,BSES Yamuna,513.55
13659,2,0,2,0,0,1,0,0,0,1,0,0,0,1058,0,0,Nov,3,Moderate,Bangalore,BESCOM,198.62
13660,1,0,2,0,0,1,0,0,0,0,1,0,0,1183,0,0,Apr,0,Hot,Chennai,TANGEDCO,257.96
13661,3,1,3,0,1,1,0,0,0,0,0,0,1,1574,0,1,Feb,0,Cold,Delhi,BSES Yamuna,550.57
13662,4,2,4,1,0,1,1,0,1,1,1,0,0,1817,0,1,May,18,Hot,Delhi,BSES Yamuna,312.06
13663,4,2,1,0,0,0,1,0,0,0,1,1,0,605,0,0,Nov,0,Hot,Kolkata,CESC,285.49
13664,3,2,2,1,1,1,0,1,1,0,1,1,0,1113,0,1,Dec,10,Hot,Kolkata,CESC,580.04
13665,2,1,2,0,0,1,1,0,1,0,1,0,0,1180,0,0,Jul,5,Hot,Delhi,BSES Yamuna,312.1
13666,4,3,3,1,0,1,0,0,0,0,0,0,1,1568,0,0,Apr,6,Hot,Delhi,BSES Yamuna,549.47
13667,3,0,1,1,0,0,0,0,1,0,0,0,1,710,0,0,Jan,0,Hot,Chennai,TANGEDCO,670.83
13668,5,3,3,1,0,1,0,1,0,1,0,0,0,1574,0,0,May,5,Hot,Kolkata,CESC,530.51
13669,3,0,2,1,0,1,1,0,1,1,1,1,0,919,0,0,Mar,0,Hot,Kolkata,CESC,672.85
13670,2,1,2,1,0,1,0,0,0,0,0,0,0,879,0,0,Sep,0,Hot,Delhi,BSES Yamuna,438.76
13671,6,3,5,1,1,1,1,0,1,1,0,0,0,2041,0,0,Dec,19,Moderate,Mumbai,MSEDCL,244.63
13672,1,0,1,0,0,0,0,0,0,0,0,0,0,420,0,0,Feb,0,Hot,Kolkata,CESC,102.98
13673,1,0,2,0,0,1,1,0,0,1,0,0,0,809,0,0,May,24,Moderate,Bangalore,BESCOM,60.0
13674,4,2,1,1,0,0,0,0,0,1,0,1,0,712,0,0,Nov,0,Hot,Kolkata,CESC,513.09
13675,2,0,2,0,0,0,0,0,0,1,0,0,0,952,0,0,Aug,7,Moderate,Bangalore,BESCOM,148.41
13676,5,3,3,1,0,0,1,0,1,1,0,0,0,1511,0,0,Oct,10,Moderate,Mumbai,MSEDCL,331.56
13677,1,0,2,1,0,1,1,1,1,1,1,0,0,1093,0,0,Nov,3,Hot,Kolkata,CESC,656.28
13678,2,1,1,0,0,1,0,0,0,0,0,0,0,485,0,0,May,10,Moderate,Mumbai,MSEDCL,84.01
13679,2,1,2,0,0,0,0,0,0,1,0,0,0,912,0,0,Jul,8,Hot,Chennai,TANGEDCO,153.64
13680,4,2,3,0,0,1,1,0,0,0,0,0,0,1388,0,0,Aug,0,Moderate,Mumbai,MSEDCL,256.03
13681,3,2,3,0,0,1,1,0,0,1,1,1,0,1311,0,0,Jun,15,Moderate,Bangalore,BESCOM,179.43
13682,6,2,3,1,0,1,0,0,0,1,1,0,0,1374,0,0,May,10,Hot,Kolkata,CESC,422.76
13683,3,0,3,0,1,1,1,0,1,1,0,1,0,1509,0,0,Oct,24,Moderate,Bangalore,BESCOM,92.81
13684,3,0,2,0,1,1,1,0,0,0,0,0,0,1101,0,1,Sep,0,Moderate,Mumbai,MSEDCL,380.14
13685,5,4,2,0,1,0,0,0,0,0,0,0,0,803,0,0,May,20,Moderate,Bangalore,BESCOM,100.98
13686,4,1,2,1,0,1,1,0,0,1,0,0,0,1021,0,0,May,20,Hot,Delhi,BSES Yamuna,170.57
13687,2,0,2,0,0,1,0,0,1,1,0,1,0,1020,0,0,Jan,9,Hot,Chennai,TANGEDCO,254.43
13688,4,2,2,1,0,0,0,0,1,0,0,1,0,970,0,0,Oct,7,Moderate,Mumbai,MSEDCL,318.92
13689,3,0,3,1,0,1,0,0,0,0,1,0,0,1517,0,0,May,12,Hot,Kolkata,CESC,327.86
13690,2,0,3,1,0,1,1,0,1,1,1,0,0,1412,0,0,May,5,Hot,Kolkata,CESC,561.07
13691,4,3,5,1,0,0,1,0,0,1,1,0,0,2252,0,0,May,24,Hot,Chennai,TANGEDCO,135.12
13692,3,0,2,0,0,1,0,0,0,0,0,0,1,923,0,0,Jul,0,Cold,Delhi,BSES Yamuna,351.58
13693,2,1,3,1,1,0,1,0,0,0,1,0,0,1327,0,0,May,21,Moderate,Bangalore,BESCOM,156.25
13694,7,4,4,0,1,1,1,0,0,1,0,0,0,1812,0,1,Apr,9,Moderate,Mumbai,MSEDCL,363.28
13695,6,2,3,0,0,0,1,0,1,0,1,1,0,1311,0,0,Oct,19,Moderate,Mumbai,MSEDCL,137.99
13696,2,0,2,0,0,1,1,0,1,0,1,0,0,884,0,0,Apr,7,Hot,Kolkata,CESC,281.04
13697,4,2,2,0,0,1,0,0,0,0,0,0,0,803,0,0,Jan,2,Hot,Chennai,TANGEDCO,221.85
13698,1,0,1,0,0,1,0,0,0,0,1,0,0,464,0,0,Apr,4,Moderate,Bangalore,BESCOM,103.85
13699,2,0,2,1,0,1,0,0,0,1,1,0,0,1117,0,0,May,14,Hot,Chennai,TANGEDCO,282.19
13700,5,1,3,0,1,0,0,1,0,0,1,1,0,1545,0,1,May,6,Moderate,Mumbai,MSEDCL,373.89
13701,3,2,1,1,1,0,0,0,0,0,1,0,0,519,0,0,Sep,0,Moderate,Bangalore,BESCOM,420.72
13702,1,0,2,0,1,1,0,0,0,0,1,0,0,1042,0,0,Apr,0,Moderate,Bangalore,BESCOM,340.39
13703,3,2,3,1,1,1,0,1,0,0,1,1,0,1585,0,0,Sep,8,Moderate,Mumbai,MSEDCL,442.4
13704,5,3,3,1,0,1,0,0,0,0,1,0,0,1336,0,0,Feb,0,Hot,Chennai,TANGEDCO,540.44
13705,3,0,2,0,0,0,0,0,1,1,1,0,0,1046,0,0,May,9,Hot,Chennai,TANGEDCO,231.75
13706,4,1,3,1,0,1,1,0,1,1,1,0,0,1244,0,0,Oct,20,Hot,Chennai,TANGEDCO,224.28
13707,5,2,2,0,1,1,1,0,1,0,1,1,0,945,0,0,May,18,Moderate,Bangalore,BESCOM,203.19
13708,4,2,2,0,0,0,0,0,0,0,0,1,0,1167,0,0,Dec,6,Moderate,Mumbai,MSEDCL,167.34
13709,3,1,2,0,0,1,0,0,0,0,0,0,0,975,0,0,Jun,13,Moderate,Mumbai,MSEDCL,122.32
13710,6,4,3,1,0,1,1,0,0,1,0,0,0,1241,0,0,Sep,0,Hot,Chennai,TANGEDCO,637.48
13711,5,4,5,1,0,1,1,0,1,0,1,1,0,2296,1,1,Jun,21,Hot,Kolkata,CESC,352.37
13712,3,1,1,0,1,0,0,0,0,1,0,0,0,488,0,0,May,7,Moderate,Bangalore,BESCOM,211.73
13713,3,2,3,0,1,1,1,0,1,0,1,0,0,1417,0,0,Feb,0,Moderate,Bangalore,BESCOM,449.46
13714,4,3,2,1,1,0,0,0,0,1,1,0,0,1027,0,0,Mar,0,Moderate,Bangalore,BESCOM,501.98
13715,5,1,3,1,1,0,1,0,1,0,0,0,0,1497,0,0,Jun,22,Hot,Chennai,TANGEDCO,206.22
13716,4,2,1,1,0,0,1,0,0,1,0,0,0,690,0,0,Jun,6,Moderate,Mumbai,MSEDCL,313.26
13717,4,2,2,1,0,0,0,0,1,1,0,0,0,866,0,0,Dec,24,Moderate,Mumbai,MSEDCL,63.7
13718,6,4,4,1,0,1,1,0,0,1,1,1,0,1850,0,0,Oct,23,Hot,Kolkata,CESC,163.18
13719,4,2,3,1,1,1,1,0,0,1,0,0,0,1240,0,0,Oct,21,Hot,Delhi,BSES Yamuna,211.72
13720,3,0,2,0,0,1,0,0,0,1,1,1,1,898,0,0,May,10,Moderate,Mumbai,MSEDCL,252.6
13721,5,2,2,0,1,0,0,0,1,0,0,0,0,1105,0,0,May,10,Moderate,Mumbai,MSEDCL,251.85
13722,3,1,2,1,0,0,1,0,1,0,1,0,0,1159,0,0,Mar,6,Hot,Chennai,TANGEDCO,470.22
13723,2,0,2,0,1,1,1,0,0,0,0,0,0,1141,0,1,Jun,14,Hot,Chennai,TANGEDCO,229.04
13724,7,4,4,1,0,1,1,0,0,1,1,0,0,1678,0,0,Feb,7,Hot,Kolkata,CESC,556.07
13725,6,3,5,1,0,1,1,0,0,1,1,0,0,2300,0,0,May,12,Moderate,Mumbai,MSEDCL,342.01
13726,4,3,2,1,0,0,1,0,0,1,0,0,0,998,0,1,Jun,5,Hot,Chennai,TANGEDCO,484.25
13727,3,0,2,0,1,1,1,0,0,1,0,0,0,946,0,0,Apr,6,Hot,Kolkata,CESC,396.66
13728,3,1,4,1,0,1,1,0,0,1,1,0,0,1705,0,0,Sep,0,Hot,Kolkata,CESC,645.97
13729,5,0,2,0,0,0,0,0,0,0,0,0,0,992,0,0,Jul,0,Hot,Kolkata,CESC,216.14
13730,4,3,3,0,1,1,1,0,1,0,0,0,1,1321,0,0,Mar,3,Cold,Delhi,BSES Yamuna,562.36
13731,3,1,2,1,1,0,0,0,0,1,1,0,0,876,0,0,Dec,22,Hot,Kolkata,CESC,189.46
13732,3,2,3,0,0,1,1,0,0,0,1,0,0,1511,0,0,Jun,9,Hot,Chennai,TANGEDCO,264.65
13733,5,3,3,1,1,0,0,0,1,0,1,0,0,1311,0,0,Jan,0,Hot,Delhi,BSES Yamuna,743.51
13734,6,1,4,1,1,1,1,1,0,0,0,0,0,1948,0,0,May,6,Hot,Delhi,BSES Yamuna,711.66
13735,3,0,3,1,1,1,1,0,1,0,0,0,0,1496,0,0,Dec,16,Moderate,Mumbai,MSEDCL,291.46
13736,2,0,2,0,0,1,1,1,0,1,0,0,0,969,0,0,Nov,4,Cold,Delhi,BSES Yamuna,305.95
13737,2,1,3,0,0,1,0,0,1,1,0,0,0,1205,0,0,Apr,0,Moderate,Bangalore,BESCOM,290.54
13738,7,3,4,1,1,1,0,0,0,1,1,0,0,1796,0,0,Oct,12,Moderate,Bangalore,BESCOM,367.25
13739,4,3,2,1,0,0,0,0,1,0,0,0,1,897,0,0,Jun,19,Moderate,Bangalore,BESCOM,207.05
13740,2,0,2,1,0,1,0,0,0,1,0,1,0,1128,0,0,Jan,0,Hot,Delhi,BSES Yamuna,562.15
13741,2,1,1,0,0,0,0,0,1,0,0,1,0,629,0,0,Sep,0,Hot,Chennai,TANGEDCO,212.65
13742,5,4,2,0,0,1,0,0,0,0,1,0,0,967,0,0,May,17,Hot,Chennai,TANGEDCO,152.65
13743,2,1,2,1,1,0,0,1,0,1,0,0,0,1096,0,0,May,21,Moderate,Bangalore,BESCOM,144.02
13744,2,1,3,1,0,1,1,0,0,1,0,1,0,1464,0,0,May,5,Hot,Kolkata,CESC,517.94
13745,5,0,2,0,0,1,0,0,0,0,0,1,0,807,0,0,Jun,19,Hot,Kolkata,CESC,104.0
13746,3,0,4,0,1,1,1,0,1,0,1,1,0,1771,0,0,Aug,0,Moderate,Mumbai,MSEDCL,474.91
13747,3,0,2,1,1,1,0,0,1,0,1,0,0,1159,0,0,Jun,6,Moderate,Bangalore,BESCOM,390.55
13748,4,2,2,0,0,0,0,0,1,1,0,0,0,994,0,0,Apr,0,Cold,Delhi,BSES Yamuna,239.65
13749,2,0,2,0,0,1,1,0,1,1,0,0,0,1068,0,0,Aug,0,Hot,Delhi,BSES Yamuna,380.07
13750,5,0,2,0,1,1,1,0,0,0,1,0,0,818,0,0,Mar,6,Hot,Chennai,TANGEDCO,399.59
13751,1,0,2,1,0,1,0,0,0,0,0,0,0,1153,0,0,Dec,14,Hot,Chennai,TANGEDCO,237.26
13752,4,0,2,1,0,1,0,0,1,1,0,0,0,1151,0,0,May,10,Hot,Chennai,TANGEDCO,394.2
13753,4,0,2,0,0,0,0,0,1,0,0,0,0,848,0,0,Feb,4,Moderate,Mumbai,MSEDCL,171.44
13754,3,1,3,0,1,1,0,0,1,1,1,0,0,1555,0,0,Jun,15,Moderate,Bangalore,BESCOM,202.74
13755,5,0,3,1,1,1,1,1,0,1,0,0,0,1537,0,0,Jun,18,Moderate,Mumbai,MSEDCL,252.71
13756,2,0,2,0,0,1,1,0,0,0,0,1,0,957,0,0,Jan,0,Hot,Kolkata,CESC,280.34
13757,4,2,3,1,1,1,1,0,1,0,1,0,0,1265,0,0,Jan,0,Hot,Kolkata,CESC,777.1
13758,3,2,3,0,0,1,1,0,1,1,1,0,0,1546,0,0,Dec,22,Moderate,Mumbai,MSEDCL,103.59
13759,2,1,1,0,0,0,0,0,1,0,0,0,0,458,0,0,May,21,Cold,Delhi,BSES Yamuna,60.76
13760,4,3,5,1,0,1,1,0,1,1,1,1,0,2308,0,1,Apr,0,Hot,Chennai,TANGEDCO,858.27
13761,6,5,4,1,0,1,1,0,1,0,1,1,0,1907,0,0,Jun,17,Hot,Kolkata,CESC,369.35
13762,4,3,2,0,0,0,0,0,0,1,0,0,0,1136,0,0,Jan,0,Moderate,Bangalore,BESCOM,196.59
13763,4,1,2,1,0,1,1,0,0,1,0,0,0,958,0,0,Jan,8,Hot,Delhi,BSES Yamuna,453.17
13764,3,1,1,1,1,0,1,0,0,0,0,1,0,670,0,0,Mar,0,Moderate,Mumbai,MSEDCL,488.3
13765,2,1,1,1,0,0,0,0,0,0,0,0,0,520,0,0,Oct,15,Hot,Delhi,BSES Yamuna,191.27
13766,6,4,3,0,1,1,1,0,0,1,0,0,0,1453,0,0,Apr,0,Moderate,Mumbai,MSEDCL,454.5
13767,2,0,2,1,1,0,1,0,0,0,1,0,0,1060,0,0,Jun,6,Hot,Delhi,BSES Yamuna,539.33
13768,2,0,3,0,0,1,1,0,0,1,0,0,0,1334,0,0,Apr,0,Hot,Delhi,BSES Yamuna,335.98
13769,3,2,3,1,0,1,0,0,0,1,1,0,0,1473,0,0,Jun,12,Hot,Kolkata,CESC,315.58
13770,5,0,3,1,0,1,1,1,0,0,0,0,0,1255,0,0,Jun,5,Hot,Kolkata,CESC,539.27
13771,4,2,3,1,0,0,0,0,0,1,0,0,0,1530,0,0,May,10,Hot,Delhi,BSES Yamuna,381.58
13772,1,0,1,0,0,1,0,0,0,1,0,0,0,495,0,0,May,5,Hot,Chennai,TANGEDCO,176.98
13773,3,2,2,0,0,0,0,0,0,0,1,0,0,913,0,0,Jul,0,Moderate,Mumbai,MSEDCL,188.25
13774,2,0,3,1,0,1,0,0,1,0,1,1,0,1556,0,0,Oct,8,Moderate,Bangalore,BESCOM,361.45
13775,1,0,1,0,0,0,0,0,0,0,0,0,0,427,0,0,May,24,Moderate,Bangalore,BESCOM,60.0
13776,3,1,1,1,0,1,0,0,0,0,0,1,1,705,0,0,Jun,20,Hot,Chennai,TANGEDCO,213.68
13777,6,2,4,1,0,1,0,1,0,0,0,0,0,1601,0,0,Oct,7,Hot,Chennai,TANGEDCO,478.91
13778,3,2,3,1,0,1,0,0,1,0,1,0,0,1411,0,0,Apr,9,Hot,Delhi,BSES Yamuna,415.24
13779,4,3,2,1,1,1,1,0,0,0,1,1,0,867,0,0,Dec,18,Moderate,Bangalore,BESCOM,238.69
13780,5,4,3,0,0,0,0,0,0,1,1,0,0,1327,0,0,Sep,0,Hot,Chennai,TANGEDCO,355.02
13781,5,0,3,1,1,1,0,0,0,1,0,0,0,1532,0,0,May,23,Moderate,Mumbai,MSEDCL,116.24
13782,3,1,2,0,0,0,1,0,0,1,0,0,0,823,0,0,May,5,Moderate,Mumbai,MSEDCL,170.26
13783,2,1,1,1,0,1,0,0,1,0,1,0,0,652,0,0,Apr,0,Hot,Kolkata,CESC,521.35
13784,4,2,5,1,1,1,1,1,1,1,0,0,0,2367,1,0,May,12,Hot,Chennai,TANGEDCO,767.58
13785,5,2,2,0,0,0,1,1,0,0,0,1,0,1029,0,0,Jun,11,Hot,Chennai,TANGEDCO,258.56
13786,2,0,1,0,0,0,1,0,1,0,1,0,0,575,0,0,Jan,0,Hot,Kolkata,CESC,299.18
13787,4,0,2,1,1,1,0,0,0,0,0,0,0,1174,0,0,Jan,3,Hot,Delhi,BSES Yamuna,571.35
13788,2,1,3,0,0,1,1,0,0,0,0,1,0,1420,0,0,Dec,10,Hot,Delhi,BSES Yamuna,245.14
13789,2,0,2,1,0,1,0,0,0,0,1,0,0,835,0,0,Apr,6,Hot,Kolkata,CESC,374.63
13790,5,0,2,0,0,1,1,0,0,0,1,1,0,801,0,0,Oct,21,Hot,Chennai,TANGEDCO,123.75
13791,5,2,2,0,0,1,0,0,0,0,0,1,0,1182,0,0,Jun,20,Moderate,Mumbai,MSEDCL,90.78
13792,8,5,6,1,1,1,1,1,1,1,1,1,0,2760,0,0,May,22,Hot,Kolkata,CESC,325.94
13793,5,1,2,0,0,1,0,0,0,1,0,0,1,1073,0,0,Aug,0,Cold,Delhi,BSES Yamuna,449.47
13794,6,0,3,0,0,0,0,1,1,0,0,0,0,1376,0,0,Feb,0,Moderate,Bangalore,BESCOM,322.1
13795,5,2,5,1,1,1,1,1,0,1,1,0,0,2263,0,0,Sep,6,Hot,Kolkata,CESC,761.62
13796,4,0,1,0,1,0,1,0,0,1,1,0,0,585,0,0,Oct,18,Moderate,Bangalore,BESCOM,163.01
13797,5,4,5,1,0,1,1,0,0,1,1,0,0,2014,0,0,May,7,Hot,Delhi,BSES Yamuna,566.22
13798,7,1,5,1,0,1,1,0,1,1,1,1,0,2278,0,0,May,22,Hot,Kolkata,CESC,251.68
13799,3,1,4,1,0,1,1,0,0,1,1,0,0,1793,0,0,Mar,0,Hot,Kolkata,CESC,681.09
13800,4,0,2,1,0,1,0,0,0,0,0,0,0,997,0,0,Oct,18,Hot,Delhi,BSES Yamuna,196.21
13801,4,1,3,0,0,1,1,0,1,0,1,0,0,1548,0,0,Oct,23,Moderate,Mumbai,MSEDCL,72.31
13802,6,2,3,1,1,1,0,0,1,1,1,1,0,1504,0,0,May,22,Hot,Chennai,TANGEDCO,229.0
13803,7,5,6,1,0,1,1,0,0,1,1,0,0,2463,0,1,May,8,Hot,Chennai,TANGEDCO,597.77
13804,1,0,2,1,1,0,0,0,0,0,1,0,0,1089,0,0,May,12,Hot,Chennai,TANGEDCO,366.76
13805,3,1,3,0,1,0,0,0,0,1,1,0,0,1217,0,0,May,24,Moderate,Mumbai,MSEDCL,97.75
13806,3,0,2,1,0,1,0,0,0,1,0,0,0,863,0,0,May,8,Hot,Chennai,TANGEDCO,386.08
13807,3,1,2,0,0,1,1,0,1,1,1,0,0,1161,0,0,Mar,0,Hot,Delhi,BSES Yamuna,430.38
13808,5,0,2,1,1,0,0,0,1,0,0,0,0,1129,0,0,Jan,0,Moderate,Mumbai,MSEDCL,515.81
13809,3,2,3,1,0,1,1,0,0,1,0,1,0,1557,0,0,Sep,0,Hot,Kolkata,CESC,637.83
13810,1,0,2,0,0,1,1,0,0,1,1,0,0,1050,0,0,May,24,Hot,Kolkata,CESC,60.0
13811,3,2,3,0,1,0,1,1,0,0,0,0,1,1216,0,0,May,19,Moderate,Bangalore,BESCOM,188.16
13812,5,1,6,1,1,1,1,0,0,1,0,0,0,2540,0,0,May,16,Hot,Delhi,BSES Yamuna,397.37
13813,3,0,2,0,1,0,1,0,0,0,1,0,0,1107,0,0,May,8,Moderate,Mumbai,MSEDCL,250.48
13814,6,0,3,0,0,1,1,0,1,1,1,0,0,1519,0,0,Feb,0,Moderate,Bangalore,BESCOM,419.82
13815,4,0,2,0,0,0,1,0,0,0,0,0,0,1044,0,0,May,8,Moderate,Mumbai,MSEDCL,137.33
13816,3,2,2,1,1,1,1,0,0,1,0,1,1,1089,0,0,May,9,Hot,Delhi,BSES Yamuna,673.11
13817,6,0,3,1,1,1,0,0,0,1,1,1,0,1550,0,0,Oct,11,Moderate,Mumbai,MSEDCL,398.98
13818,4,1,5,1,1,1,1,0,1,1,1,0,0,2086,0,0,May,18,Hot,Chennai,TANGEDCO,365.06
13819,2,1,3,1,0,1,0,0,0,1,0,0,0,1398,0,0,Feb,0,Hot,Chennai,TANGEDCO,528.68
13820,2,1,3,1,1,0,1,0,1,1,1,1,0,1557,0,0,Sep,9,Hot,Delhi,BSES Yamuna,575.17
13821,4,1,1,0,1,0,0,0,0,0,0,0,0,560,0,0,May,12,Moderate,Mumbai,MSEDCL,159.71
13822,4,2,2,0,0,1,1,0,0,0,0,0,0,939,0,0,Nov,9,Moderate,Mumbai,MSEDCL,173.36
13823,3,1,3,0,0,1,0,0,0,0,1,0,0,1275,0,0,Dec,23,Hot,Chennai,TANGEDCO,61.68
13824,1,0,1,1,0,0,0,0,0,0,1,0,0,418,0,0,Oct,17,Moderate,Mumbai,MSEDCL,129.89
13825,4,1,2,0,1,0,0,0,1,0,0,0,0,1192,0,0,Apr,0,Moderate,Mumbai,MSEDCL,346.01
13826,2,1,3,1,0,0,0,0,0,0,0,0,0,1529,0,0,May,15,Hot,Kolkata,CESC,210.2
13827,4,3,1,0,0,0,1,0,0,0,1,0,0,449,0,0,Sep,6,Cold,Delhi,BSES Yamuna,171.14
13828,1,0,2,0,0,0,0,0,0,1,0,0,1,1031,0,0,May,17,Cold,Delhi,BSES Yamuna,123.2
13829,3,0,3,1,0,0,1,0,1,1,0,1,0,1494,0,0,May,14,Hot,Chennai,TANGEDCO,338.08
13830,6,4,3,0,1,0,1,0,1,1,0,0,0,1593,0,0,May,16,Moderate,Mumbai,MSEDCL,202.29
13831,4,1,5,1,1,1,1,1,1,0,1,0,0,2011,0,0,Jun,12,Moderate,Mumbai,MSEDCL,433.46
13832,6,1,3,1,0,1,1,0,1,0,1,1,1,1534,0,0,Oct,13,Hot,Chennai,TANGEDCO,539.6
13833,1,0,2,0,0,1,1,0,1,0,0,0,0,814,0,0,Jun,6,Hot,Chennai,TANGEDCO,249.65
13834,5,0,5,0,1,1,1,0,0,1,0,0,0,2027,0,0,Jun,11,Moderate,Mumbai,MSEDCL,306.32
13835,6,1,3,1,0,1,1,0,0,1,1,0,0,1587,0,0,Aug,8,Hot,Delhi,BSES Yamuna,513.38
13836,4,0,2,1,1,0,1,0,0,0,0,0,0,1091,1,0,Sep,9,Moderate,Mumbai,MSEDCL,531.92
13837,1,0,1,0,0,0,1,1,0,1,0,0,0,774,0,0,Nov,0,Hot,Chennai,TANGEDCO,343.23
13838,2,1,3,0,0,1,1,0,0,1,0,1,0,1520,0,0,Apr,2,Hot,Kolkata,CESC,332.09
13839,5,0,3,1,1,0,1,0,0,1,0,1,0,1449,0,0,Dec,23,Hot,Chennai,TANGEDCO,158.63
13840,3,0,3,0,1,1,1,1,1,0,0,0,0,1297,0,0,May,16,Moderate,Bangalore,BESCOM,215.94
13841,4,2,3,1,1,1,1,0,1,1,1,0,0,1502,0,0,May,18,Hot,Delhi,BSES Yamuna,361.33
13842,2,1,3,1,0,1,0,1,0,1,0,0,0,1536,0,0,Jun,6,Hot,Kolkata,CESC,469.98
13843,7,4,6,1,0,1,1,0,1,1,1,0,0,2438,0,0,May,15,Hot,Delhi,BSES Yamuna,421.59
13844,5,3,3,0,0,1,1,0,1,0,0,0,0,1237,0,0,Apr,0,Hot,Delhi,BSES Yamuna,401.46
13845,3,1,1,1,0,0,0,0,0,0,0,0,0,699,0,0,Dec,5,Hot,Kolkata,CESC,320.92
13846,3,2,4,1,0,1,1,1,0,1,1,0,0,1778,0,0,Mar,0,Moderate,Bangalore,BESCOM,565.58
13847,5,2,2,0,0,1,0,0,1,0,1,0,0,896,0,0,Dec,18,Hot,Chennai,TANGEDCO,117.29
13848,5,0,3,1,1,1,1,0,0,1,1,1,0,1579,0,0,Jun,13,Hot,Delhi,BSES Yamuna,496.28
13849,8,3,5,1,1,1,1,1,1,1,1,0,0,2281,0,0,Dec,23,Moderate,Bangalore,BESCOM,207.52
13850,3,2,3,1,1,0,1,0,1,0,0,0,0,1437,0,0,Oct,15,Hot,Kolkata,CESC,355.85
13851,4,0,3,1,0,1,0,0,0,0,1,0,0,1363,0,0,Jun,6,Hot,Delhi,BSES Yamuna,442.22
13852,4,1,2,1,0,1,1,0,1,0,0,0,0,896,0,0,Jun,9,Hot,Kolkata,CESC,426.53
13853,1,0,2,1,1,0,0,1,0,1,0,0,0,1056,0,0,Dec,22,Moderate,Bangalore,BESCOM,123.77
13854,1,0,2,1,0,0,1,0,0,0,1,1,0,1108,0,0,Jun,20,Hot,Chennai,TANGEDCO,166.4
13855,4,2,3,1,1,1,1,0,1,1,1,1,0,1461,0,0,Apr,5,Moderate,Bangalore,BESCOM,585.29
13856,6,2,3,0,0,1,0,0,0,1,0,0,0,1492,0,0,Dec,9,Hot,Kolkata,CESC,264.55
13857,6,0,3,0,0,0,1,0,0,1,0,0,0,1457,0,0,May,9,Moderate,Mumbai,MSEDCL,187.58
13858,4,0,2,1,0,1,1,0,0,1,1,0,0,1048,0,0,Feb,2,Hot,Delhi,BSES Yamuna,591.89
13859,4,3,2,0,1,1,0,0,1,0,0,0,0,1044,0,0,Aug,7,Hot,Delhi,BSES Yamuna,344.11
13860,6,4,3,1,0,1,0,1,0,1,1,1,0,1450,0,0,May,16,Hot,Chennai,TANGEDCO,320.13
13861,4,3,2,0,0,0,1,0,1,0,0,0,0,922,0,0,May,24,Hot,Chennai,TANGEDCO,71.55
13862,6,2,3,1,1,1,1,0,0,0,0,1,0,1524,1,0,Jun,5,Moderate,Bangalore,BESCOM,715.29
13863,4,3,3,0,0,1,0,0,1,1,1,0,0,1368,0,0,Feb,0,Moderate,Mumbai,MSEDCL,325.14
13864,5,1,3,1,1,1,1,1,0,0,0,0,0,1374,0,0,Jul,0,Moderate,Mumbai,MSEDCL,647.7
13865,5,3,2,1,0,0,1,0,1,0,1,1,0,1068,0,0,Jun,13,Hot,Kolkata,CESC,363.71
13866,6,1,4,0,1,1,1,0,1,1,0,0,0,1803,0,1,May,14,Moderate,Mumbai,MSEDCL,278.68
13867,1,0,2,0,1,0,0,0,0,0,0,0,0,1124,0,0,Nov,2,Hot,Delhi,BSES Yamuna,270.96
13868,8,5,6,0,1,1,1,1,1,1,1,0,0,2465,0,0,Oct,5,Moderate,Bangalore,BESCOM,567.61
13869,2,1,1,0,0,0,0,0,1,0,0,0,0,714,0,0,Jun,22,Moderate,Bangalore,BESCOM,60.0
13870,1,0,1,1,0,0,0,0,0,0,0,0,0,723,0,0,Jun,22,Hot,Kolkata,CESC,101.75
13871,4,3,4,0,0,1,1,0,1,1,1,0,0,1658,0,0,Oct,10,Moderate,Mumbai,MSEDCL,264.82
13872,5,4,2,0,0,1,0,0,1,1,1,0,0,1018,0,0,May,16,Hot,Kolkata,CESC,215.94
13873,3,0,3,1,0,1,1,0,1,0,0,1,0,1572,0,0,Jul,4,Hot,Kolkata,CESC,548.39
13874,7,0,4,1,0,1,1,0,0,1,1,0,0,1865,0,0,Jun,14,Hot,Chennai,TANGEDCO,379.84
13875,6,3,4,1,0,1,1,0,0,0,1,0,0,1740,0,0,May,5,Hot,Kolkata,CESC,546.58
13876,5,4,6,1,1,1,1,0,1,1,1,1,1,2635,0,0,Dec,23,Cold,Delhi,BSES Yamuna,221.03
13877,1,0,2,1,0,1,0,1,0,1,1,0,0,1185,0,0,Jan,9,Hot,Kolkata,CESC,420.51
13878,5,2,3,1,0,1,1,0,1,0,1,0,0,1417,0,0,May,8,Hot,Chennai,TANGEDCO,495.11
13879,2,1,1,0,0,0,0,0,0,1,1,0,0,414,0,0,Nov,0,Hot,Delhi,BSES Yamuna,222.76
13880,1,0,2,0,1,1,0,0,0,1,1,0,0,1101,0,0,Nov,0,Moderate,Mumbai,MSEDCL,330.14
13881,6,2,4,1,1,1,0,0,0,1,1,1,1,1737,0,0,Aug,0,Cold,Delhi,BSES Yamuna,875.28
13882,5,1,2,1,0,0,0,0,0,1,0,0,0,1031,0,0,Jun,23,Moderate,Bangalore,BESCOM,83.57
13883,6,5,3,1,0,0,0,0,0,0,0,0,0,1288,0,0,Jul,5,Hot,Chennai,TANGEDCO,422.35
13884,2,1,3,1,0,1,1,1,1,0,0,0,0,1276,0,0,May,6,Moderate,Mumbai,MSEDCL,417.78
13885,4,1,3,1,0,0,1,0,1,0,0,1,1,1335,0,1,May,14,Hot,Chennai,TANGEDCO,448.62
13886,8,2,5,1,1,1,1,0,0,1,1,0,0,2109,0,0,Jun,15,Hot,Chennai,TANGEDCO,473.14
13887,4,3,1,0,0,0,1,0,0,0,1,0,0,752,0,0,Feb,0,Hot,Chennai,TANGEDCO,277.32
13888,4,0,3,0,0,1,1,0,0,0,0,0,0,1500,0,0,Oct,13,Moderate,Bangalore,BESCOM,133.84
13889,6,2,4,1,1,1,1,0,1,0,0,1,1,1690,0,0,May,21,Moderate,Bangalore,BESCOM,254.75
13890,3,1,2,0,0,1,1,0,0,0,0,1,1,1169,0,0,Oct,10,Cold,Delhi,BSES Yamuna,294.12
13891,1,0,1,0,0,1,1,0,0,0,0,0,0,589,0,0,May,8,Moderate,Bangalore,BESCOM,139.8
13892,3,2,3,1,1,0,1,1,1,1,0,1,0,1272,0,0,May,17,Hot,Delhi,BSES Yamuna,362.33
13893,2,1,2,1,0,1,1,0,0,1,0,0,0,972,0,0,Apr,3,Moderate,Bangalore,BESCOM,377.0
13894,1,0,2,0,0,1,0,0,0,1,1,0,0,834,0,0,Jun,9,Hot,Delhi,BSES Yamuna,176.24
13895,4,3,4,1,1,1,1,1,1,1,1,0,0,1809,0,1,Jun,23,Moderate,Bangalore,BESCOM,180.94
13896,2,1,3,1,0,0,0,0,1,0,1,1,0,1497,0,0,Nov,0,Hot,Chennai,TANGEDCO,540.27
13897,8,4,5,1,0,1,1,0,1,1,1,0,0,2132,0,0,May,21,Hot,Kolkata,CESC,268.67
13898,5,4,4,1,0,1,1,0,0,0,1,0,0,1882,0,0,Jun,11,Hot,Chennai,TANGEDCO,407.57
13899,3,2,3,1,1,1,1,1,0,1,0,0,0,1397,0,0,Aug,9,Hot,Delhi,BSES Yamuna,553.12
13900,1,0,1,0,0,0,0,0,0,0,0,0,0,431,0,0,May,17,Hot,Chennai,TANGEDCO,60.0
13901,2,0,2,0,1,1,0,0,1,0,0,1,1,935,0,0,Oct,12,Cold,Delhi,BSES Yamuna,321.73
13902,4,1,2,0,0,1,0,0,0,1,1,0,0,1047,0,0,May,16,Moderate,Mumbai,MSEDCL,100.53
13903,3,1,4,1,0,0,1,0,1,0,0,1,0,1958,0,1,Jun,21,Hot,Chennai,TANGEDCO,204.83
13904,1,0,2,1,0,0,1,0,0,1,0,0,0,1140,0,0,Jun,20,Moderate,Mumbai,MSEDCL,146.24
13905,5,0,2,0,0,1,1,0,1,0,0,1,0,945,0,0,May,20,Hot,Chennai,TANGEDCO,126.54
13906,5,4,3,0,1,1,1,0,0,0,1,0,1,1533,0,0,Apr,0,Cold,Delhi,BSES Yamuna,636.08
13907,3,0,2,1,1,1,1,0,0,0,0,0,1,942,0,0,Jun,21,Hot,Delhi,BSES Yamuna,280.09
13908,4,2,2,0,1,1,1,1,0,0,1,1,0,1033,0,0,May,9,Moderate,Mumbai,MSEDCL,276.41
13909,5,1,3,0,1,1,0,0,0,0,0,0,0,1243,0,0,May,8,Hot,Delhi,BSES Yamuna,317.21
13910,2,1,1,1,0,0,0,0,0,0,0,0,0,431,0,1,May,7,Moderate,Mumbai,MSEDCL,229.13
13911,3,0,1,0,0,0,0,0,0,0,0,0,0,630,0,0,Jul,2,Hot,Kolkata,CESC,142.22
13912,3,0,2,0,0,0,1,0,0,0,0,0,0,827,0,0,Aug,0,Moderate,Mumbai,MSEDCL,189.34
13913,5,1,3,0,0,0,1,0,1,0,0,0,0,1359,0,0,May,24,Hot,Kolkata,CESC,64.75
13914,3,2,3,1,1,0,1,0,1,0,0,1,0,1532,0,0,Mar,0,Hot,Chennai,TANGEDCO,765.47
13915,2,0,2,0,0,0,1,0,0,0,1,0,0,1006,0,0,Sep,0,Hot,Chennai,TANGEDCO,263.75
13916,5,3,3,0,0,1,0,0,0,0,0,0,0,1217,0,0,Jul,0,Moderate,Mumbai,MSEDCL,208.55
13917,2,1,2,0,0,0,1,1,1,1,0,0,0,902,0,0,Oct,8,Moderate,Bangalore,BESCOM,257.33
13918,6,1,5,1,0,1,1,0,1,0,1,0,0,2069,0,0,May,15,Moderate,Mumbai,MSEDCL,308.66
13919,4,1,1,0,0,0,0,0,0,0,0,0,0,518,0,0,Nov,0,Moderate,Bangalore,BESCOM,100.4
13920,4,3,3,1,0,1,0,0,1,0,1,0,0,1338,0,0,May,8,Hot,Chennai,TANGEDCO,449.36
13921,4,3,4,1,0,1,1,0,1,0,0,0,0,1759,0,0,May,24,Hot,Chennai,TANGEDCO,133.53
13922,5,3,4,0,1,1,1,0,0,1,0,0,0,1831,0,0,Jun,14,Cold,Delhi,BSES Yamuna,248.72
13923,1,0,2,0,1,1,1,0,0,0,1,0,1,947,0,0,Dec,19,Moderate,Bangalore,BESCOM,177.22
13924,3,1,2,1,0,1,1,0,0,0,1,0,0,1152,0,0,Apr,0,Moderate,Mumbai,MSEDCL,446.55
13925,5,2,3,1,0,0,1,0,0,0,0,0,0,1591,0,0,Oct,18,Hot,Chennai,TANGEDCO,217.79
13926,1,0,1,1,0,0,0,0,0,0,1,1,0,642,1,0,Jan,8,Hot,Kolkata,CESC,535.96
13927,4,2,4,1,0,1,1,0,1,1,0,1,0,1634,0,0,Apr,0,Moderate,Bangalore,BESCOM,556.28
13928,3,1,3,0,0,0,1,1,0,0,1,0,1,1524,0,0,May,7,Moderate,Bangalore,BESCOM,348.0
13929,4,0,3,0,1,0,1,0,0,1,1,0,0,1581,0,1,Jun,6,Moderate,Bangalore,BESCOM,359.69
13930,3,2,1,0,0,0,0,0,0,0,0,0,0,754,0,0,Mar,6,Hot,Kolkata,CESC,142.81
13931,6,0,3,1,0,1,1,0,1,0,1,0,0,1438,0,0,Mar,9,Hot,Chennai,TANGEDCO,478.79
13932,6,0,3,1,0,0,1,1,0,1,0,1,0,1533,0,0,Mar,0,Hot,Kolkata,CESC,740.93
13933,6,4,4,0,1,0,1,1,0,1,1,0,0,1748,0,0,Jul,0,Moderate,Bangalore,BESCOM,523.9
13934,1,0,1,0,0,1,0,1,1,0,0,0,0,510,0,0,Mar,0,Moderate,Mumbai,MSEDCL,242.79
13935,4,3,1,0,0,1,0,0,0,0,1,0,0,416,0,0,May,5,Moderate,Mumbai,MSEDCL,135.58
13936,2,1,2,1,0,0,1,0,0,1,0,1,0,1025,0,0,Apr,0,Hot,Delhi,BSES Yamuna,557.72
13937,3,1,1,0,0,0,0,0,0,0,0,0,0,539,0,0,May,20,Cold,Delhi,BSES Yamuna,60.0
13938,5,2,3,0,1,1,1,0,0,0,1,1,0,1343,0,0,Aug,0,Hot,Kolkata,CESC,544.3
13939,5,1,4,1,1,1,1,0,1,0,0,0,0,1859,0,1,May,20,Hot,Kolkata,CESC,288.86
13940,3,1,2,0,0,1,0,0,0,1,1,0,0,1016,0,1,Jun,20,Cold,Delhi,BSES Yamuna,103.87
13941,6,0,4,0,1,1,1,0,1,1,0,0,0,1761,0,0,Apr,0,Moderate,Bangalore,BESCOM,535.79
13942,4,1,1,0,0,0,0,0,0,0,0,0,0,491,1,1,Aug,6,Hot,Chennai,TANGEDCO,417.48
13943,5,3,2,0,0,0,1,0,0,0,0,0,0,973,0,0,Sep,0,Hot,Kolkata,CESC,332.09
13944,4,1,1,0,0,0,0,0,0,1,0,0,1,730,0,0,May,15,Moderate,Mumbai,MSEDCL,162.9
13945,1,0,2,1,0,1,0,1,0,1,0,0,0,1004,0,0,Jan,0,Hot,Kolkata,CESC,531.16
13946,7,1,4,1,0,1,1,0,0,0,0,0,0,1752,0,0,Mar,9,Hot,Kolkata,CESC,458.67
13947,1,0,1,1,0,0,0,0,0,0,1,1,0,502,0,0,May,9,Moderate,Bangalore,BESCOM,212.48
13948,5,0,3,1,1,1,1,0,0,1,1,0,0,1401,0,0,May,8,Moderate,Bangalore,BESCOM,435.83
13949,1,0,2,1,0,1,1,0,0,0,1,0,0,1079,0,1,May,7,Hot,Kolkata,CESC,444.71
13950,5,3,5,1,1,1,1,1,0,0,1,0,1,2064,0,1,Jun,9,Moderate,Mumbai,MSEDCL,611.39
13951,1,0,1,0,0,0,0,0,0,0,0,0,0,516,0,0,Apr,0,Hot,Kolkata,CESC,141.24
13952,5,0,2,0,0,0,1,0,0,0,0,1,0,952,0,0,May,10,Hot,Chennai,TANGEDCO,202.63
13953,1,0,1,0,1,0,1,0,0,1,0,1,0,555,0,0,Apr,6,Hot,Chennai,TANGEDCO,315.54
13954,3,1,2,1,0,0,1,0,0,0,0,0,0,963,0,0,Dec,5,Hot,Kolkata,CESC,381.45
13955,3,1,2,1,0,1,1,0,0,1,0,0,0,881,0,0,Jan,4,Moderate,Mumbai,MSEDCL,357.12
13956,6,2,4,1,0,1,0,0,1,1,1,0,0,1605,0,0,Jan,0,Hot,Chennai,TANGEDCO,717.4
13957,5,2,3,1,0,1,1,0,0,0,0,1,0,1521,0,0,Jun,19,Hot,Chennai,TANGEDCO,232.63
13958,4,0,3,1,1,1,1,0,0,0,0,0,0,1266,0,0,Feb,2,Hot,Delhi,BSES Yamuna,651.22
13959,6,2,3,1,1,1,1,0,0,1,0,0,0,1437,0,0,Oct,22,Hot,Kolkata,CESC,208.38
13960,3,1,1,1,0,0,0,0,0,0,0,0,0,471,0,0,Oct,19,Hot,Kolkata,CESC,162.68
13961,1,0,2,0,0,0,0,0,0,1,0,0,0,894,0,0,May,21,Hot,Delhi,BSES Yamuna,64.2
13962,5,3,6,1,1,1,1,1,1,1,1,0,0,2703,1,0,Oct,5,Moderate,Mumbai,MSEDCL,899.82
13963,5,4,4,1,0,1,1,0,0,1,1,0,0,1925,0,0,Aug,0,Hot,Kolkata,CESC,709.38
13964,6,3,4,1,0,0,1,0,1,1,0,0,0,1677,0,0,Mar,0,Hot,Delhi,BSES Yamuna,711.85
13965,5,2,4,1,0,1,1,0,1,1,1,1,0,1666,0,0,Oct,17,Hot,Kolkata,CESC,339.61
13966,2,0,1,0,0,0,0,0,0,0,1,1,0,575,0,0,Oct,18,Moderate,Bangalore,BESCOM,60.0
13967,3,2,2,1,1,0,1,0,0,0,0,0,0,1120,0,0,May,8,Moderate,Mumbai,MSEDCL,379.43
13968,4,1,1,0,0,0,0,0,0,1,0,0,0,571,0,0,Sep,5,Hot,Kolkata,CESC,189.42
13969,5,3,2,1,0,1,0,0,0,0,0,0,0,1054,0,0,Oct,19,Hot,Delhi,BSES Yamuna,181.93
13970,2,0,1,0,0,0,0,1,0,0,0,0,0,462,0,0,Aug,0,Moderate,Mumbai,MSEDCL,156.17
13971,3,2,2,1,0,0,0,0,0,1,1,0,0,1101,0,0,Feb,8,Hot,Chennai,TANGEDCO,375.56
13972,5,1,3,0,1,0,0,0,1,1,1,0,0,1445,0,0,Feb,5,Hot,Delhi,BSES Yamuna,455.84
13973,3,1,4,1,1,1,1,0,1,1,1,1,0,1791,0,0,Dec,16,Moderate,Mumbai,MSEDCL,349.74
13974,3,0,3,0,0,1,0,0,0,0,1,1,0,1528,0,0,Jun,16,Moderate,Bangalore,BESCOM,116.32
13975,8,3,5,0,0,1,0,0,1,1,1,1,0,2070,0,0,Jun,9,Moderate,Mumbai,MSEDCL,296.75
13976,4,0,1,1,0,1,0,0,0,0,1,0,0,765,0,0,Nov,0,Hot,Chennai,TANGEDCO,487.21
13977,2,0,1,1,0,0,0,0,0,0,0,0,0,628,0,0,Jan,0,Moderate,Mumbai,MSEDCL,285.25
13978,4,0,3,0,0,0,0,0,1,1,0,0,1,1262,0,0,May,17,Cold,Delhi,BSES Yamuna,204.78
13979,2,0,2,0,0,1,1,0,1,0,1,1,0,1096,0,0,Jun,12,Hot,Kolkata,CESC,265.32
13980,1,0,2,0,1,1,1,0,0,0,0,0,1,1044,0,0,Jan,0,Cold,Delhi,BSES Yamuna,501.01
13981,2,0,2,1,0,1,0,0,0,1,1,1,0,806,0,0,Jun,17,Hot,Chennai,TANGEDCO,246.79
13982,2,0,2,1,1,1,0,0,0,1,1,0,0,1192,0,0,Oct,23,Hot,Chennai,TANGEDCO,162.93
13983,4,2,3,0,1,1,1,0,1,1,0,0,0,1459,1,0,Feb,0,Moderate,Mumbai,MSEDCL,696.01
13984,3,0,2,0,0,0,0,0,0,1,0,0,0,888,0,0,Oct,23,Moderate,Mumbai,MSEDCL,60.0
13985,6,4,3,1,0,0,0,0,1,1,0,0,0,1376,0,0,Dec,23,Hot,Chennai,TANGEDCO,152.54
13986,4,2,3,0,0,1,1,0,1,0,0,0,0,1403,0,0,Nov,4,Hot,Chennai,TANGEDCO,352.49
13987,2,0,2,0,1,1,1,0,1,0,0,1,0,933,0,0,Jun,20,Hot,Kolkata,CESC,179.11
13988,1,0,2,0,1,0,1,0,1,0,0,0,1,881,0,0,Oct,14,Cold,Delhi,BSES Yamuna,267.79
13989,3,0,2,0,0,0,0,0,0,0,0,0,0,820,0,0,Sep,0,Moderate,Mumbai,MSEDCL,146.19
13990,5,1,2,1,0,0,0,0,0,1,1,1,0,1198,0,0,Oct,21,Hot,Chennai,TANGEDCO,147.71
13991,6,4,3,1,0,1,1,0,0,1,0,0,0,1327,0,1,May,24,Hot,Kolkata,CESC,143.73
13992,3,1,3,0,1,1,0,0,0,1,0,0,0,1394,0,0,May,7,Moderate,Mumbai,MSEDCL,254.61
13993,4,1,3,1,0,1,0,0,1,0,0,0,0,1393,0,0,Apr,0,Moderate,Bangalore,BESCOM,456.0
13994,3,0,2,1,0,0,1,0,1,1,0,0,0,983,0,0,Feb,7,Hot,Kolkata,CESC,463.03
13995,6,0,3,1,1,1,1,0,0,1,0,0,0,1446,0,0,Jun,23,Hot,Delhi,BSES Yamuna,170.21
13996,4,0,3,0,1,1,0,1,1,1,1,1,1,1560,0,0,May,24,Cold,Delhi,BSES Yamuna,153.19
13997,2,1,2,1,0,0,0,0,1,0,0,0,0,1159,0,0,Jun,12,Moderate,Mumbai,MSEDCL,223.77
13998,2,1,3,0,1,1,1,1,0,0,1,0,0,1523,0,0,Dec,13,Moderate,Mumbai,MSEDCL,243.71
13999,2,1,2,0,0,0,1,0,0,0,0,1,1,959,0,0,Feb,0,Cold,Delhi,BSES Yamuna,380.76
14000,4,0,3,0,0,0,1,0,1,1,1,0,0,1393,0,0,Oct,24,Hot,Kolkata,CESC,93.87
14001,3,0,3,1,0,1,1,1,0,0,1,0,0,1309,0,0,Feb,8,Hot,Delhi,BSES Yamuna,467.65
14002,2,0,1,0,0,0,0,0,0,1,0,0,0,465,0,0,Jul,0,Hot,Chennai,TANGEDCO,168.32
14003,5,4,3,0,0,1,0,0,0,0,0,0,0,1453,0,0,May,8,Moderate,Bangalore,BESCOM,151.64
14004,3,0,1,1,0,0,0,0,0,0,0,0,0,682,0,0,Mar,0,Hot,Kolkata,CESC,399.01
14005,2,0,1,0,0,0,0,0,1,0,0,0,0,459,0,0,Sep,0,Hot,Kolkata,CESC,211.69
14006,7,5,5,0,1,1,0,0,1,0,1,0,0,2117,0,1,Jul,0,Moderate,Mumbai,MSEDCL,501.87
14007,6,1,5,0,1,1,1,1,1,1,1,0,0,2043,0,1,Jun,10,Moderate,Mumbai,MSEDCL,419.06
14008,3,2,1,1,0,0,1,0,0,0,0,0,0,609,0,0,Dec,22,Hot,Delhi,BSES Yamuna,129.53
14009,1,0,2,1,1,0,0,0,0,0,1,0,0,835,0,0,Jan,3,Moderate,Bangalore,BESCOM,387.57
14010,2,1,2,0,0,1,0,0,1,0,1,0,0,818,0,0,May,9,Hot,Kolkata,CESC,174.72
14011,1,0,2,1,0,1,1,0,0,0,0,0,0,890,0,0,Jun,7,Hot,Kolkata,CESC,366.87
14012,5,1,4,1,1,1,1,0,0,0,1,0,0,1900,0,1,May,18,Moderate,Mumbai,MSEDCL,256.79
14013,6,1,5,1,1,1,1,0,1,1,1,1,0,2211,0,1,Jul,4,Moderate,Bangalore,BESCOM,669.38
14014,6,1,3,1,0,1,1,0,1,0,0,1,0,1421,0,0,Oct,5,Hot,Kolkata,CESC,568.37
14015,1,0,2,1,1,1,0,0,1,1,0,0,0,1016,0,0,Jul,0,Moderate,Bangalore,BESCOM,540.5
14016,4,0,3,1,1,0,0,0,0,1,0,0,0,1422,0,0,Jun,9,Moderate,Mumbai,MSEDCL,375.42
14017,4,2,2,0,0,1,0,0,0,0,0,0,0,897,0,0,Aug,0,Hot,Chennai,TANGEDCO,225.59
14018,7,1,4,1,1,1,1,0,0,0,1,0,0,1618,0,0,Mar,0,Hot,Chennai,TANGEDCO,827.14
14019,4,0,4,0,1,0,1,0,1,0,1,1,0,1896,0,0,Jun,17,Moderate,Mumbai,MSEDCL,195.4
14020,6,0,3,1,0,1,1,0,0,0,1,0,0,1225,0,0,May,17,Moderate,Mumbai,MSEDCL,200.82
14021,2,1,2,0,1,0,0,0,0,1,0,1,0,827,0,0,May,15,Hot,Delhi,BSES Yamuna,200.96
14022,4,3,2,0,0,0,0,0,1,0,1,0,0,863,0,0,Jun,17,Moderate,Mumbai,MSEDCL,95.17
14023,2,0,1,0,0,1,0,0,0,0,1,1,0,723,0,0,Oct,13,Moderate,Bangalore,BESCOM,106.51
14024,3,0,4,1,1,0,0,0,0,1,1,1,0,1822,0,0,May,5,Hot,Chennai,TANGEDCO,628.3
14025,2,0,2,1,1,1,0,0,1,0,0,0,0,879,0,1,Aug,7,Moderate,Bangalore,BESCOM,399.67
14026,2,1,2,1,0,1,1,0,0,0,1,0,0,850,0,1,Jun,6,Hot,Chennai,TANGEDCO,436.98
14027,5,2,2,1,0,1,1,0,0,0,0,0,0,901,0,0,Nov,0,Moderate,Mumbai,MSEDCL,447.61
14028,6,4,4,1,1,1,1,0,0,1,1,0,0,1775,0,0,May,22,Hot,Kolkata,CESC,247.85
14029,2,1,1,1,1,0,0,0,0,0,0,0,0,409,0,0,Oct,16,Moderate,Bangalore,BESCOM,185.71
14030,3,2,4,1,0,1,1,0,1,1,0,0,0,1836,0,1,Oct,23,Moderate,Mumbai,MSEDCL,118.57
14031,7,3,4,1,1,1,1,0,1,0,0,0,0,1699,0,0,May,20,Moderate,Bangalore,BESCOM,239.67
14032,7,2,5,1,1,1,1,1,0,1,0,1,0,2377,0,0,May,24,Moderate,Mumbai,MSEDCL,150.11
14033,4,1,2,1,0,0,1,0,1,0,0,0,0,1027,0,0,May,18,Hot,Kolkata,CESC,220.53
14034,3,0,2,0,0,0,0,1,0,0,0,0,0,863,0,0,May,23,Hot,Chennai,TANGEDCO,81.17
14035,1,0,2,1,0,0,0,0,1,1,0,0,0,1179,0,0,Apr,0,Hot,Kolkata,CESC,505.81
14036,5,2,2,0,1,1,1,0,0,1,0,1,0,818,0,0,Oct,20,Hot,Chennai,TANGEDCO,185.88
14037,5,1,2,1,1,1,1,0,0,0,0,0,0,1131,0,0,Apr,9,Hot,Chennai,TANGEDCO,495.86
14038,2,1,3,0,1,1,0,0,0,1,0,0,0,1517,0,1,May,17,Moderate,Bangalore,BESCOM,154.95
14039,4,1,2,0,0,1,0,0,1,0,1,0,0,940,0,0,Oct,14,Moderate,Bangalore,BESCOM,148.6
14040,4,3,4,1,1,1,1,0,1,1,0,0,1,1624,0,0,Jun,22,Cold,Delhi,BSES Yamuna,241.71
14041,1,0,1,0,0,0,0,0,0,0,1,0,0,627,0,0,Mar,0,Hot,Chennai,TANGEDCO,180.86
14042,6,5,3,1,0,1,1,0,0,1,0,0,0,1288,0,0,May,10,Moderate,Mumbai,MSEDCL,349.55
14043,2,1,3,1,0,0,1,0,0,1,0,0,1,1291,0,0,Aug,5,Hot,Delhi,BSES Yamuna,630.86
14044,5,2,3,1,1,1,0,0,1,0,0,1,0,1241,0,0,May,13,Moderate,Bangalore,BESCOM,357.46
14045,5,4,4,0,0,1,1,1,0,1,0,0,1,1972,0,0,May,20,Cold,Delhi,BSES Yamuna,192.33
14046,4,2,3,1,0,1,1,0,0,0,1,0,0,1494,0,0,May,10,Hot,Delhi,BSES Yamuna,387.73
14047,5,4,5,1,1,1,1,0,1,1,0,1,1,2388,0,0,Apr,0,Moderate,Mumbai,MSEDCL,902.65
14048,2,0,2,0,1,1,0,1,0,0,0,0,1,880,0,0,May,17,Cold,Delhi,BSES Yamuna,220.23
14049,5,4,3,1,1,0,1,0,0,1,0,0,0,1306,0,1,Apr,0,Hot,Chennai,TANGEDCO,787.55
14050,2,1,1,0,0,1,0,0,0,0,0,0,0,510,0,0,May,24,Moderate,Mumbai,MSEDCL,60.0
14051,2,0,1,0,0,0,0,1,1,0,0,1,0,676,0,0,Jun,18,Hot,Chennai,TANGEDCO,113.57
14052,3,1,2,0,0,1,0,0,1,0,0,0,0,1013,0,0,Jul,0,Moderate,Bangalore,BESCOM,217.16
14053,4,0,1,0,0,1,0,0,0,0,0,1,0,630,0,0,Jun,11,Hot,Chennai,TANGEDCO,144.7
14054,4,1,2,0,0,1,0,0,1,1,0,0,0,1105,0,0,Jun,14,Hot,Delhi,BSES Yamuna,176.75
14055,4,0,2,0,0,0,1,0,0,1,0,0,0,920,0,0,Jun,5,Moderate,Bangalore,BESCOM,194.07
14056,1,0,1,0,0,0,1,0,0,0,0,0,0,533,0,0,Jun,11,Hot,Kolkata,CESC,122.01
14057,4,2,4,1,0,1,1,1,0,1,1,0,0,1905,0,0,Jun,7,Hot,Chennai,TANGEDCO,608.95
14058,4,0,1,0,0,0,0,1,0,1,0,0,0,607,0,0,May,16,Hot,Kolkata,CESC,148.82
14059,6,1,3,1,0,1,0,0,0,0,0,0,0,1570,0,0,Oct,23,Hot,Chennai,TANGEDCO,119.11
14060,3,2,2,0,0,1,1,0,0,0,0,0,0,1056,0,0,Jun,24,Hot,Chennai,TANGEDCO,69.71
14061,4,1,4,1,1,1,1,1,1,0,1,0,0,1784,0,0,Nov,0,Moderate,Mumbai,MSEDCL,706.01
14062,5,4,4,1,0,1,1,0,1,0,1,0,0,1885,0,0,May,11,Moderate,Mumbai,MSEDCL,350.93
14063,3,0,3,1,1,0,1,0,0,1,0,0,0,1562,0,0,May,22,Moderate,Bangalore,BESCOM,166.73
14064,6,5,3,1,0,1,0,0,0,1,1,0,0,1379,0,0,Dec,9,Moderate,Mumbai,MSEDCL,351.44
14065,3,1,1,0,0,0,0,0,1,0,0,0,0,447,0,0,Aug,0,Hot,Chennai,TANGEDCO,185.52
14066,8,1,6,1,1,1,1,0,0,1,1,0,0,2486,0,1,Jun,18,Hot,Kolkata,CESC,401.57
14067,7,2,4,1,1,1,1,0,0,1,0,0,0,1984,0,1,Aug,7,Hot,Kolkata,CESC,690.64
14068,5,2,4,0,0,0,1,0,0,0,0,0,0,1618,0,0,May,19,Hot,Chennai,TANGEDCO,120.69
14069,2,1,3,0,1,0,1,0,0,0,1,0,0,1245,0,0,Sep,6,Moderate,Bangalore,BESCOM,248.98
14070,1,0,2,0,0,0,0,0,0,0,0,0,0,1185,0,0,Apr,2,Hot,Chennai,TANGEDCO,148.94
14071,5,2,4,0,0,1,1,1,0,1,0,0,0,1655,0,0,Dec,6,Moderate,Mumbai,MSEDCL,287.51
14072,3,1,2,0,1,1,1,0,1,0,0,0,0,1028,0,0,May,23,Moderate,Bangalore,BESCOM,102.37
14073,6,5,3,1,0,1,1,1,1,0,0,0,0,1344,0,0,Feb,0,Hot,Delhi,BSES Yamuna,762.44
14074,3,0,1,1,0,0,0,0,0,0,0,0,0,491,0,0,Oct,13,Moderate,Bangalore,BESCOM,159.06
14075,7,3,5,0,0,1,1,1,1,0,0,1,1,2081,0,1,Oct,21,Moderate,Bangalore,BESCOM,216.12
14076,3,0,1,0,0,0,0,0,0,0,0,1,0,624,0,0,Aug,5,Hot,Delhi,BSES Yamuna,169.02
14077,2,1,2,0,0,0,0,0,1,0,0,0,0,878,0,0,Jun,23,Hot,Delhi,BSES Yamuna,62.6
14078,3,1,3,1,1,0,0,0,0,0,0,0,0,1349,0,0,Nov,0,Moderate,Mumbai,MSEDCL,467.41
14079,3,2,3,0,1,0,0,0,0,0,1,1,0,1560,0,0,Jun,9,Moderate,Bangalore,BESCOM,247.37
14080,2,0,3,0,1,1,1,0,0,1,1,1,0,1482,0,1,Sep,0,Moderate,Mumbai,MSEDCL,477.15
14081,5,1,2,1,0,1,1,0,0,1,1,0,0,1110,0,0,May,14,Moderate,Bangalore,BESCOM,237.03
14082,2,1,1,0,0,0,0,0,0,0,0,0,0,559,0,0,Aug,0,Moderate,Mumbai,MSEDCL,115.57
14083,2,0,3,1,0,1,0,0,0,0,1,1,0,1515,0,0,Dec,20,Moderate,Bangalore,BESCOM,163.39
14084,6,0,6,1,1,1,1,0,1,1,1,0,0,2764,0,0,May,6,Moderate,Bangalore,BESCOM,615.83
14085,4,0,4,0,1,1,0,1,0,0,0,0,0,1755,0,0,Aug,5,Moderate,Mumbai,MSEDCL,352.36
14086,3,0,2,1,0,0,0,0,0,0,0,0,0,955,0,0,Mar,0,Hot,Kolkata,CESC,413.52
14087,4,0,4,1,1,1,1,1,1,0,1,0,0,1975,0,0,Jun,10,Hot,Kolkata,CESC,595.19
14088,3,2,2,0,0,1,1,0,0,1,0,0,0,1001,0,0,May,9,Moderate,Bangalore,BESCOM,170.45
14089,6,0,3,1,0,1,0,0,1,1,0,0,0,1540,0,0,Oct,21,Hot,Chennai,TANGEDCO,240.78
14090,4,3,2,1,0,0,0,0,0,0,0,0,0,1141,0,0,May,16,Hot,Kolkata,CESC,249.04
14091,3,2,2,0,0,0,1,0,0,1,0,0,0,916,0,0,May,12,Moderate,Bangalore,BESCOM,130.89
14092,2,1,3,1,1,0,1,1,1,0,0,1,0,1353,0,0,Dec,11,Moderate,Mumbai,MSEDCL,399.68
14093,3,0,3,0,1,1,1,0,0,0,1,1,1,1563,0,0,Apr,0,Cold,Delhi,BSES Yamuna,640.03
14094,2,1,2,1,1,0,1,0,0,0,0,0,0,1130,0,0,Jun,5,Hot,Chennai,TANGEDCO,522.86
14095,2,0,2,0,0,0,1,0,0,0,0,0,0,918,0,0,Oct,21,Moderate,Mumbai,MSEDCL,61.01
14096,4,2,1,1,0,0,0,0,0,1,0,0,0,598,0,0,May,5,Hot,Delhi,BSES Yamuna,418.84
14097,4,1,3,1,1,1,1,0,0,1,0,1,0,1462,0,0,Jan,0,Hot,Kolkata,CESC,809.91
14098,5,1,2,0,0,1,0,0,0,0,0,0,0,983,0,1,Oct,18,Hot,Kolkata,CESC,129.92
14099,3,1,1,0,0,0,1,0,0,0,0,0,0,547,0,0,Jun,13,Moderate,Mumbai,MSEDCL,93.57
14100,2,0,3,1,0,1,1,0,0,0,1,0,0,1365,0,0,Apr,0,Hot,Kolkata,CESC,546.07
14101,3,2,3,1,1,0,1,0,1,1,0,0,0,1274,0,0,May,19,Moderate,Bangalore,BESCOM,231.9
14102,4,2,3,1,1,0,1,0,0,1,0,1,0,1435,0,0,Sep,4,Hot,Delhi,BSES Yamuna,681.84
14103,3,1,3,1,1,0,0,0,1,1,0,0,0,1513,0,0,Jun,14,Hot,Delhi,BSES Yamuna,377.82
14104,3,2,4,1,1,1,1,0,1,1,1,0,0,1871,0,1,Aug,6,Hot,Kolkata,CESC,708.0
14105,7,2,5,1,0,0,1,0,1,0,1,0,0,2178,0,1,Jun,16,Moderate,Mumbai,MSEDCL,235.61
14106,6,2,4,1,1,1,1,0,0,0,1,1,1,1882,0,1,Sep,5,Moderate,Bangalore,BESCOM,699.41
14107,5,3,3,1,0,0,0,0,0,1,0,0,0,1250,0,0,Oct,5,Hot,Chennai,TANGEDCO,440.62
14108,2,0,2,0,0,1,0,0,0,1,0,0,0,874,0,0,May,17,Hot,Kolkata,CESC,134.67
14109,7,2,6,1,1,1,1,1,1,1,1,0,0,2543,0,0,Nov,5,Hot,Chennai,TANGEDCO,898.16
14110,2,0,2,0,0,1,1,0,0,0,0,0,0,1142,0,0,Jun,24,Hot,Delhi,BSES Yamuna,76.23
14111,5,0,2,1,0,1,1,0,0,0,0,0,0,987,0,0,Apr,0,Hot,Delhi,BSES Yamuna,546.79
14112,3,2,2,1,0,0,1,0,0,0,0,1,0,922,0,0,Apr,3,Hot,Delhi,BSES Yamuna,459.84
14113,3,2,1,0,1,0,0,0,0,1,0,0,0,731,0,0,Aug,0,Hot,Kolkata,CESC,371.23
14114,4,3,5,1,0,1,1,0,0,1,0,0,0,2250,0,1,May,8,Hot,Kolkata,CESC,519.12
14115,5,2,3,1,1,1,0,0,1,1,1,0,0,1495,0,0,May,9,Moderate,Bangalore,BESCOM,409.21
14116,4,2,3,1,0,1,0,1,0,0,1,1,0,1522,0,0,Jun,18,Moderate,Mumbai,MSEDCL,181.73
14117,4,2,3,1,0,0,1,0,0,1,0,0,0,1329,0,0,Sep,9,Hot,Chennai,TANGEDCO,394.75
14118,4,2,2,0,1,0,1,1,1,1,1,0,1,1051,0,0,Mar,0,Cold,Delhi,BSES Yamuna,710.74
14119,3,0,1,0,0,1,0,1,1,0,0,0,0,757,0,0,May,16,Hot,Kolkata,CESC,177.79
14120,2,1,3,1,1,0,1,0,1,0,1,0,0,1379,0,0,Sep,0,Moderate,Bangalore,BESCOM,553.99
14121,3,1,3,0,1,1,0,0,0,1,1,0,0,1548,0,0,Nov,0,Moderate,Mumbai,MSEDCL,399.8
14122,2,0,2,0,0,0,0,0,1,1,1,1,0,909,0,0,Jan,0,Hot,Delhi,BSES Yamuna,311.83
14123,4,2,3,0,1,1,0,0,0,0,1,1,1,1537,0,0,Jul,0,Moderate,Bangalore,BESCOM,540.19
14124,4,2,2,0,0,0,1,0,0,1,0,0,0,877,0,0,Jun,13,Hot,Chennai,TANGEDCO,169.93
14125,5,1,2,0,0,1,0,0,0,0,1,0,0,801,0,1,Jun,10,Moderate,Bangalore,BESCOM,151.13
14126,1,0,2,0,0,0,1,0,0,0,1,1,0,1120,0,0,Apr,8,Moderate,Bangalore,BESCOM,169.71
14127,2,1,2,1,0,1,1,0,1,0,1,1,0,1075,0,0,Aug,4,Moderate,Bangalore,BESCOM,445.1
14128,3,2,4,1,0,1,1,1,1,1,0,1,0,1889,0,0,May,10,Hot,Chennai,TANGEDCO,549.12
14129,3,2,4,1,1,0,1,0,1,1,1,1,0,1896,0,1,Apr,0,Moderate,Mumbai,MSEDCL,700.62
14130,1,0,2,1,0,0,0,0,0,0,1,0,0,968,0,0,Oct,14,Hot,Kolkata,CESC,245.49
14131,5,1,3,1,1,1,1,0,0,0,1,0,0,1439,0,0,May,14,Moderate,Mumbai,MSEDCL,326.39
14132,5,1,3,0,0,0,0,0,1,0,1,1,1,1222,0,0,Apr,0,Moderate,Mumbai,MSEDCL,428.82
14133,4,3,2,0,1,1,1,0,0,1,0,0,0,1093,0,0,May,24,Moderate,Bangalore,BESCOM,61.21
14134,3,2,2,1,1,0,1,1,0,0,0,0,0,971,0,0,Apr,0,Moderate,Bangalore,BESCOM,533.64
14135,7,4,5,0,1,1,1,0,1,1,0,0,0,2322,0,0,Sep,0,Cold,Delhi,BSES Yamuna,625.7
14136,4,3,3,0,0,0,1,0,0,1,1,0,0,1517,0,0,Apr,8,Hot,Kolkata,CESC,273.99
14137,7,4,6,1,1,1,1,1,1,1,1,1,0,2795,0,0,Aug,4,Moderate,Bangalore,BESCOM,732.53
14138,2,0,2,1,0,1,1,1,1,0,0,0,0,1085,0,0,Apr,5,Moderate,Mumbai,MSEDCL,423.26
14139,3,1,3,0,1,0,0,1,0,1,0,0,0,1542,0,0,Apr,3,Moderate,Bangalore,BESCOM,350.2
14140,2,1,2,1,1,1,1,1,1,0,0,0,1,992,0,0,May,23,Cold,Delhi,BSES Yamuna,194.13
14141,2,1,2,0,0,1,0,0,0,0,1,0,0,968,0,0,Dec,21,Moderate,Mumbai,MSEDCL,60.0
14142,3,2,3,0,0,1,0,0,0,1,0,1,0,1317,0,0,Nov,4,Hot,Kolkata,CESC,244.12
14143,4,3,2,0,0,0,1,0,0,0,1,0,1,805,0,0,Feb,0,Hot,Kolkata,CESC,463.84
14144,5,3,2,0,0,0,0,0,0,0,0,1,0,1130,0,0,May,10,Hot,Chennai,TANGEDCO,150.22
14145,4,3,2,1,1,0,0,0,0,1,1,0,0,931,0,0,May,24,Hot,Chennai,TANGEDCO,149.7
14146,3,0,1,0,0,0,0,0,0,1,0,1,0,492,0,0,Apr,0,Moderate,Bangalore,BESCOM,212.55
14147,6,5,3,1,0,1,1,0,0,1,1,0,0,1450,0,0,May,22,Hot,Kolkata,CESC,182.03
14148,4,1,2,0,0,1,0,1,0,0,0,0,0,809,0,0,Aug,0,Hot,Delhi,BSES Yamuna,269.21
14149,3,2,1,0,1,1,0,1,1,0,0,0,0,450,0,0,Feb,7,Moderate,Bangalore,BESCOM,290.62
14150,2,0,2,1,0,1,1,0,1,0,1,0,0,1148,0,0,Jul,6,Moderate,Bangalore,BESCOM,395.81
14151,1,0,1,0,0,0,0,0,1,1,0,0,0,693,0,0,May,22,Hot,Kolkata,CESC,66.72
14152,6,3,3,1,0,1,1,0,1,1,1,1,0,1328,0,0,Jun,12,Hot,Kolkata,CESC,473.71
14153,1,0,1,0,1,0,0,0,0,1,1,0,0,791,0,0,Jul,5,Moderate,Bangalore,BESCOM,247.48
14154,3,0,3,0,1,1,0,0,0,1,1,1,0,1448,0,0,Aug,9,Moderate,Mumbai,MSEDCL,279.27
14155,1,0,1,0,0,0,1,0,0,0,0,0,0,501,0,0,Oct,6,Moderate,Mumbai,MSEDCL,112.93
14156,1,0,2,1,0,1,1,0,0,0,1,0,0,1136,0,0,Oct,9,Hot,Kolkata,CESC,352.66
14157,6,0,4,1,1,0,1,0,1,1,1,0,0,1682,0,0,Sep,0,Hot,Delhi,BSES Yamuna,889.31
14158,3,2,3,1,1,0,0,0,0,0,0,0,0,1390,0,0,May,19,Hot,Chennai,TANGEDCO,221.88
14159,4,1,1,1,0,0,0,0,0,0,0,0,0,542,0,0,Jan,9,Hot,Chennai,TANGEDCO,256.37
14160,6,5,4,0,0,1,1,0,1,1,1,1,0,1836,0,0,Nov,0,Hot,Delhi,BSES Yamuna,572.39
14161,2,0,2,0,1,0,1,1,0,1,0,0,0,1086,0,0,Jun,12,Cold,Delhi,BSES Yamuna,249.23
14162,7,1,4,1,0,1,1,0,1,1,0,1,0,1876,0,0,Jun,11,Hot,Kolkata,CESC,471.82
14163,4,1,3,0,1,1,0,1,0,1,0,1,1,1586,0,0,Apr,0,Cold,Delhi,BSES Yamuna,669.37
14164,4,3,3,0,1,1,0,1,0,1,0,1,0,1581,0,0,Jul,0,Moderate,Mumbai,MSEDCL,439.1
14165,6,2,6,1,1,1,1,1,0,1,1,0,0,2690,0,0,Dec,14,Moderate,Bangalore,BESCOM,407.81
14166,2,1,2,0,0,0,1,0,1,1,0,0,0,968,0,0,May,18,Moderate,Mumbai,MSEDCL,106.43
14167,4,1,3,0,0,0,1,0,1,0,0,0,0,1343,0,0,Sep,0,Moderate,Mumbai,MSEDCL,278.16
14168,1,0,2,1,1,0,0,0,1,1,0,0,0,983,0,0,May,13,Hot,Kolkata,CESC,395.45
14169,2,1,1,0,0,0,0,0,0,0,0,0,0,444,0,0,May,21,Moderate,Mumbai,MSEDCL,60.0
14170,4,0,1,0,0,1,0,0,0,0,0,0,0,642,0,0,Apr,0,Hot,Kolkata,CESC,221.94
14171,1,0,1,0,0,1,0,0,0,0,0,0,0,714,0,0,Jun,24,Hot,Kolkata,CESC,60.0
14172,5,3,3,0,0,1,0,0,0,0,1,0,0,1467,0,0,May,6,Hot,Chennai,TANGEDCO,255.55
14173,5,3,3,1,0,0,0,1,1,0,0,0,0,1452,0,0,Jan,0,Hot,Delhi,BSES Yamuna,637.35
14174,3,0,3,0,1,1,1,0,1,1,1,0,1,1595,0,0,May,7,Cold,Delhi,BSES Yamuna,528.23
14175,4,3,1,0,0,1,0,0,0,0,0,0,0,688,0,0,Feb,0,Hot,Chennai,TANGEDCO,210.97
14176,1,0,2,1,0,0,1,0,0,1,0,0,0,1011,0,0,May,8,Hot,Chennai,TANGEDCO,390.97
14177,4,1,5,1,0,0,1,0,1,1,1,1,0,2176,0,0,Dec,17,Hot,Delhi,BSES Yamuna,327.1
14178,2,1,2,1,0,1,0,0,0,1,1,0,0,820,0,0,May,7,Hot,Chennai,TANGEDCO,403.92
14179,5,1,3,0,1,0,1,1,1,1,1,0,0,1515,0,0,Jun,10,Moderate,Mumbai,MSEDCL,381.97
14180,4,3,3,0,1,1,1,0,0,1,1,1,0,1251,1,0,Mar,8,Moderate,Mumbai,MSEDCL,523.02
14181,4,0,3,0,1,0,0,0,1,0,0,1,1,1432,0,0,Apr,8,Cold,Delhi,BSES Yamuna,436.56
14182,6,4,3,0,1,0,1,1,0,0,0,0,0,1322,0,0,May,7,Moderate,Bangalore,BESCOM,336.29
14183,4,2,4,0,1,1,1,0,1,1,1,1,0,1961,0,1,May,20,Moderate,Bangalore,BESCOM,199.98
14184,5,4,2,0,1,1,1,0,0,0,0,0,0,899,0,0,Aug,8,Moderate,Mumbai,MSEDCL,257.54
14185,5,2,4,1,0,1,1,0,0,0,1,1,0,1813,0,0,May,21,Hot,Kolkata,CESC,203.82
14186,3,2,2,0,1,0,0,0,0,0,1,0,0,1126,0,0,Jan,0,Moderate,Bangalore,BESCOM,289.82
14187,3,1,2,1,0,0,0,0,0,0,0,1,0,934,0,0,May,5,Hot,Kolkata,CESC,371.37
14188,1,0,1,0,0,0,1,0,0,0,0,0,0,717,0,0,Jan,0,Cold,Delhi,BSES Yamuna,129.34
14189,3,0,3,0,0,1,1,0,0,1,0,1,0,1417,0,0,Nov,0,Moderate,Bangalore,BESCOM,300.7
14190,1,0,2,1,0,0,1,0,0,0,0,0,0,887,0,0,Jan,6,Moderate,Bangalore,BESCOM,270.97
14191,1,0,2,0,1,1,1,0,1,0,0,0,0,1079,0,0,Jan,0,Moderate,Bangalore,BESCOM,355.23
14192,3,0,2,0,0,1,0,0,0,1,0,0,0,839,0,0,May,6,Hot,Chennai,TANGEDCO,223.13
14193,4,0,4,1,1,1,1,0,1,1,1,1,0,1839,0,0,Jun,12,Hot,Delhi,BSES Yamuna,550.19
14194,4,3,4,0,1,1,1,0,1,0,1,0,0,1931,0,1,May,10,Moderate,Bangalore,BESCOM,343.11
14195,5,3,3,1,1,1,0,1,1,1,1,0,0,1335,0,0,Feb,8,Moderate,Bangalore,BESCOM,533.49
14196,5,3,3,1,1,1,1,0,0,0,1,1,0,1381,0,0,Oct,24,Hot,Kolkata,CESC,146.47
14197,5,3,2,1,0,1,0,0,0,1,0,0,0,1064,0,0,Aug,0,Hot,Kolkata,CESC,543.91
14198,4,0,2,0,0,0,1,0,0,0,0,0,0,1058,0,0,May,12,Moderate,Mumbai,MSEDCL,140.88
14199,7,3,4,1,1,0,1,0,1,1,0,1,0,1781,0,0,Jul,9,Hot,Delhi,BSES Yamuna,624.48
14200,1,0,1,0,0,0,0,0,0,0,0,0,0,420,0,0,May,8,Moderate,Bangalore,BESCOM,65.82
14201,3,0,2,0,1,0,0,0,0,0,0,0,0,1150,0,0,Jun,6,Hot,Chennai,TANGEDCO,279.3
14202,2,0,2,0,0,0,1,0,0,0,1,0,0,995,0,1,Oct,7,Hot,Kolkata,CESC,191.58
14203,1,0,2,0,0,0,1,1,0,0,0,0,0,1011,0,0,Mar,6,Hot,Kolkata,CESC,227.33
14204,1,0,2,1,1,0,0,1,1,1,0,0,0,815,0,0,Oct,10,Hot,Chennai,TANGEDCO,468.07
14205,6,4,3,1,0,1,1,1,1,0,1,1,0,1401,0,0,Sep,0,Hot,Kolkata,CESC,808.85
14206,3,1,1,1,0,0,0,0,0,1,0,0,0,762,0,0,Nov,4,Hot,Delhi,BSES Yamuna,409.93
14207,6,2,3,0,1,0,1,0,1,1,1,0,0,1417,0,0,Jun,24,Hot,Delhi,BSES Yamuna,113.37
14208,1,0,2,0,0,0,0,0,1,0,0,0,1,892,0,0,May,9,Cold,Delhi,BSES Yamuna,229.62
14209,2,1,2,1,0,0,1,0,1,1,0,0,0,932,0,0,May,15,Hot,Kolkata,CESC,262.83
14210,4,0,1,0,0,1,0,0,0,0,0,0,0,538,0,0,Jun,23,Hot,Kolkata,CESC,60.0
14211,6,4,3,1,0,1,0,0,0,1,1,0,0,1356,0,1,Mar,8,Hot,Kolkata,CESC,486.4
14212,1,0,2,0,0,1,1,0,1,0,0,0,0,1134,0,0,May,9,Hot,Delhi,BSES Yamuna,230.82
14213,5,1,3,1,0,0,0,0,0,1,0,0,0,1269,0,0,Aug,0,Hot,Delhi,BSES Yamuna,534.89
14214,5,1,3,0,1,1,1,0,1,0,1,0,0,1503,0,0,Jun,7,Moderate,Mumbai,MSEDCL,363.36
14215,2,1,3,0,1,1,0,1,1,0,0,0,0,1214,0,0,Feb,2,Moderate,Bangalore,BESCOM,365.48
14216,3,0,2,1,1,0,0,0,0,1,0,0,0,1034,0,0,May,23,Hot,Chennai,TANGEDCO,161.01
14217,1,0,2,1,0,1,0,0,0,1,1,0,0,1011,0,0,Jun,16,Hot,Kolkata,CESC,245.29
14218,2,0,2,1,0,0,1,0,0,0,1,0,0,1089,0,0,Aug,0,Hot,Delhi,BSES Yamuna,505.9
14219,5,1,3,0,0,0,1,1,0,0,1,0,0,1259,0,0,Jan,0,Moderate,Bangalore,BESCOM,315.6
14220,2,0,2,1,0,1,1,0,1,1,1,0,0,1051,0,0,May,17,Moderate,Mumbai,MSEDCL,235.65
14221,7,4,4,1,1,1,1,1,0,0,1,0,0,1601,0,0,Oct,14,Moderate,Mumbai,MSEDCL,376.84
14222,6,5,4,0,1,1,1,0,1,0,1,0,0,1835,0,0,Jan,0,Moderate,Bangalore,BESCOM,504.65
14223,3,0,2,1,0,1,1,0,1,0,0,0,0,1135,0,0,Jul,0,Hot,Chennai,TANGEDCO,571.43
14224,1,0,1,0,1,0,0,0,0,1,0,0,0,418,0,0,Apr,0,Hot,Chennai,TANGEDCO,335.4
14225,6,2,3,0,1,1,1,0,0,0,0,1,0,1248,0,0,May,20,Cold,Delhi,BSES Yamuna,189.7
14226,2,1,2,1,0,0,1,0,0,0,0,0,0,877,0,0,Oct,20,Moderate,Bangalore,BESCOM,109.44
14227,1,0,1,0,0,0,0,0,0,0,0,0,0,427,0,0,May,10,Moderate,Mumbai,MSEDCL,60.0
14228,5,4,4,1,1,1,1,1,1,1,0,0,0,1647,0,0,Jun,18,Moderate,Bangalore,BESCOM,285.8
14229,1,0,2,1,0,0,1,0,0,0,0,0,0,895,0,0,Feb,0,Hot,Delhi,BSES Yamuna,429.99
14230,8,5,5,1,0,0,1,0,0,1,1,1,0,2164,0,1,May,5,Hot,Kolkata,CESC,658.76
14231,3,2,3,0,0,1,0,0,0,1,1,1,0,1564,0,0,Mar,0,Moderate,Bangalore,BESCOM,314.49
14232,6,3,3,1,1,1,1,0,1,0,0,0,0,1375,0,0,Jun,5,Hot,Delhi,BSES Yamuna,697.76
14233,1,0,2,0,0,0,0,0,0,0,0,0,0,872,0,0,May,20,Moderate,Mumbai,MSEDCL,60.0
14234,5,4,2,0,0,1,0,0,0,1,0,0,0,1155,0,0,May,16,Hot,Chennai,TANGEDCO,165.36
14235,3,1,3,1,0,1,1,0,0,0,0,0,0,1228,0,0,Dec,5,Hot,Kolkata,CESC,457.15
14236,1,0,2,1,1,0,1,0,0,1,1,0,0,956,0,0,Apr,0,Moderate,Mumbai,MSEDCL,509.24
14237,3,1,2,1,1,1,1,0,0,1,1,0,0,1113,0,0,Oct,23,Hot,Kolkata,CESC,176.47
14238,3,1,2,0,1,1,0,0,0,0,0,0,0,1103,0,0,Jan,7,Moderate,Bangalore,BESCOM,233.77
14239,4,3,2,0,0,0,1,0,0,1,0,1,0,1078,0,0,Oct,24,Moderate,Bangalore,BESCOM,63.69
14240,5,4,2,0,1,1,1,1,0,1,1,0,0,1082,0,0,May,20,Moderate,Mumbai,MSEDCL,175.2
14241,3,2,3,0,1,0,0,0,0,0,0,0,0,1206,0,0,Oct,5,Moderate,Bangalore,BESCOM,229.44
14242,5,2,2,0,0,1,0,0,0,1,0,0,0,1104,0,0,Aug,0,Moderate,Mumbai,MSEDCL,220.98
14243,1,0,1,0,1,0,0,1,1,0,0,0,0,581,0,0,Jun,9,Moderate,Bangalore,BESCOM,204.11
14244,5,4,3,1,1,1,1,1,0,0,0,0,0,1308,0,0,May,10,Hot,Delhi,BSES Yamuna,534.29
14245,5,2,5,0,1,1,1,1,1,1,1,0,1,2323,0,0,Jul,5,Cold,Delhi,BSES Yamuna,713.81
14246,5,4,2,1,0,1,1,0,0,0,0,0,0,1005,0,0,Oct,5,Hot,Chennai,TANGEDCO,466.77
14247,2,0,1,1,0,0,0,0,0,1,0,0,0,633,0,0,Jun,22,Moderate,Mumbai,MSEDCL,87.24
14248,2,1,3,1,0,1,0,0,0,0,1,0,0,1386,0,0,May,10,Hot,Kolkata,CESC,323.19
14249,6,0,4,0,1,1,1,0,1,0,1,1,1,1928,0,1,Mar,6,Cold,Delhi,BSES Yamuna,618.47
14250,3,1,3,0,0,1,0,0,1,0,0,1,0,1556,0,0,Oct,5,Hot,Chennai,TANGEDCO,308.53
14251,2,0,3,0,0,1,1,0,0,0,1,1,0,1207,0,0,May,10,Moderate,Mumbai,MSEDCL,173.06
14252,3,0,2,1,0,1,0,0,0,0,0,0,0,852,0,0,Mar,9,Hot,Kolkata,CESC,318.72
14253,3,0,3,0,1,1,1,1,0,0,0,0,0,1597,0,0,Feb,0,Moderate,Mumbai,MSEDCL,395.25
14254,4,2,1,1,0,1,1,0,0,0,0,0,1,598,0,0,Sep,0,Hot,Delhi,BSES Yamuna,690.06
14255,3,2,3,1,0,1,1,1,0,1,1,0,0,1590,0,0,Jul,0,Hot,Kolkata,CESC,733.14
14256,3,0,3,0,0,0,1,0,0,0,1,0,0,1336,0,0,Mar,0,Moderate,Bangalore,BESCOM,233.11
14257,4,0,5,1,0,1,0,0,0,1,1,1,0,2258,0,0,Jun,13,Hot,Chennai,TANGEDCO,377.96
14258,5,4,2,1,0,0,1,0,0,0,0,0,0,1133,0,0,Apr,0,Hot,Delhi,BSES Yamuna,515.43
14259,2,1,1,0,1,0,0,0,0,0,0,0,0,571,0,0,May,11,Moderate,Mumbai,MSEDCL,133.36
14260,6,3,3,1,0,0,1,0,0,1,0,0,0,1285,0,0,Sep,0,Hot,Delhi,BSES Yamuna,605.95
14261,3,0,3,1,1,1,0,0,1,1,0,0,0,1245,0,0,Apr,0,Hot,Kolkata,CESC,743.08
14262,5,3,3,1,0,1,0,1,0,1,0,0,0,1545,0,0,Jan,0,Hot,Chennai,TANGEDCO,671.53
14263,4,3,2,0,0,0,0,0,0,0,0,0,0,985,0,0,Apr,8,Hot,Delhi,BSES Yamuna,167.94
14264,1,0,2,1,0,1,0,1,1,1,1,0,0,955,0,0,May,15,Moderate,Mumbai,MSEDCL,262.72
14265,3,0,3,0,0,1,1,0,1,1,1,0,0,1597,0,0,Apr,8,Moderate,Bangalore,BESCOM,249.19
14266,2,0,2,1,0,1,0,0,0,0,0,0,0,808,0,0,Aug,7,Hot,Delhi,BSES Yamuna,333.49
14267,7,2,4,1,1,1,1,0,0,1,0,0,0,1714,0,0,Sep,0,Moderate,Bangalore,BESCOM,678.46
14268,1,0,2,1,0,1,0,0,0,0,0,1,0,953,0,0,Apr,3,Hot,Kolkata,CESC,403.7
14269,4,3,3,1,0,1,0,0,0,1,0,1,0,1329,0,0,May,23,Hot,Chennai,TANGEDCO,149.38
14270,5,1,3,1,0,1,0,1,0,1,0,1,0,1530,0,0,Jun,11,Hot,Chennai,TANGEDCO,458.13
14271,5,3,3,1,1,1,0,0,1,1,1,0,0,1280,0,0,Sep,0,Moderate,Bangalore,BESCOM,637.48
14272,2,1,2,1,0,0,1,0,0,1,0,1,0,1183,0,0,Dec,24,Hot,Chennai,TANGEDCO,100.44
14273,3,2,4,1,0,1,1,0,1,1,0,1,0,1889,0,0,May,18,Hot,Kolkata,CESC,293.45
14274,3,0,2,0,0,1,0,0,0,0,0,0,1,946,0,1,Nov,0,Cold,Delhi,BSES Yamuna,366.31
14275,5,4,3,1,1,1,1,0,0,0,0,0,0,1494,0,0,Apr,0,Moderate,Bangalore,BESCOM,578.11
14276,1,0,2,0,0,0,1,0,0,0,1,1,0,1068,0,0,Jan,0,Hot,Delhi,BSES Yamuna,277.98
14277,3,1,2,0,1,0,1,0,1,0,0,0,1,932,0,0,Sep,5,Cold,Delhi,BSES Yamuna,431.94
14278,2,0,2,0,1,0,1,0,0,1,0,1,0,849,0,0,May,8,Moderate,Mumbai,MSEDCL,224.43
14279,5,2,2,1,1,0,0,0,0,0,0,0,0,822,0,0,Feb,0,Hot,Kolkata,CESC,617.87
14280,7,3,5,1,1,0,1,1,1,1,1,0,0,2377,0,1,Feb,0,Moderate,Mumbai,MSEDCL,798.08
14281,4,1,2,1,1,1,0,1,0,0,0,0,0,1175,0,1,Jan,4,Hot,Kolkata,CESC,645.87
14282,4,2,3,0,1,1,1,0,0,1,1,0,0,1287,0,0,May,21,Moderate,Bangalore,BESCOM,135.69
14283,5,2,6,1,1,1,1,0,0,1,1,1,1,2511,0,1,Aug,0,Moderate,Mumbai,MSEDCL,875.61
14284,4,3,1,0,0,1,0,0,0,1,0,0,0,510,0,0,Jul,0,Hot,Kolkata,CESC,266.53
14285,2,0,3,1,0,1,0,0,0,1,1,1,0,1271,0,0,Dec,16,Hot,Delhi,BSES Yamuna,276.33
14286,2,0,2,0,1,1,0,0,0,0,1,0,0,953,0,0,Jun,5,Cold,Delhi,BSES Yamuna,286.94
14287,1,0,1,0,0,0,0,0,0,1,0,0,0,456,0,0,Mar,7,Hot,Chennai,TANGEDCO,139.52
14288,3,1,2,0,0,0,1,0,1,0,1,0,1,1056,1,0,Dec,22,Cold,Delhi,BSES Yamuna,201.26
14289,7,0,5,1,1,1,1,0,1,1,1,0,0,2155,0,0,Jul,0,Moderate,Mumbai,MSEDCL,769.26
14290,2,1,1,0,0,0,0,0,0,0,0,0,0,512,0,0,May,19,Hot,Chennai,TANGEDCO,60.0
14291,5,3,3,1,1,1,0,0,1,1,1,0,0,1517,0,0,Apr,0,Hot,Delhi,BSES Yamuna,837.08
14292,2,1,3,1,0,0,1,0,0,1,1,0,0,1246,0,0,Apr,0,Hot,Kolkata,CESC,560.44
14293,4,2,4,1,0,1,1,1,1,1,1,0,0,1837,0,0,Dec,6,Hot,Delhi,BSES Yamuna,622.64
14294,3,0,1,1,0,0,0,1,0,1,0,0,0,733,0,0,May,12,Hot,Chennai,TANGEDCO,321.14
14295,3,2,3,0,0,1,1,1,0,1,0,0,0,1305,0,0,May,14,Moderate,Mumbai,MSEDCL,194.76
14296,4,3,3,0,1,1,1,0,0,1,0,0,0,1386,1,0,Oct,8,Moderate,Mumbai,MSEDCL,491.48
14297,3,2,3,1,0,1,1,0,0,1,0,1,0,1358,0,0,Dec,22,Hot,Kolkata,CESC,176.05
14298,4,1,5,1,0,1,1,0,1,0,1,0,0,2197,0,0,Jan,9,Hot,Kolkata,CESC,497.74
14299,7,3,4,1,0,1,1,0,0,1,1,1,0,1981,1,1,Dec,20,Hot,Delhi,BSES Yamuna,391.87
14300,2,0,1,0,0,0,0,0,0,0,0,0,0,576,0,0,Feb,0,Hot,Delhi,BSES Yamuna,130.51
14301,3,0,2,0,0,1,1,0,0,0,0,0,0,1060,0,0,Oct,5,Hot,Kolkata,CESC,245.21
14302,1,0,2,1,0,1,1,0,1,1,0,0,0,1086,0,0,Dec,8,Hot,Chennai,TANGEDCO,476.15
14303,4,3,2,0,0,1,1,0,0,1,0,0,0,1092,0,0,Jun,10,Moderate,Bangalore,BESCOM,199.11
14304,4,3,2,1,1,1,1,0,0,1,1,1,0,1134,0,0,Jun,15,Hot,Delhi,BSES Yamuna,405.8
14305,2,1,2,1,0,0,1,0,0,0,0,0,0,942,0,0,Jul,8,Hot,Chennai,TANGEDCO,316.22
14306,4,1,2,1,0,0,0,0,0,0,0,0,0,1107,0,0,May,16,Hot,Kolkata,CESC,230.3
14307,8,4,5,1,1,1,1,0,1,1,1,0,0,2196,0,0,Apr,0,Hot,Delhi,BSES Yamuna,1029.87
14308,3,2,1,0,0,0,0,0,0,0,0,0,0,624,0,0,Feb,5,Moderate,Bangalore,BESCOM,134.85
14309,5,3,5,1,1,1,1,1,1,1,1,1,0,2394,0,1,Oct,9,Hot,Chennai,TANGEDCO,776.04
14310,3,2,2,0,1,0,0,0,0,0,0,0,0,842,0,0,Jun,16,Moderate,Bangalore,BESCOM,76.93
14311,4,2,3,1,1,1,1,0,1,1,0,1,0,1350,0,0,Jul,7,Moderate,Mumbai,MSEDCL,499.46
14312,3,2,4,1,0,1,0,0,0,1,1,1,0,1895,0,0,May,14,Hot,Chennai,TANGEDCO,358.75
14313,4,3,2,0,0,0,1,0,0,1,0,1,0,862,0,0,Oct,8,Hot,Kolkata,CESC,246.56
14314,3,1,2,0,0,0,0,0,0,1,0,0,0,929,0,0,May,19,Hot,Chennai,TANGEDCO,90.55
14315,5,0,2,0,0,1,0,0,0,0,0,0,0,1054,0,0,Jan,0,Hot,Chennai,TANGEDCO,268.44
14316,5,0,2,1,0,0,0,0,1,0,0,0,0,1142,0,0,May,19,Hot,Kolkata,CESC,198.12
14317,7,2,5,1,1,1,1,0,1,1,1,0,0,2213,1,0,Oct,11,Moderate,Bangalore,BESCOM,621.88
14318,6,5,4,1,0,1,1,0,0,0,1,1,0,1672,0,0,Oct,10,Hot,Kolkata,CESC,432.63
14319,2,0,1,0,0,0,0,0,1,1,1,0,1,503,0,0,Nov,0,Cold,Delhi,BSES Yamuna,377.62
14320,2,0,1,0,0,1,1,0,0,0,1,0,0,557,0,0,May,19,Hot,Delhi,BSES Yamuna,94.27
14321,2,1,2,0,1,0,1,0,0,1,1,0,1,1071,0,0,Dec,6,Cold,Delhi,BSES Yamuna,427.45
14322,4,3,1,0,1,0,0,0,0,0,0,0,0,714,1,0,May,20,Hot,Chennai,TANGEDCO,247.49
14323,4,1,3,0,0,1,1,0,1,1,0,0,0,1437,0,0,Apr,0,Moderate,Bangalore,BESCOM,346.4
14324,4,1,1,1,0,0,0,0,1,0,0,0,0,702,0,0,Jun,22,Hot,Delhi,BSES Yamuna,120.87
14325,2,1,3,1,1,0,1,1,1,1,1,1,0,1571,1,1,Oct,13,Hot,Chennai,TANGEDCO,728.92
14326,2,1,1,0,0,0,0,0,0,0,0,0,0,557,0,0,Sep,3,Hot,Chennai,TANGEDCO,116.98
14327,2,0,2,1,0,0,0,1,0,0,0,1,0,908,0,0,May,20,Hot,Kolkata,CESC,194.11
14328,2,0,3,1,0,1,0,0,0,0,0,0,0,1208,0,0,Apr,0,Hot,Chennai,TANGEDCO,457.96
14329,5,4,2,0,0,0,0,0,0,0,0,0,0,1120,0,0,Jun,13,Hot,Kolkata,CESC,141.22
14330,7,2,5,1,1,1,1,0,1,0,1,0,0,2058,0,0,Nov,7,Hot,Chennai,TANGEDCO,715.89
14331,7,3,4,1,0,1,1,0,1,0,0,0,0,1957,0,0,Apr,0,Moderate,Mumbai,MSEDCL,541.06
14332,2,0,2,0,0,0,1,0,0,0,0,1,1,991,0,0,Oct,9,Hot,Kolkata,CESC,279.56
14333,3,1,1,0,0,0,0,0,0,0,0,0,1,535,0,0,Mar,6,Cold,Delhi,BSES Yamuna,257.77
14334,4,1,4,1,0,1,1,0,0,1,1,1,0,1850,0,0,Nov,9,Moderate,Bangalore,BESCOM,391.38
14335,3,0,4,0,1,1,1,0,0,1,1,0,0,1978,0,1,Jul,0,Moderate,Mumbai,MSEDCL,502.99
14336,4,0,4,1,0,1,1,0,1,1,1,1,0,1745,0,0,Mar,0,Hot,Kolkata,CESC,754.65
14337,2,0,1,0,0,0,0,0,0,0,0,0,0,746,0,0,Apr,4,Hot,Delhi,BSES Yamuna,152.65
14338,7,2,6,1,1,1,1,1,1,1,1,0,0,2751,0,1,Nov,0,Hot,Chennai,TANGEDCO,1164.22
14339,3,2,2,0,0,1,1,0,1,1,0,0,0,857,0,0,Jun,13,Moderate,Mumbai,MSEDCL,163.5
14340,5,2,3,1,1,1,1,0,0,1,1,0,0,1376,0,0,May,12,Moderate,Mumbai,MSEDCL,381.36
14341,6,1,4,0,1,1,1,0,1,0,1,0,1,1887,0,0,Feb,5,Cold,Delhi,BSES Yamuna,614.68
14342,3,0,2,0,0,0,0,0,1,0,0,0,0,1044,0,0,Feb,0,Hot,Kolkata,CESC,272.3
14343,5,2,4,1,1,1,1,0,0,0,1,1,0,1647,0,0,Jul,0,Hot,Chennai,TANGEDCO,848.34
14344,1,0,2,0,0,1,0,0,1,0,1,0,0,1100,0,0,Sep,3,Hot,Chennai,TANGEDCO,274.91
14345,5,1,5,1,1,1,1,0,1,1,1,1,0,2355,1,0,Oct,7,Hot,Delhi,BSES Yamuna,996.26
14346,4,0,2,0,0,0,1,0,1,0,0,0,0,899,0,1,Jun,12,Moderate,Mumbai,MSEDCL,177.53
14347,4,0,5,1,1,1,1,1,0,1,1,0,0,2212,0,1,May,17,Moderate,Bangalore,BESCOM,300.47
14348,3,0,1,1,0,0,1,0,0,0,0,0,0,701,0,0,Jun,7,Hot,Delhi,BSES Yamuna,375.96
14349,3,2,3,0,0,1,0,0,0,1,1,0,1,1364,0,0,Jun,14,Hot,Chennai,TANGEDCO,280.61
14350,5,2,3,0,0,1,1,0,1,0,0,1,0,1599,0,0,Jan,0,Moderate,Bangalore,BESCOM,340.42
14351,1,0,2,0,1,0,1,0,0,1,0,0,0,925,0,0,Nov,6,Moderate,Bangalore,BESCOM,240.24
14352,5,3,2,0,0,0,1,1,1,1,0,1,1,1101,0,0,Jun,11,Hot,Delhi,BSES Yamuna,443.64
14353,6,0,3,1,0,0,0,1,0,1,0,0,0,1320,0,0,Jan,0,Hot,Delhi,BSES Yamuna,610.1
14354,4,0,2,1,0,0,0,0,0,0,1,0,0,887,0,0,Dec,19,Hot,Chennai,TANGEDCO,167.44
14355,2,1,3,0,0,0,0,0,0,0,1,1,0,1416,0,0,Dec,16,Hot,Delhi,BSES Yamuna,114.29
14356,2,1,2,1,0,1,1,0,0,0,0,1,0,860,0,0,Nov,4,Moderate,Bangalore,BESCOM,334.86
14357,5,1,5,0,1,0,1,0,1,1,1,0,0,2301,1,0,Oct,5,Moderate,Mumbai,MSEDCL,638.75
14358,1,0,1,0,0,0,0,1,0,1,1,0,0,578,0,1,Apr,4,Moderate,Bangalore,BESCOM,216.83
14359,5,3,2,1,0,0,0,0,1,0,1,0,0,989,0,0,Dec,16,Hot,Delhi,BSES Yamuna,248.17
14360,1,0,2,0,1,0,0,0,0,0,0,0,0,962,0,0,Sep,9,Hot,Kolkata,CESC,218.56
14361,5,0,2,0,0,1,0,0,0,0,1,0,0,880,0,0,Jun,8,Hot,Kolkata,CESC,204.79
14362,5,1,2,0,0,0,0,0,0,1,0,0,0,969,0,0,Nov,6,Moderate,Bangalore,BESCOM,160.84
14363,2,0,2,1,0,1,0,0,0,0,0,0,0,1100,0,0,May,16,Moderate,Bangalore,BESCOM,176.77
14364,6,0,4,1,0,1,0,0,1,1,0,1,0,1973,0,0,Nov,3,Hot,Delhi,BSES Yamuna,661.91
14365,4,1,3,1,0,1,1,0,0,0,0,0,0,1395,0,0,Jun,6,Moderate,Mumbai,MSEDCL,372.89
14366,2,1,3,1,1,1,1,0,0,1,1,0,0,1402,0,0,Jun,22,Moderate,Bangalore,BESCOM,160.4
14367,1,0,1,0,1,0,1,0,0,0,0,0,0,446,0,0,Jun,13,Hot,Kolkata,CESC,189.69
14368,2,0,3,0,1,1,0,0,0,0,1,0,1,1357,0,0,Sep,0,Cold,Delhi,BSES Yamuna,533.54
14369,4,2,2,0,0,0,1,0,1,0,0,0,0,993,0,0,May,18,Hot,Kolkata,CESC,119.66
14370,5,1,3,1,0,0,0,0,0,0,1,1,0,1478,0,0,Dec,11,Hot,Kolkata,CESC,342.04
14371,3,0,2,0,0,0,0,0,0,0,0,0,0,1116,0,0,Feb,5,Moderate,Mumbai,MSEDCL,143.13
14372,3,1,2,1,1,0,1,0,0,1,1,1,0,1068,0,0,Nov,0,Moderate,Mumbai,MSEDCL,583.01
14373,5,0,2,1,0,0,1,0,1,0,0,0,0,998,0,0,Jul,0,Hot,Kolkata,CESC,569.33
14374,5,4,4,1,0,1,1,0,1,1,1,0,0,1823,0,0,Nov,0,Moderate,Mumbai,MSEDCL,607.56
14375,2,1,1,1,0,1,0,0,0,0,0,0,0,662,0,0,May,6,Hot,Delhi,BSES Yamuna,320.97
14376,6,5,3,0,0,0,1,0,1,1,0,0,0,1365,0,0,Oct,11,Hot,Delhi,BSES Yamuna,290.65
14377,4,1,1,0,0,0,0,0,0,0,0,0,0,579,0,0,Jun,19,Moderate,Mumbai,MSEDCL,60.0
14378,3,0,3,1,1,1,1,0,0,1,0,0,0,1391,0,0,Oct,17,Hot,Chennai,TANGEDCO,305.96
14379,7,4,4,1,1,1,1,0,1,1,0,1,0,1996,0,1,May,17,Hot,Kolkata,CESC,431.39
14380,3,2,2,0,1,1,1,0,1,1,0,0,1,1015,0,0,Nov,0,Cold,Delhi,BSES Yamuna,646.91
14381,1,0,2,0,0,0,0,0,1,1,0,1,0,1083,0,0,Nov,0,Hot,Kolkata,CESC,300.11
14382,6,2,5,1,1,1,1,0,0,1,1,0,0,2351,0,1,May,14,Hot,Kolkata,CESC,500.44
14383,5,3,3,1,0,1,1,1,0,1,1,0,0,1306,0,0,May,13,Hot,Delhi,BSES Yamuna,416.93
14384,3,1,2,1,0,0,0,0,0,0,0,0,0,897,0,0,Jun,12,Hot,Delhi,BSES Yamuna,259.33
14385,3,1,3,1,0,1,1,1,0,0,1,1,0,1567,0,0,Apr,3,Hot,Chennai,TANGEDCO,633.35
14386,6,4,3,1,1,0,1,1,1,0,1,0,0,1429,0,0,May,5,Hot,Delhi,BSES Yamuna,748.18
14387,2,1,1,0,1,0,0,0,0,0,0,0,0,656,0,0,Oct,15,Hot,Chennai,TANGEDCO,163.39
14388,6,5,4,1,0,0,1,1,0,0,0,0,0,1642,0,0,May,6,Hot,Kolkata,CESC,545.09
14389,5,2,2,1,0,1,1,0,0,0,0,0,0,1041,0,0,Aug,9,Hot,Kolkata,CESC,396.52
14390,1,0,1,0,0,0,1,0,0,0,1,0,0,441,0,0,Jun,15,Hot,Kolkata,CESC,86.75
14391,4,0,3,1,0,0,1,0,1,0,0,1,0,1294,0,0,May,14,Hot,Kolkata,CESC,332.08
14392,1,0,2,0,1,0,1,1,0,0,1,1,1,1053,0,0,Jun,21,Cold,Delhi,BSES Yamuna,187.63
14393,3,1,1,0,0,0,0,0,0,0,1,0,0,587,0,0,Oct,21,Moderate,Bangalore,BESCOM,60.0
14394,5,0,3,1,0,1,1,0,1,0,0,0,1,1584,0,0,Jun,23,Hot,Kolkata,CESC,188.54
14395,4,2,4,1,0,1,1,0,1,1,1,1,0,1906,0,0,Jul,0,Hot,Chennai,TANGEDCO,766.81
14396,4,3,4,1,1,1,1,0,0,1,1,0,0,1999,0,0,Sep,0,Hot,Chennai,TANGEDCO,863.16
14397,4,3,5,1,1,1,1,0,1,1,1,1,0,2166,0,1,Jan,0,Moderate,Mumbai,MSEDCL,770.65
14398,3,2,4,1,0,1,1,0,0,1,1,1,0,1870,0,1,Feb,0,Hot,Kolkata,CESC,740.83
14399,3,2,1,1,0,0,0,1,1,0,0,0,0,524,0,0,Mar,0,Hot,Kolkata,CESC,552.51
14400,2,1,2,1,0,0,1,0,0,0,0,0,0,960,0,0,Apr,0,Hot,Kolkata,CESC,446.49
14401,6,5,4,1,0,1,0,0,0,0,1,1,0,1686,0,0,Oct,12,Hot,Kolkata,CESC,352.88
14402,1,0,2,0,1,1,0,0,0,0,0,0,1,1108,0,0,May,18,Cold,Delhi,BSES Yamuna,200.56
14403,2,1,3,0,1,1,1,0,0,1,0,0,0,1425,0,0,Apr,0,Moderate,Mumbai,MSEDCL,352.25
14404,2,1,3,0,0,0,1,0,1,1,0,0,0,1344,0,0,Jun,6,Moderate,Mumbai,MSEDCL,254.23
14405,4,1,2,0,0,1,0,0,0,0,0,0,0,1144,0,0,Sep,4,Hot,Chennai,TANGEDCO,224.13
14406,4,3,4,1,0,1,1,0,0,1,0,0,0,1847,1,1,Mar,0,Moderate,Bangalore,BESCOM,772.55
14407,5,2,3,0,1,1,0,0,0,0,1,1,0,1561,0,0,May,24,Hot,Chennai,TANGEDCO,97.61
14408,4,2,2,1,0,0,1,0,0,0,0,0,0,805,0,0,Apr,5,Hot,Kolkata,CESC,398.22
14409,7,5,6,1,1,1,1,0,1,1,1,1,0,2430,0,1,Jun,22,Moderate,Mumbai,MSEDCL,224.69
14410,1,0,2,0,1,1,1,0,0,0,0,0,0,996,0,0,Mar,0,Cold,Delhi,BSES Yamuna,339.15
14411,2,0,2,1,0,0,0,0,1,0,0,0,0,1031,0,0,Sep,0,Hot,Kolkata,CESC,482.21
14412,4,0,3,1,0,1,1,1,1,1,0,0,0,1495,0,0,Apr,5,Hot,Kolkata,CESC,655.8
14413,5,3,4,1,1,1,1,0,1,0,1,0,0,1924,0,1,Feb,0,Moderate,Bangalore,BESCOM,696.51
14414,6,1,3,0,0,0,1,0,0,0,1,0,0,1334,0,0,Nov,7,Moderate,Bangalore,BESCOM,219.47
14415,2,0,3,1,0,1,1,0,0,0,0,0,0,1212,0,0,May,8,Hot,Delhi,BSES Yamuna,381.51
14416,3,1,3,1,1,1,1,0,0,1,1,1,0,1203,0,0,Jun,13,Cold,Delhi,BSES Yamuna,378.84
14417,2,1,2,0,0,1,0,0,0,1,0,0,0,977,0,0,Mar,0,Hot,Delhi,BSES Yamuna,244.32
14418,4,2,4,1,0,1,1,1,1,1,0,0,0,1833,0,0,May,13,Hot,Kolkata,CESC,434.98
14419,3,0,4,0,0,1,0,0,1,1,1,1,0,1858,0,1,Apr,0,Moderate,Mumbai,MSEDCL,399.94
14420,2,0,2,1,0,0,0,1,0,0,0,0,0,939,0,0,Oct,6,Hot,Kolkata,CESC,377.64
14421,4,3,1,1,1,0,0,0,0,0,0,0,0,464,0,0,Aug,0,Hot,Kolkata,CESC,567.41
14422,7,3,5,1,1,1,1,0,1,1,1,0,0,2282,0,1,Jul,0,Hot,Chennai,TANGEDCO,1047.2
14423,6,5,4,1,0,1,1,0,0,0,0,0,0,1962,0,1,Sep,8,Hot,Delhi,BSES Yamuna,489.55
14424,3,0,4,0,1,1,1,0,0,1,1,1,0,1905,0,0,May,19,Moderate,Bangalore,BESCOM,178.82
14425,4,1,4,0,0,1,1,0,0,1,1,0,0,1804,0,0,May,21,Moderate,Mumbai,MSEDCL,108.34
14426,6,5,3,0,1,0,1,0,0,1,1,0,0,1216,0,0,Feb,0,Moderate,Mumbai,MSEDCL,425.13
14427,6,1,3,1,0,1,1,0,0,1,1,0,1,1399,0,0,Feb,8,Moderate,Mumbai,MSEDCL,499.45
14428,6,3,3,0,0,1,0,0,1,0,0,1,0,1231,0,0,May,23,Hot,Kolkata,CESC,126.15
14429,4,3,1,0,0,1,0,0,0,0,1,0,0,611,0,0,Oct,20,Hot,Kolkata,CESC,79.6
14430,6,2,3,1,0,1,1,0,0,0,1,1,0,1472,0,0,Jun,7,Moderate,Bangalore,BESCOM,387.99
14431,3,1,3,0,1,1,1,0,0,0,0,1,1,1489,0,0,May,18,Moderate,Bangalore,BESCOM,202.76
14432,3,0,3,1,0,1,0,0,0,0,1,1,0,1490,0,0,Dec,5,Hot,Delhi,BSES Yamuna,458.62
14433,6,1,3,1,0,0,0,0,0,0,0,1,0,1433,0,1,May,22,Hot,Delhi,BSES Yamuna,157.49
14434,3,2,2,0,1,0,1,0,0,1,0,1,0,981,0,0,May,11,Hot,Chennai,TANGEDCO,325.37
14435,5,3,2,1,0,0,0,0,0,0,0,0,0,945,0,0,Dec,15,Hot,Kolkata,CESC,231.87
14436,3,2,2,1,0,0,0,0,0,1,1,1,0,849,0,0,Mar,0,Moderate,Mumbai,MSEDCL,412.38
14437,1,0,2,1,0,1,1,0,1,0,0,0,0,902,0,0,May,5,Moderate,Mumbai,MSEDCL,331.68
14438,1,0,2,1,0,0,1,0,0,1,1,1,0,832,0,0,May,16,Moderate,Bangalore,BESCOM,166.55
14439,5,0,5,1,0,1,1,0,1,1,1,1,1,2088,0,0,Jun,14,Hot,Chennai,TANGEDCO,547.61
14440,4,2,2,0,1,1,1,0,0,1,1,0,0,1184,0,0,Mar,8,Moderate,Mumbai,MSEDCL,304.94
14441,2,0,2,1,0,0,0,0,0,0,0,0,0,1140,0,0,May,10,Hot,Chennai,TANGEDCO,239.17
14442,3,2,3,1,1,0,1,0,0,0,0,1,1,1514,0,0,Apr,0,Hot,Chennai,TANGEDCO,917.97
14443,5,2,3,1,0,1,1,0,1,1,0,0,0,1440,0,0,Oct,22,Moderate,Mumbai,MSEDCL,164.56
14444,2,1,2,0,1,0,1,0,0,1,0,0,0,1065,0,0,Oct,17,Moderate,Mumbai,MSEDCL,143.8
14445,5,3,3,1,0,1,0,0,1,1,0,1,0,1422,0,0,Apr,0,Hot,Delhi,BSES Yamuna,659.33
14446,3,1,3,1,0,1,1,0,1,1,0,0,0,1435,0,0,May,5,Hot,Chennai,TANGEDCO,537.62
14447,1,0,2,1,1,1,0,0,0,1,0,0,0,952,0,0,Jul,5,Hot,Kolkata,CESC,520.36
14448,3,1,2,0,0,1,1,0,0,1,1,0,0,856,0,0,Jan,8,Moderate,Bangalore,BESCOM,214.0
14449,5,3,5,1,1,1,0,1,1,1,1,1,0,2321,0,1,Oct,13,Moderate,Mumbai,MSEDCL,450.99
14450,5,3,4,0,1,1,1,0,1,1,0,0,0,1974,0,0,Jun,13,Moderate,Bangalore,BESCOM,289.11
14451,6,3,3,1,0,0,1,0,0,1,1,0,0,1311,0,0,Apr,0,Hot,Delhi,BSES Yamuna,671.7
14452,3,2,1,0,0,0,0,0,0,0,0,0,0,414,0,0,May,6,Hot,Delhi,BSES Yamuna,97.55
14453,2,0,2,1,0,1,0,0,0,1,0,0,0,1068,0,0,Nov,0,Hot,Chennai,TANGEDCO,505.55
14454,2,1,3,0,0,1,0,0,0,0,0,0,0,1313,0,0,Jan,0,Hot,Chennai,TANGEDCO,239.63
14455,4,0,2,0,0,0,0,0,1,0,1,0,0,1051,0,0,Mar,8,Hot,Chennai,TANGEDCO,224.09
14456,1,0,2,1,0,1,0,0,1,0,1,0,0,1173,0,0,Apr,7,Hot,Kolkata,CESC,428.73
14457,4,0,3,0,0,1,0,0,1,1,1,1,0,1341,0,0,Feb,0,Moderate,Bangalore,BESCOM,357.21
14458,4,1,2,0,0,0,0,0,0,0,0,0,0,913,0,0,Apr,9,Hot,Kolkata,CESC,148.83
14459,2,1,3,1,1,1,0,0,1,0,1,0,0,1489,0,0,Oct,5,Hot,Delhi,BSES Yamuna,598.99
14460,3,0,4,0,1,1,1,0,0,1,0,0,1,1956,0,1,Jun,17,Cold,Delhi,BSES Yamuna,274.37
14461,1,0,2,1,0,1,0,1,1,0,0,0,0,824,1,1,Jun,17,Hot,Delhi,BSES Yamuna,373.66
14462,6,5,4,0,1,1,1,0,0,0,1,0,1,1967,0,0,Apr,9,Cold,Delhi,BSES Yamuna,489.54
14463,1,0,1,0,0,0,1,0,0,0,0,1,0,709,0,1,May,23,Hot,Chennai,TANGEDCO,91.7
14464,3,1,4,1,1,1,0,0,1,1,1,0,0,1854,0,1,Nov,8,Hot,Kolkata,CESC,641.36
14465,3,0,2,0,1,0,1,0,0,0,0,1,0,1067,0,0,Apr,0,Moderate,Bangalore,BESCOM,336.34
14466,1,0,1,0,0,1,0,0,1,0,0,0,1,525,0,0,Nov,3,Moderate,Mumbai,MSEDCL,291.28
14467,2,1,3,0,0,1,1,0,0,1,1,1,0,1592,0,1,Jul,0,Hot,Kolkata,CESC,458.75
14468,5,0,2,1,1,1,0,0,0,0,0,0,0,1049,0,0,Jun,24,Hot,Kolkata,CESC,147.31
14469,6,1,4,1,1,1,1,0,0,0,1,1,0,1886,0,1,Apr,6,Hot,Chennai,TANGEDCO,687.05
14470,5,2,2,0,0,1,0,0,1,1,0,0,0,1133,0,0,Jul,5,Hot,Chennai,TANGEDCO,327.86
14471,3,2,2,0,0,1,0,0,0,0,0,0,0,852,0,0,Oct,13,Hot,Chennai,TANGEDCO,116.48
14472,6,5,3,1,1,1,0,0,0,0,0,1,0,1567,0,0,Apr,0,Hot,Chennai,TANGEDCO,742.15
14473,2,0,2,0,0,1,0,0,0,1,0,0,0,842,0,0,Jan,6,Moderate,Mumbai,MSEDCL,126.75
14474,4,3,2,0,1,0,0,0,0,0,0,0,0,965,0,0,Aug,0,Moderate,Mumbai,MSEDCL,263.44
14475,2,1,3,0,0,1,1,0,0,0,0,0,0,1241,0,0,Jun,17,Moderate,Bangalore,BESCOM,73.72
14476,6,4,3,1,0,1,1,0,1,1,0,0,0,1579,0,0,Jun,17,Hot,Delhi,BSES Yamuna,325.22
14477,7,3,4,0,1,1,1,0,0,1,1,0,1,1775,0,0,May,19,Cold,Delhi,BSES Yamuna,260.07
14478,4,3,5,1,1,1,1,1,0,0,1,0,0,2066,0,1,May,5,Moderate,Mumbai,MSEDCL,582.61
14479,1,0,2,0,0,0,1,0,0,1,0,0,0,865,0,0,May,18,Hot,Delhi,BSES Yamuna,112.35
14480,4,1,3,0,1,1,1,1,0,0,0,0,0,1599,0,0,Feb,2,Hot,Delhi,BSES Yamuna,533.69
14481,5,2,2,0,1,0,1,0,1,0,0,0,0,882,0,0,Sep,9,Hot,Kolkata,CESC,362.89
14482,6,2,3,1,0,1,1,0,1,1,1,0,0,1549,0,0,May,13,Hot,Delhi,BSES Yamuna,429.25
14483,2,1,2,1,1,1,0,0,0,0,0,0,0,904,0,1,Oct,20,Hot,Delhi,BSES Yamuna,223.04
14484,7,5,6,0,1,1,0,0,1,1,1,1,1,2799,0,0,Dec,20,Cold,Delhi,BSES Yamuna,282.34
14485,3,1,3,0,1,1,1,1,0,1,1,0,0,1486,0,0,Apr,0,Moderate,Mumbai,MSEDCL,489.64
14486,8,5,5,1,1,1,1,1,1,1,1,1,0,2373,0,1,Sep,9,Moderate,Bangalore,BESCOM,645.74
14487,4,2,4,1,1,1,1,1,1,1,1,0,0,1785,0,0,Dec,6,Hot,Kolkata,CESC,767.44
14488,7,4,4,0,1,1,1,0,0,1,1,1,0,1883,0,0,Aug,0,Moderate,Mumbai,MSEDCL,520.68
14489,6,1,4,1,1,1,1,1,1,1,0,0,0,1603,0,0,Apr,0,Moderate,Bangalore,BESCOM,709.79
14490,3,1,2,0,0,0,0,0,0,0,1,0,0,937,0,0,Oct,13,Hot,Delhi,BSES Yamuna,122.04
14491,2,0,2,0,0,0,0,0,0,1,0,0,0,978,0,1,Sep,0,Moderate,Mumbai,MSEDCL,180.03
14492,5,1,2,0,0,1,0,0,0,1,1,0,0,1036,0,0,May,19,Moderate,Bangalore,BESCOM,119.4
14493,2,0,1,0,0,0,1,0,0,1,0,1,0,417,0,0,Jun,10,Hot,Delhi,BSES Yamuna,176.1
14494,4,3,3,0,1,1,1,1,1,1,1,1,0,1502,0,0,Aug,0,Moderate,Bangalore,BESCOM,566.64
14495,5,1,3,1,1,0,1,0,0,0,1,0,0,1208,0,0,Mar,5,Moderate,Bangalore,BESCOM,468.07
14496,2,1,3,1,0,1,1,0,0,0,1,0,0,1228,0,0,Nov,0,Moderate,Bangalore,BESCOM,431.16
14497,4,3,5,0,1,1,1,0,0,1,0,1,1,2143,0,1,Dec,5,Cold,Delhi,BSES Yamuna,578.58
14498,4,2,4,1,1,1,1,1,1,1,0,0,0,1947,0,1,May,12,Hot,Kolkata,CESC,587.06
14499,5,2,2,0,0,1,1,0,0,0,0,0,0,948,0,0,Aug,0,Moderate,Mumbai,MSEDCL,257.98
14500,3,0,2,1,0,0,0,0,1,0,0,1,0,863,0,0,May,11,Hot,Delhi,BSES Yamuna,321.19
14501,4,0,2,1,0,1,0,0,1,1,0,0,0,1166,0,0,Jan,0,Hot,Delhi,BSES Yamuna,622.86
14502,4,1,2,1,0,1,0,0,0,0,0,1,0,1179,0,0,Dec,23,Hot,Delhi,BSES Yamuna,123.91
14503,5,1,3,1,0,1,0,0,0,1,0,0,0,1386,0,0,Mar,8,Moderate,Mumbai,MSEDCL,315.73
14504,2,1,3,1,0,1,1,0,1,1,0,0,0,1565,0,0,Feb,0,Hot,Kolkata,CESC,659.69
14505,4,2,3,0,1,0,1,0,1,1,0,1,0,1426,0,1,Oct,19,Hot,Delhi,BSES Yamuna,244.1
14506,3,0,4,1,1,1,1,0,1,0,0,0,0,1717,0,0,Jan,7,Moderate,Mumbai,MSEDCL,487.97
14507,4,0,4,1,1,1,1,0,1,1,1,0,0,1955,0,1,Jul,2,Moderate,Bangalore,BESCOM,685.79
14508,4,0,1,1,0,0,0,0,0,1,0,0,0,653,0,0,Nov,0,Hot,Kolkata,CESC,469.43
14509,4,0,3,1,0,0,0,0,0,1,0,0,0,1230,0,0,May,19,Hot,Delhi,BSES Yamuna,177.54
14510,4,1,2,1,1,1,1,0,0,1,0,0,0,960,0,0,Feb,3,Hot,Chennai,TANGEDCO,666.69
14511,1,0,2,0,0,1,1,0,0,0,1,0,0,1014,0,0,Apr,5,Hot,Kolkata,CESC,227.75
14512,1,0,1,1,0,0,1,0,0,0,0,0,0,568,0,0,Nov,0,Hot,Delhi,BSES Yamuna,390.42
14513,1,0,2,1,0,0,1,0,1,0,1,1,0,880,0,0,May,20,Hot,Kolkata,CESC,176.1
14514,4,3,2,0,1,0,0,0,1,0,0,0,0,845,0,1,Jun,5,Moderate,Bangalore,BESCOM,306.6
14515,3,1,2,0,0,1,1,0,0,0,1,0,0,848,0,0,Apr,5,Cold,Delhi,BSES Yamuna,193.07
14516,4,2,3,0,1,1,1,0,1,1,0,1,0,1497,0,0,Nov,3,Hot,Delhi,BSES Yamuna,593.83
14517,3,0,3,1,0,1,0,0,1,1,0,1,1,1567,0,0,Jun,18,Hot,Delhi,BSES Yamuna,335.36
14518,4,3,2,1,1,1,1,0,0,0,0,0,0,1082,0,0,Jun,15,Hot,Chennai,TANGEDCO,324.46
14519,2,1,1,0,0,0,0,0,0,0,0,0,0,487,0,0,Jun,5,Hot,Kolkata,CESC,92.57
14520,4,3,4,0,0,1,1,1,0,0,1,0,0,1720,0,0,Sep,0,Hot,Kolkata,CESC,438.72
14521,2,1,1,0,0,0,0,0,1,0,0,0,0,402,0,0,Apr,0,Hot,Chennai,TANGEDCO,192.52
14522,5,3,5,1,0,1,1,0,1,1,0,1,0,2315,0,0,Nov,0,Hot,Delhi,BSES Yamuna,785.0
14523,2,1,3,1,1,1,1,0,0,0,1,1,0,1426,0,0,Apr,6,Hot,Chennai,TANGEDCO,602.71
14524,2,0,2,0,0,1,0,0,0,1,1,0,1,878,0,0,Apr,0,Cold,Delhi,BSES Yamuna,382.68
14525,3,1,2,1,0,0,0,0,0,0,0,0,0,944,0,1,Jan,0,Hot,Chennai,TANGEDCO,468.99
14526,2,0,1,0,0,0,0,0,1,0,0,0,0,641,0,0,Jan,0,Cold,Delhi,BSES Yamuna,167.38
14527,1,0,2,1,1,0,0,0,0,0,1,0,0,831,0,0,May,19,Moderate,Bangalore,BESCOM,152.07
14528,4,3,1,0,0,0,0,0,0,0,1,0,0,662,0,0,Apr,0,Hot,Chennai,TANGEDCO,224.26
14529,6,4,3,1,0,1,1,0,0,0,0,0,1,1410,1,0,Apr,0,Hot,Delhi,BSES Yamuna,1123.51
14530,5,2,2,1,0,0,0,0,0,1,0,0,0,870,0,0,Dec,15,Hot,Kolkata,CESC,241.14
14531,6,1,3,0,1,0,0,0,1,0,1,0,0,1583,0,0,Nov,4,Moderate,Mumbai,MSEDCL,366.87
14532,5,2,3,1,0,0,0,1,0,1,1,1,0,1396,0,0,May,23,Hot,Kolkata,CESC,148.78
14533,3,1,2,1,0,1,1,0,0,1,0,0,0,857,0,0,May,23,Moderate,Mumbai,MSEDCL,100.35
14534,1,0,1,0,0,1,0,0,1,0,0,0,0,511,0,0,May,14,Moderate,Mumbai,MSEDCL,75.66
14535,2,1,1,1,0,0,0,0,0,0,0,0,1,447,0,0,Oct,7,Cold,Delhi,BSES Yamuna,378.61
14536,4,3,1,0,0,0,0,0,0,0,0,0,0,584,0,0,Feb,2,Hot,Delhi,BSES Yamuna,145.96
14537,6,0,3,1,0,1,1,0,0,1,1,1,0,1566,0,0,Jun,21,Hot,Delhi,BSES Yamuna,195.63
14538,1,0,2,0,0,1,0,0,1,1,1,0,0,1126,0,0,Apr,8,Moderate,Bangalore,BESCOM,183.2
14539,2,0,3,0,0,1,1,0,1,1,1,1,0,1364,0,0,Sep,2,Hot,Kolkata,CESC,457.49
14540,4,3,2,1,1,0,1,0,0,0,0,0,0,1014,0,0,Jun,18,Hot,Kolkata,CESC,266.86
14541,5,3,2,0,0,1,1,0,0,1,1,0,0,1130,0,0,May,16,Hot,Kolkata,CESC,193.94
14542,3,2,3,1,1,1,1,0,0,0,1,0,0,1529,0,1,Feb,0,Hot,Delhi,BSES Yamuna,765.48
14543,2,1,3,0,0,1,1,0,0,0,1,1,0,1320,0,0,Sep,6,Moderate,Mumbai,MSEDCL,217.42
14544,5,0,2,0,0,1,0,0,0,1,0,0,0,1012,0,0,Feb,6,Moderate,Mumbai,MSEDCL,190.59
14545,3,1,1,0,0,1,0,0,1,0,1,0,0,710,0,0,May,18,Hot,Delhi,BSES Yamuna,112.64
14546,2,1,3,0,0,1,1,0,0,1,0,1,0,1240,0,0,May,7,Hot,Chennai,TANGEDCO,292.61
14547,4,2,2,0,0,1,1,0,1,0,1,0,0,1152,0,0,Jun,19,Hot,Kolkata,CESC,165.8
14548,4,2,2,0,0,1,1,0,0,0,1,1,0,1088,0,0,Jun,24,Moderate,Bangalore,BESCOM,60.0
14549,3,1,3,0,0,1,0,0,0,0,1,1,0,1367,0,0,May,22,Moderate,Bangalore,BESCOM,77.43
14550,4,3,2,0,1,1,0,0,0,0,0,0,0,833,0,0,May,16,Moderate,Bangalore,BESCOM,133.01
14551,6,2,3,1,1,1,1,0,1,0,0,0,0,1517,0,0,May,24,Hot,Chennai,TANGEDCO,168.48
14552,5,0,3,1,0,0,1,0,0,1,0,1,0,1474,0,0,Jun,20,Hot,Kolkata,CESC,179.74
14553,3,1,3,0,0,1,0,0,1,0,0,0,0,1396,0,0,Oct,8,Hot,Kolkata,CESC,242.85
14554,4,0,3,1,1,0,1,1,0,0,0,0,0,1390,0,0,Mar,9,Hot,Chennai,TANGEDCO,537.98
14555,2,0,3,1,1,0,0,1,0,0,1,0,0,1420,0,0,Jun,13,Hot,Delhi,BSES Yamuna,384.07
14556,2,0,3,0,0,1,0,0,0,1,0,0,1,1209,0,0,Jan,0,Cold,Delhi,BSES Yamuna,397.93
14557,7,3,4,1,1,1,1,1,1,0,1,0,0,1719,0,0,Jul,0,Moderate,Bangalore,BESCOM,720.69
14558,2,0,2,1,0,1,1,0,0,0,0,0,1,922,0,0,Jun,12,Moderate,Bangalore,BESCOM,304.78
14559,2,1,2,1,1,0,1,0,0,0,0,0,0,1046,0,0,Jul,0,Hot,Chennai,TANGEDCO,598.39
14560,3,1,3,0,0,0,1,0,1,0,0,0,0,1559,0,0,May,7,Hot,Chennai,TANGEDCO,268.22
14561,2,1,3,0,1,1,1,0,0,1,1,1,1,1596,0,0,Apr,3,Moderate,Bangalore,BESCOM,523.8
14562,4,1,1,0,0,1,0,0,0,1,0,0,0,620,0,0,May,7,Moderate,Mumbai,MSEDCL,161.05
14563,3,0,4,1,0,1,1,1,0,1,1,0,0,1860,0,1,Jan,2,Hot,Chennai,TANGEDCO,708.62
14564,1,0,1,0,0,0,0,0,1,1,0,0,0,457,0,0,May,14,Hot,Kolkata,CESC,94.15
14565,2,1,3,1,0,1,0,0,0,0,0,0,0,1514,0,0,Oct,15,Moderate,Mumbai,MSEDCL,202.06
14566,5,1,3,1,0,1,1,1,0,1,1,1,0,1327,0,0,May,12,Hot,Chennai,TANGEDCO,438.53
14567,6,1,5,1,1,1,1,0,1,1,1,1,0,2186,0,0,Jun,12,Moderate,Mumbai,MSEDCL,423.96
14568,1,0,1,1,0,1,0,0,0,0,1,0,0,604,0,0,May,19,Moderate,Mumbai,MSEDCL,135.47
14569,4,0,3,1,0,1,0,0,0,1,0,0,0,1285,0,0,Mar,0,Hot,Kolkata,CESC,551.37
14570,3,0,2,1,0,0,0,0,0,0,0,1,0,903,0,0,Jun,14,Hot,Chennai,TANGEDCO,252.79
14571,1,0,2,1,0,1,1,0,0,0,0,0,0,942,0,0,Jan,0,Hot,Delhi,BSES Yamuna,495.65
14572,4,0,1,0,0,0,0,1,1,1,0,1,0,604,0,0,Nov,0,Moderate,Bangalore,BESCOM,281.15
14573,4,0,3,1,1,1,0,1,0,0,1,0,0,1328,0,0,Sep,0,Moderate,Mumbai,MSEDCL,589.56
14574,1,0,2,0,1,1,0,0,0,0,0,0,0,1045,0,0,Dec,12,Moderate,Bangalore,BESCOM,164.35
14575,1,0,1,1,0,0,1,0,0,0,0,0,0,437,0,0,Dec,18,Moderate,Bangalore,BESCOM,128.39
14576,6,3,3,0,0,1,1,0,1,1,0,0,0,1562,0,0,Aug,0,Moderate,Mumbai,MSEDCL,379.88
14577,3,2,3,0,0,1,1,0,0,1,0,1,1,1308,0,0,Sep,0,Cold,Delhi,BSES Yamuna,518.76
14578,2,0,3,1,0,1,1,0,0,0,0,0,0,1508,0,0,Jun,5,Moderate,Mumbai,MSEDCL,345.25
14579,5,0,4,0,0,0,1,0,1,1,0,0,0,1651,0,1,Apr,0,Hot,Chennai,TANGEDCO,489.31
14580,5,1,2,0,0,1,0,0,0,0,0,0,1,800,0,0,Oct,21,Moderate,Bangalore,BESCOM,93.59
14581,6,5,5,1,1,1,1,0,1,0,1,0,0,2010,0,0,May,24,Hot,Chennai,TANGEDCO,152.23
14582,4,0,4,1,1,1,1,1,1,1,0,0,0,1913,0,1,Jun,19,Moderate,Mumbai,MSEDCL,290.65
14583,4,0,2,0,0,1,0,0,0,0,1,0,0,1034,0,0,Aug,0,Moderate,Bangalore,BESCOM,214.71
14584,2,1,2,0,0,0,0,1,0,0,0,1,1,927,0,0,Jun,7,Moderate,Bangalore,BESCOM,290.87
14585,5,0,2,0,1,0,1,0,0,0,0,0,0,1013,0,0,Jul,7,Moderate,Bangalore,BESCOM,242.55
14586,2,1,2,1,0,1,0,0,0,0,1,1,0,1042,0,0,May,17,Hot,Chennai,TANGEDCO,212.7
14587,3,1,3,1,0,1,0,0,1,0,1,0,0,1243,0,0,Sep,8,Moderate,Mumbai,MSEDCL,311.31
14588,6,0,3,1,1,1,0,0,1,1,0,0,1,1205,0,0,Nov,0,Hot,Kolkata,CESC,987.34
14589,6,3,3,0,1,1,0,0,1,1,0,0,0,1355,0,0,May,21,Moderate,Bangalore,BESCOM,134.67
14590,4,3,3,1,0,0,1,0,0,0,1,1,0,1207,0,0,Mar,0,Moderate,Bangalore,BESCOM,401.59
14591,4,1,1,0,1,0,0,0,0,0,0,0,0,404,0,0,Jun,17,Hot,Delhi,BSES Yamuna,141.29
14592,3,1,4,0,1,0,1,0,1,1,1,1,0,1961,0,0,May,13,Moderate,Mumbai,MSEDCL,283.1
14593,4,0,2,0,1,0,0,0,0,0,0,0,0,981,0,0,May,22,Hot,Delhi,BSES Yamuna,129.36
14594,7,5,5,0,1,1,1,0,0,1,0,1,0,2111,0,1,Apr,3,Moderate,Mumbai,MSEDCL,483.32
14595,2,0,1,1,0,0,1,0,0,0,1,1,0,672,0,0,Jun,22,Hot,Delhi,BSES Yamuna,145.16
14596,7,2,5,1,1,1,1,0,1,1,0,1,0,2264,0,0,Sep,0,Moderate,Bangalore,BESCOM,747.34
14597,2,0,1,0,0,0,0,0,0,0,0,0,0,611,0,0,Sep,4,Moderate,Bangalore,BESCOM,105.58
14598,5,1,2,0,1,0,0,0,0,0,1,1,0,877,0,0,Dec,12,Moderate,Mumbai,MSEDCL,220.05
14599,4,2,1,0,0,0,1,0,0,0,0,0,0,669,0,0,Apr,2,Hot,Delhi,BSES Yamuna,194.12
14600,6,1,3,1,1,0,1,0,1,1,1,0,0,1353,0,0,Nov,7,Moderate,Mumbai,MSEDCL,513.89
14601,7,4,4,1,1,1,1,0,0,1,0,1,0,1820,0,0,Aug,4,Hot,Kolkata,CESC,788.38
14602,1,0,2,0,1,1,1,0,0,0,1,0,0,1168,0,0,Aug,3,Moderate,Bangalore,BESCOM,327.59
14603,8,1,5,1,1,1,1,0,0,0,0,1,1,2346,0,0,Jul,0,Hot,Chennai,TANGEDCO,1083.86
14604,6,3,3,0,0,1,1,0,1,0,0,1,0,1224,0,1,Jun,12,Moderate,Mumbai,MSEDCL,236.92
14605,3,2,3,1,0,1,0,0,0,1,1,1,0,1553,0,0,May,23,Moderate,Bangalore,BESCOM,103.68
14606,5,3,4,1,1,1,1,1,1,0,0,0,0,1807,0,1,Nov,7,Hot,Chennai,TANGEDCO,739.07
14607,4,1,2,0,1,0,0,0,0,0,0,0,0,802,0,0,Apr,0,Hot,Chennai,TANGEDCO,349.97
14608,2,1,2,1,0,1,0,0,0,0,0,0,0,1014,0,0,Apr,3,Hot,Kolkata,CESC,390.25
14609,4,3,4,1,0,1,1,0,0,1,0,1,0,1994,0,0,Jan,0,Hot,Chennai,TANGEDCO,691.24
14610,4,3,4,0,1,1,1,0,0,1,0,0,0,1711,0,0,Aug,0,Moderate,Mumbai,MSEDCL,420.69
14611,7,3,5,1,1,1,1,0,0,1,1,0,0,2191,0,0,Oct,18,Moderate,Mumbai,MSEDCL,290.58
14612,4,3,4,1,0,1,0,1,0,1,0,0,0,1646,0,0,Apr,0,Hot,Kolkata,CESC,662.42
14613,3,1,1,0,0,0,0,0,0,0,0,0,0,620,0,0,Jan,0,Hot,Delhi,BSES Yamuna,178.33
14614,7,3,4,1,1,1,1,1,1,0,1,1,0,1786,0,1,Apr,0,Hot,Kolkata,CESC,1044.22
14615,3,0,2,0,0,1,0,0,0,1,1,0,0,849,0,0,Oct,14,Moderate,Mumbai,MSEDCL,156.03
14616,7,5,6,1,1,1,1,0,1,1,1,0,0,2596,0,0,Jan,0,Moderate,Mumbai,MSEDCL,757.34
14617,5,3,2,1,0,0,1,0,0,0,0,0,0,1015,0,0,Mar,0,Hot,Chennai,TANGEDCO,545.66
14618,6,1,3,1,0,1,1,0,0,0,0,0,0,1420,0,0,Jan,0,Hot,Chennai,TANGEDCO,622.64
14619,3,2,3,0,0,1,1,0,0,0,0,0,1,1579,0,0,Nov,0,Moderate,Mumbai,MSEDCL,409.85
14620,2,1,2,0,0,1,0,0,0,0,1,0,1,889,0,0,Mar,0,Hot,Chennai,TANGEDCO,443.3
14621,4,0,1,0,0,1,0,0,0,0,0,0,0,631,0,0,Nov,6,Hot,Chennai,TANGEDCO,171.52
14622,3,1,4,0,1,1,1,0,1,0,1,0,0,1922,0,1,May,20,Moderate,Bangalore,BESCOM,122.06
14623,5,2,4,1,0,1,1,0,1,1,0,0,0,1857,0,0,May,24,Hot,Kolkata,CESC,138.11
14624,4,0,1,1,0,1,0,0,0,1,0,0,0,552,0,0,May,15,Moderate,Bangalore,BESCOM,200.54
14625,5,4,3,1,0,0,1,0,1,0,0,0,1,1455,0,0,May,24,Hot,Chennai,TANGEDCO,174.33
14626,4,3,3,0,1,1,0,0,0,1,1,0,0,1457,0,0,May,20,Moderate,Bangalore,BESCOM,154.22
14627,3,0,2,1,0,1,0,0,0,0,1,0,0,864,0,0,Oct,12,Moderate,Mumbai,MSEDCL,219.5
14628,5,0,2,1,0,0,1,0,1,1,0,1,0,989,0,0,Jun,12,Hot,Delhi,BSES Yamuna,375.03
14629,3,0,4,0,0,0,1,0,0,0,1,0,0,1690,0,0,Dec,6,Moderate,Bangalore,BESCOM,194.34
14630,3,1,3,1,0,1,0,0,1,1,1,0,1,1372,0,0,Jun,8,Hot,Delhi,BSES Yamuna,612.66
14631,2,1,3,1,0,0,1,1,0,1,0,1,0,1446,0,0,Oct,7,Hot,Kolkata,CESC,477.81
14632,2,1,3,0,0,1,1,0,1,1,1,0,0,1455,0,0,Aug,0,Moderate,Mumbai,MSEDCL,370.73
14633,4,1,1,1,0,0,0,0,0,0,0,0,0,515,0,0,May,17,Hot,Chennai,TANGEDCO,184.77
14634,2,0,2,1,0,0,1,0,0,0,0,0,0,848,0,1,Sep,8,Hot,Chennai,TANGEDCO,355.39
14635,1,0,2,0,0,1,1,1,0,1,0,0,0,1026,0,0,Apr,0,Hot,Kolkata,CESC,383.29
14636,4,3,2,1,0,0,1,0,0,0,0,1,0,868,0,0,Apr,0,Hot,Chennai,TANGEDCO,517.71
14637,5,0,3,0,1,0,1,0,1,1,0,0,0,1587,0,0,Jun,16,Moderate,Mumbai,MSEDCL,192.92
14638,4,3,4,0,1,1,1,0,1,1,1,0,1,1725,0,0,Aug,0,Moderate,Bangalore,BESCOM,673.36
14639,2,1,2,1,1,1,0,0,0,0,0,1,0,1012,0,1,Jun,9,Moderate,Bangalore,BESCOM,373.34
14640,3,2,2,0,0,0,0,0,0,1,0,1,0,852,0,0,Jun,15,Hot,Chennai,TANGEDCO,111.95
14641,4,0,3,1,0,1,0,1,0,0,0,1,0,1311,0,0,Mar,0,Hot,Chennai,TANGEDCO,619.39
14642,3,1,4,0,0,0,1,1,1,1,1,1,0,1758,0,0,May,21,Moderate,Mumbai,MSEDCL,99.14
14643,2,1,3,1,1,0,0,0,0,1,0,0,0,1439,0,0,Jun,11,Hot,Chennai,TANGEDCO,400.6
14644,4,2,4,1,0,1,0,0,1,0,1,1,0,1749,0,0,Apr,0,Hot,Kolkata,CESC,653.79
14645,2,1,3,0,1,1,0,0,1,1,0,0,0,1338,0,0,Jun,10,Moderate,Bangalore,BESCOM,267.26
14646,6,4,3,0,0,1,0,1,0,1,1,0,0,1312,0,0,Apr,7,Moderate,Bangalore,BESCOM,303.27
14647,4,1,1,1,0,0,0,1,1,1,0,0,0,542,0,0,Feb,0,Moderate,Bangalore,BESCOM,490.2
14648,1,0,2,0,1,0,1,0,0,0,0,0,0,1169,0,0,May,22,Moderate,Mumbai,MSEDCL,75.95
14649,1,0,2,1,0,1,1,0,0,0,1,0,0,937,0,0,May,12,Hot,Chennai,TANGEDCO,278.01
14650,4,3,3,1,0,0,1,0,0,1,0,0,1,1503,0,0,Oct,17,Hot,Kolkata,CESC,333.94
14651,8,0,5,1,0,1,1,0,1,1,1,1,0,2030,0,0,May,23,Hot,Kolkata,CESC,204.21
14652,3,1,4,1,0,1,1,0,1,1,1,0,0,1892,0,0,Feb,0,Moderate,Bangalore,BESCOM,571.83
14653,4,0,1,1,0,0,0,0,0,0,0,1,0,507,0,0,Oct,23,Hot,Delhi,BSES Yamuna,128.38
14654,1,0,2,0,0,1,1,0,0,0,1,0,0,1083,0,0,May,22,Hot,Chennai,TANGEDCO,62.87
14655,2,0,2,1,0,1,0,0,0,0,1,0,0,958,0,0,Jun,11,Moderate,Mumbai,MSEDCL,230.47
14656,5,4,2,1,1,0,1,1,1,0,1,0,0,1125,0,0,Jun,6,Hot,Kolkata,CESC,696.28
14657,2,1,3,0,0,1,0,0,1,0,0,0,0,1213,0,0,Dec,9,Hot,Chennai,TANGEDCO,182.11
14658,7,3,4,0,1,1,1,0,0,0,0,0,1,1721,0,0,May,14,Cold,Delhi,BSES Yamuna,349.7
14659,4,1,5,1,0,1,1,0,1,1,0,0,0,2214,1,1,Mar,3,Hot,Kolkata,CESC,991.25
14660,5,0,3,0,1,1,0,0,0,1,1,0,0,1471,0,0,May,20,Moderate,Bangalore,BESCOM,160.71
14661,6,1,4,1,0,0,0,0,1,0,0,1,0,1624,0,0,Jun,6,Hot,Delhi,BSES Yamuna,470.21
14662,6,3,3,0,0,0,1,1,1,0,1,0,0,1521,0,0,Apr,0,Moderate,Bangalore,BESCOM,395.24
14663,3,0,2,1,0,1,1,0,0,1,0,0,0,1093,0,0,May,13,Hot,Delhi,BSES Yamuna,336.94
14664,4,2,3,0,0,0,1,0,1,0,1,0,0,1368,0,0,Jul,6,Hot,Chennai,TANGEDCO,309.1
14665,3,2,3,1,0,1,1,0,0,0,1,0,0,1302,0,0,Mar,4,Hot,Chennai,TANGEDCO,475.97
14666,4,2,3,1,0,1,0,0,0,0,0,1,0,1553,0,0,Nov,0,Moderate,Bangalore,BESCOM,409.62
14667,5,3,2,1,0,0,0,0,0,0,0,0,0,1170,0,0,Jun,11,Hot,Kolkata,CESC,302.39
14668,3,2,2,1,0,0,1,0,0,1,0,0,0,839,0,0,May,13,Hot,Chennai,TANGEDCO,334.17
14669,2,1,2,1,1,1,0,0,1,1,1,0,0,1034,0,0,May,15,Moderate,Bangalore,BESCOM,269.57
14670,4,2,5,1,1,1,1,0,1,1,1,1,0,2319,0,0,Apr,8,Moderate,Bangalore,BESCOM,538.57
14671,3,0,2,0,1,1,1,0,0,0,1,0,0,888,0,0,May,15,Moderate,Mumbai,MSEDCL,182.84
14672,6,5,3,1,0,1,1,0,0,1,0,0,0,1299,0,0,May,8,Hot,Chennai,TANGEDCO,488.51
14673,6,2,3,1,0,1,1,0,0,1,0,1,0,1343,0,0,Feb,0,Moderate,Bangalore,BESCOM,508.66
14674,2,0,2,1,0,1,0,0,0,0,0,0,0,881,0,0,Oct,21,Hot,Kolkata,CESC,134.57
14675,3,2,3,1,1,1,0,1,0,0,0,1,0,1276,0,0,Oct,12,Hot,Delhi,BSES Yamuna,477.86
14676,6,0,4,1,1,1,1,0,0,1,1,0,0,1658,0,0,May,10,Hot,Chennai,TANGEDCO,556.25
14677,4,3,2,1,0,0,0,0,0,1,0,0,0,1028,0,0,May,21,Hot,Kolkata,CESC,150.9
14678,7,5,5,1,1,1,1,0,1,1,1,1,0,2090,0,0,May,15,Hot,Chennai,TANGEDCO,511.52
14679,1,0,2,0,1,1,1,1,0,0,0,0,0,1153,0,0,Apr,0,Moderate,Bangalore,BESCOM,378.54
14680,1,0,1,0,0,0,0,0,0,1,0,0,0,794,0,0,Jan,0,Moderate,Bangalore,BESCOM,146.82
14681,6,3,4,0,0,1,0,0,1,1,1,0,0,1600,0,0,May,12,Moderate,Mumbai,MSEDCL,228.99
14682,7,1,4,1,1,1,1,0,0,0,0,0,0,1868,0,0,Jan,0,Moderate,Mumbai,MSEDCL,624.49
14683,6,5,6,1,1,1,1,1,1,1,1,0,0,2685,0,0,Jan,0,Hot,Chennai,TANGEDCO,1082.5
14684,2,0,3,0,0,1,1,0,0,1,1,0,0,1396,0,0,Jan,0,Moderate,Mumbai,MSEDCL,284.63
14685,5,2,5,0,1,1,1,1,1,1,1,1,0,2273,0,1,Oct,12,Moderate,Bangalore,BESCOM,401.84
14686,7,4,4,0,0,1,1,0,0,0,0,0,0,1677,0,0,Mar,0,Moderate,Mumbai,MSEDCL,304.09
14687,6,1,4,1,0,1,1,0,1,1,0,0,0,1740,0,0,May,6,Hot,Kolkata,CESC,591.69
14688,3,1,3,1,0,1,1,0,0,0,1,0,0,1487,0,0,May,5,Hot,Kolkata,CESC,486.25
14689,3,1,2,0,1,0,1,0,0,0,0,1,1,870,0,0,Jun,12,Cold,Delhi,BSES Yamuna,301.32
14690,4,0,5,1,0,1,0,0,0,1,1,1,0,2049,0,1,Mar,2,Hot,Chennai,TANGEDCO,628.38
14691,5,2,2,1,1,1,1,0,1,0,1,1,0,1171,0,0,Nov,8,Moderate,Mumbai,MSEDCL,460.57
14692,5,0,3,0,1,1,1,0,0,0,1,1,0,1568,0,0,Apr,0,Moderate,Mumbai,MSEDCL,439.85
14693,2,0,2,0,0,0,0,0,1,1,1,1,0,879,0,1,Nov,7,Moderate,Mumbai,MSEDCL,237.44
14694,2,1,3,0,1,1,0,0,0,0,1,0,0,1434,0,0,May,18,Cold,Delhi,BSES Yamuna,149.1
14695,4,3,2,1,1,1,1,0,0,1,0,0,0,1086,0,1,Jan,0,Hot,Delhi,BSES Yamuna,807.03
14696,2,1,1,0,0,1,0,0,0,1,0,0,0,706,0,1,Dec,5,Hot,Chennai,TANGEDCO,242.66
14697,7,5,4,1,0,1,1,0,1,1,0,0,0,1754,0,0,May,15,Hot,Delhi,BSES Yamuna,396.65
14698,3,0,2,0,0,0,1,0,0,0,0,0,0,859,0,0,Oct,14,Hot,Delhi,BSES Yamuna,120.39
14699,4,2,3,1,0,0,1,0,0,1,1,0,0,1232,0,0,Aug,9,Hot,Kolkata,CESC,420.99
14700,4,3,1,0,0,0,0,0,0,0,0,0,0,526,0,0,Apr,5,Hot,Chennai,TANGEDCO,144.63
14701,3,0,1,1,0,0,1,0,0,0,1,0,0,620,0,0,Oct,15,Moderate,Mumbai,MSEDCL,187.52
14702,5,2,2,0,0,1,0,0,0,0,1,0,0,999,0,0,Feb,6,Hot,Kolkata,CESC,217.29
14703,2,1,3,1,1,1,1,0,1,1,1,1,0,1325,0,0,Jun,15,Moderate,Bangalore,BESCOM,335.72
14704,1,0,1,0,0,1,0,0,0,1,0,0,1,440,0,0,May,17,Cold,Delhi,BSES Yamuna,144.75
14705,4,0,4,1,0,1,1,0,0,1,0,0,0,1874,0,0,May,8,Hot,Delhi,BSES Yamuna,492.86
14706,1,0,2,1,0,1,0,0,0,0,0,0,0,1096,0,0,Sep,8,Hot,Delhi,BSES Yamuna,295.67
14707,3,0,2,0,1,0,0,0,0,0,0,0,0,884,0,0,Jul,9,Moderate,Bangalore,BESCOM,146.19
14708,2,1,2,1,0,1,0,0,0,0,1,0,0,888,0,0,May,14,Hot,Kolkata,CESC,254.16
14709,2,0,1,0,0,0,0,0,0,1,1,0,0,441,0,0,Jan,7,Hot,Chennai,TANGEDCO,152.75
14710,5,1,3,0,1,1,0,0,0,1,0,0,1,1319,0,0,Jan,0,Moderate,Bangalore,BESCOM,536.72
14711,6,1,4,1,1,1,1,0,0,0,0,0,0,1878,0,1,Aug,0,Hot,Delhi,BSES Yamuna,839.31
14712,5,2,3,1,0,1,0,0,0,1,0,0,0,1232,0,0,Nov,3,Hot,Delhi,BSES Yamuna,534.36
14713,3,2,2,0,1,1,0,0,0,1,1,0,0,1075,0,0,Oct,18,Moderate,Mumbai,MSEDCL,156.72
14714,5,2,2,1,0,1,1,0,0,0,0,0,0,952,0,0,Mar,0,Moderate,Bangalore,BESCOM,439.53
14715,1,0,2,0,0,0,0,0,1,1,0,0,0,889,0,0,Mar,0,Cold,Delhi,BSES Yamuna,181.07
14716,6,2,5,0,0,1,1,0,0,1,0,0,0,2103,0,0,Jun,12,Moderate,Mumbai,MSEDCL,204.93
14717,2,0,2,0,0,0,0,0,0,0,0,0,0,811,0,0,Jul,0,Hot,Delhi,BSES Yamuna,167.55
14718,3,1,3,0,0,0,1,0,1,1,1,0,0,1359,0,0,Jun,8,Hot,Chennai,TANGEDCO,305.85
14719,4,1,2,1,0,0,0,0,0,0,0,0,0,995,0,0,Oct,20,Hot,Delhi,BSES Yamuna,168.0
14720,1,0,2,0,0,0,1,0,0,0,0,0,0,1198,0,0,Apr,0,Hot,Chennai,TANGEDCO,218.44
14721,4,0,2,1,0,1,0,0,0,1,0,0,0,1106,0,0,Apr,0,Moderate,Mumbai,MSEDCL,408.69
14722,2,1,1,0,0,1,1,0,0,0,0,0,0,661,0,0,Nov,7,Hot,Kolkata,CESC,178.5
14723,3,2,3,0,1,1,1,0,1,0,1,0,0,1290,0,0,Aug,0,Moderate,Mumbai,MSEDCL,414.07
14724,5,1,2,0,0,0,0,0,0,0,0,0,0,996,0,0,Aug,6,Hot,Delhi,BSES Yamuna,183.97
14725,6,3,3,1,1,1,1,0,0,1,0,1,0,1268,0,0,May,10,Moderate,Mumbai,MSEDCL,428.44
14726,3,1,1,1,0,0,0,0,0,0,0,0,0,619,0,0,Jun,14,Hot,Kolkata,CESC,180.59
14727,8,1,5,1,0,1,1,1,1,1,1,0,0,2378,0,1,Aug,0,Hot,Chennai,TANGEDCO,966.12
14728,4,0,2,1,0,1,1,0,0,1,1,0,0,1013,0,0,Jun,19,Hot,Chennai,TANGEDCO,235.45
14729,3,0,4,0,1,1,0,0,1,1,0,0,0,1745,0,0,Aug,0,Moderate,Bangalore,BESCOM,422.93
14730,7,3,4,1,1,1,1,0,0,1,1,0,0,1832,0,0,Jun,10,Hot,Kolkata,CESC,595.39
14731,6,2,5,1,1,1,1,1,0,1,1,0,0,2370,0,1,Dec,24,Hot,Kolkata,CESC,195.37
14732,5,3,2,1,0,1,0,0,0,1,1,0,0,1033,0,0,May,15,Hot,Kolkata,CESC,283.22
14733,5,3,3,0,0,1,1,0,0,0,1,0,0,1413,0,0,Jan,0,Moderate,Bangalore,BESCOM,289.1
14734,1,0,2,0,0,1,1,0,1,0,0,0,0,1166,0,0,Apr,0,Hot,Chennai,TANGEDCO,327.88
14735,5,0,2,0,0,0,0,0,0,0,0,0,0,860,0,0,Dec,22,Cold,Delhi,BSES Yamuna,60.0
14736,1,0,2,1,0,1,0,0,1,1,0,0,0,1162,0,0,May,18,Hot,Kolkata,CESC,207.31
14737,3,1,2,1,1,0,1,0,0,1,0,0,0,877,0,0,Mar,7,Cold,Delhi,BSES Yamuna,487.34
14738,6,1,6,1,1,1,1,1,1,1,1,0,0,2494,0,0,Apr,0,Moderate,Mumbai,MSEDCL,841.72
14739,3,0,1,0,0,0,1,0,0,0,1,0,0,729,0,0,Jan,0,Moderate,Mumbai,MSEDCL,220.95
14740,2,0,3,0,1,0,1,0,0,0,0,0,0,1415,0,0,Apr,0,Moderate,Bangalore,BESCOM,319.29
14741,6,5,3,0,0,1,0,0,1,0,0,1,0,1412,0,0,Dec,23,Moderate,Bangalore,BESCOM,60.0
14742,5,1,3,1,0,1,0,0,0,1,0,1,0,1503,0,0,May,8,Hot,Kolkata,CESC,442.85
14743,5,3,3,1,0,1,1,0,0,1,0,0,0,1399,0,0,May,24,Hot,Kolkata,CESC,121.83
14744,4,3,1,1,0,1,1,0,0,0,0,0,0,751,0,0,Jul,6,Hot,Chennai,TANGEDCO,409.97
14745,5,1,3,1,1,1,1,0,0,0,0,1,0,1230,0,0,Jul,0,Moderate,Mumbai,MSEDCL,569.48
14746,1,0,2,0,0,0,0,0,0,0,1,0,0,1089,0,0,Dec,10,Hot,Kolkata,CESC,122.95
14747,7,2,5,1,0,1,1,1,1,1,0,0,0,2342,1,0,Aug,0,Hot,Kolkata,CESC,1189.1
14748,3,2,3,0,0,1,0,0,1,0,1,0,0,1334,0,0,Mar,0,Hot,Kolkata,CESC,333.65
14749,6,3,5,0,1,1,1,1,0,1,1,1,0,2082,0,1,Dec,7,Moderate,Mumbai,MSEDCL,463.05
14750,1,0,1,0,0,0,0,0,0,1,0,1,0,790,0,0,Sep,6,Hot,Chennai,TANGEDCO,167.57
14751,1,0,2,0,0,1,0,0,0,0,0,0,0,846,0,0,May,7,Moderate,Mumbai,MSEDCL,110.95
14752,4,2,2,0,0,0,1,0,1,0,1,0,0,1191,0,0,May,8,Hot,Delhi,BSES Yamuna,260.54
14753,2,0,1,0,0,0,0,0,0,1,1,0,0,605,0,0,Dec,22,Moderate,Bangalore,BESCOM,60.0
14754,4,2,2,1,1,0,0,0,0,1,1,1,0,1184,0,0,Apr,0,Hot,Delhi,BSES Yamuna,712.16
14755,2,1,3,1,1,1,1,0,1,1,1,0,0,1580,0,0,Apr,0,Hot,Chennai,TANGEDCO,853.22
14756,4,0,2,1,0,0,0,0,0,0,1,0,0,876,0,0,May,15,Hot,Chennai,TANGEDCO,234.11
14757,5,4,3,0,0,1,1,0,0,1,0,1,0,1458,0,0,Jul,8,Hot,Kolkata,CESC,277.61
14758,6,2,4,0,0,1,1,0,1,0,0,1,0,1691,0,0,May,24,Moderate,Bangalore,BESCOM,60.0
14759,5,3,3,0,1,1,1,1,0,0,1,1,1,1598,0,0,May,8,Cold,Delhi,BSES Yamuna,531.14
14760,4,3,2,0,1,0,0,0,0,1,0,1,0,899,0,0,May,5,Hot,Chennai,TANGEDCO,346.54
14761,5,0,2,0,0,0,1,0,0,1,1,0,0,1182,0,0,Mar,0,Hot,Delhi,BSES Yamuna,351.91
14762,5,0,2,0,1,0,1,0,1,0,1,1,0,994,0,0,Jun,11,Hot,Chennai,TANGEDCO,351.0
14763,5,4,2,1,0,1,0,0,1,0,0,0,0,991,0,0,May,18,Moderate,Bangalore,BESCOM,160.0
14764,2,1,3,1,1,0,1,0,0,0,0,1,0,1267,0,0,May,12,Moderate,Mumbai,MSEDCL,320.79
14765,3,2,2,1,0,0,0,1,0,0,1,0,0,1188,0,0,Jan,5,Hot,Delhi,BSES Yamuna,467.85
14766,3,0,4,1,0,1,1,0,0,1,0,0,0,1841,0,1,Jun,10,Hot,Chennai,TANGEDCO,443.33
14767,6,4,3,1,1,1,0,1,0,1,1,0,0,1289,0,0,Jul,0,Hot,Chennai,TANGEDCO,852.81
14768,2,0,3,1,1,0,0,0,0,0,1,0,0,1544,0,0,Nov,3,Hot,Kolkata,CESC,580.35
14769,3,0,2,1,0,0,1,0,0,0,0,0,0,809,0,0,Apr,0,Moderate,Bangalore,BESCOM,353.25
14770,4,3,2,0,1,1,0,0,0,0,1,0,0,1063,0,0,Nov,0,Moderate,Mumbai,MSEDCL,346.72
14771,3,1,3,1,0,1,0,0,0,1,0,0,0,1467,0,0,May,17,Hot,Kolkata,CESC,237.3
14772,5,0,2,1,0,0,1,0,1,0,1,0,1,1119,0,0,Oct,6,Hot,Delhi,BSES Yamuna,659.08
14773,5,3,2,1,0,1,1,0,1,0,0,0,0,917,0,0,Oct,18,Moderate,Mumbai,MSEDCL,205.02
14774,3,0,2,1,0,1,0,0,0,1,1,0,0,1049,0,0,Dec,22,Hot,Chennai,TANGEDCO,129.51
14775,4,1,2,1,0,0,0,0,0,0,0,1,0,858,0,0,May,22,Moderate,Mumbai,MSEDCL,110.66
14776,5,4,3,1,1,1,0,0,0,1,0,0,0,1394,0,0,May,14,Hot,Chennai,TANGEDCO,388.55
14777,2,0,2,0,0,1,1,0,0,0,0,0,0,849,0,0,May,6,Hot,Kolkata,CESC,205.5
14778,5,1,3,0,1,1,1,1,0,1,1,0,0,1495,0,0,Jun,15,Moderate,Mumbai,MSEDCL,256.76
14779,3,0,2,0,0,0,0,0,0,0,1,0,0,1177,0,0,Jul,0,Moderate,Mumbai,MSEDCL,164.97
14780,5,2,3,0,1,0,1,0,0,0,0,0,0,1296,0,0,Jul,0,Moderate,Mumbai,MSEDCL,379.18
14781,5,2,4,1,0,0,1,0,0,0,0,1,0,1726,0,0,Mar,0,Hot,Kolkata,CESC,569.16
14782,7,1,4,0,0,1,1,0,0,1,1,0,0,1845,0,0,Jun,12,Hot,Kolkata,CESC,299.59
14783,5,0,2,0,1,0,0,0,0,1,0,1,1,886,0,0,Apr,0,Cold,Delhi,BSES Yamuna,560.74
14784,1,0,1,1,0,0,0,0,0,0,0,1,0,476,0,0,Aug,2,Moderate,Mumbai,MSEDCL,267.29
14785,1,0,2,1,1,1,1,0,0,0,0,0,0,1176,0,0,Dec,21,Hot,Delhi,BSES Yamuna,228.46
14786,6,0,3,0,0,1,0,0,1,0,0,0,0,1403,0,0,Sep,5,Moderate,Mumbai,MSEDCL,232.08
14787,4,0,3,0,0,1,0,0,0,1,0,0,0,1345,0,0,Jul,0,Hot,Chennai,TANGEDCO,300.86
14788,3,0,3,1,1,1,1,1,0,1,1,0,0,1348,0,0,Feb,0,Hot,Chennai,TANGEDCO,843.87
14789,4,2,2,0,1,1,1,0,0,0,0,1,0,910,0,0,Apr,0,Cold,Delhi,BSES Yamuna,413.35
14790,6,4,3,1,0,1,0,0,0,1,0,0,0,1328,0,0,May,19,Moderate,Mumbai,MSEDCL,193.55
14791,1,0,2,0,0,0,0,0,1,0,0,0,1,1052,0,0,Nov,8,Hot,Kolkata,CESC,310.21
14792,2,0,3,1,0,1,1,1,0,1,1,0,0,1365,0,0,May,24,Hot,Chennai,TANGEDCO,117.41
14793,3,2,2,0,0,0,1,1,0,1,1,0,0,1096,0,0,Oct,14,Hot,Kolkata,CESC,210.23
14794,3,2,3,0,0,0,0,0,0,1,1,0,0,1336,0,0,Mar,0,Moderate,Mumbai,MSEDCL,245.44
14795,1,0,1,1,0,1,1,0,0,0,0,0,0,678,0,0,Jul,0,Moderate,Mumbai,MSEDCL,341.73
14796,5,1,2,0,1,1,0,0,1,0,1,0,0,1133,0,0,Sep,5,Moderate,Mumbai,MSEDCL,325.92
14797,2,0,3,1,1,1,1,0,0,1,1,0,0,1210,0,0,Jun,15,Hot,Kolkata,CESC,406.92
14798,3,1,2,1,1,0,0,0,0,0,1,0,0,870,0,0,Sep,3,Moderate,Bangalore,BESCOM,398.49
14799,2,1,3,1,0,1,0,0,1,0,0,0,0,1358,0,0,Aug,0,Hot,Kolkata,CESC,538.45
14800,2,0,3,0,1,1,0,0,0,0,0,0,0,1415,0,0,May,23,Moderate,Bangalore,BESCOM,63.78
14801,3,0,3,1,0,0,0,0,0,0,1,0,0,1225,0,0,Oct,11,Hot,Kolkata,CESC,307.1
14802,3,0,2,0,0,1,0,0,1,1,0,0,0,1085,0,0,May,5,Hot,Kolkata,CESC,313.19
14803,2,0,2,0,0,0,0,0,1,1,0,0,0,961,0,0,May,8,Hot,Chennai,TANGEDCO,219.13
14804,4,2,3,1,0,1,0,0,0,0,0,1,0,1301,0,0,Jun,7,Hot,Kolkata,CESC,373.08
14805,5,0,2,0,0,0,1,0,0,0,1,0,0,868,0,0,Mar,0,Hot,Chennai,TANGEDCO,326.1
14806,5,4,3,1,0,1,1,0,0,0,0,1,0,1332,0,0,Jun,23,Hot,Delhi,BSES Yamuna,160.15
14807,4,2,2,0,0,0,0,0,1,1,0,0,1,988,0,0,May,13,Hot,Kolkata,CESC,294.58
14808,3,1,2,1,1,1,0,0,1,0,0,0,0,1010,0,0,May,14,Hot,Chennai,TANGEDCO,369.5
14809,4,3,2,0,1,0,1,0,0,1,1,0,0,1042,0,0,Jun,13,Moderate,Mumbai,MSEDCL,211.6
14810,1,0,1,0,0,1,0,0,0,0,0,0,0,565,0,0,May,24,Hot,Chennai,TANGEDCO,60.0
14811,5,3,2,1,0,0,0,0,0,0,1,0,0,860,0,0,Oct,13,Hot,Kolkata,CESC,255.2
14812,6,5,3,1,0,1,1,0,1,0,1,0,0,1561,0,0,May,22,Hot,Chennai,TANGEDCO,198.51
14813,5,0,3,1,0,1,1,0,1,0,1,0,0,1478,0,0,May,17,Hot,Kolkata,CESC,295.73
14814,3,0,2,1,0,1,0,0,0,1,0,1,0,912,0,0,Dec,8,Hot,Delhi,BSES Yamuna,393.56
14815,4,0,5,1,1,1,1,1,1,1,1,0,0,2029,0,0,May,14,Moderate,Bangalore,BESCOM,411.11
14816,4,3,3,1,0,1,1,0,0,1,0,0,0,1522,0,0,Mar,0,Hot,Chennai,TANGEDCO,609.27
14817,6,1,4,1,0,1,1,0,0,0,1,1,0,1760,0,0,Oct,15,Hot,Chennai,TANGEDCO,344.9
14818,6,0,3,0,0,1,1,0,1,1,1,0,0,1433,0,0,Nov,3,Hot,Chennai,TANGEDCO,449.77
14819,6,1,3,0,0,1,1,0,0,0,1,1,0,1586,0,0,Apr,6,Hot,Chennai,TANGEDCO,320.22
14820,3,2,1,1,0,0,0,0,0,0,0,0,0,776,0,0,Oct,15,Hot,Kolkata,CESC,217.5
14821,2,0,2,0,0,1,1,1,0,1,1,0,0,1138,0,0,May,10,Moderate,Mumbai,MSEDCL,188.72
14822,3,2,1,0,0,0,0,0,1,0,0,0,0,569,0,0,Jan,4,Moderate,Mumbai,MSEDCL,124.14
14823,3,0,3,0,0,1,1,0,0,1,1,0,0,1517,0,0,Jun,23,Moderate,Mumbai,MSEDCL,60.0
14824,3,2,2,0,0,1,1,0,1,1,0,0,0,985,0,0,Oct,9,Moderate,Mumbai,MSEDCL,211.85
14825,3,1,3,1,0,1,1,0,0,1,1,0,0,1256,0,0,May,15,Hot,Delhi,BSES Yamuna,304.93
14826,2,1,2,1,0,0,0,0,0,1,1,0,0,1039,0,0,Jun,15,Hot,Kolkata,CESC,227.85
14827,4,1,4,1,1,1,1,0,0,1,1,0,0,1856,0,1,Mar,0,Moderate,Bangalore,BESCOM,682.0
14828,2,1,1,1,0,0,0,0,0,0,1,0,0,757,0,0,Oct,24,Hot,Kolkata,CESC,83.2
14829,1,0,2,0,0,1,0,0,0,0,0,1,0,1000,0,0,Mar,0,Moderate,Mumbai,MSEDCL,173.95
14830,2,0,2,0,0,0,0,0,1,1,1,0,0,1124,0,0,Feb,0,Hot,Delhi,BSES Yamuna,332.71
14831,2,0,2,0,1,0,0,0,0,1,1,0,0,1114,0,0,Nov,0,Moderate,Bangalore,BESCOM,339.18
14832,5,1,2,1,1,0,0,0,1,0,0,0,0,1101,0,0,Oct,8,Moderate,Bangalore,BESCOM,359.76
14833,2,1,3,1,1,0,0,1,0,0,0,0,0,1305,0,0,Jun,20,Moderate,Bangalore,BESCOM,157.08
14834,2,1,1,0,0,0,0,0,0,0,1,1,0,689,0,0,Mar,3,Hot,Kolkata,CESC,195.24
14835,4,2,2,0,0,0,0,0,0,0,0,0,0,900,0,0,Jun,21,Hot,Delhi,BSES Yamuna,60.0
14836,3,1,4,1,0,1,1,1,1,0,1,0,0,1696,0,0,Nov,0,Hot,Kolkata,CESC,732.36
14837,4,3,1,0,0,0,1,0,1,0,0,0,0,552,0,0,Jun,8,Moderate,Mumbai,MSEDCL,143.59
14838,8,0,5,1,1,1,1,0,1,1,1,0,0,2028,0,1,Apr,8,Hot,Delhi,BSES Yamuna,760.67
14839,7,3,6,1,1,1,1,0,0,1,1,1,0,2552,1,1,Nov,0,Hot,Kolkata,CESC,1344.96
14840,1,0,1,0,0,0,0,0,0,0,0,0,0,778,0,0,Oct,23,Moderate,Mumbai,MSEDCL,60.0
14841,5,0,2,0,0,1,1,0,0,0,0,0,0,872,0,0,Jun,19,Hot,Chennai,TANGEDCO,109.15
14842,1,0,2,1,0,0,1,0,0,0,0,1,0,1053,0,0,Oct,20,Hot,Chennai,TANGEDCO,177.97
14843,2,0,3,1,0,0,1,1,1,0,0,1,1,1598,0,0,Feb,3,Moderate,Mumbai,MSEDCL,594.11
14844,5,4,3,1,0,1,1,0,1,0,1,0,0,1203,0,0,May,5,Hot,Kolkata,CESC,550.01
14845,5,3,3,0,0,1,1,0,0,0,0,1,0,1436,0,0,Apr,6,Hot,Kolkata,CESC,317.0
14846,2,0,3,1,1,1,0,0,0,1,0,0,0,1237,0,0,Oct,12,Moderate,Mumbai,MSEDCL,319.38
14847,2,1,1,0,1,0,0,0,0,0,0,0,0,419,0,0,Dec,23,Hot,Chennai,TANGEDCO,73.54
14848,3,1,4,1,1,1,1,0,0,0,1,1,0,1712,0,0,Nov,0,Hot,Kolkata,CESC,778.18
14849,2,0,3,0,0,1,0,0,0,1,0,0,0,1222,0,0,Jun,19,Moderate,Bangalore,BESCOM,93.24
14850,4,2,3,1,1,1,0,0,0,1,1,1,0,1566,0,0,Jun,8,Hot,Kolkata,CESC,575.22
14851,7,1,4,1,1,1,1,0,1,1,1,0,0,1735,0,0,Nov,0,Hot,Chennai,TANGEDCO,946.77
14852,5,3,3,0,0,0,0,0,1,0,1,1,0,1447,0,0,Aug,0,Moderate,Mumbai,MSEDCL,292.63
14853,4,2,2,0,0,0,1,0,1,0,0,1,0,1100,0,0,Feb,7,Moderate,Bangalore,BESCOM,225.32
14854,2,1,2,0,1,0,1,0,0,0,1,0,0,896,0,0,Mar,0,Moderate,Mumbai,MSEDCL,321.24
14855,3,0,2,0,0,0,0,0,0,0,0,0,0,832,0,0,Dec,12,Moderate,Bangalore,BESCOM,99.46
14856,1,0,1,0,0,0,1,0,0,0,0,1,0,534,0,0,May,16,Hot,Kolkata,CESC,96.33
14857,4,3,5,1,1,1,1,0,1,1,1,1,0,2254,0,1,Apr,0,Hot,Kolkata,CESC,979.44
14858,3,1,1,0,0,0,1,0,0,0,1,0,0,677,0,0,Aug,9,Hot,Chennai,TANGEDCO,177.07
14859,5,1,3,0,0,1,1,1,1,1,0,0,0,1332,0,0,Oct,18,Hot,Chennai,TANGEDCO,208.54
14860,2,0,3,1,0,1,0,0,0,0,0,0,0,1437,0,0,Apr,3,Hot,Chennai,TANGEDCO,418.26
14861,3,0,1,1,0,0,0,0,0,1,0,0,0,414,0,0,May,20,Moderate,Bangalore,BESCOM,107.42
14862,5,0,5,1,1,1,1,0,0,1,0,1,0,2276,0,0,Oct,20,Hot,Chennai,TANGEDCO,298.61
14863,6,3,4,1,1,1,1,0,0,1,1,1,0,1725,0,0,Jan,5,Hot,Kolkata,CESC,741.29
14864,6,2,3,1,0,1,1,0,0,1,0,0,0,1544,0,0,Nov,5,Moderate,Mumbai,MSEDCL,428.09
14865,3,2,2,0,0,0,0,0,1,1,0,0,0,816,0,0,Jan,0,Moderate,Mumbai,MSEDCL,224.15
14866,4,3,1,0,0,0,0,0,1,0,0,0,0,711,0,1,Feb,0,Moderate,Bangalore,BESCOM,226.65
14867,5,0,2,0,1,0,1,0,0,1,0,1,0,849,0,0,Oct,20,Moderate,Mumbai,MSEDCL,133.08
14868,2,0,2,1,0,0,1,0,0,0,0,0,1,934,0,0,Apr,5,Hot,Kolkata,CESC,550.72
14869,4,0,3,1,0,0,0,0,0,0,0,0,0,1317,0,0,Apr,2,Hot,Delhi,BSES Yamuna,449.52
14870,4,0,5,1,1,1,1,1,1,1,0,1,0,2377,0,1,Oct,23,Hot,Chennai,TANGEDCO,261.13
14871,2,0,3,1,1,1,1,0,1,0,0,1,1,1505,0,0,Jun,8,Moderate,Mumbai,MSEDCL,543.74
14872,7,2,4,0,1,1,1,0,0,1,0,0,0,1659,0,0,May,8,Hot,Kolkata,CESC,425.42
14873,5,2,3,1,0,1,0,0,0,0,1,1,0,1324,0,0,Aug,0,Hot,Kolkata,CESC,550.04
14874,2,0,2,1,0,0,0,0,1,1,1,0,0,915,0,0,Oct,6,Moderate,Mumbai,MSEDCL,341.29
14875,7,2,4,0,0,1,1,0,1,1,1,1,0,1990,0,0,Oct,20,Moderate,Mumbai,MSEDCL,150.94
14876,2,1,2,0,0,0,0,0,0,0,0,0,0,972,0,0,Mar,6,Moderate,Bangalore,BESCOM,126.31
14877,4,2,4,0,1,1,0,0,1,1,0,1,0,1786,0,0,Jun,21,Moderate,Bangalore,BESCOM,153.11
14878,2,0,2,0,0,0,0,0,0,0,0,0,0,887,0,0,Jul,5,Moderate,Bangalore,BESCOM,77.71
14879,3,0,1,0,0,0,0,0,0,0,0,0,0,602,0,0,Mar,0,Moderate,Mumbai,MSEDCL,127.25
14880,7,3,4,1,0,1,1,0,0,0,1,1,0,1960,0,0,Jun,10,Hot,Chennai,TANGEDCO,465.14
14881,4,3,3,1,1,1,1,0,1,0,1,1,0,1510,0,0,Jan,4,Moderate,Mumbai,MSEDCL,573.49
14882,6,0,4,0,1,1,1,0,0,0,1,0,1,1919,0,0,May,22,Cold,Delhi,BSES Yamuna,193.74
14883,7,1,5,1,1,1,1,0,1,1,1,1,0,2181,0,1,Apr,0,Hot,Chennai,TANGEDCO,1015.44
14884,1,0,1,1,1,0,0,0,1,0,0,1,0,751,0,0,Jun,11,Hot,Kolkata,CESC,396.14
14885,2,1,3,1,0,1,1,0,1,1,1,0,0,1367,0,1,Apr,3,Hot,Kolkata,CESC,676.75
14886,1,0,2,1,0,1,1,0,1,0,0,0,0,980,0,1,Sep,0,Hot,Chennai,TANGEDCO,577.14
14887,5,4,3,0,1,1,1,0,1,0,1,1,0,1499,1,0,Mar,0,Moderate,Mumbai,MSEDCL,745.86
14888,3,0,3,0,1,0,1,0,0,0,0,1,0,1329,0,0,Sep,0,Moderate,Bangalore,BESCOM,336.66
14889,2,0,2,1,0,1,1,0,0,0,0,0,0,948,0,0,Feb,3,Hot,Kolkata,CESC,440.33
14890,6,1,3,0,0,0,1,0,0,1,1,0,0,1505,0,0,May,9,Moderate,Bangalore,BESCOM,222.98
14891,5,4,3,0,1,1,0,0,0,1,1,0,0,1408,0,0,Jul,0,Moderate,Mumbai,MSEDCL,406.03
14892,4,0,1,0,0,0,0,0,0,0,0,0,0,510,0,0,Apr,0,Hot,Kolkata,CESC,166.42
14893,3,1,4,1,0,1,1,1,0,0,1,0,1,1736,0,0,Sep,3,Moderate,Bangalore,BESCOM,615.54
14894,5,0,3,0,1,1,1,0,0,1,1,0,0,1554,0,0,Dec,12,Moderate,Mumbai,MSEDCL,250.52
14895,5,1,5,1,1,1,1,1,0,1,1,0,0,2210,0,0,May,24,Moderate,Mumbai,MSEDCL,171.49
14896,2,0,2,1,0,1,0,0,0,1,0,1,0,945,0,0,Jan,5,Hot,Kolkata,CESC,426.26
14897,3,1,1,0,0,0,0,0,0,1,0,0,0,483,0,0,May,20,Hot,Kolkata,CESC,76.65
14898,4,2,3,0,1,1,1,1,0,0,0,0,0,1229,0,1,Nov,0,Moderate,Mumbai,MSEDCL,445.09
14899,1,0,1,0,0,0,0,0,0,0,0,0,0,464,0,0,Jul,0,Hot,Kolkata,CESC,120.76
14900,7,4,5,1,1,1,1,1,1,0,1,0,1,2023,0,0,Aug,5,Hot,Chennai,TANGEDCO,1012.15
14901,3,2,1,1,0,0,1,0,0,1,0,0,0,610,0,0,Sep,0,Hot,Kolkata,CESC,536.75
14902,4,2,3,0,1,1,0,0,1,1,0,1,1,1421,0,0,Nov,2,Cold,Delhi,BSES Yamuna,623.09
14903,5,2,3,1,0,0,0,0,1,1,0,1,0,1289,0,0,Mar,3,Hot,Kolkata,CESC,567.77
14904,2,1,2,0,1,0,0,0,0,0,0,1,0,905,0,0,Jun,12,Moderate,Mumbai,MSEDCL,165.13
14905,4,1,1,0,0,0,0,0,0,0,0,0,1,571,0,0,Oct,7,Hot,Chennai,TANGEDCO,273.67
14906,6,5,3,1,0,1,1,0,0,1,0,0,1,1429,0,0,Sep,0,Hot,Kolkata,CESC,826.58
14907,6,4,3,1,0,1,0,1,1,0,1,1,0,1276,0,1,Apr,3,Hot,Chennai,TANGEDCO,692.21
14908,5,4,2,1,1,0,1,0,1,1,1,1,0,867,0,0,Oct,21,Moderate,Mumbai,MSEDCL,203.45
14909,5,0,4,0,1,1,1,1,1,1,1,0,0,1964,0,0,May,19,Moderate,Bangalore,BESCOM,227.35
14910,2,1,2,0,0,0,1,0,0,1,0,1,0,1152,0,0,May,18,Hot,Delhi,BSES Yamuna,83.71
14911,5,1,2,0,0,1,1,0,0,1,0,0,0,1188,0,1,Apr,0,Hot,Chennai,TANGEDCO,405.83
14912,5,0,3,1,1,0,0,0,1,1,0,0,0,1291,0,0,Oct,11,Hot,Delhi,BSES Yamuna,471.99
14913,1,0,1,0,0,1,1,0,0,0,0,0,0,487,0,0,Feb,0,Hot,Delhi,BSES Yamuna,201.81
14914,4,2,5,1,0,1,1,0,0,0,1,1,1,2049,0,1,Dec,16,Hot,Kolkata,CESC,404.48
14915,2,1,2,0,0,0,0,0,0,0,0,0,0,902,0,0,May,22,Hot,Kolkata,CESC,60.0
14916,1,0,1,0,0,1,1,0,0,0,0,0,0,767,0,0,Aug,0,Hot,Chennai,TANGEDCO,228.72
14917,2,0,2,0,0,1,0,0,0,0,1,0,0,845,0,0,Mar,6,Moderate,Mumbai,MSEDCL,154.93
14918,5,4,3,1,0,1,0,0,1,0,0,0,0,1378,0,0,May,24,Moderate,Mumbai,MSEDCL,61.05
14919,4,2,3,0,1,1,1,0,1,1,0,1,0,1466,0,0,Jan,0,Moderate,Bangalore,BESCOM,485.09
14920,4,1,3,0,0,1,1,1,1,0,1,1,0,1467,0,0,Oct,23,Moderate,Mumbai,MSEDCL,85.01
14921,2,0,1,1,1,0,1,0,1,1,1,0,0,796,0,0,May,6,Hot,Chennai,TANGEDCO,604.63
14922,2,0,2,0,0,0,0,0,0,0,0,0,0,1119,0,0,Aug,6,Moderate,Bangalore,BESCOM,67.08
14923,7,2,4,1,1,1,1,0,1,0,1,0,1,1607,0,0,Oct,24,Hot,Delhi,BSES Yamuna,247.9
14924,1,0,1,0,0,0,1,0,0,1,0,0,0,664,0,0,Feb,0,Hot,Chennai,TANGEDCO,230.88
14925,6,0,4,1,1,1,1,0,1,0,1,1,1,1985,0,0,Jun,16,Hot,Kolkata,CESC,526.98
14926,1,0,1,0,0,0,0,1,0,0,0,1,0,477,0,0,Apr,0,Moderate,Mumbai,MSEDCL,183.97
14927,5,0,4,0,1,1,1,0,0,1,0,0,1,1996,0,0,Feb,2,Cold,Delhi,BSES Yamuna,646.2
14928,5,3,2,0,1,1,1,1,0,0,0,0,0,1039,0,0,Jun,10,Moderate,Mumbai,MSEDCL,279.65
14929,2,1,3,0,1,1,1,0,0,1,1,0,0,1457,0,0,Mar,6,Moderate,Bangalore,BESCOM,347.44
14930,3,1,2,1,0,0,1,0,0,0,0,0,0,995,0,0,May,20,Hot,Chennai,TANGEDCO,176.85
14931,2,1,1,0,0,0,1,0,0,1,0,0,0,729,0,0,Apr,0,Hot,Delhi,BSES Yamuna,257.45
14932,4,3,2,0,0,1,0,0,1,0,0,0,0,930,0,0,Apr,3,Moderate,Mumbai,MSEDCL,216.12
14933,2,0,1,1,0,0,1,0,1,0,0,0,0,789,0,0,Jun,16,Hot,Chennai,TANGEDCO,223.39
14934,4,2,2,0,1,0,1,0,0,0,0,1,0,1142,0,0,Jun,17,Hot,Delhi,BSES Yamuna,191.72
14935,4,1,3,0,1,1,1,0,0,0,0,1,1,1460,0,0,Jan,0,Cold,Delhi,BSES Yamuna,608.22
14936,3,0,3,1,1,1,1,0,0,0,1,0,0,1441,0,0,Jun,17,Moderate,Mumbai,MSEDCL,267.87
14937,2,0,3,0,1,1,0,0,0,1,0,0,0,1586,0,0,Jul,0,Hot,Chennai,TANGEDCO,450.97
14938,5,0,3,1,1,1,0,1,1,1,0,0,0,1593,0,0,Jul,0,Hot,Delhi,BSES Yamuna,883.8
14939,4,0,3,1,1,1,0,0,0,1,0,0,0,1370,0,0,Oct,14,Moderate,Bangalore,BESCOM,292.04
14940,4,1,2,0,1,0,1,0,0,0,0,0,0,946,0,0,Oct,24,Hot,Chennai,TANGEDCO,60.72
14941,2,1,2,0,0,1,1,0,1,1,1,0,0,1069,0,0,Jun,16,Moderate,Mumbai,MSEDCL,132.53
14942,1,0,2,0,0,1,1,0,0,0,1,0,0,948,0,0,May,12,Hot,Delhi,BSES Yamuna,157.43
14943,4,0,4,1,1,1,1,1,0,1,1,0,0,1979,0,0,Apr,0,Hot,Chennai,TANGEDCO,905.9
14944,5,3,2,0,1,1,1,0,0,1,0,0,0,1098,0,0,Mar,0,Moderate,Mumbai,MSEDCL,386.0
14945,2,1,1,0,0,0,1,1,0,0,0,0,0,427,0,0,Jun,12,Moderate,Bangalore,BESCOM,124.3
14946,3,2,3,1,1,1,0,0,0,0,0,0,0,1348,0,0,Nov,0,Hot,Chennai,TANGEDCO,671.55
14947,4,1,2,1,0,1,1,0,0,0,1,0,0,1079,0,0,May,14,Moderate,Bangalore,BESCOM,237.12
14948,4,0,4,0,1,1,1,0,0,1,1,0,1,1781,0,0,Feb,0,Moderate,Bangalore,BESCOM,572.93
14949,5,3,4,1,0,1,1,0,0,0,0,1,0,1765,0,0,May,10,Hot,Chennai,TANGEDCO,434.94
14950,2,1,1,0,0,0,0,0,0,1,0,1,0,416,0,0,Jan,0,Hot,Chennai,TANGEDCO,217.25
14951,4,2,1,1,0,0,0,0,0,0,0,0,0,549,0,0,Jun,22,Moderate,Mumbai,MSEDCL,94.48
14952,4,2,2,1,0,1,1,0,0,1,0,0,0,1138,0,0,Jan,0,Hot,Kolkata,CESC,583.09
14953,6,3,3,0,0,0,1,0,0,1,0,1,0,1244,0,0,Nov,0,Hot,Delhi,BSES Yamuna,407.91
14954,3,0,2,0,0,1,1,0,0,1,0,0,0,1129,0,0,Oct,20,Moderate,Bangalore,BESCOM,100.18
14955,3,1,3,1,0,0,1,0,0,0,0,0,0,1388,0,0,Mar,2,Hot,Delhi,BSES Yamuna,477.04
14956,6,0,3,0,0,0,0,0,0,1,1,0,0,1338,0,0,Mar,5,Moderate,Bangalore,BESCOM,228.62
14957,3,0,2,1,0,1,0,0,0,0,1,0,0,860,0,0,Dec,8,Moderate,Mumbai,MSEDCL,272.42
14958,1,0,1,1,0,0,1,1,0,1,0,0,0,693,0,0,Oct,22,Moderate,Bangalore,BESCOM,138.49
14959,2,0,3,1,1,1,1,0,1,1,1,0,0,1521,0,0,Nov,0,Hot,Kolkata,CESC,837.16
14960,2,1,2,0,1,1,1,0,0,0,0,0,0,832,0,0,May,23,Moderate,Bangalore,BESCOM,89.76
14961,7,4,4,1,1,1,1,0,1,1,0,0,0,1898,0,1,Mar,7,Hot,Delhi,BSES Yamuna,750.12
14962,1,0,2,0,0,1,1,1,0,0,0,0,0,911,0,0,Jun,17,Moderate,Mumbai,MSEDCL,124.74
14963,3,2,3,1,1,1,0,0,1,1,1,0,0,1490,0,0,Dec,9,Moderate,Mumbai,MSEDCL,452.27
14964,7,0,4,1,0,1,1,0,1,1,0,0,0,1636,0,0,Mar,0,Moderate,Bangalore,BESCOM,591.58
14965,7,1,4,0,1,1,1,0,0,1,1,0,1,1699,0,1,Oct,5,Cold,Delhi,BSES Yamuna,628.05
14966,5,0,2,0,0,1,1,0,0,1,0,0,0,822,0,0,May,14,Moderate,Mumbai,MSEDCL,178.06
14967,5,3,2,1,0,1,0,1,0,1,0,0,0,1017,0,0,Mar,0,Hot,Chennai,TANGEDCO,636.73
14968,5,3,3,0,0,0,0,0,1,1,0,1,0,1288,0,0,May,20,Moderate,Bangalore,BESCOM,108.7
14969,5,1,2,0,1,1,0,0,1,0,1,1,0,1008,0,0,May,17,Hot,Chennai,TANGEDCO,262.16
14970,4,2,2,0,1,1,0,0,0,1,0,0,1,1070,0,0,Jan,2,Cold,Delhi,BSES Yamuna,526.94
14971,6,2,4,1,0,1,1,0,1,0,1,0,0,1836,0,0,May,17,Hot,Delhi,BSES Yamuna,286.26
14972,1,0,2,1,1,0,0,1,0,1,0,0,0,1187,0,0,Jun,12,Hot,Chennai,TANGEDCO,372.0
14973,2,0,1,0,0,0,1,0,1,0,0,0,1,608,0,0,Sep,8,Cold,Delhi,BSES Yamuna,262.8
14974,4,3,1,0,1,1,0,0,0,0,0,0,0,677,0,0,Feb,0,Moderate,Bangalore,BESCOM,279.24
14975,4,2,3,1,1,1,1,0,1,0,0,0,0,1405,0,0,Oct,17,Moderate,Mumbai,MSEDCL,260.14
14976,5,4,3,0,0,1,0,1,0,0,1,0,0,1277,0,0,Apr,0,Hot,Delhi,BSES Yamuna,400.39
14977,3,0,2,1,0,0,0,0,0,0,1,0,0,1127,0,0,Jul,0,Hot,Kolkata,CESC,445.65
14978,1,0,2,1,1,1,1,0,0,0,0,1,0,897,0,0,Jun,9,Moderate,Mumbai,MSEDCL,360.05
14979,3,1,2,1,0,1,0,0,1,1,1,0,0,1145,0,0,Oct,17,Hot,Kolkata,CESC,254.37
14980,2,0,3,1,0,1,1,1,1,0,0,0,0,1564,0,0,Jan,0,Hot,Kolkata,CESC,694.25
14981,1,0,1,1,0,1,1,0,0,0,0,0,0,749,0,0,Apr,6,Hot,Chennai,TANGEDCO,388.77
14982,4,1,5,1,1,1,1,0,1,1,1,1,1,2335,0,0,Mar,7,Moderate,Mumbai,MSEDCL,694.48
14983,3,0,2,0,1,1,0,0,0,0,1,1,0,893,0,0,May,14,Moderate,Bangalore,BESCOM,173.57
14984,7,3,6,0,0,1,1,1,1,1,1,1,0,2479,0,0,May,7,Hot,Chennai,TANGEDCO,587.72
14985,1,0,2,0,0,0,1,0,0,0,0,0,0,837,0,0,Feb,0,Cold,Delhi,BSES Yamuna,148.86
14986,2,1,3,1,1,0,1,0,1,1,1,0,0,1427,0,0,Jun,17,Hot,Kolkata,CESC,334.29
14987,2,1,2,1,1,1,1,0,0,1,1,0,0,933,0,0,Mar,3,Moderate,Bangalore,BESCOM,522.12
14988,3,2,1,0,0,1,1,1,0,1,0,0,1,595,0,0,Feb,7,Moderate,Bangalore,BESCOM,344.38
14989,3,0,4,1,1,1,1,0,1,1,1,1,0,1989,0,0,Jan,2,Moderate,Bangalore,BESCOM,680.96
14990,7,5,4,1,1,1,1,0,1,1,0,1,0,1881,0,0,Nov,0,Moderate,Bangalore,BESCOM,699.95
14991,2,1,2,0,0,0,0,0,0,1,1,0,0,900,0,1,May,8,Hot,Chennai,TANGEDCO,210.95
14992,3,0,3,1,1,1,1,0,0,0,0,0,0,1274,0,0,May,6,Hot,Delhi,BSES Yamuna,536.93
14993,3,1,3,0,0,0,1,0,1,0,0,0,0,1493,0,0,May,11,Moderate,Mumbai,MSEDCL,162.98
14994,7,5,4,1,0,1,1,1,0,0,1,0,0,1807,0,0,Apr,0,Moderate,Bangalore,BESCOM,585.08
14995,2,0,2,1,0,0,0,1,0,0,0,0,0,882,0,0,May,24,Hot,Kolkata,CESC,91.74
14996,3,0,3,0,0,1,1,1,0,1,0,0,0,1342,0,0,Apr,6,Hot,Chennai,TANGEDCO,336.47
14997,3,2,2,1,0,1,1,0,1,0,0,0,0,855,0,0,May,5,Hot,Kolkata,CESC,482.4
14998,3,2,2,0,0,1,0,0,1,1,0,0,0,1160,0,0,Nov,0,Moderate,Mumbai,MSEDCL,293.58
14999,3,2,4,1,1,1,1,1,1,0,1,0,0,1886,0,1,Mar,7,Hot,Chennai,TANGEDCO,720.05
15000,1,0,2,0,0,0,1,0,0,0,0,0,0,1010,0,0,May,19,Cold,Delhi,BSES Yamuna,93.19
