user_id,month,year,total_liters,bill_amount,bathroom_liters,kitchen_liters,garden_liters,washing_machine_liters,holiday_days
U303,Jan,2025,19645,805.83,8312,3005,4938,3390,2
U636,Oct,2023,24018,1004.69,7831,5768,5678,4741,4
U549,Oct,2025,24766,1018.97,7998,4179,5808,6781,3
U471,Aug,2023,21023,882.43,6508,4847,4978,4690,1
U307,Apr,2024,22889,952.27,9462,3554,4904,4969,2
U272,Apr,2023,16777,700.19,5848,3298,3179,4452,3
U389,Apr,2025,14735,605.76,6584,2728,3130,2293,2
U221,Jun,2025,20273,848.67,8864,3625,4560,3224,4
U303,Jul,2024,20278,848.42,7373,4068,3797,5040,0
U322,Jun,2023,18368,765.08,6159,2602,4276,5331,3
U667,Jan,2024,22255,923.63,7132,3777,6210,5136,7
U415,Dec,2024,12821,534.91,5736,2227,2600,2258,1
U531,Aug,2025,19525,800.64,7616,2425,5102,4382,7
U659,Oct,2023,12162,505.85,4435,1932,2727,3068,7
U288,Nov,2023,19777,827.62,9321,2570,4636,3250,6
U573,Jul,2023,23931,989.71,10020,3477,5240,5194,4
U300,Jun,2023,22589,928.6,9116,4137,5352,3984,3
U560,Jun,2024,13932,577.08,6250,2430,2291,2961,1
U352,May,2024,22920,956.39,10614,4698,3986,3622,3
U331,Jun,2025,15535,638.6,6792,2423,3126,3194,4
U350,Dec,2024,17956,739.9,6966,4234,4014,2742,3
U509,Sep,2024,15446,635.57,5805,3185,3799,2657,2
U458,Oct,2025,14790,618.18,6719,3087,2318,2666,4
U544,Sep,2025,14707,603.91,5935,3216,2482,3074,3
U692,Oct,2025,19959,832.02,8799,3766,3387,4007,6
U614,Aug,2024,15933,659.09,7617,2255,2744,3317,0
U494,Oct,2024,15385,642.41,7433,1973,3463,2516,3
U586,Sep,2025,18636,782.05,6625,2936,4187,4888,2
U392,Oct,2025,12922,531.28,4362,3342,2942,2276,1
U644,Aug,2025,20089,829.96,7076,5097,4595,3321,6
U477,Aug,2024,22367,935.17,10071,4241,3614,4441,1
U361,Jan,2024,21774,898.53,8143,5135,3587,4909,7
U660,Oct,2023,12564,517.83,4204,3208,2353,2799,6
U514,Nov,2024,15258,638.17,4877,3138,3179,4064,1
U222,May,2024,22789,956.84,8328,4711,3918,5832,0
U453,Apr,2024,14500,602.57,4744,2768,4005,2983,2
U436,Feb,2025,16566,683.81,5487,3143,3230,4706,7
U545,Aug,2024,21179,876.78,9250,2477,4535,4917,4
U249,Mar,2025,18881,777.33,5738,3768,4101,5274,1
U675,Apr,2023,15636,652.99,5058,3540,3308,3730,6
U259,Dec,2023,18030,753.18,8453,2723,3331,3523,2
U370,Jul,2025,12223,511.84,5732,2430,1866,2195,3
U676,Oct,2025,18297,750.66,6693,3092,4562,3950,0
U388,Sep,2025,12350,513.29,3922,1909,2707,3812,2
U664,Feb,2024,19314,796.01,8517,3911,3973,2913,2
U471,Mar,2023,13928,575.8,5181,2928,3122,2697,4
U390,Apr,2025,19743,824.96,6102,3387,6089,4165,2
U646,Oct,2024,20540,846.08,6810,4219,5191,4320,4
U375,Jan,2023,24469,1018.85,8012,4614,6589,5254,0
U646,Jul,2024,16732,696.96,6991,3777,3520,2444,0
U251,Feb,2023,13017,546.12,6243,2177,2307,2290,3
U564,May,2024,14226,594.29,6524,1784,2997,2921,4
U255,Jan,2023,19206,802.88,7861,3408,4639,3298,4
U444,Mar,2023,19170,796.16,7369,4396,4056,3349,1
U520,Dec,2024,18207,749.89,7714,3507,2860,4126,1
U331,Feb,2025,24316,1007.3,9453,5476,5425,3962,3
U685,Jan,2023,14419,599.1,5035,2346,3794,3244,0
U507,Jul,2025,18240,760.21,7949,3886,3798,2607,5
U335,May,2024,13893,578.06,6594,2562,2702,2035,1
U221,Jan,2025,17322,717.03,6488,3746,3262,3826,2
U529,Jun,2025,23232,958.68,10879,3326,4755,4272,0
U367,May,2025,22260,916.4,8597,5158,4335,4170,5
U474,Mar,2025,19718,822.12,7498,4003,4673,3544,7
U588,Dec,2025,18878,786.18,5770,4854,3827,4427,2
U289,Jul,2023,13125,547.15,5762,2004,2410,2949,6
U516,Nov,2023,15117,625.43,6976,1865,3539,2737,4
U214,Oct,2023,16161,666.84,6993,2442,3976,2750,0
U442,Sep,2024,16042,669.91,5298,3127,4447,3170,6
U465,Sep,2025,16433,686.47,5269,3423,3628,4113,3
U546,Sep,2023,22362,927.03,9270,3955,5235,3902,4
U253,Feb,2024,20638,858.79,7848,3954,4429,4407,4
U586,Mar,2023,14658,606.45,5655,3316,3239,2448,2
U540,Jul,2023,23554,982.25,11625,2791,5172,3966,6
U292,May,2025,22910,958.46,10190,3348,5616,3756,4
U567,Feb,2024,15483,645.46,5920,3612,3189,2762,1
U644,Mar,2025,14944,620.36,4540,3247,4166,2991,0
U655,Oct,2025,24568,1018.56,7537,5393,6066,5572,1
U628,Jun,2023,19210,799.95,8394,3197,3661,3958,2
U464,Jul,2025,19653,819.13,9188,3242,3803,3420,5
U631,Sep,2024,20787,863.88,9178,2781,4052,4776,7
U235,Jan,2025,13986,582.17,5331,2677,2701,3277,2
U406,Nov,2025,22942,942.84,7025,6357,4405,5155,0
U281,Jul,2025,13074,548.48,6451,2074,1878,2671,4
U620,Aug,2023,24161,1009.71,12014,2537,5310,4300,6
U250,Dec,2024,16305,674.6,6682,3457,3466,2700,6
U560,Mar,2023,24413,1014.67,7668,4676,5770,6299,3
U588,Apr,2023,24779,1017.11,10114,3383,5427,5855,2
U202,Oct,2023,23772,975.63,11374,4618,3875,3905,0
U590,Jun,2023,15007,619.05,6543,2027,3857,2580,3
U254,Oct,2023,12969,540.67,5758,2770,2172,2269,4
U306,Jul,2024,20772,869.35,6584,4091,4175,5922,5
U460,Apr,2025,14824,616.07,4762,3507,3495,3060,2
U510,Aug,2023,24193,1004.79,7874,5049,4582,6688,5
U677,May,2023,13211,546.97,6352,1723,2716,2420,0
U391,Jan,2024,12229,503.37,4954,2431,2771,2073,5
U602,Apr,2024,16284,669.57,7463,3454,2793,2574,5
U418,Mar,2025,15185,634.14,4905,3638,3329,3313,0
U244,Sep,2024,12501,524.14,6069,2063,2072,2297,0
U362,Aug,2025,22324,925.51,10363,4761,3593,3607,2
U402,Jan,2023,12048,501.91,4155,1997,2905,2991,5
U646,Nov,2023,15566,652.44,7391,1736,3833,2606,3
U684,Jun,2025,15055,618.61,5309,2011,4249,3486,7
U470,Sep,2024,20880,872.17,7121,4707,4869,4183,0
U551,Jul,2025,12386,515.47,4370,2934,2046,3036,4
U504,Apr,2024,12969,539.49,6250,2197,2446,2076,5
U471,Jan,2023,23652,976.65,11426,4658,3184,4384,0
U656,Dec,2024,21197,883.57,7753,4565,4787,4092,3
U662,Feb,2025,17820,744.78,7860,2730,4200,3030,6
U415,Dec,2025,15052,618.83,6549,2008,3576,2919,2
U452,May,2023,23609,980.56,10891,4895,4267,3556,5
U390,Dec,2024,19397,797.24,6969,2743,3917,5768,6
U496,Nov,2024,14302,598.86,5749,2639,2751,3163,0
U413,May,2024,14283,592.85,6192,2126,2468,3497,0
U408,Aug,2023,21799,911.37,6654,3851,4891,6403,4
U437,Jun,2024,16366,677.03,6142,3365,3322,3537,4
U538,Aug,2025,12122,498.52,5323,1674,2383,2742,5
U567,Feb,2024,18799,771.54,6589,4679,3578,3953,6
U253,Mar,2023,21472,886.4,10554,3070,3664,4184,7
U480,Jun,2024,15727,648.65,4812,3661,3969,3285,6
U610,Dec,2024,20450,849.91,10053,3592,3528,3277,0
U417,Oct,2025,21139,867.16,7258,4672,4434,4775,7
U452,Mar,2024,16958,704.11,5252,4456,4298,2952,5
U388,Jun,2025,12524,518.39,4489,1978,3050,3007,0
U580,Jun,2025,21079,876.4,9638,2485,3834,5122,4
U693,Feb,2023,20399,850.69,9189,2366,4436,4408,3
U241,Jul,2025,23574,981.48,8056,5828,4744,4946,1
U357,Dec,2025,22986,965.06,7800,5993,5145,4048,7
U215,Feb,2023,12148,499.75,5205,1808,2266,2869,1
U501,Jun,2025,20001,828.64,7832,4121,4252,3796,0
U265,Jan,2023,12437,515.2,5701,1359,2198,3179,6
U545,Mar,2024,22394,927.49,6826,3700,4763,7105,4
U527,Feb,2023,15749,656.16,6647,3075,2513,3514,2
U209,Jul,2025,23353,968.91,10418,2757,5935,4243,2
U544,Apr,2023,24093,1000.28,12014,3547,4551,3981,1
U329,Aug,2025,20186,836.35,8796,3787,3125,4478,3
U692,Jun,2024,16453,690.89,5698,3798,3055,3902,1
U336,Dec,2023,23437,982.66,7538,4622,4712,6565,0
U672,Oct,2024,17336,716.11,7422,3232,3245,3437,3
U263,Apr,2025,16551,680.44,6697,3034,3437,3383,2
U339,May,2025,14823,620.19,7112,1622,3524,2565,6
U699,Sep,2024,17728,744.53,7894,3427,2769,3638,4
U281,Jul,2023,24916,1028.85,10014,3494,5145,6263,7
U592,Oct,2023,23462,970.34,8932,2998,6784,4748,4
U363,Sep,2025,20677,867.23,7875,3715,5072,4015,0
U619,Jul,2024,20391,850.53,7040,4981,4090,4280,1
U489,Dec,2024,24658,1018.27,7482,3953,6124,7099,0
U579,Jan,2023,13982,581.39,5802,1657,3735,2788,7
U461,Dec,2023,18996,796.77,6505,2772,5356,4363,4
U690,Aug,2023,21663,905.77,7401,3889,5824,4549,7
U431,Apr,2024,24535,1024.14,7975,5233,6298,5029,2
U241,Mar,2023,14311,597.3,4835,2260,3001,4215,4
U228,Jul,2023,19225,791.65,5889,4806,3897,4633,3
U335,Dec,2025,23565,985.6,10247,4670,3914,4734,6
U401,Mar,2023,22270,919.22,8468,4681,4025,5096,7
U528,Aug,2023,21713,910.43,8952,3796,4740,4225,6
U468,Jun,2024,12604,521.36,5386,1970,2344,2904,5
U618,May,2024,20175,844.48,9976,2805,2990,4404,4
U233,Apr,2025,24040,992.04,7540,4960,5313,6227,4
U248,Aug,2023,23534,977.0,9027,3125,5881,5501,6
U607,Aug,2025,17785,731.09,6210,3894,3509,4172,5
U262,Dec,2024,21609,900.23,8542,3532,4004,5531,3
U416,Jan,2025,16597,694.35,8034,2097,3714,2752,1
U493,Sep,2024,19759,824.31,8788,2804,4467,3700,7
U299,May,2025,24067,999.34,10406,3224,4344,6093,7
U372,Apr,2025,19532,801.69,7583,4544,3042,4363,4
U560,Jun,2023,23125,969.71,10041,3059,5045,4980,6
U414,Jun,2025,20740,864.97,6356,5416,4710,4258,0
U675,Feb,2023,12838,535.93,5356,2352,2788,2342,4
U235,Aug,2023,15815,660.98,6496,3480,2921,2918,0
U649,Jul,2023,12847,536.33,4744,2388,2361,3354,3
U427,Jan,2023,16709,692.44,5686,4249,3862,2912,4
U301,May,2025,16507,688.9,7618,2153,3477,3259,7
U631,Dec,2024,18575,773.18,5772,3980,3686,5137,6
U662,Jun,2024,16773,702.02,5265,2591,4728,4189,3
U331,Apr,2024,24446,1021.9,9487,4329,4746,5884,3
U457,Feb,2025,16468,675.87,5772,3358,3832,3506,1
U205,Apr,2023,22464,929.54,10088,3974,3689,4713,4
U418,Jan,2024,17192,705.47,7338,2691,2893,4270,0
U455,Jul,2025,15320,629.68,6963,1798,3427,3132,0
U598,Feb,2023,22750,946.43,8302,4783,4166,5499,4
U559,Feb,2024,16698,699.21,7482,2743,2605,3868,5
U483,Sep,2023,16311,670.71,7706,1956,2682,3967,1
U593,May,2024,22188,919.72,8188,5420,4404,4176,1
U407,Feb,2024,15673,656.87,5767,3874,3034,2998,1
U215,Nov,2024,13564,567.17,6510,2619,2392,2043,0
U546,Sep,2023,24210,1005.19,7504,6160,5666,4880,3
U242,Sep,2025,13840,578.12,5121,1915,3413,3391,6
U580,Jan,2023,18058,749.82,5845,4869,4112,3232,5
U661,Nov,2024,19131,787.4,5850,3719,4378,5184,7
U379,Mar,2023,23483,965.73,7575,3700,6016,6192,1
U263,Apr,2025,23079,950.59,8914,5133,3797,5235,0
U552,Jul,2023,12726,526.23,5566,1755,2367,3038,0
U431,Oct,2025,21436,898.82,7671,4201,5122,4442,7
U441,Apr,2025,23652,988.65,11114,2828,4844,4866,3
U252,Feb,2023,18697,774.67,7245,3377,3633,4442,7
U296,Jul,2024,23910,992.1,11803,3772,4679,3656,4
U588,Jun,2025,21257,877.18,10433,3130,4568,3126,4
U422,Mar,2023,24963,1041.07,11349,2911,4598,6105,6
U685,Jun,2025,12282,513.42,5974,1873,2539,1896,7
U607,Nov,2024,13081,539.45,5774,2146,2179,2982,6
U431,Jun,2023,15885,651.95,7610,2087,2583,3605,1
U437,Dec,2023,14881,619.41,5168,3732,3038,2943,6
U343,May,2023,22776,946.63,8406,4074,4517,5779,1
U371,Apr,2024,14970,619.79,6745,3066,2721,2438,5
U229,Oct,2025,21344,888.85,8215,2913,4376,5840,6
U236,Dec,2023,18985,788.84,8874,2667,3239,4205,3
U213,Jan,2025,23689,977.19,11264,2923,5552,3950,1
U360,Oct,2025,12947,535.98,4660,2334,2879,3074,3
U527,Jun,2024,16760,694.34,7788,1994,3294,3684,0
U387,Feb,2023,21909,917.55,7248,4225,6260,4176,1
U443,Mar,2025,12066,506.3,4426,2068,2252,3320,0
U286,Aug,2023,20828,872.55,8406,3039,4867,4516,2
U484,Oct,2023,20505,855.45,7080,4409,4477,4539,3
U266,Jun,2024,23589,980.95,9809,5376,4715,3689,2
U370,Mar,2023,12564,523.78,5223,1772,2661,2908,1
U245,Jul,2023,21793,913.98,7439,4914,4134,5306,0
U262,Apr,2025,21017,866.95,9649,3961,3577,3830,1
U641,Sep,2024,15670,650.86,6680,2693,2786,3511,2
U334,May,2023,21217,884.53,7713,5125,3803,4576,7
U484,Mar,2025,14251,593.97,4937,3662,3123,2529,7
U228,Feb,2024,24949,1029.2,11869,3563,4881,4636,1
U308,Nov,2024,12804,532.48,5981,2253,2607,1963,5
U244,Feb,2025,22643,946.38,7833,4923,5850,4037,4
U540,Mar,2025,16631,689.77,5107,3235,4869,3420,2
U486,Feb,2025,21583,902.02,9947,3064,3528,5044,1
U646,Apr,2025,13235,547.4,5599,2953,1888,2795,0
U531,Feb,2025,18720,785.09,5993,4556,4748,3423,1
U328,Oct,2023,24224,1006.12,10112,3145,5845,5122,7
U548,Sep,2023,23472,976.34,9164,3204,6409,4695,0
U673,Feb,2024,18906,775.74,8600,3962,2748,3596,4
U431,Sep,2023,18016,741.72,6158,2564,4654,4640,1
U390,Jun,2023,24915,1037.28,9732,5127,4785,5271,6
U425,Jan,2023,15549,644.04,5150,2551,3862,3986,7
U585,Apr,2025,24392,1012.47,11988,2568,4505,5331,6
U577,Jan,2024,19938,818.71,9086,2299,4586,3967,4
U483,Jun,2024,16141,675.24,7220,2450,3705,2766,2
U646,Apr,2024,18966,792.48,8307,2297,4988,3374,0
U321,Mar,2024,21546,887.38,8288,4233,4611,4414,6
U316,Mar,2023,17335,721.73,8401,2943,2507,3484,5
U661,Sep,2023,17077,714.13,5372,3215,4576,3914,2
U433,Jun,2025,17611,733.34,8112,3311,3471,2717,0
U459,Sep,2024,22028,909.99,7556,4312,4215,5945,7
U559,May,2023,20089,836.83,7328,3650,5275,3836,7
U398,Feb,2023,14892,613.71,6014,2498,3762,2618,7
U656,Aug,2025,22688,937.43,10357,3529,3734,5068,4
U611,May,2025,22775,939.24,10652,4771,3381,3971,6
U337,Feb,2025,22750,945.42,9480,4462,4542,4266,7
U518,Apr,2023,17577,722.56,6689,2864,3608,4416,3
U365,Sep,2023,15618,654.91,7641,2766,2354,2857,7
U425,Apr,2025,13559,560.44,4736,2347,3834,2642,1
U507,Dec,2024,18683,770.09,8605,2268,3630,4180,4
U434,Dec,2025,13507,560.49,5705,2302,2596,2904,0
U372,Dec,2025,24263,1001.5,9107,5307,4011,5838,0
U352,Apr,2025,14063,584.11,4222,2711,2900,4230,0
U663,Feb,2025,15642,646.77,6089,3571,3138,2844,0
U515,Dec,2023,14000,575.85,4974,2503,3145,3378,1
U574,Jun,2024,13294,548.59,4265,2437,3769,2823,2
U360,Nov,2025,16065,665.71,5060,4398,3877,2730,5
U296,Feb,2024,22944,941.4,8478,4289,5226,4951,3
U672,Dec,2024,20014,836.0,8464,4170,3410,3970,1
U433,Jul,2024,21945,913.39,10259,4218,3633,3835,0
U380,Mar,2025,24402,1015.16,8216,6236,5115,4835,1
U313,Mar,2023,13603,565.15,5236,1815,2860,3692,4
U518,May,2025,13322,554.07,5040,2105,2725,3452,5
U697,Mar,2024,17956,752.98,7230,3792,3146,3788,0
U642,Feb,2024,14441,592.2,6670,2428,3124,2219,3
U252,Oct,2023,13098,537.64,5379,2407,2342,2970,0
U468,Sep,2025,17073,703.26,8012,2113,2892,4056,5
U495,Feb,2024,21697,893.21,8759,3315,5660,3963,3
U586,Nov,2023,21318,877.9,8969,3757,4465,4127,5
U587,Feb,2024,20488,853.77,7938,3205,3760,5585,3
U313,Aug,2023,23241,963.56,10798,3011,4529,4903,2
U301,Sep,2023,22417,941.33,10866,2512,4495,4544,6
U313,Jul,2025,24546,1011.96,10501,3246,6097,4702,2
U640,Mar,2024,15787,652.17,7327,2992,2663,2805,1
U281,Sep,2025,14096,591.81,4395,3334,3262,3105,1
U387,Mar,2024,23801,995.64,11453,2582,5611,4155,7
U313,May,2025,14208,589.2,4799,2264,3624,3521,3
U202,Sep,2024,17988,747.48,6319,3641,4553,3475,7
U330,Dec,2025,12175,509.44,3782,2220,2802,3371,7
U420,Mar,2023,19169,795.15,9451,3543,2503,3672,0
U254,Jul,2024,18014,742.29,8473,3406,3105,3030,6
U543,Dec,2024,22694,949.25,10952,4442,3457,3843,4
U685,Jan,2023,24191,1004.84,11356,4012,4534,4289,4
U424,Apr,2025,13667,562.44,5410,2232,3449,2576,0
U425,Apr,2024,24563,1019.5,11908,4064,3487,5104,0
U585,Jul,2024,22737,941.61,11229,2506,5168,3834,2
U603,Aug,2025,20867,873.84,8357,2525,5769,4216,4
U326,Jan,2023,13823,568.49,4632,1869,3721,3601,3
U330,May,2025,17147,718.03,7402,2743,3279,3723,5
U253,Jul,2025,13356,554.44,6612,1656,2692,2396,7
U372,Dec,2025,15072,624.05,7150,1833,3419,2670,1
U418,Apr,2024,15259,628.09,7207,2601,2378,3073,7
U360,Apr,2023,18199,758.91,8858,3727,2961,2653,7
U398,Apr,2023,12546,526.01,6006,1540,2806,2194,5
U616,Dec,2025,17231,712.94,7844,2903,3417,3067,2
U447,Jun,2024,19965,823.39,8857,2487,4803,3818,4
U524,Jul,2025,14083,585.22,4970,3525,2773,2815,7
U639,Feb,2024,14040,586.82,5956,2088,2797,3199,6
U403,May,2024,16534,677.96,6684,3700,2707,3443,0
U384,Apr,2024,13752,572.51,6496,1862,2991,2403,6
U323,Mar,2024,21807,907.1,8686,4739,4750,3632,6
U601,Jul,2023,13849,572.22,4508,2259,4222,2860,4
U455,Nov,2024,14642,606.93,4407,2646,4208,3381,3
U494,Dec,2024,13600,560.96,5923,1830,3481,2366,2
U480,Jun,2025,23588,985.74,9670,3519,5521,4878,7
U525,Jul,2025,16402,682.89,6006,3815,3757,2824,7
U572,May,2023,23797,988.35,7943,5197,5159,5498,7
U298,Jun,2025,15799,653.96,6214,2695,3606,3284,0
U398,May,2024,12618,521.01,4038,3383,3021,2176,5
U670,Jul,2025,13132,549.22,4822,2434,3056,2820,3
U595,Feb,2023,17491,725.03,6573,4301,3694,2923,5
U440,Nov,2025,17795,738.52,6995,2584,3812,4404,1
U344,May,2025,22307,926.21,8773,5155,4417,3962,2
U297,Jun,2023,22531,933.87,7917,2963,6648,5003,3
U401,Jun,2023,22931,946.04,10778,3756,4452,3945,3
U324,May,2024,24468,1006.13,9080,4379,6112,4897,7
U387,Oct,2025,19633,806.89,6791,3917,3935,4990,5
U526,Jul,2024,13487,563.18,4520,2785,2494,3688,0
U664,Oct,2025,19848,818.2,7234,3504,5420,3690,1
U549,Aug,2025,17009,698.32,5332,4666,3240,3771,7
U459,Jul,2024,21749,909.05,6667,5961,4992,4129,7
U348,May,2025,14113,580.81,5941,3206,2914,2052,7
U452,Jan,2025,13044,542.96,5528,2974,2713,1829,5
U643,May,2025,14431,596.56,5857,3074,2331,3169,3
U620,Oct,2023,19979,821.67,9039,4351,3488,3101,2
U603,Feb,2024,13582,562.49,4180,3558,2344,3500,3
U546,May,2023,13308,545.83,6483,1932,2503,2390,4
U651,May,2024,16917,707.82,5396,4112,4168,3241,2
U347,Feb,2024,20793,863.19,9040,4494,3228,4031,7
U348,May,2025,13620,560.32,4449,3141,2501,3529,2
U552,Apr,2024,19503,804.24,9283,2908,3195,4117,3
U399,Jan,2023,16766,694.92,6742,2136,3558,4330,0
U508,Mar,2023,17362,715.12,5494,4295,4037,3536,7
U689,Jan,2023,17192,709.49,7278,3871,3548,2495,2
U617,Dec,2024,18622,773.45,5620,3542,5296,4164,4
U624,Nov,2023,18093,756.88,8236,2270,3875,3712,5
U328,May,2024,18704,774.38,8044,2828,3202,4630,0
U239,Apr,2023,12100,504.78,4144,2518,2477,2961,0
U538,Jul,2023,18657,781.29,6995,3071,3732,4859,0
U560,May,2024,17875,736.74,5390,4021,4609,3855,2
U329,Oct,2023,16271,680.24,7138,3592,2567,2974,0
U467,Apr,2025,12237,510.99,4460,2598,2215,2964,3
U676,Feb,2024,19226,795.13,7965,3068,4131,4062,0
U641,Apr,2024,20032,841.13,9842,3945,3211,3034,4
U673,Dec,2024,17218,710.46,6196,3451,3454,4117,7
U634,Feb,2025,16025,661.11,7981,1815,3040,3189,7
U351,Aug,2024,23110,965.36,9857,3973,3725,5555,1
U615,Mar,2023,18073,748.85,6296,3894,4060,3823,4
U678,Sep,2023,14542,601.03,5632,3275,3183,2452,2
U498,Apr,2023,22195,913.96,9945,4744,3796,3710,0
U299,Jun,2024,13537,565.38,5269,2178,3368,2722,0
U463,Oct,2023,12754,532.94,4000,2023,3284,3447,3
U452,May,2024,23560,979.31,7862,3371,7087,5240,5
U344,Oct,2023,22450,941.94,10287,4228,3254,4681,0
U546,Jan,2025,19396,801.41,8333,3971,3036,4056,6
U312,Sep,2025,23857,983.38,9875,3941,5713,4328,4
U700,Jan,2025,19823,826.17,6611,3688,5387,4137,2
U260,Aug,2025,17507,731.06,8185,3643,2826,2853,7
U569,Sep,2024,16235,669.29,7990,3160,2265,2820,1
U202,Sep,2023,12540,515.1,3864,2139,3636,2901,0
U585,Jan,2025,17510,732.1,5526,4268,4536,3180,1
U504,Feb,2024,20461,858.88,9758,3473,3550,3680,0
U454,Dec,2025,19926,829.81,9227,2469,3800,4430,2
U340,Jan,2025,17131,707.13,7256,2679,3966,3230,5
U653,Oct,2024,23652,993.31,11565,2846,4178,5063,4
U237,Feb,2024,23600,988.68,10131,3488,4091,5890,7
U360,Oct,2023,20697,859.2,7103,4391,5270,3933,2
U209,Dec,2023,13129,549.12,5851,2001,2627,2650,1
U433,Aug,2025,22271,931.28,9557,3544,5398,3772,0
U299,May,2025,15145,635.1,7529,2345,2945,2326,1
U347,Dec,2023,23434,980.5,8032,3349,7016,5037,4
U504,Nov,2023,20553,855.9,8623,4148,4041,3741,6
U408,Jul,2024,15720,654.1,7168,2397,2683,3472,7
U331,Feb,2023,21648,897.69,7962,4052,4669,4965,2
U604,Aug,2023,16067,668.81,6040,3959,3371,2697,1
U352,Nov,2025,16195,676.87,7734,2274,3663,2524,1
U254,Jun,2023,21873,917.99,8330,4464,4443,4636,4
U320,Aug,2025,21244,880.93,9027,3402,5055,3760,6
U361,Jan,2023,19281,801.58,9213,3814,3324,2930,0
U608,Jan,2024,14509,601.32,4961,3526,2999,3023,6
U316,Dec,2023,17016,709.03,8446,2128,2701,3741,1
U275,Jul,2023,18533,771.53,8161,3509,4006,2857,4
U313,Aug,2023,16727,686.11,6677,2140,3689,4221,0
U656,Mar,2025,12681,526.78,4897,3056,2824,1904,6
U620,May,2024,15932,654.62,7820,2188,2809,3115,7
U622,Dec,2023,22321,915.75,7614,5388,4564,4755,6
U304,Jan,2025,17560,733.85,6362,2952,3609,4637,7
U540,Jul,2024,16016,660.8,5790,3339,3400,3487,6
U454,May,2025,19339,799.49,6919,4927,3968,3525,5
U427,Aug,2025,23494,964.76,9249,5346,4908,3991,0
U312,Aug,2024,12719,523.76,6331,1482,2860,2046,6
U673,Sep,2023,12074,504.28,5768,1951,2148,2207,5
U299,Jul,2025,21485,891.49,7854,3676,4205,5750,2
U353,Nov,2025,22114,926.15,8504,3904,4825,4881,4
U549,Jan,2023,16157,668.86,7010,2442,3032,3673,6
U602,Mar,2023,20511,846.46,6223,3817,5658,4813,7
U584,Aug,2024,14149,585.03,6565,2339,2677,2568,0
U566,Mar,2024,21644,902.83,10301,2704,4623,4016,7
U538,Aug,2024,21747,903.7,10252,3534,4603,3358,5
U394,Jan,2023,18713,784.15,7017,2991,4498,4207,5
U510,May,2025,16207,674.25,6359,2538,3269,4041,2
U363,Apr,2025,23224,963.63,7024,5633,5506,5061,7
U408,May,2024,19141,799.82,7271,2444,4430,4996,3
U645,Aug,2023,20652,866.3,8097,3467,4074,5014,4
U369,Oct,2025,21078,871.7,10146,3077,4206,3649,7
U684,Apr,2024,23725,978.65,11359,3672,3830,4864,3
U361,Nov,2025,15936,663.2,7859,2696,2864,2517,0
U268,Apr,2025,21307,884.22,10163,3052,4441,3651,4
U489,Mar,2023,13075,549.01,3943,2215,3843,3074,7
U598,Jul,2023,15876,658.26,6799,3421,3168,2488,2
U477,Mar,2025,16615,682.45,5211,4518,3117,3769,0
U504,Dec,2024,19265,808.69,6829,2536,4183,5717,4
U604,Mar,2023,18379,769.04,7639,3321,4110,3309,7
U584,Nov,2025,22116,910.7,9733,3322,5283,3778,7
U592,Oct,2023,21118,884.94,9100,3069,4808,4141,4
U335,May,2023,16652,688.4,5158,3070,3947,4477,3
U395,May,2023,18792,777.56,6026,4184,4517,4065,0
U601,Jun,2025,22473,941.76,7319,3608,5660,5886,2
U328,Aug,2024,21247,882.39,6762,5541,4035,4909,2
U233,Oct,2024,19456,800.38,6530,3790,4736,4400,0
U376,Jun,2024,16674,689.79,7298,2485,2757,4134,0
U660,Dec,2023,12541,523.24,5846,2364,2341,1990,5
U643,Jan,2025,14161,583.07,5406,1779,2821,4155,1
U571,Aug,2023,14251,592.7,6249,2291,3195,2516,7
U670,Aug,2024,21244,885.77,7223,3800,5906,4315,3
U575,Sep,2024,16569,685.03,8195,2241,2759,3374,0
U222,Sep,2025,14744,614.73,5455,2484,3128,3677,0
U438,Feb,2023,24061,1007.78,11288,2634,4439,5700,1
U358,Feb,2024,18041,748.2,8823,2124,3769,3325,1
U238,Mar,2025,24673,1021.04,11668,2970,4153,5882,4
U430,Jan,2023,24349,1004.42,7631,6649,5801,4268,6
U565,Apr,2023,24802,1031.87,10666,2889,6681,4566,2
U251,Apr,2024,24717,1035.14,8008,3900,6916,5893,3
U638,Sep,2024,16675,689.09,5021,4601,3108,3945,4
U464,Sep,2023,13560,561.33,4208,3045,2936,3371,0
U483,Sep,2023,23954,991.85,11575,3591,4507,4281,7
U227,Oct,2024,13164,547.11,6341,1472,2937,2414,1
U426,Jul,2023,17419,718.16,6012,3809,4469,3129,5
U477,Feb,2024,14722,615.71,6027,1978,3577,3140,2
U486,Oct,2023,22550,931.22,11072,3836,3883,3759,4
U297,May,2024,12470,520.07,4979,2965,2094,2432,5
U484,Apr,2025,21608,897.02,8183,4113,4385,4927,2
U567,Dec,2024,13468,560.08,5342,1973,2526,3627,6
U648,Nov,2024,19925,820.5,9126,3510,4228,3061,6
U681,Aug,2025,12808,534.54,5064,2343,2878,2523,5
U653,Feb,2023,20363,838.72,9298,3392,3865,3808,1
U517,Jun,2025,18719,769.6,7231,3396,3770,4322,4
U504,May,2024,24318,1010.33,8521,5288,5265,5244,4
U347,Dec,2023,24334,1014.95,8889,4855,4421,6169,6
U204,Feb,2025,24417,1002.32,7705,6641,4817,5254,2
U235,Nov,2023,22591,927.8,9024,4954,5100,3513,5
U392,Oct,2023,17073,713.7,5627,2895,4937,3614,1
U249,Jan,2025,20012,836.68,9251,3714,3167,3880,0
U217,Aug,2023,13645,562.79,5241,2040,2908,3456,4
U372,Feb,2025,20249,842.67,9172,3948,4059,3070,7
U420,Jul,2024,13129,544.11,6444,1534,3030,2121,0
U358,Sep,2023,13353,555.92,6274,2086,2418,2575,1
U677,Sep,2024,12767,534.46,6259,2330,1976,2202,6
U246,Aug,2024,15895,652.96,6573,2386,3974,2962,7
U573,Nov,2023,20874,872.07,6952,5115,4450,4357,4
U206,Dec,2025,15454,641.23,7527,2606,2868,2453,4
U299,Oct,2023,22200,922.72,10516,3265,3484,4935,5
U580,Sep,2024,19329,805.13,9140,2900,4054,3235,7
U433,Feb,2024,23334,978.22,10235,5045,3652,4402,0
U237,Jun,2025,13790,566.17,5860,1931,2978,3021,6
U480,Apr,2023,21669,889.07,6564,5115,5971,4019,5
U549,Apr,2024,12885,530.58,5793,2421,2320,2351,3
U697,May,2024,19734,828.56,6281,5172,4804,3477,0
U502,Dec,2024,15906,663.52,5598,3531,3173,3604,0
U381,Mar,2025,16492,686.31,6766,3082,3235,3409,3
U295,Jan,2024,21730,891.95,8482,5040,4908,3300,1
U299,Aug,2024,14073,589.36,4266,3587,3478,2742,7
U388,May,2023,12312,514.8,5722,2262,1925,2403,7
U681,Mar,2023,18269,761.17,8691,1978,4141,3459,1
U316,Oct,2024,17317,715.87,7556,2681,3542,3538,4
U391,Jul,2024,12810,526.11,5229,2474,2746,2361,2
U453,Jul,2023,22427,932.52,11037,3467,3294,4629,5
U669,Jan,2025,18841,786.04,6104,3360,4620,4757,2
U616,Dec,2025,23049,947.18,10316,2914,4525,5294,4
U671,Sep,2025,22955,955.7,7475,4808,6226,4446,7
U361,Feb,2025,14032,579.33,5281,2250,3849,2652,2
U456,May,2025,21699,906.24,9050,3119,5224,4306,0
U523,May,2025,24737,1027.57,11067,3824,5299,4547,0
U328,Aug,2025,22762,936.18,6845,5683,4733,5501,3
U218,Aug,2025,22086,917.15,7776,4258,4888,5164,3
U481,Jul,2023,19129,791.86,7797,2757,4503,4072,4
U690,Jul,2025,14705,605.56,5978,1949,3181,3597,4
U423,Dec,2025,20788,869.8,8887,3567,4728,3606,6
U254,Nov,2025,14147,580.18,5103,3245,3406,2393,4
U258,Jun,2024,12615,521.15,5148,2468,2146,2853,0
U523,Jun,2023,12947,530.99,4375,2112,3148,3312,2
U560,Nov,2023,17677,726.45,5963,3365,3926,4423,5
U374,Sep,2023,16651,687.64,6915,3612,3299,2825,6
U480,Jun,2025,24565,1008.5,10737,3256,5557,5015,6
U314,Dec,2025,23956,996.49,7763,4961,6555,4677,7
U488,Feb,2024,19866,816.23,6447,3639,4192,5588,6
U631,Feb,2023,14013,584.37,5788,1849,3071,3305,4
U542,May,2025,15697,644.4,5557,2129,4673,3338,4
U351,Apr,2023,12490,512.83,4727,2415,2349,2999,0
U650,Nov,2024,16350,675.34,6215,2069,4124,3942,5
U327,Feb,2024,14428,604.48,4843,2115,3339,4131,0
U355,Mar,2024,16987,707.36,5100,3203,5189,3495,5
U690,Jul,2023,20733,866.02,9757,2290,5162,3524,0
U586,Aug,2025,21479,883.68,9515,3350,4875,3739,2
U674,Dec,2025,21825,913.03,9561,2772,5295,4197,7
U473,Jun,2024,16920,693.86,6925,2698,3264,4033,4
U304,Nov,2025,14926,615.15,6570,2993,2460,2903,1
U617,May,2024,21544,896.58,10494,3594,3555,3901,1
U593,Jan,2023,19282,797.8,8351,3159,3288,4484,7
U499,Aug,2024,16376,687.53,5781,2313,4560,3722,4
U446,Mar,2023,21490,881.74,8899,4077,3569,4945,6
U376,Jun,2024,16868,708.43,6552,2400,3310,4606,4
U239,Mar,2025,18986,790.27,7808,2406,4502,4270,4
U677,Jul,2025,18862,783.88,7611,3744,4363,3144,7
U370,Jul,2024,24159,991.96,11397,4880,3584,4298,4
U447,Dec,2025,16423,677.83,7067,2733,3528,3095,6
U226,Sep,2025,22450,941.21,7582,3095,5193,6580,5
U555,May,2025,18870,780.35,5898,4878,4592,3502,7
U506,Aug,2023,24839,1034.83,9559,3260,5916,6104,2
U609,Oct,2025,20159,846.67,6110,5247,4387,4415,1
U608,Oct,2023,14073,580.7,5117,2493,3749,2714,7
U213,Aug,2024,18170,755.44,6788,3108,4364,3910,3
U516,Jan,2025,12701,529.59,4764,2449,3200,2288,1
U591,Dec,2025,22111,910.19,10964,4363,3440,3344,1
U513,May,2025,20113,827.62,7256,4882,3441,4534,6
U236,Mar,2024,18825,780.41,6646,3581,4695,3903,0
U373,Jan,2023,22652,937.47,7381,5179,4512,5580,4
U220,Apr,2023,24454,1020.08,9835,4620,5633,4366,4
U521,Aug,2025,19867,815.93,6570,4503,4092,4702,4
U464,Mar,2024,16264,682.64,6883,3432,2481,3468,0
U694,Oct,2024,19968,818.97,6610,2763,5671,4924,6
U600,Feb,2024,20146,838.1,8367,3123,3635,5021,7
U342,Nov,2024,24516,1018.95,11406,5137,3978,3995,2
U660,Sep,2024,19776,813.48,6100,5331,4479,3866,2
U571,Oct,2023,20558,845.98,7893,2561,4251,5853,6
U671,May,2023,20719,865.9,8126,3025,5680,3888,3
U343,Jul,2023,16886,707.31,7737,3648,3270,2231,2
U292,Nov,2025,23910,987.08,9410,4329,4883,5288,6
U554,Nov,2024,23801,986.26,9841,4391,4217,5352,7
U522,Feb,2025,15935,658.99,7302,2013,2977,3643,2
U488,Sep,2024,16619,682.58,6846,3702,3547,2524,4
U415,Sep,2023,17191,716.4,6389,2660,3338,4804,5
U647,Apr,2025,22345,934.58,7087,3630,5342,6286,6
U542,Apr,2023,18875,779.63,8417,2568,3237,4653,1
U251,Jun,2024,22100,927.98,10480,4461,3825,3334,2
U353,Oct,2024,23204,953.12,11463,3998,3572,4171,2
U386,Oct,2024,19856,827.24,9636,3615,2828,3777,0
U263,Oct,2023,17401,721.24,7995,2590,3571,3245,3
U390,Jun,2024,24420,1012.13,10468,5327,3511,5114,5
U325,Dec,2023,15022,622.78,6854,2923,2870,2375,7
U350,Jan,2025,23675,976.8,9148,5086,5069,4372,0
U514,Sep,2024,22912,955.79,9599,5247,3355,4711,4
U258,Feb,2024,17738,740.06,6558,3054,3300,4826,1
U542,May,2024,17984,742.42,6570,3677,4201,3536,3
U505,Sep,2025,13770,576.07,6214,2886,2675,1995,0
U380,Apr,2024,24305,1004.21,9498,5303,4260,5244,6
U370,Nov,2023,21969,916.66,7522,4517,4112,5818,2
U526,Mar,2023,24404,1003.52,8306,3464,6063,6571,2
U471,Jul,2024,20989,864.09,9903,3664,3512,3910,3
U254,Jun,2024,15215,628.62,6626,2622,2670,3297,2
U691,Aug,2025,23980,997.42,9812,3355,6157,4656,6
U644,Mar,2025,18694,778.52,7107,4361,2929,4297,0
U301,May,2025,14976,619.95,5783,2469,3545,3179,0
U681,Oct,2024,15737,646.44,4901,3006,3715,4115,2
U464,Apr,2025,21903,906.21,8563,4461,4496,4383,2
U253,Apr,2025,12752,531.62,5854,2053,2454,2391,4
U260,Apr,2023,22661,944.31,8556,3072,5070,5963,1
U692,Oct,2025,24161,994.47,9101,4178,4365,6517,7
U308,Aug,2023,13392,549.18,4059,2042,3414,3877,3
U205,Jun,2023,18789,784.5,7357,2722,3843,4867,0
U303,Mar,2025,22797,937.1,6954,3191,7522,5130,3
U396,Oct,2023,12677,520.8,5249,1754,2485,3189,4
U462,May,2024,12105,496.34,4858,1928,2873,2446,0
U565,Jun,2024,23479,972.8,10988,3842,4971,3678,4
U680,May,2025,16753,695.3,6975,3753,3479,2546,4
U572,Jun,2024,13946,580.68,5085,2729,2846,3286,5
U550,Aug,2023,17544,724.5,7074,3571,2763,4136,2
U247,Jul,2024,13095,546.2,5761,1991,2494,2849,6
U555,May,2025,18985,781.6,6052,4530,4601,3802,5
U511,Oct,2025,13782,576.53,5846,2572,3001,2363,7
U624,Jun,2023,16541,687.64,7994,2495,2995,3057,3
U508,Apr,2025,15257,634.45,5489,2332,4365,3071,6
U344,Dec,2024,18213,750.55,7746,2728,4026,3713,3
U469,Sep,2025,22189,911.39,10301,3853,3751,4284,2
U570,Apr,2023,16869,699.47,6787,2875,2930,4277,6
U324,Jan,2025,13561,564.35,6015,2851,2418,2277,5
U306,Jul,2024,16006,657.77,5797,2521,4305,3383,3
U358,Jul,2023,21867,917.33,7898,2997,4790,6182,5
U347,Apr,2024,21314,894.77,9239,3838,3717,4520,2
U345,Mar,2023,15981,663.94,7048,3369,2382,3182,6
U320,Aug,2025,21493,901.63,10475,3007,4463,3548,6
U519,May,2023,17682,728.13,6099,3817,4031,3735,0
U475,Oct,2023,17782,729.51,6999,2655,3282,4846,4
U292,Jul,2025,12943,531.17,4531,2621,3292,2499,4
U258,Apr,2024,16550,688.27,5230,4045,3389,3886,5
U639,Apr,2025,21137,867.92,8045,4888,4534,3670,6
U546,Aug,2023,12600,528.68,4722,1741,3069,3068,3
U429,Aug,2025,22892,941.82,8105,4011,4741,6035,5
U674,Feb,2023,18376,759.02,6604,3860,3975,3937,5
U317,Feb,2025,21609,903.74,8040,2808,4724,6037,1
U518,Mar,2025,13524,557.44,6731,2296,2315,2182,7
U479,Dec,2024,15766,650.24,7198,2618,2381,3569,6
U327,Dec,2023,12250,510.12,3849,2165,3199,3037,4
U593,Mar,2024,21736,897.18,10313,4145,4150,3128,6
U596,Jan,2023,12078,497.82,5153,1786,2671,2468,2
U329,Mar,2025,15123,623.89,7230,3143,2145,2605,5
U258,Jun,2023,21089,875.0,7767,4839,3652,4831,1
U322,Aug,2024,19064,800.04,7490,3953,3872,3749,1
U201,Dec,2024,20417,854.09,9784,2257,4030,4346,4
U439,Oct,2024,13209,545.33,4682,3247,2276,3004,4
U490,Jun,2023,17153,709.51,8286,3174,2490,3203,4
U296,May,2024,16898,700.67,7869,2219,3191,3619,2
U326,Apr,2024,14178,595.18,7033,1989,2254,2902,1
U318,Mar,2024,22871,941.65,8344,3685,5257,5585,3
U248,Apr,2025,19610,811.02,6807,5081,4627,3095,2
U289,Jul,2025,23077,962.99,8450,5424,5446,3757,0
U688,Jan,2023,22998,965.09,11290,4519,2905,4284,7
U437,Jul,2023,20895,859.95,7660,4734,4855,3646,7
U573,Jan,2024,14544,599.61,6007,2486,3142,2909,5
U585,Feb,2025,17522,722.36,6671,2616,3404,4831,7
U472,Apr,2024,14370,589.47,5449,2155,3796,2970,4
U389,Jan,2024,15281,635.75,5175,2327,3355,4424,1
U687,Nov,2025,16710,696.32,6807,3063,2985,3855,7
U392,Dec,2025,12328,512.88,5792,2509,1622,2405,5
U647,Nov,2025,17579,721.99,5447,4832,3969,3331,7
U269,Nov,2023,16228,666.47,7754,2181,3379,2914,6
U478,Sep,2023,18794,774.51,8139,3616,2953,4086,2
U549,Dec,2024,12120,500.44,5130,2232,2633,2125,0
U447,Jun,2023,18749,783.46,7971,3209,3712,3857,6
U651,Jan,2025,12964,533.59,4657,2767,2541,2999,2
U276,Jan,2025,16224,665.9,6214,2745,3964,3301,2
U354,Jun,2023,15675,648.85,7208,3292,2134,3041,3
U344,Apr,2024,17694,732.82,6392,3854,3478,3970,7
U635,Apr,2024,14076,583.46,5546,2992,3271,2267,5
U685,Nov,2023,18865,789.06,5733,3263,5654,4215,3
U286,Jun,2024,17643,725.09,7881,2281,4204,3277,2
U385,Dec,2024,20524,855.93,7871,3528,5028,4097,7
U485,Nov,2024,23560,973.92,9543,4952,4115,4950,0
U662,Jul,2025,17249,712.56,5570,4528,4164,2987,1
U420,Sep,2025,13316,558.37,6635,1907,2530,2244,1
U269,Oct,2023,13196,544.31,4757,2994,2275,3170,7
U247,May,2025,15170,631.72,6477,2556,2999,3138,6
U697,Sep,2024,21621,892.41,8999,3269,5116,4237,5
U294,Apr,2025,12355,512.82,5646,2333,1788,2588,4
U438,Oct,2023,24426,1020.67,8763,5633,5528,4502,4
U646,Feb,2025,21718,909.59,9798,2867,3794,5259,1
U700,Mar,2024,24089,1007.85,9069,3920,5049,6051,2
U653,Nov,2024,12028,500.15,4597,2221,2355,2855,2
U404,Jan,2023,13013,536.77,5654,1746,2510,3103,3
U600,Jun,2025,22894,953.79,10459,4797,3809,3829,7
U418,Jun,2025,21019,876.7,9109,3790,3550,4570,5
U674,Jan,2025,24638,1010.42,11825,2873,4302,5638,7
U632,Nov,2024,14024,581.14,5007,2135,3634,3248,7
U541,Mar,2023,20490,857.37,9837,4163,3375,3115,3
U239,May,2025,17839,740.13,5818,4178,3312,4531,4
U300,Mar,2024,22057,911.21,9526,4346,4053,4132,7
U489,Oct,2024,24208,1013.63,9913,3066,4791,6438,1
U454,Mar,2024,17791,732.2,7097,4053,3153,3488,6
U422,Oct,2025,22303,919.03,8077,4107,4871,5248,7
U557,Mar,2025,12754,531.68,5111,2537,3032,2074,2
U223,May,2025,20961,866.79,6966,5485,4634,3876,7
U450,May,2025,15735,656.35,5882,2167,3840,3846,1
U210,Apr,2025,13238,544.85,4232,2669,3058,3279,0
U446,Jan,2025,22405,924.26,9283,2754,4914,5454,1
U525,May,2025,13906,572.32,4438,2839,3028,3601,0
U300,Oct,2025,19399,813.84,6441,3245,4554,5159,3
U490,May,2025,19961,826.49,6329,5210,3624,4798,3
U380,Apr,2024,21756,899.33,8185,3795,5288,4488,4
U423,Jun,2025,21410,878.11,10028,3719,3615,4048,1
U594,Oct,2023,16601,683.19,7991,3203,3189,2218,1
U450,Apr,2024,21549,892.58,6774,5861,4493,4421,0
U347,Jul,2025,24031,986.92,10259,4142,5262,4368,3
U642,Jul,2023,13460,558.73,5880,2206,2816,2558,0
U296,Feb,2025,19669,815.38,8000,2510,4846,4313,3
U457,Mar,2023,24177,1009.8,10478,2774,6423,4502,0
U525,Jan,2023,13416,558.91,4651,2820,3013,2932,3
U693,Aug,2023,23045,955.12,9170,2956,4380,6539,0
U204,Sep,2023,19766,814.85,7475,3393,4807,4091,6
U216,Apr,2024,13428,560.31,4269,1838,3315,4006,3
U480,Jun,2024,16378,683.09,6962,3041,3127,3248,5
U536,Sep,2023,19529,803.68,7792,3346,4489,3902,0
U447,Jun,2025,16474,690.5,5848,2395,4792,3439,1
U458,Dec,2023,24485,1005.46,9665,3842,6113,4865,4
U697,Dec,2024,23254,954.69,10581,3978,3858,4837,5
U676,Dec,2025,15071,620.73,6937,2695,2960,2479,5
U584,Sep,2024,12555,526.17,5397,2093,2893,2172,0
U360,Apr,2024,20547,853.11,8086,4495,4252,3714,4
U675,Aug,2025,13563,566.77,5630,1764,2981,3188,1
U540,Sep,2023,23692,976.77,8931,3201,5310,6250,5
U352,Apr,2023,13040,541.03,4242,1837,3638,3323,1
U596,May,2023,14686,607.39,5538,2809,3172,3167,3
U378,Aug,2023,24666,1031.73,10016,4999,4913,4738,7
U363,Dec,2025,24967,1024.21,10480,3275,6708,4504,6
U580,Oct,2025,14553,600.22,7089,2446,2614,2404,7
U233,Jun,2025,13779,567.04,6275,2216,2552,2736,7
U617,Dec,2024,12075,505.45,3989,3213,2369,2504,4
U645,Jul,2025,16326,677.0,5466,3730,3209,3921,6
U379,Mar,2023,17835,738.44,5708,4020,3778,4329,2
U627,Jul,2024,17057,707.0,7635,2959,3520,2943,3
U301,Dec,2023,23511,986.8,10373,5248,4331,3559,4
U468,Aug,2023,14349,600.51,7135,2857,2210,2147,0
U523,Oct,2025,14773,616.13,5974,2706,2763,3330,6
U265,Jun,2025,14262,588.88,6635,2219,3144,2264,0
U617,Oct,2023,15229,626.9,6324,2604,2586,3715,1
U368,Sep,2023,22308,935.18,10592,3346,4113,4257,7
U530,Jun,2024,12392,513.31,5504,2109,2575,2204,5
U243,Dec,2025,13108,541.08,5617,1908,2576,3007,6
U244,Sep,2024,16362,678.55,6757,3701,3490,2414,2
U485,Apr,2024,17188,720.48,7641,2845,3372,3330,0
U597,Aug,2024,20802,860.93,7986,4721,4071,4024,4
U212,Nov,2023,17057,708.93,5446,3425,4647,3539,6
U295,Apr,2024,22967,960.09,7073,5462,4513,5919,6
U502,Feb,2024,15998,662.75,6332,2584,3121,3961,5
U586,Oct,2023,20864,860.3,8759,3933,4654,3518,5
U453,Nov,2025,18566,779.67,5862,3807,4691,4206,4
U699,Sep,2025,15677,657.75,5602,2754,4246,3075,5
U442,May,2024,17796,744.65,6484,4256,3037,4019,0
U235,Apr,2023,18363,765.52,7575,2400,4491,3897,4
U415,Feb,2025,20123,830.98,7157,3855,4667,4444,7
U537,Jan,2024,20222,847.57,6453,3289,5610,4870,4
U290,Nov,2024,19690,812.72,6556,4888,4437,3809,1
U464,Jul,2023,13400,560.13,4486,2234,3010,3670,2
U293,Jun,2024,16071,673.67,7529,2790,2592,3160,6
U610,Feb,2025,20808,865.68,7425,3119,5096,5168,1
U658,Aug,2023,24826,1037.8,10996,3885,4659,5286,2
U290,Nov,2025,14786,617.93,6115,3293,2677,2701,4
U618,Apr,2025,19169,789.63,9496,2255,4409,3009,6
U315,Aug,2025,12870,536.27,4563,2763,3254,2290,5
U305,Jul,2024,16196,665.55,5371,2607,4301,3917,2
U591,May,2024,23796,987.72,7386,4646,5295,6469,4
U396,Oct,2025,21604,889.27,7522,4338,4067,5677,4
U514,Oct,2025,14739,610.44,6438,2618,3377,2306,1
U314,Dec,2023,12940,541.32,4102,2832,3162,2844,1
U693,Aug,2023,12340,518.12,4305,2635,2999,2401,5
U275,Sep,2024,23100,954.44,10881,3107,3982,5130,7
U613,May,2024,19422,806.63,8091,3175,3514,4642,3
U576,Oct,2023,16133,669.7,5064,2296,4902,3871,0
U620,May,2025,12659,531.1,3918,3092,2587,3062,3
U417,Feb,2024,22225,921.86,6939,5616,4387,5283,3
U477,May,2025,21752,907.04,10623,2669,4777,3683,6
U449,Mar,2023,15457,647.99,7264,1968,3196,3029,7
U364,Jul,2024,21848,903.93,10246,2417,4372,4813,6
U594,Oct,2024,14975,627.48,7260,3040,2781,1894,5
U557,May,2023,21241,890.37,8518,4598,4218,3907,6
U657,Aug,2024,12453,522.16,4351,2204,3357,2541,2
U608,Jan,2023,21896,903.66,8326,4021,4695,4854,5
U392,Mar,2024,20184,835.62,8957,2900,3593,4734,5
U427,Mar,2023,17442,730.3,8288,2924,3085,3145,4
U377,Sep,2024,22976,950.27,8892,4837,5482,3765,4
U299,May,2025,12818,533.23,5217,2200,3209,2192,4
U696,Dec,2025,16868,693.58,8203,3246,2596,2823,0
U236,Sep,2025,12012,493.17,3861,2473,3035,2643,2
U666,Sep,2024,24171,1000.97,11419,2918,4775,5059,2
U697,Jan,2024,19727,820.23,6546,4276,5052,3853,4
U687,Feb,2025,12920,534.79,5126,2279,2453,3062,3
U296,May,2025,16920,703.5,5815,4299,2912,3894,0
U352,Apr,2023,14418,598.56,6064,2325,2546,3483,3
U351,Oct,2023,21506,896.49,8854,3549,4909,4194,1
U390,Sep,2023,18475,769.48,6946,3806,3614,4109,2
U424,Jul,2025,23869,988.76,11281,3844,4759,3985,2
U237,Jun,2025,14017,580.65,6054,2188,2585,3190,3
U468,Jul,2025,19957,821.05,8865,4414,3846,2832,0
U569,Jan,2023,21420,889.21,7071,3737,4749,5863,2
U383,Jan,2024,16792,698.33,8003,2245,3351,3193,3
U213,Aug,2025,18830,781.0,6278,4680,3377,4495,5
U479,Feb,2024,14434,596.5,4973,1898,3421,4142,5
U417,Dec,2024,14868,620.32,4841,2408,3998,3621,6
U555,Oct,2024,22707,932.68,8811,4420,3974,5502,0
U561,Nov,2023,13438,563.25,6417,1632,2929,2460,3
U486,Sep,2024,24356,999.1,8536,6283,3878,5659,6
U473,Jul,2025,15543,652.22,5824,2846,3070,3803,5
U569,Jun,2023,23367,968.85,10964,3962,3393,5048,0
U262,Jan,2025,13781,570.71,5837,1843,3595,2506,7
U284,Jan,2025,18343,756.77,8260,2600,4080,3403,6
U568,Feb,2023,14263,584.93,4889,3027,2868,3479,7
U417,Jun,2025,22161,914.69,9823,3823,3539,4976,4
U542,Jun,2025,12211,501.99,4219,2852,3055,2085,0
U597,Feb,2023,20699,862.32,10296,2640,4658,3105,1
U387,Jan,2025,18159,750.31,7481,3531,3922,3225,4
U219,Oct,2024,19027,794.7,8355,2755,3400,4517,6
U377,May,2025,12331,508.12,3991,2646,2543,3151,3
U300,May,2024,18860,790.24,6603,3934,4428,3895,4
U596,Feb,2025,20044,832.29,6573,3022,6266,4183,4
U645,Jun,2023,20169,829.24,7624,3885,4236,4424,6
U433,Sep,2023,20742,858.74,7401,2700,5879,4762,3
U603,Feb,2025,17720,730.18,7913,2944,3095,3768,3
U276,Oct,2023,21133,870.67,6799,4866,4836,4632,5
U465,Feb,2025,12727,528.25,5732,1500,2552,2943,1
U655,Mar,2023,16975,707.38,5247,4547,3085,4096,3
U484,Jul,2024,23054,966.23,7847,4436,5309,5462,2
U406,Jun,2025,15243,632.62,6987,3200,2694,2362,2
U423,Dec,2024,12648,530.78,5673,1544,2423,3008,1
U584,Aug,2024,17095,716.99,6757,4031,3450,2857,0
U252,Aug,2025,18614,779.28,5770,2849,4215,5780,6
U539,Jun,2024,22929,951.55,9675,3874,5495,3885,0
U567,Dec,2025,22939,943.73,8747,5500,3763,4929,2
U344,Nov,2024,19135,788.7,6951,3003,5341,3840,3
U573,Oct,2025,13009,541.79,5568,1539,3475,2427,1
U269,Mar,2025,13550,561.26,5248,2977,2809,2516,0
U299,Mar,2023,20995,863.88,6686,4567,3982,5760,0
U596,Jan,2025,24272,1006.78,11727,3798,3528,5219,7
U225,Jul,2025,19492,799.51,8882,2194,4710,3706,6
U636,May,2024,24501,1022.52,7626,5579,6442,4854,4
U579,Apr,2025,24456,1004.5,9904,3409,5900,5243,2
U669,Oct,2023,15401,641.13,4877,4064,3441,3019,3
U684,Apr,2024,19447,812.75,9090,3491,3077,3789,1
U253,Apr,2024,17424,716.7,7363,3434,3388,3239,0
U351,Jun,2023,16241,674.3,5432,2664,3617,4528,6
U344,Aug,2024,24803,1036.25,7543,6492,4849,5919,4
U257,Aug,2024,15161,625.55,4644,3234,3528,3755,2
U239,May,2024,24740,1018.37,9932,5499,4034,5275,2
U309,Jun,2024,16155,667.8,7219,2271,3739,2926,6
U381,Apr,2023,19478,809.4,6314,4621,4850,3693,7
U242,Dec,2023,20719,861.4,7132,4278,4188,5121,1
U386,Nov,2024,23490,966.16,8584,3125,6492,5289,0
U623,Sep,2024,21215,879.52,7289,3914,6002,4010,1
U598,Aug,2023,18617,768.29,7042,2740,3690,5145,6
U423,Oct,2023,17660,738.93,7274,2823,3596,3967,6
U322,Dec,2023,23926,988.47,10455,3727,4980,4764,1
U333,Oct,2024,20624,862.88,10162,3086,3355,4021,5
U363,Jan,2024,13176,545.86,6405,2167,2456,2148,4
U415,Feb,2025,19956,832.7,8262,3674,3283,4737,2
U421,Sep,2023,20592,854.78,9201,2367,5291,3733,5
U435,Aug,2024,22296,928.0,10928,3980,3486,3902,3
U531,Mar,2023,23242,962.11,7360,6191,4309,5382,2
U346,Aug,2024,14233,594.49,4285,2683,3678,3587,2
U439,Dec,2023,22637,937.74,6926,3707,5390,6614,4
U276,Jan,2024,16700,692.34,6891,3021,2815,3973,3
U209,Oct,2025,23027,956.03,10421,4298,3749,4559,0
U274,Apr,2025,17906,749.04,6686,3767,4011,3442,3
U642,Mar,2023,19860,827.36,8123,3784,3879,4074,0
U692,Jun,2024,19526,807.38,7874,2671,3752,5229,7
U601,Jul,2024,17559,731.69,5600,4393,3861,3705,7
U453,Apr,2023,18732,780.05,6824,3395,3948,4565,3
U430,Jul,2024,14513,608.54,4410,2468,3871,3764,1
U207,Sep,2023,19830,829.72,6388,2920,6058,4464,6
U374,Nov,2024,21965,914.79,10155,3346,4980,3484,3
U341,Feb,2023,18944,783.17,8825,3274,2804,4041,5
U368,Nov,2024,19910,831.83,9166,3578,3422,3744,5
U370,Mar,2023,17649,733.76,7860,3842,3445,2502,4
U593,May,2024,13096,549.84,6006,1635,2338,3117,6
U634,Mar,2025,21120,871.15,9170,4745,3570,3635,6
U483,Nov,2024,13951,573.1,6054,2613,2355,2929,0
U322,Aug,2023,22165,910.31,9607,3652,5118,3788,2
U394,Dec,2025,21746,905.5,8759,4904,3384,4699,4
U205,Oct,2024,22970,963.34,8560,4883,4591,4936,5
U229,Aug,2025,24613,1009.18,10978,3677,4505,5453,5
U365,Aug,2024,21186,884.0,7621,5111,5020,3434,7
U622,Dec,2025,19799,824.77,8089,3903,4192,3615,0
U539,Dec,2023,20804,868.2,8044,4335,4605,3820,5
U336,Sep,2024,22785,942.28,8096,5571,3740,5378,5
U696,Apr,2024,12595,526.73,6233,1842,2545,1975,0
U565,May,2023,19875,815.76,6991,4269,3951,4664,5
U521,May,2025,21033,878.24,7610,4683,5170,3570,2
U542,Aug,2023,16439,678.39,5462,3191,4364,3422,1
U700,Jul,2023,17972,745.42,8349,2085,4013,3525,4
U345,Sep,2025,12858,537.76,5365,2654,2135,2704,2
U527,Aug,2023,17519,723.03,7403,2119,3535,4462,2
U417,Feb,2024,19385,798.38,8996,3569,2793,4027,1
U501,Oct,2024,20636,860.14,7606,4979,3355,4696,7
U332,Dec,2024,21980,912.9,7445,3915,6199,4421,6
U492,Apr,2023,16317,677.39,5542,2374,3647,4754,4
U270,Jun,2024,15454,637.58,6900,2109,3286,3159,7
U452,Dec,2024,24144,990.75,10208,4354,4090,5492,7
U615,Feb,2024,24879,1030.25,8490,6367,5835,4187,2
U475,Jul,2024,13030,535.62,4287,2644,2656,3443,5
U645,Mar,2024,21487,900.43,6964,3232,6415,4876,7
U564,Mar,2024,19906,816.97,8471,3722,4113,3600,1
U382,Nov,2023,22255,922.06,6677,5398,6050,4130,6
U367,Feb,2024,13447,552.03,4083,2609,3886,2869,4
U291,Nov,2024,22237,913.84,8403,4763,4634,4437,3
U402,Aug,2025,24811,1033.6,10873,3693,4471,5774,0
U546,Jun,2023,14850,618.46,6519,2980,2383,2968,5
U219,Jan,2023,24016,985.45,9270,3955,5967,4824,1
U239,Dec,2023,22260,912.69,9754,3141,5335,4030,0
U326,Jan,2023,23953,983.96,9682,5363,4652,4256,6
U651,Jul,2024,20106,839.69,9960,3142,2966,4038,6
U373,Aug,2024,22467,934.28,7470,3854,6483,4660,3
U341,May,2025,19151,785.92,8045,4298,3346,3462,7
U442,Dec,2025,22000,912.74,8761,4477,5102,3660,2
U420,Nov,2023,21503,896.93,7287,3470,5438,5308,2
U326,May,2025,18952,793.5,8528,3366,4056,3002,4
U258,Apr,2025,16055,673.25,5701,3873,3785,2696,1
U348,Jun,2023,17402,719.18,6549,3681,4030,3142,1
U676,Jun,2023,22643,931.44,8490,3523,5836,4794,7
U656,Mar,2025,21281,877.56,7423,4569,5061,4228,6
U517,Sep,2024,13672,571.16,5279,2717,2674,3002,4
U583,Dec,2025,23867,1001.73,9419,5261,5412,3775,7
U561,Nov,2025,16532,685.52,7420,2147,4067,2898,0
U623,Jul,2024,16924,699.05,7666,3147,3436,2675,2
U201,Jan,2024,24546,1016.92,8142,3370,5548,7486,2
U587,Jul,2023,22195,916.76,9289,4378,4045,4483,6
U661,May,2023,18085,746.12,8667,3692,2600,3126,1
U548,May,2025,24390,1014.47,7847,3885,6658,6000,6
U390,Feb,2024,19734,809.4,7786,3133,4914,3901,7
U391,Apr,2023,16864,695.8,7589,2936,3756,2583,1
U569,Dec,2025,21316,888.05,9001,4266,4043,4006,4
U609,Jun,2024,13221,542.48,4232,2416,3189,3384,7
U512,Oct,2025,14860,610.5,5636,3070,2589,3565,3
U617,Nov,2023,22465,927.66,9018,5107,3533,4807,0
U622,Jul,2023,23182,970.81,11571,4009,3916,3686,5
U317,Nov,2024,22702,948.15,7621,5160,5113,4808,3
U334,May,2025,20428,838.0,10142,2842,4227,3217,7
U258,Sep,2024,21336,885.48,8005,5096,4517,3718,3
U244,Mar,2023,15253,629.56,5186,2571,3110,4386,1
U373,Jan,2023,15782,657.3,6041,2348,4228,3165,1
U360,Apr,2025,18957,790.92,8015,2985,3233,4724,1
U373,Sep,2025,12766,534.42,4374,2769,2807,2816,3
U517,Apr,2025,14681,608.9,5260,3507,3009,2905,6
U503,Feb,2024,19710,827.71,9281,2361,4560,3508,0
U349,Oct,2025,19482,817.85,9737,3535,2905,3305,6
U280,May,2025,17086,715.6,6213,3942,3522,3409,1
U574,Mar,2023,19964,830.0,6583,4246,4804,4331,7
U413,Dec,2023,14665,607.1,6725,2795,2815,2330,7
U403,Sep,2025,21951,907.99,9221,3009,5704,4017,2
U452,Apr,2025,23683,971.29,7580,3766,6121,6216,6
U429,Jun,2023,23007,949.02,11258,4377,3962,3410,0
U364,Feb,2025,15513,647.18,4896,3181,3409,4027,7
U427,Jun,2024,12495,519.84,5311,1790,2456,2938,2
U347,Mar,2024,23372,979.67,8993,4856,5082,4441,0
U220,Dec,2024,17822,731.59,7330,3969,3041,3482,1
U641,Dec,2025,24122,992.75,8265,5176,5857,4824,6
U602,Sep,2023,14072,588.06,6158,2132,2629,3153,5
U247,Nov,2025,19795,818.69,9738,2983,4222,2852,4
U433,Feb,2025,20529,844.12,8040,4376,4622,3491,1
U505,Dec,2023,15949,669.8,6452,2027,4116,3354,7
U214,Dec,2023,18033,753.55,6274,2862,3963,4934,3
U343,Sep,2023,23300,964.82,11146,3555,5046,3553,5
U615,May,2024,22009,920.49,10877,3571,4253,3308,3
U201,Aug,2025,20328,847.28,9295,2955,4268,3810,0
U573,Feb,2023,14555,608.25,5946,2235,3813,2561,3
U254,Jun,2025,18370,768.15,9026,1946,3312,4086,5
U574,Mar,2024,16415,674.41,5429,2268,4255,4463,5
U459,Dec,2024,17959,747.51,7106,2775,3392,4686,1
U344,Dec,2023,21107,865.53,8601,3828,5153,3525,2
U671,Oct,2023,17993,738.49,7168,3369,4069,3387,1
U641,May,2025,23730,994.38,10927,3825,4074,4904,0
U659,Dec,2023,17021,706.84,7388,2716,3217,3700,7
U212,Aug,2025,22292,930.38,7252,3766,6217,5057,3
U530,Oct,2023,14907,623.69,5505,2633,3255,3514,2
U424,Jan,2025,14914,625.64,5485,2147,3214,4068,6
U472,May,2025,22174,928.41,9160,2902,6000,4112,4
U656,Mar,2025,15870,658.34,5686,2647,3441,4096,5
U558,Apr,2025,24720,1021.83,7995,6674,5524,4527,2
U660,Feb,2024,23759,977.79,10233,3588,4079,5859,7
U608,Sep,2025,21190,877.27,9963,4348,3387,3492,6
U356,Mar,2023,22339,924.09,10863,3195,4914,3367,2
U573,Feb,2024,17085,710.05,8448,2485,3195,2957,1
U208,Oct,2024,24886,1036.89,11353,4863,3527,5143,6
U322,Nov,2025,18546,778.53,6081,2726,4421,5318,4
U548,Sep,2024,12395,517.22,5833,1551,2706,2305,7
U364,Jul,2025,23790,990.7,9040,5822,4330,4598,5
U290,Jun,2023,24702,1021.06,11016,4121,4593,4972,7
U336,Jan,2025,12938,530.9,5256,1604,3619,2459,0
U386,May,2024,21828,901.24,10165,2443,5203,4017,0
U516,Dec,2023,22916,957.17,8824,5375,4269,4448,2
U378,Nov,2025,14510,597.89,4532,3738,3242,2998,6
U228,Nov,2023,16636,693.92,6843,2856,3899,3038,2
U420,Mar,2023,13649,567.52,4562,2114,3107,3866,3
U557,Jan,2024,15690,645.99,7736,2911,2533,2510,4
U241,Apr,2023,15435,636.87,6257,2431,3630,3117,5
U428,Feb,2024,15201,630.79,6243,2542,3643,2773,2
U392,Feb,2023,16179,670.11,7789,2823,2660,2907,3
U611,Mar,2025,24558,1026.0,10435,3822,4808,5493,6
U647,Aug,2023,22483,938.31,8106,4683,4519,5175,4
U345,Aug,2025,24675,1025.85,8863,5962,5477,4373,5
U401,Dec,2025,20405,853.38,8168,4398,3771,4068,0
U617,Jul,2023,15237,633.29,7212,2217,2434,3374,3
U412,Jun,2025,15862,665.64,7279,2210,3374,2999,6
U661,Sep,2023,12058,497.0,5939,1573,2536,2010,4
U420,Apr,2023,23122,964.51,7269,4275,5159,6419,3
U440,Dec,2025,16938,700.72,5990,3270,4336,3342,2
U613,Jan,2025,14971,617.99,4731,2901,4031,3308,1
U597,Aug,2024,21719,894.4,9778,2705,5356,3880,0
U246,Jul,2025,20314,844.1,6666,3175,5723,4750,2
U235,Jul,2024,23911,985.5,7650,4367,6161,5733,2
U453,Mar,2025,21628,891.08,8917,3971,5132,3608,6
U590,Apr,2023,21354,896.67,8163,4201,3827,5163,6
U282,Oct,2025,23492,982.01,10407,3889,4573,4623,4
U571,Sep,2023,15345,640.63,6098,3215,2910,3122,6
U456,Jun,2023,14486,605.43,5578,3095,3057,2756,3
U397,May,2023,12561,527.17,4837,2205,2573,2946,0
U503,Mar,2024,15981,664.38,7580,1889,3345,3167,2
U609,Sep,2025,18261,752.72,6921,3470,3524,4346,4
U650,May,2023,13737,575.06,5037,2403,2744,3553,7
U210,May,2023,21096,880.6,7757,3035,4798,5506,7
U512,Apr,2024,15554,644.16,5277,4073,3113,3091,0
U486,Apr,2025,24682,1023.65,11653,3569,4196,5264,6
U442,Dec,2025,21918,907.65,7218,4779,4972,4949,6
U451,Jan,2024,23115,969.21,11135,3570,4859,3551,3
U565,Jul,2024,23723,980.79,8461,3488,6791,4983,6
U205,Sep,2025,24098,1011.24,11564,2646,4057,5831,7
U319,Mar,2024,21126,885.4,9679,3722,4306,3419,2
U489,Dec,2025,19095,794.93,7951,2779,3654,4711,7
U574,Feb,2025,20266,842.66,8793,2853,4747,3873,5
U265,Mar,2023,12294,508.6,4489,3054,2442,2309,2
U346,Jan,2023,20212,829.06,8384,3457,3927,4444,2
U424,Jun,2025,23434,963.78,8400,3095,6785,5154,6
U439,Nov,2025,21230,886.44,8077,3524,4358,5271,0
U377,Nov,2025,17330,718.7,7849,3004,2993,3484,6
U467,Jul,2025,16655,685.35,5809,2881,3914,4051,0
U541,Nov,2025,13109,540.93,6131,1433,2700,2845,0
U482,Nov,2025,15771,661.56,5916,2846,4058,2951,7
U263,Feb,2024,20563,850.63,8357,2699,4876,4631,0
U417,Aug,2025,18123,759.49,8851,3002,3654,2616,4
U542,Jun,2024,19647,811.51,8571,3587,4033,3456,1
U515,Apr,2024,13174,547.29,5653,1560,2504,3457,6
U483,May,2025,13164,539.99,5822,1895,2643,2804,4
U377,Aug,2025,21284,883.75,10293,3107,3560,4324,2
U661,Mar,2024,21475,894.15,7509,4330,4676,4960,4
U617,Mar,2024,22203,915.53,9384,3322,5330,4167,3
U298,Nov,2025,21037,874.7,7995,3358,4659,5025,5
U305,Apr,2025,22183,923.86,6707,6137,4193,5146,0
U299,Jan,2024,20712,863.42,6732,2913,6334,4733,6
U585,Sep,2024,16466,687.89,6010,4159,2750,3547,3
U605,Aug,2024,17538,724.52,7243,2157,3979,4159,6
U696,Aug,2023,24388,1013.75,11615,3291,5682,3800,7
U511,Oct,2024,24948,1047.36,11431,4038,4703,4776,5
U206,Jun,2023,19111,800.72,7848,2575,4526,4162,3
U676,Jul,2025,20434,857.26,6432,3178,5853,4971,6
U665,Jun,2025,14800,612.51,5286,2390,3176,3948,2
U397,Sep,2024,16607,693.96,6200,4107,2647,3653,0
U551,Mar,2025,23088,960.92,9797,3668,4306,5317,3
U333,Mar,2025,22794,936.44,7134,4904,4633,6123,2
U558,Mar,2025,19262,805.61,7821,3899,3155,4387,0
U459,Oct,2025,22465,936.28,10789,4068,3177,4431,1
U637,Mar,2023,13541,557.87,5972,2555,2894,2120,2
U223,Sep,2023,14765,606.54,6783,2134,2976,2872,4
U685,Dec,2024,22306,933.22,9732,2795,5867,3912,6
U253,Apr,2024,16491,677.43,5628,2784,4030,4049,7
U365,Jul,2024,24899,1023.13,8019,4085,5312,7483,0
U402,Sep,2025,15083,624.85,7027,1830,3488,2738,3
U658,Nov,2025,17356,713.94,7621,1994,3655,4086,5
U283,Dec,2023,13857,580.8,5750,3138,2342,2627,3
U345,Jul,2023,12769,529.53,4314,3248,2958,2249,4
U285,Sep,2024,13422,557.94,5646,1633,3393,2750,6
U278,Dec,2023,20598,863.64,6308,3352,5553,5385,4
U657,Mar,2023,14972,621.79,4847,2307,4397,3421,3
U566,Apr,2023,13872,573.66,5026,2266,3179,3401,7
U201,Aug,2023,17599,735.59,6841,2590,4110,4058,6
U251,Jun,2023,22886,948.46,7417,6020,4689,4760,5
U373,May,2024,14269,589.57,4622,2091,4331,3225,0
U405,Apr,2024,17275,720.77,7690,2322,3607,3656,6
U460,Aug,2023,16749,700.14,6933,2121,4541,3154,2
U646,Jan,2024,18571,776.11,7553,4363,2820,3835,6
U649,Sep,2025,21373,897.19,8345,4998,4267,3763,4
U569,Jan,2023,17072,713.38,8455,2958,2427,3232,4
U688,Aug,2025,21631,903.53,6704,4257,4905,5765,4
U488,Apr,2024,23245,972.98,7813,3673,5254,6505,5
U234,Sep,2024,17463,715.99,7500,2433,4045,3485,6
U548,Nov,2025,23525,973.05,7699,4567,6243,5016,7
U295,May,2024,19450,811.8,8127,4004,3797,3522,7
U272,Mar,2023,23089,960.5,9548,3425,6021,4095,6
U239,Sep,2025,23095,951.0,11413,3062,3589,5031,7
U354,Nov,2023,20420,843.42,9733,3419,3799,3469,1
U450,Sep,2025,15959,659.69,7805,2018,2469,3667,5
U362,Apr,2024,22085,918.03,7127,4739,4576,5643,0
U638,Nov,2025,13313,556.9,6305,1944,2957,2107,0
U318,Apr,2025,19847,832.23,6466,2768,4967,5646,0
U459,Dec,2023,13070,545.67,5575,2102,2944,2449,0
U579,Aug,2024,21166,885.65,9398,4517,3998,3253,0
U506,Feb,2023,21930,909.44,7284,3787,5959,4900,7
U468,Sep,2024,15285,632.64,6519,2319,2688,3759,3
U649,Jun,2023,20949,867.14,6504,3079,5684,5682,4
U254,Sep,2025,15095,628.19,5413,3127,3056,3499,5
U436,Aug,2023,12320,506.65,5965,2350,2178,1827,3
U589,Jul,2024,14321,595.46,4788,2579,3446,3508,5
U678,Jan,2024,12555,523.11,3930,2139,3438,3048,1
U422,Dec,2025,16939,701.93,6584,4052,3377,2926,6
U451,Mar,2024,17432,731.33,8195,3223,3312,2702,2
U513,Nov,2023,13386,556.97,4221,2872,3262,3031,4
U601,Feb,2025,16763,690.97,6220,2752,3647,4144,1
U312,May,2024,23239,963.94,11153,2950,5076,4060,3
U455,May,2024,22619,942.66,7320,5249,4090,5960,2
U503,May,2023,18854,779.12,6827,3660,4812,3555,6
U607,Apr,2023,22196,911.8,10114,3674,4238,4170,1
U407,May,2025,22122,919.91,9039,2809,5990,4284,6
U429,Mar,2024,19637,823.73,9160,3168,4353,2956,6
U541,Dec,2023,16841,698.65,5428,4160,3014,4239,7
U598,Jan,2025,24962,1046.06,12084,5014,3444,4420,5
U266,May,2024,22355,935.22,10886,2538,4119,4812,2
U275,Sep,2024,15867,652.89,5252,3462,3055,4098,5
U635,Sep,2025,22618,943.36,6938,4918,4730,6032,6
U303,Apr,2025,15793,654.39,7864,2997,2321,2611,7
U622,Mar,2023,19373,799.14,7680,4095,3272,4326,1
U392,Jan,2024,14513,605.0,6014,3340,2693,2466,6
U452,Feb,2024,15803,659.66,6687,3573,2714,2829,3
U426,Aug,2024,14327,589.98,6560,1903,2608,3256,6
U494,Jan,2025,20809,872.2,9622,3860,4272,3055,5
U506,Aug,2023,14165,591.41,4798,2867,2784,3716,2
U298,Jul,2024,15308,641.92,5316,2427,4302,3263,1
U538,Aug,2025,18452,762.38,8771,2313,3147,4221,5
U486,Dec,2024,20067,841.6,9309,2326,4535,3897,6
U535,Jun,2023,19642,812.56,8318,4066,3881,3377,3
U547,Dec,2024,18404,755.56,9182,2442,3968,2812,4
U635,Sep,2023,12992,542.58,5807,2668,1910,2607,7
U647,Mar,2023,17424,726.64,5979,3681,4388,3376,3
U682,Oct,2024,21569,897.23,10122,3831,3610,4006,6
U508,Apr,2024,16381,679.65,6273,2611,3533,3964,3
U449,Jun,2023,15174,622.62,4661,3064,4051,3398,7
U366,Aug,2025,16782,698.54,6113,3013,3085,4571,4
U681,May,2023,21497,890.34,9731,2907,5202,3657,3
U672,Mar,2024,17560,729.8,8640,3269,2704,2947,4
U535,Jun,2024,19460,806.21,6912,4070,4274,4204,6
U230,Apr,2025,15078,632.76,5266,2035,4285,3492,4
U447,Sep,2023,22878,951.82,9442,4890,4849,3697,5
U306,Mar,2023,14983,625.53,6927,1782,2840,3434,5
U251,Apr,2023,19259,807.65,8653,2977,3180,4449,4
U281,Jul,2024,18054,750.89,7438,3336,4212,3068,1
U333,Jul,2023,14523,595.62,6190,1679,3735,2919,2
U485,Dec,2025,23774,975.55,8283,5121,4177,6193,1
U588,Dec,2024,21677,903.98,8378,4414,5305,3580,4
U338,Apr,2024,22292,920.19,7826,4781,4827,4858,2
U384,Jun,2023,16581,689.43,7907,2018,3307,3349,5
U601,Dec,2025,23907,985.02,7710,4067,6640,5490,2
U530,Mar,2024,17609,726.73,7676,2478,3485,3970,4
U473,Jun,2024,14001,581.11,4929,3556,2268,3248,5
U540,Dec,2023,13387,561.93,5289,1728,3249,3121,2
U672,Feb,2023,23375,972.78,8412,4275,4811,5877,2
U269,Aug,2025,18552,778.0,6764,4411,3473,3904,1
U234,Feb,2023,13030,546.73,4587,2987,2758,2698,2
U462,Nov,2025,21957,904.81,9892,4397,4525,3143,6
U253,Jul,2024,24955,1030.92,9311,6170,4279,5195,4
U650,Sep,2025,13220,552.2,5886,2034,2795,2505,0
U405,Jan,2025,23998,1004.72,9388,3826,5987,4797,0
U326,Aug,2025,22606,938.58,9256,2751,4350,6249,0
U435,Jul,2024,24537,1030.39,10027,3337,4976,6197,4
U243,Jun,2023,18035,739.64,8930,2844,2552,3709,0
U440,Jun,2024,21810,900.74,8144,3164,5764,4738,1
U659,Jun,2023,21455,893.02,7327,4906,3992,5230,4
U571,Sep,2025,18523,768.14,8934,1989,3637,3963,6
U311,Feb,2025,20074,825.37,6724,3362,4033,5955,5
U449,Jan,2025,21063,871.33,9833,3807,3049,4374,6
U351,Dec,2025,12834,526.52,4235,2159,2611,3829,4
U383,Jun,2025,23014,958.37,9936,4521,3506,5051,4
U536,Oct,2023,21110,884.36,6968,5645,5086,3411,2
U295,Nov,2023,13724,574.83,6650,2542,2048,2484,2
U659,Aug,2025,18598,775.53,7681,2929,4359,3629,2
U574,Mar,2024,14413,597.65,5273,3474,2601,3065,7
U600,Dec,2024,21505,892.72,7055,3037,4610,6803,7
U208,Oct,2025,17993,740.18,6733,3884,4368,3008,3
U588,Jan,2023,16498,682.04,7275,1887,3570,3766,7
U560,Sep,2024,14105,580.95,5317,2064,3047,3677,1
U588,Jan,2024,14568,609.25,5087,3768,3139,2574,4
U384,Mar,2024,21330,894.04,8862,3393,5037,4038,6
U481,Aug,2025,12209,507.12,4682,2740,2815,1972,4
U395,Mar,2024,21256,886.97,7081,3901,5972,4302,2
U552,Apr,2024,16911,695.41,5594,4164,3353,3800,4
U395,Aug,2024,14220,591.67,6278,3121,2406,2415,5
U355,Jan,2024,12233,510.15,6054,1774,2617,1788,7
U293,Jun,2023,12792,530.26,4433,2606,2337,3416,4
U360,Jan,2025,15110,623.19,6869,2684,2606,2951,6
U634,Jan,2025,14166,593.23,4498,3741,2946,2981,0
U261,Aug,2023,20526,856.81,7724,3217,5229,4356,5
U322,Nov,2023,21551,902.98,8649,4157,4096,4649,5
U251,Apr,2025,17193,718.98,6082,2943,4306,3862,4
U603,Dec,2024,13214,554.86,5363,1910,2730,3211,3
U477,Jan,2024,16419,676.33,7824,1864,3120,3611,2
U205,Oct,2025,19314,793.55,9442,3199,3881,2792,1
U666,Jul,2024,20475,846.38,6554,5240,3630,5051,1
U292,May,2023,12212,502.27,4327,2131,2892,2862,0
U370,May,2024,13658,567.12,6772,2138,2476,2272,1
U517,Jan,2024,24270,1010.43,8593,5148,4306,6223,1
U222,Oct,2024,17024,707.83,7465,2704,3513,3342,2
U605,Nov,2025,21609,891.57,7578,5341,3961,4729,7
U526,Jun,2023,22578,946.22,8382,3869,4844,5483,2
U201,Sep,2024,17917,734.98,6060,2667,5211,3979,3
U333,Sep,2025,17141,708.75,8077,2073,2809,4182,6
U433,Aug,2024,13794,575.47,6573,2730,2279,2212,0
U212,May,2023,17988,751.3,6464,4581,3618,3325,1
U546,Jan,2024,20296,840.58,9431,2800,3356,4709,3
U246,Sep,2023,17578,721.0,6532,2526,4211,4309,0
U234,Jan,2024,17551,730.44,5612,3539,3856,4544,5
U633,Aug,2023,24085,989.0,10877,4515,3745,4948,1
U278,May,2024,15845,651.35,6643,2967,3448,2787,1
U418,Mar,2023,23882,994.69,8475,6012,5319,4076,2
U501,Nov,2024,18906,781.05,6628,4463,4582,3233,4
U611,Jul,2024,23484,971.02,11627,4432,3123,4302,0
U273,Jul,2025,12378,513.52,5848,2013,2530,1987,1
U482,Sep,2025,15293,641.98,7064,2184,3255,2790,7
U449,Jul,2023,15329,643.29,4991,3518,3703,3117,0
U247,Nov,2024,16808,696.12,7581,2655,3543,3029,6
U321,Mar,2023,23630,975.1,8102,3999,5377,6152,7
U414,Nov,2025,19937,823.45,9878,2318,3168,4573,3
U439,Jan,2023,12224,504.47,3794,2575,3128,2727,7
U256,Aug,2023,12737,529.0,4718,2556,2833,2630,3
U550,Dec,2025,12235,509.06,4719,2358,2300,2858,4
U307,Mar,2024,24470,1015.23,11374,2924,5224,4948,1
U519,Dec,2023,12711,526.34,5761,2182,1978,2790,7
U248,Aug,2025,17988,741.31,6745,2627,4303,4313,6
U261,Aug,2024,13888,576.11,5737,2712,2886,2553,2
U537,May,2025,24910,1029.81,11635,3795,3846,5634,1
U226,Dec,2023,19173,796.48,5821,4937,4333,4082,0
U492,Jan,2024,13259,552.57,6104,2544,2554,2057,5
U457,Oct,2024,17246,718.01,8439,3037,3257,2513,3
U208,Jul,2025,19271,799.02,5904,4546,3537,5284,0
U313,Dec,2025,12748,529.76,3940,2748,2724,3336,4
U555,Oct,2025,24178,998.19,8919,3238,6231,5790,3
U453,May,2024,15551,637.97,4938,3513,3087,4013,2
U380,Aug,2024,18400,765.9,7283,3261,3855,4001,3
U407,Sep,2023,18643,769.07,8309,3037,3916,3381,5
U503,Nov,2024,20701,862.59,8557,3349,3970,4825,7
U327,Jul,2023,13823,577.07,4689,3524,2530,3080,6
U256,Jul,2025,18852,790.2,8124,2680,4024,4024,7
U414,Jan,2025,23133,970.62,10108,3429,5671,3925,1
U214,Apr,2024,19777,811.07,9621,3987,3607,2562,5
U674,Feb,2025,16232,681.59,5346,3941,3072,3873,6
U228,Feb,2025,18519,771.93,8119,2109,3610,4681,5
U671,Feb,2024,22326,929.73,10767,4406,3322,3831,1
U278,Apr,2023,13777,565.07,5515,2026,2696,3540,3
U416,Jan,2024,13222,553.49,4923,2831,2494,2974,4
U586,Apr,2023,19630,807.69,6559,4060,3791,5220,1
U565,Feb,2024,23859,998.2,11293,3862,4961,3743,1
U354,May,2024,13777,565.07,5219,2940,2936,2682,6
U214,Mar,2025,21496,895.22,10425,2672,4260,4139,2
U387,Dec,2024,19490,807.56,9151,2396,4293,3650,7
U512,Aug,2024,16859,694.6,6327,3479,3209,3844,3
U571,Apr,2023,20893,858.86,8666,3155,3788,5284,1
U207,Jan,2025,20118,833.69,6144,5516,4378,4080,4
U203,Jan,2023,14989,616.4,5285,2817,2836,4051,0
U311,Dec,2023,20343,843.96,8992,2523,4385,4443,3
U607,Oct,2025,13325,554.66,5804,2535,2471,2515,2
U438,Mar,2025,21493,899.0,7966,3533,4797,5197,5
U563,Sep,2025,23914,996.7,11041,2957,5418,4498,1
U439,Jul,2024,21903,899.45,7604,4068,5355,4876,4
U693,Feb,2025,17127,707.47,6718,4089,3093,3227,3
U474,Sep,2025,20998,866.96,8283,3589,3757,5369,4
U494,Oct,2025,24522,1027.84,9028,4175,5337,5982,4
U427,Feb,2023,14722,616.38,7227,2165,2843,2487,7
U571,Mar,2023,16656,689.06,7317,1890,4454,2995,6
U215,Nov,2024,13325,547.27,5434,1788,2464,3639,5
U392,Oct,2023,16133,675.88,6487,3568,3048,3030,2
U673,Feb,2024,21351,894.35,7085,5643,3556,5067,7
U319,Mar,2023,14869,622.34,5567,2154,3504,3644,3
U685,Jun,2025,24708,1033.91,10736,4290,4637,5045,1
U228,Sep,2023,13242,549.28,6421,2682,1895,2244,2
U402,Sep,2024,20539,845.74,9515,2550,4541,3933,1
U239,Jul,2023,13831,573.68,4980,2100,3107,3644,0
U641,Dec,2025,13569,563.04,5248,3206,2531,2584,4
U473,Mar,2024,24127,1001.03,7638,5625,5058,5806,0
U431,Apr,2025,19246,799.46,6167,3013,4357,5709,6
U286,Jun,2025,13918,574.22,5484,2350,3427,2657,4
U674,Nov,2024,18416,761.8,7477,2310,4119,4510,5
U326,May,2025,15232,631.13,5373,2824,4148,2887,2
U500,Feb,2025,15758,648.14,6753,3202,3364,2439,1
U225,Jun,2023,17997,746.07,7930,3128,3228,3711,7
U345,Mar,2025,14355,600.19,5165,3027,3611,2552,6
U213,Aug,2025,21589,903.03,9751,3141,4183,4514,5
U412,Feb,2025,22972,951.31,7836,3515,6462,5159,1
U225,Jan,2025,13824,573.96,5651,1656,3514,3003,2
U268,Sep,2024,22683,930.77,10453,4454,4464,3312,3
U594,Dec,2023,19280,803.48,7854,3740,4230,3456,6
U267,Mar,2025,16060,664.96,7734,2047,2737,3542,0
U433,Nov,2025,17324,718.0,5399,3382,4035,4508,0
U309,Jan,2024,12404,519.4,5180,2602,1896,2726,7
U346,Jul,2025,13721,568.9,5657,2481,3296,2287,1
U311,Oct,2024,17316,710.32,7481,2557,3214,4064,1
U428,May,2023,23017,948.93,10741,3111,4218,4947,1
U311,May,2023,15845,657.18,7053,2141,3644,3007,6
U670,Jan,2025,16210,671.49,7425,3204,2535,3046,2
U234,Sep,2025,23384,978.86,8365,4751,4690,5578,3
U311,Jul,2025,12064,501.16,4554,2567,2512,2431,0
U464,Aug,2024,21491,895.95,9141,4594,3586,4170,5
U624,Sep,2025,18382,762.29,7549,4304,3337,3192,4
U569,Jun,2025,21607,895.39,10635,2741,4387,3844,6
U436,Dec,2023,23785,985.8,8024,3722,6101,5938,6
U283,May,2025,12968,537.02,4801,2388,2433,3346,2
U242,Jun,2023,12368,513.75,5127,1498,3005,2738,0
U625,Nov,2025,20424,842.5,9672,3852,3583,3317,7
U301,Feb,2023,14242,596.61,6919,2758,2184,2381,3
U206,Apr,2025,17002,702.75,6243,3628,3205,3926,2
U380,Mar,2023,15083,620.63,4727,2626,3503,4227,5
U482,Jul,2024,20073,824.93,7714,2776,5712,3871,0
U520,Sep,2023,21112,865.88,7998,3625,4389,5100,2
U426,May,2023,20880,864.91,10383,3848,3391,3258,0
U643,Jun,2023,24464,1007.61,9448,4047,5432,5537,0
U640,Oct,2025,13469,552.52,4864,1779,3329,3497,7
U515,Dec,2025,16725,694.42,6239,2672,3545,4269,6
U565,Dec,2025,16259,677.67,6168,4016,2635,3440,3
U654,Feb,2024,15622,641.84,7253,2806,2619,2944,6
U429,Mar,2024,22292,924.25,7048,5795,4604,4845,4
U577,Mar,2023,22457,937.44,8158,5075,4845,4379,3
U489,Dec,2024,23981,1006.86,11828,3742,4815,3596,0
U637,Dec,2023,12823,534.3,4239,1972,2700,3912,2
U350,Sep,2023,15431,636.45,6921,2295,3155,3060,5
U477,Jul,2023,18528,772.92,6879,3689,3875,4085,7
U398,Aug,2024,16151,671.85,6724,3526,2655,3246,3
U270,Nov,2025,16213,668.17,5186,2797,4826,3404,4
U312,Oct,2024,19420,812.75,7016,2781,4129,5494,0
U204,Nov,2023,20989,869.52,8399,3925,3818,4847,5
U550,Sep,2023,12779,536.23,4425,1965,2844,3545,3
U531,Jun,2024,23042,961.38,9409,4390,5506,3737,6
U646,Apr,2023,14892,620.17,5122,2468,3613,3689,6
U518,Dec,2023,17534,731.66,7539,2460,4440,3095,3
U550,Jan,2024,22085,916.04,10620,3208,4045,4212,3
U295,Aug,2024,15306,635.28,4853,3330,3251,3872,3
U352,Jul,2024,14902,623.67,5116,3024,3893,2869,5
U511,Feb,2023,24995,1041.81,11719,3305,4597,5374,6
U337,Aug,2023,15718,658.54,6700,3410,2861,2747,2
U447,Dec,2025,12021,503.57,3795,1825,2802,3599,4
U587,May,2025,13500,566.68,5363,1691,3180,3266,4
U443,Jul,2024,21034,877.12,7192,4436,5012,4394,7
U231,Apr,2025,21952,911.06,7459,3256,5997,5240,0
U240,May,2023,15641,643.88,7634,2409,2354,3244,1
U429,Aug,2025,17212,717.83,7785,3679,2929,2819,2
U236,Jan,2023,12191,503.39,5354,2322,2343,2172,6
U608,Jan,2024,20587,849.89,7159,4343,5379,3706,0
U423,Apr,2024,19174,790.7,6206,4084,4684,4200,7
U206,Mar,2023,17114,716.65,8114,2123,2958,3919,0
U522,Oct,2025,16662,697.6,5018,3336,3721,4587,3
U668,Dec,2024,16326,679.67,6165,2728,4132,3301,1
U420,Feb,2024,21065,873.63,7489,5302,4281,3993,6
U275,Dec,2025,22813,950.67,9446,3321,5633,4413,1
U204,Mar,2025,16335,679.65,5718,3124,3066,4427,2
U535,Nov,2023,20281,839.95,7346,5013,3806,4116,1
U334,Nov,2025,22471,929.84,10561,4261,3436,4213,0
U318,Nov,2025,20648,854.47,8685,4700,3321,3942,1
U569,Jan,2025,22472,934.59,7396,4849,4350,5877,1
U294,Jan,2023,24641,1026.24,10972,3646,4111,5912,4
U686,Jun,2023,21196,878.61,7238,5099,5258,3601,6
U635,May,2024,24726,1037.72,9559,3917,4556,6694,6
U262,Aug,2023,17494,718.72,7510,2325,3262,4397,0
U641,Feb,2024,20536,849.1,7277,4524,4572,4163,5
U394,Apr,2025,14711,609.32,5543,3005,2667,3496,1
U535,Aug,2024,19595,803.73,8755,4073,3064,3703,1
U403,Dec,2024,24944,1031.81,12162,5015,3429,4338,3
U592,Jun,2025,18273,754.19,7416,4032,3794,3031,6
U226,Jan,2024,18284,758.9,5521,2705,4731,5327,1
U635,Apr,2023,22654,936.44,8329,4768,5685,3872,6
U373,Jan,2023,21308,889.1,8091,4717,3659,4841,1
U500,Feb,2023,20817,864.11,7657,5216,3256,4688,4
U333,May,2023,24571,1010.6,9515,4139,5105,5812,0
U526,Aug,2024,22171,925.64,9456,2975,4846,4894,6
U610,Aug,2024,15994,657.34,5185,4005,3095,3709,2
U318,Nov,2025,13678,572.27,4849,2326,3478,3025,0
U524,Mar,2024,20414,855.99,8196,3905,3947,4366,3
U475,Nov,2024,12743,526.57,4627,2256,2674,3186,0
U412,Apr,2024,12462,522.48,6208,1754,2572,1928,1
U425,Oct,2025,13568,567.05,5241,2885,3113,2329,3
U220,Nov,2023,23539,986.81,11156,3371,4117,4895,0
U313,Jun,2024,13736,572.33,6583,2422,2431,2300,7
U340,Nov,2025,24231,999.18,11320,2619,4345,5947,3
U247,Nov,2025,19903,833.83,6157,3641,5433,4672,7
U201,Oct,2025,24143,994.31,11819,3251,5367,3706,2
U290,Mar,2023,19002,783.13,6189,4481,3917,4415,0
U342,Feb,2024,20856,860.75,6400,3800,4936,5720,6
U520,Jun,2025,13356,551.66,5113,2692,2717,2834,6
U238,Nov,2023,13014,540.27,4410,2905,2641,3058,5
U493,May,2025,22324,931.21,7519,4910,4901,4994,1
U582,Oct,2025,22860,958.43,8173,4709,4605,5373,7
U339,May,2025,13054,536.37,4564,2400,3601,2489,3
U556,Oct,2025,13764,577.46,6014,2128,2959,2663,5
U533,May,2025,18009,754.96,6075,3734,4575,3625,5
U691,Oct,2023,16458,675.67,6725,2070,4446,3217,4
U459,Dec,2024,23061,953.81,11467,4349,4008,3237,7
U361,May,2024,21604,903.33,8349,4838,4729,3688,3
U590,Mar,2024,12667,527.09,5426,1949,2146,3146,5
U378,Jul,2024,15370,642.14,7590,2437,2900,2443,4
U210,Jun,2023,17976,749.94,5887,4671,4109,3309,5
U461,Apr,2023,13394,555.81,5139,2099,2666,3490,1
U607,Feb,2023,20290,832.73,9537,3747,3617,3389,2
U338,Dec,2025,16070,668.26,7817,1787,3335,3131,7
U372,Sep,2025,18982,779.18,7977,3352,3913,3740,4
U586,Jan,2025,20613,857.58,6775,5214,4456,4168,2
U213,Nov,2024,17599,735.65,8452,2838,3374,2935,3
U368,Apr,2025,15650,650.81,5241,3364,3824,3221,1
U330,Jan,2024,24349,1022.59,9023,5847,4016,5463,4
U284,Jun,2025,21324,884.0,7998,4571,4970,3785,3
U521,Apr,2024,21894,914.05,8526,4534,4981,3853,5
U519,May,2025,15620,650.84,7154,2686,2808,2972,6
U301,May,2025,15190,637.85,6993,2677,2933,2587,0
U529,Sep,2023,20789,867.18,9228,4170,3812,3579,3
U473,Jan,2025,12391,510.06,3772,3411,2285,2923,2
U465,Feb,2025,13075,548.57,5399,2756,2063,2857,1
U659,Jun,2023,14650,610.43,6585,2754,2347,2964,1
U599,May,2024,14384,590.6,5594,1996,3758,3036,3
U608,Nov,2023,12809,533.59,6263,2378,1684,2484,5
U238,Jul,2023,20047,839.63,9317,3725,3695,3310,0
U619,Mar,2024,23501,977.1,10049,4763,4920,3769,7
U294,Mar,2025,17501,723.74,5468,2962,4537,4534,2
U295,Oct,2024,23930,1000.77,10301,5188,3841,4600,3
U505,Feb,2025,18895,789.48,9113,2146,4455,3181,3
U269,Mar,2025,13159,546.68,4946,2059,2912,3242,6
U518,Oct,2024,19574,805.56,9153,3466,2980,3975,1
U644,Jan,2023,13531,558.17,4906,2887,3143,2595,2
U436,May,2024,17481,729.63,7237,2690,3486,4068,0
U634,Dec,2025,19548,817.23,8399,3794,3825,3530,1
U534,May,2024,16976,700.76,7394,2659,3581,3342,3
U573,Dec,2024,17695,732.01,8431,1853,4031,3380,1
U576,Nov,2025,22874,939.61,7935,3473,5448,6018,1
U659,Jul,2023,20445,852.83,7206,4984,4357,3898,4
U337,Apr,2024,15548,637.52,6853,2126,2850,3719,1
U618,Mar,2025,23377,959.55,7841,3458,4921,7157,5
U276,Jan,2025,18163,744.76,7135,3710,3023,4295,1
U683,Dec,2024,18671,777.56,5676,3744,5249,4002,7
U235,Aug,2023,17264,715.03,5665,4167,4439,2993,5
U201,Mar,2024,13231,546.41,5765,2779,2402,2285,2
U496,Feb,2023,14423,604.51,6483,2931,2276,2733,1
U520,Nov,2023,23767,979.03,7678,4225,4800,7064,0
U606,Apr,2023,20071,830.73,6935,3955,4071,5110,5
U260,Mar,2023,16261,681.99,5199,3650,3587,3825,5
U520,Jan,2024,21765,901.66,8416,3529,5841,3979,3
U549,Mar,2025,14908,619.5,4848,2094,3465,4501,2
U528,Dec,2025,16712,686.53,6475,3062,4051,3124,1
U467,Feb,2025,18755,783.77,8372,2103,4876,3404,6
U561,Aug,2025,21817,903.72,9526,4795,3223,4273,0
U429,Jun,2025,24190,1011.15,8613,5597,4858,5122,3
U470,Sep,2025,15883,655.23,6905,2140,3927,2911,2
U516,Aug,2024,15515,642.67,7533,2055,3098,2829,7
U486,Oct,2023,15403,643.64,5691,3851,3417,2444,5
U491,Mar,2025,16598,696.68,6071,2891,3608,4028,0
U413,May,2024,17008,698.34,7046,3553,3484,2925,7
U365,Jul,2025,18222,761.91,6361,3432,3598,4831,1
U205,May,2025,24872,1027.23,10702,5282,4697,4191,6
U539,Aug,2023,22150,920.35,10331,4027,3905,3887,4
U579,Dec,2023,16009,661.01,6273,1991,4549,3196,4
U278,May,2023,14735,613.17,6423,2151,3358,2803,2
U610,Jan,2025,16491,681.97,7097,2927,3005,3462,6
U262,May,2025,23366,965.8,7190,6231,4503,5442,0
U332,Apr,2025,20593,845.09,6933,3010,5873,4777,3
U289,Jun,2023,12974,533.84,6210,2166,2296,2302,0
U437,Mar,2024,12223,512.35,5962,1630,2022,2609,6
U242,Nov,2025,16613,697.72,7576,3414,2947,2676,7
U289,May,2025,18777,784.51,9092,3419,3592,2674,5
U602,Feb,2025,20427,843.37,7378,3574,4867,4608,4
U496,Nov,2024,23690,980.82,8280,3597,5669,6144,2
U528,Jun,2025,16211,676.64,6109,2043,4824,3235,1
U495,Dec,2024,23426,983.15,7287,5232,5784,5123,0
U304,Jun,2025,12225,506.79,5647,1849,2263,2466,4
U214,May,2024,22469,939.87,11163,2972,3414,4920,3
U488,Jun,2025,20183,847.18,9381,4289,3376,3137,2
U379,Nov,2023,16277,681.57,6689,2811,3846,2931,1
U325,Jul,2023,13341,550.01,4790,2992,2742,2817,0
U622,Dec,2023,16036,657.6,5444,2494,4396,3702,3
U553,May,2023,20401,846.48,7605,2593,5684,4519,1
U223,Jan,2025,15727,653.16,6815,2526,3078,3308,5
U263,Aug,2023,15928,656.25,6202,3240,2704,3782,4
U343,Apr,2024,14803,611.14,7206,2289,2299,3009,5
U681,Sep,2023,21301,889.64,10029,4261,3951,3060,4
U353,Oct,2023,18558,769.61,5947,3616,4020,4975,3
U345,Dec,2023,22218,917.99,7249,3924,6120,4925,7
U425,Jun,2025,12393,515.83,5394,2682,2340,1977,5
U695,Jan,2023,18839,784.7,6521,3465,3683,5170,4
U650,Mar,2024,21035,878.62,9638,2894,3553,4950,2
U662,Mar,2023,21716,893.76,9083,2773,5584,4276,3
U509,Oct,2023,20795,868.01,7194,4878,5122,3601,4
U304,Dec,2023,12581,523.36,4978,2775,2614,2214,0
U304,Dec,2024,22131,908.65,8436,2830,5255,5610,4
U635,Apr,2023,12132,506.84,5758,1732,1972,2670,5
U239,Jun,2024,14838,614.04,4546,3601,3856,2835,2
U635,Jul,2024,15385,635.87,7372,3119,2531,2363,1
U398,Oct,2023,15770,653.64,6787,2475,3552,2956,7
U334,Apr,2024,14268,589.93,6385,2951,2945,1987,1
U267,Jun,2025,12975,536.36,3899,2529,2896,3651,4
U591,Nov,2023,19605,819.65,8344,2656,3764,4841,1
U379,Jan,2023,19213,790.13,8025,2245,4971,3972,4
U656,Aug,2024,22005,923.56,8965,3469,5454,4117,2
U242,Jul,2024,23455,974.67,10723,3510,5267,3955,1
U648,Nov,2023,21735,895.11,8936,4979,3967,3853,5
U700,Nov,2025,14835,610.18,6993,1891,3278,2673,5
U215,Sep,2024,14738,612.98,5107,2662,3469,3500,0
U311,Mar,2024,21549,897.15,9938,2380,4829,4402,4
U357,Feb,2025,16134,662.35,5418,3779,3870,3067,1
U489,Jan,2025,21508,887.05,9950,4427,3208,3923,5
U700,Mar,2023,18833,787.13,9192,2386,4135,3120,6
U678,May,2025,20353,835.48,7472,3681,4051,5149,2
U431,Nov,2023,13909,582.16,5646,1854,3126,3283,7
U611,Feb,2025,21319,888.11,9202,3530,3724,4863,2
U620,Dec,2024,24062,997.0,7601,3731,7626,5104,6
U357,Mar,2023,21850,903.42,8714,4002,4112,5022,6
U238,Apr,2023,23317,956.45,8676,5079,5639,3923,0
U641,Jul,2023,13963,584.01,6625,2279,2075,2984,2
U297,Mar,2025,17153,705.72,8153,2241,3106,3653,2
U685,Sep,2024,22481,928.68,9895,3407,4920,4259,1
U611,Aug,2023,12966,538.99,5590,2417,2659,2300,4
U639,Apr,2023,12889,531.62,5758,2267,2081,2783,3
U489,Jan,2023,15061,624.99,5620,2146,3060,4235,7
U454,Jan,2023,18461,771.84,7031,4217,3042,4171,2
U396,Jan,2024,18166,753.35,7461,3158,3308,4239,7
U286,Jan,2025,23821,999.27,11615,2837,4087,5282,7
U522,Aug,2024,18967,793.72,8436,2364,3965,4202,7
U210,Mar,2023,23381,966.41,9590,5421,4975,3395,2
U205,Jun,2024,22940,949.72,10416,3209,5428,3887,3
U323,Mar,2023,21858,905.43,8178,5221,3977,4482,2
U530,Nov,2025,23258,968.14,10375,3634,4808,4441,1
U553,May,2025,20101,829.91,7681,3442,4369,4609,1
U318,Jul,2025,19379,813.32,6897,4246,4561,3675,3
U494,Feb,2023,21633,900.12,9127,2525,4693,5288,5
U597,Jun,2024,19280,798.18,8432,2903,4382,3563,2
U359,Jun,2025,13067,544.18,5120,2070,2985,2892,5
U503,Nov,2023,16223,671.56,6701,3557,3008,2957,7
U428,Mar,2023,23115,966.62,10143,3967,5084,3921,2
U565,Jun,2024,24445,1016.13,11086,3645,4127,5587,4
U416,Oct,2025,24048,986.98,11521,3172,4630,4725,2
U636,Oct,2023,21018,865.45,7795,4206,3848,5169,1
U384,May,2024,16607,695.25,8142,1949,3568,2948,0
U215,Dec,2025,15985,664.38,6832,2281,3887,2985,6
U357,Feb,2024,22284,934.82,10195,3127,5345,3617,0
U336,Sep,2024,15179,623.44,6678,2733,3353,2415,0
U461,Aug,2023,16538,682.94,5641,2992,4510,3395,0
U357,Mar,2023,24093,992.48,7572,4975,6746,4800,6
U247,Aug,2023,14362,596.8,6394,2630,2246,3092,5
U524,Sep,2024,14224,588.63,5721,3326,2163,3014,6
U532,Mar,2023,18371,756.1,8091,3628,2745,3907,5
U373,Mar,2024,13726,571.59,5426,2332,2436,3532,6
U330,Feb,2024,22198,922.02,8045,4948,4618,4587,6
U611,Aug,2023,17791,734.32,6351,4460,3449,3531,2
U295,Oct,2025,20073,832.62,8954,3334,4468,3317,5
U315,Jan,2025,20458,854.03,7269,3720,5422,4047,2
U443,Aug,2025,19013,783.44,8421,2283,3702,4607,4
U620,Jul,2024,12837,530.08,4836,3028,2133,2840,2
U492,Jul,2024,16584,685.68,7532,2256,3012,3784,0
U482,Mar,2024,24989,1043.21,8210,3570,5721,7488,3
U499,Jan,2023,12686,530.87,4325,2570,3155,2636,3
U483,Apr,2024,23553,974.54,10296,4894,4239,4124,1
U269,Sep,2023,12356,510.26,5091,2043,2654,2568,1
U348,May,2023,24007,1005.64,8181,5643,4083,6100,7
U211,Jan,2025,21063,884.63,10122,4018,2840,4083,2
U454,May,2025,22165,923.62,7872,4157,4869,5267,6
U530,Aug,2025,16647,699.01,6396,3261,4002,2988,6
U560,Aug,2023,22002,916.6,7490,4452,5516,4544,3
U238,May,2023,16418,685.18,6199,3963,3299,2957,0
U334,Dec,2023,22833,945.03,9095,4740,3828,5170,5
U400,Sep,2024,22420,928.93,8049,5533,5002,3836,0
U223,Jan,2023,18642,767.01,8460,2484,4281,3417,7
U503,Apr,2025,15391,643.69,5829,2505,3742,3315,0
U546,Mar,2025,24370,1021.86,10866,2892,4400,6212,2
U502,Feb,2023,22542,938.28,7696,4453,5189,5204,2
U563,Aug,2023,16357,676.26,6140,3829,3007,3381,4
U596,Jul,2025,16879,694.64,5090,3128,4526,4135,7
U418,Sep,2023,17319,714.67,7823,2142,4136,3218,0
U341,Feb,2025,14739,608.06,6266,1810,3701,2962,6
U304,Apr,2024,22922,953.87,10625,3559,3841,4897,6
U646,Jun,2025,21510,902.24,8413,3049,4234,5814,7
U410,Nov,2024,21727,891.86,9993,3159,4300,4275,0
U673,Mar,2023,16784,688.16,7209,3485,3220,2870,2
U681,Aug,2023,22635,941.62,6806,4381,5020,6428,2
U311,Mar,2024,21964,906.76,7703,4591,4501,5169,4
U304,Dec,2023,23401,980.05,9331,4227,5826,4017,4
U516,Feb,2024,12877,532.17,5456,2550,2581,2290,1
U371,Mar,2023,14870,613.98,4656,2361,3641,4212,7
U660,Nov,2025,23392,965.38,10316,5022,3909,4145,3
U692,Jun,2023,24336,1001.3,9946,4730,3907,5753,0
U556,Feb,2025,23939,995.42,9699,3619,4533,6088,7
U696,Aug,2025,23028,948.02,8253,3319,6737,4719,6
U524,Jan,2024,12292,509.19,5149,1642,2503,2998,0
U333,Jul,2023,21843,905.63,6673,5408,5201,4561,4
U576,Feb,2024,24823,1018.25,7768,5417,5396,6242,4
U493,Oct,2023,24598,1008.93,10989,3758,4695,5156,1
U528,Dec,2025,20728,860.63,7552,3512,4827,4837,3
U327,Jun,2025,14686,612.35,5424,3437,2502,3323,1
U306,Dec,2023,12233,513.08,4179,3019,2308,2727,6
U697,Feb,2023,22844,940.7,8889,4413,4028,5514,3
U292,Feb,2024,14374,590.82,4461,3022,3747,3144,5
U487,Oct,2023,14272,585.9,5138,3318,3085,2731,0
U578,Aug,2023,12966,537.26,5256,2697,2385,2628,1
U593,Dec,2023,12889,536.48,5067,2190,2291,3341,4
U251,Feb,2024,15863,663.72,7930,1717,3268,2948,1
U229,Jul,2023,18154,756.71,6857,3995,4335,2967,5
U662,Mar,2025,15400,634.61,5811,2241,3754,3594,1
U496,Aug,2024,20226,838.61,8104,2464,4745,4913,0
U497,Jul,2024,16542,693.28,5592,4036,3041,3873,5
U414,Aug,2025,15523,641.52,7377,2571,2533,3042,7
U467,Jul,2025,13763,571.15,5704,3048,2040,2971,7
U607,Nov,2025,15291,641.59,5174,3003,3155,3959,7
U457,Jun,2023,14488,604.65,6645,3021,2606,2216,4
U502,Jul,2025,22892,955.69,7024,4296,5459,6113,4
U301,May,2023,13558,559.3,6731,2354,2083,2390,7
U605,Jul,2024,16690,691.21,7894,2288,2606,3902,7
U546,Jan,2024,18121,744.45,7537,2119,4845,3620,7
U310,Jan,2025,14276,593.97,4600,2670,3936,3070,2
U620,Sep,2023,24198,994.63,8301,5525,5901,4471,7
U382,May,2025,16439,687.74,5850,2435,3932,4222,5
U671,May,2025,13103,547.9,4562,2570,3422,2549,2
U513,Mar,2023,19520,810.74,7798,2842,4163,4717,2
U201,May,2025,21611,889.1,10565,2374,3810,4862,0
U519,Mar,2024,17409,714.21,6769,3441,3697,3502,1
U638,Sep,2025,21670,905.73,9368,4802,3659,3841,4
U255,Sep,2023,24106,1002.81,10551,3553,4176,5826,4
U571,Jun,2023,23934,998.31,11352,3977,4183,4422,1
U624,Jan,2024,19869,820.67,6095,5381,4686,3707,4
U599,Jul,2023,14956,620.82,5696,3056,3297,2907,1
U349,Jul,2023,19710,822.84,9006,3581,3519,3604,5
U631,Oct,2024,18017,747.03,8341,2281,4208,3187,0
U657,Oct,2025,21574,897.51,10473,3313,3719,4069,7
U509,Apr,2024,22766,951.38,10029,3482,3704,5551,0
U337,Aug,2025,15384,634.05,5369,2946,3319,3750,6
U402,Jun,2024,21761,893.64,8729,4693,4383,3956,0
U636,Apr,2025,22086,917.27,6768,4474,5787,5057,1
U513,Apr,2024,22435,921.23,9633,2721,4171,5910,6
U317,Feb,2025,22058,921.29,9062,4952,3425,4619,1
U354,Feb,2024,12028,501.8,5212,2105,2382,2329,7
U625,Dec,2025,20897,875.2,10156,4134,3498,3109,3
U491,Apr,2024,21212,883.26,9279,3752,3747,4434,6
U263,May,2023,22255,913.95,8102,3027,5976,5150,7
U444,Aug,2025,21638,892.64,7351,4437,5675,4175,7
U225,Jun,2024,19756,825.96,9303,3294,3852,3307,4
U290,Apr,2025,18948,780.03,6420,3042,4868,4618,4
U275,Nov,2025,23856,994.76,7927,4686,6172,5071,3
U494,Jul,2024,23179,968.42,7911,4456,6019,4793,3
U586,Aug,2025,17755,733.82,7133,3447,4297,2878,0
U591,Feb,2024,15602,644.71,5068,2653,3735,4146,7
U410,Dec,2023,17062,709.06,8319,2765,2853,3125,3
U675,Jul,2025,23877,999.52,11777,3003,5117,3980,1
U618,Feb,2023,20071,827.41,9930,2933,2965,4243,7
U547,Feb,2025,19244,807.12,5923,2991,5352,4978,2
U217,Aug,2025,18372,764.26,8988,1946,4425,3013,1
U328,Feb,2025,19105,802.26,9542,2525,3914,3124,6
U627,Nov,2024,23560,968.07,11508,3072,4146,4834,3
U643,Sep,2023,15581,640.79,6765,2480,3547,2789,4
U564,Dec,2025,14762,617.44,6498,3242,2960,2062,1
U451,Jan,2024,24229,1014.34,7861,4983,5425,5960,4
U379,Sep,2025,12572,521.05,5969,2051,2260,2292,1
U382,Jan,2024,19705,821.98,6146,5265,3714,4580,4
U352,Oct,2025,24280,1016.54,8826,5937,4240,5277,5
U225,Oct,2023,12614,517.72,6284,2385,1610,2335,1
U655,Feb,2023,16050,667.26,6170,2169,4539,3172,6
U380,Jun,2025,12325,515.84,4020,2714,3312,2279,4
U398,Jun,2024,15740,651.61,7773,2881,2048,3038,2
U544,Jan,2025,12358,510.41,6139,2283,1854,2082,6
U361,Jul,2024,15777,659.41,5323,3299,3270,3885,0
U377,Aug,2025,17906,740.16,8468,1920,4366,3152,1
U485,Feb,2024,22563,925.15,8530,5539,4978,3516,2
U263,Aug,2023,13721,575.73,5162,2520,3430,2609,0
U691,Sep,2025,13349,555.21,4706,2408,3209,3026,1
U350,Jun,2023,15696,656.4,4849,3026,4521,3300,2
U354,May,2023,15896,664.85,5620,2926,3754,3596,2
U356,Dec,2025,16260,667.74,5052,2784,4109,4315,6
U570,Sep,2025,21788,897.03,10564,2979,4947,3298,5
U669,Dec,2024,21819,901.37,9433,4918,4311,3157,2
U249,Nov,2024,18941,782.66,9041,2708,3776,3416,5
U655,Sep,2023,22694,945.4,10063,3856,5172,3603,3
U537,Jan,2024,15808,657.98,5157,3937,3850,2864,6
U284,Nov,2024,17246,715.62,8418,2696,3395,2737,7
U561,Mar,2025,20384,840.05,9783,2808,4007,3786,4
U377,Sep,2024,22866,946.24,8451,4392,4581,5442,6
U348,Nov,2023,15845,658.26,5106,2392,4787,3560,0
U318,Feb,2024,14577,604.48,6425,1842,2855,3455,4
U542,Dec,2023,12091,497.27,5388,2271,1902,2530,4
U676,Apr,2025,16234,676.14,7782,3241,2448,2763,7
U263,Apr,2023,20672,849.06,6419,4919,5519,3815,5
U389,Feb,2024,18592,769.3,6104,2683,5019,4786,7
U560,Mar,2025,23108,963.84,9697,3762,4516,5133,7
U249,Mar,2024,24627,1010.2,10437,2845,4587,6758,4
U527,Jan,2025,20128,836.72,6173,4217,3990,5748,2
U457,Jun,2025,13075,540.45,4960,1936,3219,2960,5
U424,Aug,2024,14513,595.16,6049,3162,2529,2773,4
U341,Dec,2024,20168,830.73,9026,2460,3663,5019,5
U678,Mar,2025,18861,791.05,6850,2405,4167,5439,3
U415,May,2025,20990,871.53,8328,3674,4531,4457,5
U635,Jan,2024,24762,1039.94,11460,3073,5603,4626,1
U579,Oct,2023,24141,1002.45,11847,4273,4593,3428,2
U640,Jul,2024,12604,523.62,4361,3165,2552,2526,0
U411,Oct,2025,14979,620.01,5251,2027,3508,4193,1
U518,Jan,2024,19140,790.67,9339,2735,2870,4196,1
U232,Dec,2023,19065,786.46,7229,4726,3041,4069,7
U358,Nov,2024,16916,699.37,7505,3261,3439,2711,7
U485,Sep,2025,18800,779.45,7942,4241,3018,3599,1
U505,Aug,2024,12597,518.9,4498,1885,3370,2844,4
U629,Jul,2025,21724,895.57,9356,3021,4331,5016,5
U677,Oct,2025,19320,797.37,8329,2538,3947,4506,5
U486,Jul,2024,20705,858.21,8664,3136,4858,4047,6
U344,May,2025,17622,734.01,5637,4133,4344,3508,4
U624,May,2025,13877,580.84,6925,1619,3089,2244,2
U219,Nov,2023,24164,997.66,9184,4566,6144,4270,4
U218,May,2023,24035,989.85,10278,3492,4397,5868,4
U457,Jan,2023,13699,566.85,6536,2620,2681,1862,4
U278,Aug,2023,21221,889.04,8162,2629,6073,4357,2
U571,Dec,2025,24787,1016.51,11272,3306,5638,4571,6
U375,Nov,2024,17780,741.03,8789,2886,2580,3525,2
U698,Jan,2025,12716,527.42,4727,1752,3327,2910,3
U394,Apr,2025,16086,662.12,6129,2920,3953,3084,6
U676,Sep,2025,12665,523.33,6093,1887,2141,2544,3
U313,Sep,2024,19846,818.15,6587,4912,4476,3871,3
U314,May,2023,18611,779.39,5689,4200,4652,4070,3
U422,Apr,2025,22400,929.19,10791,3807,3529,4273,5
U366,Mar,2025,13079,543.6,6072,2735,2349,1923,1
U635,Mar,2023,20419,849.3,10097,4092,2621,3609,1
U519,Dec,2025,20340,846.95,6338,4630,4571,4801,3
U332,May,2024,13069,542.31,4328,2660,2995,3086,3
U585,Oct,2025,17263,708.09,5542,3769,4351,3601,0
U464,Jan,2025,19951,824.67,8712,3107,3522,4610,7
U613,May,2023,24919,1026.26,10495,5733,4220,4471,1
U255,Jun,2025,13363,556.97,4969,2862,3148,2384,7
U559,Jul,2025,16508,677.76,5141,2934,4712,3721,7
U331,Dec,2024,13755,571.71,5886,1664,3142,3063,0
U488,Sep,2023,12519,515.92,5183,1532,2578,3226,7
U466,Mar,2023,17463,732.55,5633,2850,3702,5278,6
U658,Feb,2024,23736,981.14,11435,3033,4331,4937,0
U667,Mar,2025,22514,930.4,7650,4206,5316,5342,7
U566,Dec,2023,19233,806.31,8629,2576,4415,3613,7
U362,Sep,2023,13102,542.65,6249,2235,2150,2468,4
U580,Dec,2025,12597,528.61,5239,1782,2251,3325,7
U681,Jul,2025,15273,626.56,5335,2361,3825,3752,5
U287,Sep,2023,24241,1001.31,8771,4552,6197,4721,6
U255,Feb,2025,17781,740.87,8484,3511,3353,2433,2
U676,May,2023,22797,954.99,8198,4287,5632,4680,1
U488,Apr,2025,18256,753.18,8201,2843,3506,3706,3
U378,Feb,2025,19258,807.5,9591,3051,2717,3899,7
U591,Sep,2024,22380,930.88,11189,2813,4526,3852,6
U549,Sep,2025,20780,868.62,8451,3337,4846,4146,3
U208,Jun,2024,18554,768.08,8633,2408,3785,3728,2
U521,Nov,2025,24664,1016.46,12283,3892,3534,4955,6
U513,Jun,2023,21599,905.24,8098,4583,4604,4314,1
U447,Aug,2023,20002,838.75,7010,4348,4801,3843,6
U523,Jun,2025,16846,699.07,5438,2862,4849,3697,3
U672,Jan,2025,24914,1021.64,8176,5957,5484,5297,3
U671,Apr,2023,23582,969.45,11100,3135,4112,5235,4
U643,Jul,2025,23632,982.45,9872,3165,5740,4855,7
U455,Feb,2024,21821,895.18,10359,3094,4164,4204,0
U528,Sep,2024,21186,877.03,9700,3670,3747,4069,6
U254,Aug,2024,16798,693.81,7302,2168,3737,3591,3
U449,Aug,2024,18605,776.1,7848,3545,4051,3161,5
U439,Jul,2024,22251,913.53,6890,5723,4007,5631,1
U429,Apr,2025,24764,1027.43,11749,3366,4699,4950,5
U267,Feb,2025,14986,623.1,5748,2679,2979,3580,2
U251,Mar,2024,12400,516.05,5108,1791,2601,2900,6
U297,Dec,2025,14855,615.07,4521,2813,3012,4509,4
U292,Jun,2025,22416,925.88,10921,2349,4653,4493,1
U695,Dec,2024,15412,642.41,7406,3128,2513,2365,4
U464,Dec,2025,12056,504.51,4926,2019,2699,2412,0
U618,May,2025,20022,834.79,8318,4187,3967,3550,3
U491,Dec,2025,13875,581.81,6118,1772,3261,2724,7
U296,Aug,2024,16543,690.13,5838,3880,2757,4068,1
U288,Jun,2025,16298,680.68,5612,3975,2858,3853,2
U278,Jun,2023,15768,649.14,6855,3058,3143,2712,7
U488,Jan,2023,17752,735.28,5696,4589,4025,3442,6
U320,Apr,2024,16833,698.32,6578,2393,4555,3307,0
U502,May,2023,24489,1010.33,9760,4349,4408,5972,0
U691,Dec,2024,13353,554.53,5024,2698,2960,2671,4
U600,Nov,2023,22602,933.25,7618,4783,4953,5248,0
U652,Mar,2023,16987,708.15,6303,3976,2817,3891,1
U700,Sep,2023,18597,771.22,6834,2860,4616,4287,4
U365,Jan,2024,16311,676.23,6522,2301,3285,4203,7
U382,Jun,2024,22794,956.98,9913,3228,4962,4691,0
U669,Jun,2025,14934,618.15,7372,2860,2163,2539,6
U598,Oct,2024,12022,497.26,3953,3132,2537,2400,7
U423,May,2023,22394,925.29,10628,3693,4210,3863,2
U511,Dec,2023,13209,553.39,4713,2551,2390,3555,6
U632,May,2024,22488,933.18,9406,4200,4242,4640,5
U666,Oct,2024,20940,871.1,8571,3998,4408,3963,1
U207,May,2024,12804,527.28,5267,1764,3167,2606,2
U530,Jun,2025,20325,844.32,9037,3807,4430,3051,2
U463,Aug,2023,16416,677.56,6177,2974,3333,3932,4
U361,Feb,2025,22629,944.32,8232,4369,5271,4757,3
U351,Jun,2025,20625,862.8,9705,2250,3778,4892,4
U285,Jan,2023,17141,715.03,5896,3968,3837,3440,1
U347,Apr,2023,16968,708.08,5702,4135,3747,3384,1
U312,Oct,2024,15671,650.54,4750,3537,3280,4104,4
U581,Mar,2024,23928,998.09,8186,5505,5141,5096,3
U603,Sep,2025,19292,799.13,7788,3503,3385,4616,6
U236,Mar,2024,19001,791.42,7746,3642,3670,3943,4
U485,Jun,2024,24231,999.75,8502,4387,6260,5082,1
U388,Jan,2023,14098,579.0,4433,3463,3017,3185,3
U282,Dec,2023,23109,957.02,10374,3739,5391,3605,1
U202,Jun,2024,20444,847.64,9232,3767,4002,3443,3
U585,Apr,2023,17061,703.88,8523,2768,3223,2547,3
U503,Aug,2024,21321,889.68,10234,3774,3431,3882,7
U397,Nov,2023,15264,626.95,7406,2805,2895,2158,4
U604,Sep,2023,17435,718.72,8013,2850,3562,3010,4
U211,Apr,2023,20493,855.55,8670,4287,4023,3513,4
U434,Oct,2023,18691,774.5,6087,3774,5293,3537,3
U586,Dec,2024,22169,924.56,9409,4993,4588,3179,3
U395,Oct,2025,14763,613.66,4594,3564,3553,3052,1
U671,Jun,2023,16005,671.42,7635,1960,3561,2849,2
U319,Jan,2024,15241,633.99,6040,3366,3365,2470,4
U596,Apr,2024,15057,617.56,6617,2619,3314,2507,7
U220,Jul,2023,12550,518.98,3896,3434,2260,2960,5
U461,Dec,2025,17574,723.05,7149,3583,3171,3671,1
U493,Jan,2023,17411,729.95,6272,2415,4390,4334,1
U622,Aug,2024,13587,558.48,4850,2437,2635,3665,0
U456,Dec,2025,22014,911.11,8319,4155,5668,3872,4
U422,Oct,2024,17920,738.77,5378,4612,4211,3719,6
U593,Dec,2023,17260,722.27,6788,3621,2983,3868,1
U426,Nov,2025,23409,966.99,9300,3864,4860,5385,0
U253,Jun,2024,23688,994.7,11195,4131,3376,4986,5
U628,May,2024,16409,673.4,6394,3158,2819,4038,7
U555,Oct,2024,24471,1006.45,9120,3457,6733,5161,5
U700,Nov,2023,17783,733.1,8872,2200,2722,3989,6
U542,Sep,2025,12712,531.5,5265,1997,2240,3210,4
U564,Feb,2023,22367,936.7,8824,3238,5413,4892,3
U480,May,2023,17406,714.89,6948,2405,3249,4804,0
U281,Jun,2023,19990,820.24,9232,2276,5029,3453,3
U402,Jul,2025,19420,810.68,7149,4596,3591,4084,5
U358,May,2023,24264,998.06,9167,3891,6128,5078,5
U320,Sep,2023,24041,988.88,10846,3405,5621,4169,2
U259,Jan,2023,18843,772.98,5927,3115,4749,5052,2
U694,Jul,2023,14433,592.47,6827,2244,2889,2473,7
U415,Oct,2024,15301,631.38,5906,2845,3057,3493,6
U328,Jul,2023,12270,503.87,5107,1730,2674,2759,2
U424,Apr,2024,21986,909.54,9926,3879,4267,3914,2
U409,Sep,2023,22654,947.68,8001,5049,5414,4190,6
U570,Dec,2025,24485,1011.87,11705,3511,4447,4822,1
U315,Nov,2024,23586,984.19,11695,3770,3526,4595,2
U409,May,2024,13079,537.47,5216,2362,2641,2860,1
U214,Apr,2024,23070,961.08,11244,2827,4301,4698,1
U209,Jul,2024,17322,715.69,5200,4194,3946,3982,4
U240,Apr,2025,24915,1040.2,11930,4678,4340,3967,1
U650,Mar,2023,20795,855.43,7532,4373,4521,4369,1
U437,Sep,2024,17257,723.03,6252,2913,3254,4838,2
U481,Nov,2025,19982,824.11,6906,5038,3618,4420,1
U559,Aug,2024,21777,900.55,7913,4035,5052,4777,3
U401,Jan,2023,23249,975.3,7967,3869,5804,5609,6
U446,Jul,2024,18214,757.31,8764,2661,3395,3394,2
U478,Sep,2025,17006,703.47,8159,2993,2741,3113,6
U435,Aug,2023,15985,670.56,5122,4010,3474,3379,0
U694,Aug,2025,24881,1028.31,8175,4532,5634,6540,2
U204,Jun,2023,21587,887.11,10197,2807,4585,3998,1
U354,Nov,2023,23880,1002.88,9069,4817,5176,4818,3
U642,Apr,2023,20791,858.0,6941,5321,3644,4885,6
U229,Aug,2024,20705,866.53,8326,2929,5049,4401,2
U309,Mar,2025,17991,740.61,6896,4000,2889,4206,3
U298,Sep,2025,18227,760.64,6267,3532,4767,3661,6
U415,Feb,2025,21258,882.73,9441,4252,4174,3391,0
U493,Feb,2023,19833,832.61,8453,3426,4035,3919,5
U275,Dec,2024,14886,618.56,4762,2788,3232,4104,7
U526,Dec,2023,14653,601.14,7107,2560,2263,2723,7
U346,Jul,2025,21280,885.33,8760,4759,4386,3375,0
U328,Dec,2024,24577,1011.23,8602,4218,6498,5259,5
U541,Oct,2024,16864,704.89,5754,3245,3815,4050,4
U242,Apr,2024,14514,607.51,4748,2401,3985,3380,5
U556,Oct,2025,15969,662.43,6146,2324,3866,3633,4
U241,Aug,2024,15284,638.61,4999,3657,3332,3296,2
U622,Sep,2024,19740,812.2,7563,2924,4453,4800,4
U234,Jul,2023,16566,687.36,5462,3982,3916,3206,7
U217,May,2023,14196,587.63,6123,2307,3272,2494,7
U365,Aug,2024,24375,1014.28,11140,5280,4139,3816,3
U353,Apr,2024,12789,524.92,5242,1807,3350,2390,4
U686,Feb,2023,15475,646.11,6747,1907,3374,3447,3
U578,Nov,2023,23345,958.99,11384,2572,4057,5332,7
U276,Dec,2023,21856,910.44,9347,4591,4563,3355,6
U287,Jun,2025,13309,545.91,4962,2400,3435,2512,6
U317,Sep,2025,12864,538.13,5015,1574,3665,2610,5
U562,Jan,2023,24055,990.46,11356,4761,3417,4521,5
U542,Nov,2024,17389,721.91,5671,4398,4274,3046,5
U669,Oct,2023,15363,633.9,5609,3523,2514,3717,4
U227,Dec,2025,23716,989.49,9852,3461,5497,4906,5
U513,Jul,2024,23978,990.8,10437,3717,5249,4575,4
U487,Oct,2025,20215,843.46,9151,3861,4190,3013,4
U334,Sep,2024,15003,619.4,5455,2844,3238,3466,1
U419,Oct,2025,20502,856.01,6748,3173,5109,5472,1
U368,Sep,2024,13231,542.88,6495,1674,2538,2524,4
U298,Oct,2024,19959,823.97,6292,5391,4451,3825,6
U468,Nov,2024,23980,995.14,7653,3758,6615,5954,3
U437,Mar,2024,14711,603.81,5869,3052,3103,2687,7
U509,Nov,2025,18581,765.28,8618,2945,3613,3405,7
U655,May,2025,19705,826.32,8963,3756,3715,3271,2
U594,Aug,2024,24993,1049.13,12185,4255,3977,4576,0
U373,Aug,2024,12421,518.45,4078,2401,3214,2728,1
U601,Apr,2025,21965,906.1,8240,3716,5304,4705,4
U610,Dec,2024,23760,980.35,8468,5365,5092,4835,0
U669,Nov,2024,12946,539.15,6112,1808,3012,2014,1
U676,Nov,2024,21378,879.01,8501,4604,4150,4123,2
U390,Jan,2023,13834,580.31,4224,3228,3503,2879,7
U322,Jan,2024,13564,559.17,5989,2390,3053,2132,3
U246,Apr,2023,19332,811.94,7302,3293,3651,5086,4
U264,Jun,2024,16944,703.1,6883,2424,4090,3547,2
U330,Aug,2025,22139,924.78,10599,3947,3909,3684,7
U510,Jun,2023,13308,545.66,4675,1884,2933,3816,6
U563,Dec,2023,14986,627.74,5215,3850,3356,2565,1
U393,Sep,2024,12386,511.17,4367,3173,2084,2762,4
U507,Sep,2024,18131,755.48,6665,2591,4897,3978,0
U381,Feb,2023,21353,892.69,6864,3198,5445,5846,6
U492,Oct,2025,15258,628.08,6705,2416,2841,3296,7
U571,Jan,2025,18121,750.98,6187,4686,3037,4211,6
U482,Feb,2024,16811,697.55,8157,2423,2982,3249,5
U229,May,2025,18574,767.33,6373,3327,4521,4353,3
U349,Apr,2025,18697,775.58,6565,4133,3884,4115,7
U467,Apr,2024,15933,658.31,5726,2406,4366,3435,6
U496,Sep,2025,23039,952.91,10452,3432,4232,4923,1
U211,Nov,2024,24713,1029.77,9527,3921,6338,4927,3
U364,Aug,2023,13439,559.5,6233,2308,2393,2505,4
U313,Jun,2024,18169,749.15,8302,2294,3563,4010,5
U387,Jan,2023,23634,990.21,11483,3763,3526,4862,7
U495,Feb,2023,16480,689.9,7437,3359,2899,2785,2
U432,Jun,2025,12055,500.39,3741,2517,2580,3217,3
U427,Nov,2025,15324,634.92,7163,2747,3067,2347,0
U510,Feb,2025,18777,776.93,9155,2069,4296,3257,1
U298,Oct,2024,12105,504.87,6037,1758,2134,2176,7
U255,May,2025,15201,633.45,4941,2246,3853,4161,0
U311,May,2023,12669,521.91,5354,2340,2356,2619,3
U352,Jun,2025,24663,1027.74,8382,4171,5460,6650,7
U446,Jun,2025,20934,863.58,7379,3489,5446,4620,5
U606,Jun,2024,12966,531.85,5823,1538,2666,2939,2
U269,Feb,2024,12307,513.19,6098,1627,2577,2005,2
U512,Oct,2023,14138,588.77,5923,2475,3193,2547,0
U489,Mar,2024,23656,979.61,11121,3972,5023,3540,4
U450,Jun,2025,12109,502.83,3654,1803,2998,3654,4
U236,Aug,2024,15632,655.72,4804,3576,3616,3636,5
U439,Dec,2023,18728,778.99,7853,3238,4219,3418,2
U348,Nov,2025,24627,1025.91,9303,4710,5188,5426,0
U667,Dec,2023,17684,726.17,8452,3384,3095,2753,0
U427,Jan,2024,18499,761.53,6666,3176,3745,4912,7
U444,Jan,2024,13915,574.7,5376,2005,3231,3303,7
U691,Nov,2023,24455,1015.85,9918,4511,5956,4070,0
U537,Feb,2025,12556,524.55,4452,3152,1996,2956,7
U646,Nov,2024,19619,810.68,9450,3087,4144,2938,3
U565,Dec,2024,12104,500.58,4755,2692,2146,2511,7
U691,Dec,2025,14047,579.53,5405,3036,2874,2732,5
U682,Jun,2024,12145,501.04,5707,1955,2467,2016,4
U401,Sep,2023,22955,962.94,8318,4823,4561,5253,4
U354,Apr,2024,12873,535.97,5966,1943,2854,2110,3
U650,Mar,2024,12298,506.14,3990,2543,2470,3295,1
U273,Dec,2025,15238,635.76,5128,3047,3884,3179,3
U401,Aug,2023,20837,869.36,10213,3631,3691,3302,5
U496,Nov,2025,24925,1038.54,11677,3735,4505,5008,0
U217,Oct,2024,18382,756.14,6940,2516,5354,3572,3
U329,Sep,2024,23270,963.56,9952,4764,4324,4230,0
U417,Dec,2025,14511,596.5,7089,2500,2073,2849,5
U261,Nov,2025,18596,777.62,6366,4770,3461,3999,6
U627,May,2025,12783,532.48,3985,2513,3284,3001,5
U304,Sep,2023,16992,705.29,6924,2171,3696,4201,2
U242,Feb,2024,12370,511.41,4063,1863,2660,3784,0
U225,Mar,2025,12486,514.23,4213,2934,3003,2336,4
U239,Jul,2024,19378,796.56,9268,2159,3925,4026,3
U491,Jul,2023,22229,932.93,6701,5924,5312,4292,6
U331,Jun,2023,15196,626.07,7041,2090,2603,3462,5
U698,Jun,2023,21552,884.92,8693,4883,3636,4340,0
U429,Feb,2023,16287,683.43,6707,3398,2719,3463,6
U308,Oct,2024,14261,592.53,6194,3018,2078,2971,1
U372,Jun,2023,22813,953.51,8812,3399,5869,4733,2
U635,Apr,2023,21148,867.99,6833,4568,5754,3993,1
U678,Dec,2025,20572,855.12,6594,3057,5918,5003,5
U302,Mar,2023,23841,986.97,10749,3148,5173,4771,1
U554,Nov,2025,12238,511.21,4212,2102,2814,3110,1
U212,Feb,2023,18843,773.29,5758,4555,3758,4772,2
U475,Jan,2023,13105,542.57,6499,1353,2785,2468,2
U301,Nov,2025,13386,559.52,6640,2567,2112,2067,7
U244,Nov,2023,22744,944.39,8543,3041,4943,6217,2
U643,May,2024,22441,932.42,6846,4293,6272,5030,6
U505,Feb,2024,21719,892.59,9674,2604,5255,4186,7
U645,Feb,2023,13667,562.16,6371,2581,2274,2441,2
U217,Jul,2024,24324,1013.75,7905,3747,6499,6173,1
U530,Aug,2025,14691,612.25,4805,3726,2527,3633,4
U257,Oct,2023,19756,829.34,9175,3238,3882,3461,4
U511,Aug,2023,23864,995.41,11559,4795,3366,4144,7
U697,Apr,2025,13996,580.74,6412,1957,2720,2907,2
U503,Jan,2025,13425,561.93,4566,2576,3702,2581,6
U212,Nov,2025,23004,945.57,8794,4815,5479,3916,3
U518,Jul,2023,20023,829.94,8413,4253,4116,3241,0
U280,Jan,2025,18849,778.22,6258,3579,5150,3862,5
U416,Nov,2025,15247,626.72,5216,3796,3331,2904,6
U539,Apr,2024,14592,609.41,5203,2099,3530,3760,3
U464,Aug,2024,13490,559.98,5421,2757,2548,2764,5
U679,Feb,2023,13224,549.55,5318,2131,2787,2988,3
U349,Jun,2024,14587,604.07,6751,1726,3523,2587,3
U281,Jun,2024,19714,817.35,8883,3003,3758,4070,7
U415,Dec,2025,15064,619.37,7272,2930,2519,2343,4
U685,Sep,2025,19804,825.29,9240,4184,2676,3704,0
U574,May,2024,12832,531.66,4501,2320,2511,3500,3
U664,Oct,2024,24884,1040.57,9113,5950,4384,5437,2
U398,Apr,2024,14440,594.87,5777,2615,2779,3269,5
U400,May,2023,16795,692.04,5086,4020,4437,3252,6
U225,Dec,2023,13646,568.3,6560,1481,3269,2336,4
U666,Dec,2023,12440,520.56,3842,2677,2557,3364,5
U289,Oct,2024,17956,744.67,6544,2442,4616,4354,7
U468,Nov,2024,21721,906.35,8988,3230,4844,4659,2
U343,May,2023,23157,972.58,9345,4328,4083,5401,2
U259,Aug,2023,14367,603.27,6190,2955,2485,2737,3
U610,Oct,2024,18696,780.45,7581,3469,4314,3332,2
U689,Dec,2025,23478,979.96,8118,5947,5251,4162,0
U565,Aug,2023,17190,709.05,5848,4106,4333,2903,7
U226,Feb,2024,16663,697.07,8022,1998,3042,3601,2
U247,Jul,2024,19062,789.26,6724,3427,4482,4429,3
U488,Aug,2025,16331,685.28,5817,3508,2873,4133,5
U466,Nov,2024,21496,883.09,8224,5145,3716,4411,7
U216,Jun,2024,15034,622.95,4929,4017,3528,2560,2
U399,May,2023,23880,992.35,9586,5040,5254,4000,4
U601,Nov,2023,24165,1000.56,10463,4312,4692,4698,7
U607,Sep,2025,21377,880.96,9773,4076,3125,4403,7
U482,Mar,2025,15262,634.79,6750,2167,3494,2851,6
U669,Dec,2024,14107,589.05,4648,2428,3058,3973,4
U286,Oct,2023,19036,792.75,7447,3834,4169,3586,4
U450,Apr,2025,22032,908.48,6779,5710,5211,4332,5
U591,Sep,2025,16320,681.06,4954,4477,2892,3997,1
U470,Jun,2025,17938,740.07,6960,2945,4744,3289,6
U535,Aug,2024,14747,607.21,5170,3441,2871,3265,4
U317,Jul,2023,16677,695.28,7282,3479,3499,2417,4
U207,Nov,2025,19972,835.68,8884,3599,3295,4194,1
U337,Feb,2023,16264,674.66,7791,2283,2688,3502,5
U571,Mar,2025,15133,628.49,6842,2684,2363,3244,6
U376,Jan,2025,23612,975.24,7311,5165,6268,4868,4
U528,Sep,2023,13465,558.73,5040,2706,3289,2430,3
U698,Jul,2023,16109,662.6,5712,3367,3511,3519,5
U515,Jan,2023,14211,596.23,5360,3269,3046,2536,6
U415,Mar,2024,17539,733.14,5823,2741,4297,4678,4
U677,Apr,2025,22996,958.2,7348,4279,5654,5715,4
U282,Apr,2024,21735,902.83,8785,4107,5050,3793,1
U423,May,2023,13689,572.09,6078,1953,2559,3099,6
U678,Mar,2025,21763,903.05,9584,4818,3234,4127,3
U572,Mar,2024,19727,814.72,7697,3039,3663,5328,5
U623,Jan,2025,19764,813.49,7993,3459,4330,3982,2
U683,Jul,2024,16541,688.89,6670,3706,3283,2882,0
U602,Nov,2023,23471,984.13,10287,2847,5805,4532,3
U643,Oct,2024,15541,639.57,4811,3907,3847,2976,2
U690,Jan,2025,23215,955.99,10260,4070,4761,4124,3
U303,Feb,2025,12818,531.1,5337,1543,2397,3541,6
U473,Apr,2025,16521,690.69,5610,4152,3931,2828,2
U214,Apr,2025,13124,541.94,4065,1882,3934,3243,6
U359,May,2023,17660,728.54,5681,3630,4866,3483,2
U352,Nov,2024,17641,734.22,7143,2202,4524,3772,3
U683,Feb,2023,13129,545.32,5930,1542,3290,2367,1
U308,Apr,2023,13702,562.61,5027,3274,2692,2709,3
U388,Jan,2023,14001,575.18,5261,3086,2897,2757,6
U501,Feb,2025,18912,787.55,9206,2323,4173,3210,3
U298,Jan,2025,15878,658.38,5439,3383,3987,3069,7
U331,Oct,2025,24564,1030.98,7878,5989,5079,5618,7
U493,Oct,2024,19232,801.56,7090,4588,3948,3606,2
U371,Apr,2025,21998,902.14,9881,3558,5040,3519,7
U624,Apr,2024,23139,959.83,9839,5047,3433,4820,0
U674,Jul,2025,18331,759.17,7023,3410,4100,3798,2
U383,Oct,2025,18035,741.36,8890,3087,2919,3139,7
U671,Nov,2023,23401,981.05,10460,5122,3307,4512,4
U564,Nov,2023,22344,934.09,6979,3798,6010,5557,3
U239,Sep,2023,24833,1023.87,11148,3198,4571,5916,5
U215,Sep,2024,18523,764.18,5645,3456,3930,5492,3
U576,May,2024,24397,1001.06,10492,3238,6029,4638,7
U697,Oct,2025,20111,830.52,6879,3398,4146,5688,1
U204,Jan,2024,20736,862.3,9109,4053,4363,3211,6
U549,Jan,2025,14401,596.5,5212,2715,3529,2945,5
U670,Jun,2024,22556,946.66,10705,3259,3767,4825,2
U609,Feb,2024,21481,881.93,7891,3720,4145,5725,1
U597,Aug,2024,23957,996.41,10156,3297,4866,5638,3
U410,Sep,2023,22067,923.69,7882,4106,5837,4242,7
U361,Apr,2024,24620,1021.26,11902,4132,4254,4332,2
U216,May,2023,24879,1020.11,11349,3082,5073,5375,2
U693,Nov,2023,20974,865.03,7312,5390,4497,3775,4
U626,Aug,2024,12539,518.16,6141,1846,1829,2723,4
U308,Mar,2025,22974,964.13,8533,5626,4698,4117,7
U582,May,2025,17615,738.28,7581,2277,4329,3428,7
U650,Mar,2025,22860,958.96,10254,4455,4712,3439,0
U511,Dec,2024,24906,1041.71,7585,5603,6144,5574,4
U427,Oct,2025,24129,997.77,11866,4463,3600,4200,6
U370,Mar,2023,14956,626.74,5517,3021,3554,2864,5
U234,Mar,2025,20077,842.87,6785,5218,3602,4472,2
U614,Dec,2024,15722,650.11,7391,2710,3221,2400,4
U451,Jul,2025,24059,992.69,10599,4804,4432,4224,7
U447,Jul,2023,22025,915.07,6989,5646,4315,5075,0
U469,Jul,2024,17087,703.76,5526,3964,4353,3244,7
U341,Oct,2025,22338,916.59,9896,3792,4156,4494,7
U474,Aug,2024,18460,774.32,5814,3219,4150,5277,7
U616,May,2024,14170,594.09,6850,2714,2215,2391,3
U296,May,2024,15391,633.53,6899,2514,2976,3002,5
U427,Apr,2025,18942,784.35,6953,3886,3504,4599,4
U579,Jul,2024,13616,569.57,5073,1843,2700,4000,2
U239,Oct,2025,24809,1033.57,9955,4448,5867,4539,3
U502,Apr,2023,21108,873.76,7856,4500,4042,4710,7
U700,Feb,2025,18458,770.51,8429,3177,4001,2851,6
U229,Apr,2023,14756,618.23,7303,2159,3132,2162,2
U646,Aug,2025,18853,790.43,7859,2690,4517,3787,3
U697,Sep,2024,19709,815.54,7670,3153,3607,5279,6
U677,Mar,2025,13936,573.79,4801,3107,2952,3076,6
U518,Jul,2024,24234,1015.72,10437,3378,5693,4726,5
U445,Dec,2023,15091,620.13,6596,2755,3292,2448,2
U436,Sep,2025,24847,1036.66,10859,4447,3969,5572,4
U385,Nov,2024,12968,533.51,3960,3549,2880,2579,4
U472,Apr,2023,19297,798.69,9259,2129,4261,3648,0
U640,Oct,2023,23556,975.49,8659,3301,4968,6628,3
U436,Mar,2025,15203,625.74,6823,2524,2806,3050,0
U439,May,2023,18499,775.53,8360,3096,3989,3054,1
U577,Jan,2024,17173,704.14,7386,2035,3998,3754,4
U466,Mar,2023,12889,539.97,4884,2923,2106,2976,3
U614,Aug,2023,20984,878.89,8848,3627,3572,4937,5
U609,Nov,2024,23650,977.15,7285,4407,7008,4950,0
U559,Aug,2023,21173,883.0,9578,3058,4664,3873,5
U540,Apr,2023,19382,799.56,6200,4907,4710,3565,5
U589,Feb,2023,15531,648.56,5891,2307,3617,3716,7
U265,Aug,2023,23721,985.87,7607,3739,5569,6806,7
U678,Aug,2024,12801,528.68,5983,1654,2794,2370,5
U377,Oct,2023,20234,837.69,8297,3879,3614,4444,0
U203,Apr,2024,15349,639.9,6725,3123,2565,2936,7
U629,Mar,2023,20005,838.33,8732,3000,3759,4514,1
U342,Feb,2023,21969,903.6,10288,2741,3669,5271,6
U576,Sep,2023,15201,631.93,4963,2475,3999,3764,6
U358,Jan,2023,12349,509.44,5334,2271,2522,2222,7
U698,Jul,2024,21759,909.56,9030,3172,4428,5129,0
U524,May,2024,21321,875.66,6528,5554,4052,5187,6
U346,Aug,2024,23151,965.14,7877,3372,6686,5216,2
U646,Apr,2025,23979,987.33,8476,3200,5299,7004,6
U493,Jul,2023,21972,913.96,6910,3278,6935,4849,4
U353,May,2023,12583,526.42,4667,2922,2991,2003,0
U632,May,2024,24719,1032.14,7550,5669,6536,4964,7
U393,Sep,2025,15377,642.04,6314,3548,2230,3285,7
U637,Sep,2023,18028,748.48,6170,3169,4304,4385,6
U694,Sep,2024,19694,825.0,7038,3069,5663,3924,0
U663,Dec,2023,18196,756.74,8772,2944,2596,3884,1
U273,Jun,2023,19083,799.91,7643,3518,3573,4349,2
U599,Jun,2024,15401,639.86,5448,3167,2935,3851,7
U505,May,2024,15185,630.27,6373,2374,3589,2849,0
U577,Sep,2023,22386,922.8,7618,2971,6830,4967,7
U544,Oct,2023,17285,718.1,5442,2451,4668,4724,7
U652,Aug,2024,21354,878.52,6495,4944,4418,5497,4
U340,Jul,2023,18772,785.98,9204,2914,3144,3510,6
U387,Jul,2023,20490,853.94,9116,4142,3427,3805,4
U493,Jun,2024,15347,644.48,7059,2155,2752,3381,6
U261,May,2023,22131,909.41,10981,4048,3939,3163,7
U685,Apr,2023,12788,527.39,6219,1872,2197,2500,0
U627,Mar,2025,16945,709.61,7580,2054,3814,3497,5
U580,Mar,2024,14889,616.33,6533,3305,2961,2090,6
U398,Jun,2025,21569,894.39,7923,4126,5328,4192,5
U495,Apr,2025,17273,723.06,5541,3823,3490,4419,2
U640,Dec,2025,22141,919.33,9182,4330,3632,4997,4
U519,Dec,2023,15272,629.11,6341,2433,3532,2966,5
U502,Jun,2023,21069,882.62,10333,3752,3925,3059,4
U544,Mar,2025,17234,707.13,6695,3942,3923,2674,6
U211,Apr,2025,23934,1002.72,10486,3730,3989,5729,6
U262,Sep,2025,21769,893.63,9034,4220,3945,4570,2
U533,May,2023,18902,787.57,6338,4415,3330,4819,6
U426,Jul,2025,23331,958.24,9761,3230,4418,5922,7
U353,Oct,2025,19612,817.94,8002,3094,4530,3986,2
U399,Feb,2024,14492,594.66,5779,1932,3916,2865,5
U252,May,2024,22947,960.16,9240,4392,4660,4655,6
U460,Sep,2023,18745,777.28,6238,4504,4759,3244,0
U259,Nov,2024,22095,907.96,8676,4323,5185,3911,3
U272,Mar,2024,21574,899.78,9085,2946,5281,4262,1
U348,Sep,2024,16240,673.79,6461,3024,3154,3601,7
U549,Nov,2023,14322,589.94,5696,3165,2720,2741,3
U263,Jun,2024,22748,933.02,7177,4056,6213,5302,3
U510,Apr,2023,17298,716.45,5849,4196,3533,3720,4
U573,Jul,2025,13861,569.49,5048,3145,3259,2409,7
U443,Aug,2024,18620,765.17,7147,2344,4098,5031,7
U693,Jun,2023,22058,910.27,9237,3178,4413,5230,2
U566,May,2024,16047,668.04,7584,2611,3258,2594,4
U530,Jun,2025,19581,813.2,6497,4494,4113,4477,5
U307,May,2023,19320,793.45,5854,5064,4196,4206,1
U426,Aug,2023,23367,980.68,9109,4679,5631,3948,5
U513,Jan,2023,13098,548.64,5061,2218,3168,2651,0
U418,Nov,2025,17247,711.6,7077,2409,3106,4655,1
U625,Jul,2025,13734,564.77,6408,2578,2755,1993,4
U441,Oct,2025,16663,698.89,7672,2170,3402,3419,6
U459,Oct,2023,17909,742.53,5731,4129,3463,4586,6
U576,Nov,2025,15416,636.85,7504,1869,3263,2780,4
U462,Feb,2024,24818,1029.71,7993,3671,7207,5947,5
U205,Sep,2025,18302,764.52,7813,2624,3318,4547,4
U461,Jan,2023,19593,806.61,8512,2847,4439,3795,4
U254,Nov,2024,12680,529.61,5528,2356,2253,2543,3
U247,Oct,2025,20163,841.79,7118,3028,4528,5489,0
U415,Jun,2024,14070,584.46,5150,3443,2423,3054,7
U377,Sep,2024,18668,781.55,7648,3425,3046,4549,6
U209,Jan,2023,20001,822.68,6798,3936,4072,5195,3
U299,Apr,2024,21921,911.81,6665,4377,5098,5781,4
U220,Apr,2024,14191,588.21,5852,2612,2411,3316,2
U578,Sep,2023,20859,864.03,8198,2589,4219,5853,3
U441,Nov,2023,21804,899.47,9405,4935,3026,4438,4
U261,May,2023,19586,810.32,6450,4091,4023,5022,6
U579,May,2024,20872,858.01,9771,2298,4939,3864,7
U690,Jun,2024,21164,873.05,6968,4514,4435,5247,4
U619,Jan,2024,14846,612.72,7100,2226,3230,2290,0
U378,Jan,2023,22324,931.37,8704,2789,5810,5021,5
U538,Sep,2025,14463,593.69,5929,3284,3029,2221,1
U262,Mar,2024,18837,784.58,9028,1982,3210,4617,3
U345,Apr,2025,22721,936.59,8179,4589,5298,4655,3
U416,Jan,2023,22695,932.35,7633,5909,4187,4966,3
U203,Sep,2024,16922,698.89,6585,2558,3779,4000,4
U360,Aug,2025,16392,675.75,5718,2677,4627,3370,7
U427,Feb,2024,15183,630.88,6157,1805,3522,3699,0
U686,Aug,2024,24225,1001.88,8601,3332,5751,6541,7
U469,Jul,2024,15167,636.5,7172,1670,2680,3645,4
U320,Nov,2025,14997,629.33,6320,3163,3232,2282,4
U581,Jun,2023,18521,767.58,5557,4762,4437,3765,5
U695,Jan,2024,15227,636.41,7021,2833,2480,2893,2
U289,Jul,2023,18564,761.37,6795,3184,5093,3492,0
U529,Oct,2023,22344,928.34,8134,5176,5053,3981,3
U268,Jul,2025,21920,915.01,8255,4208,5261,4196,1
U598,Sep,2025,14024,578.03,5974,2099,2774,3177,3
U557,Jan,2023,12329,506.24,4788,2167,2918,2456,7
U298,Feb,2024,14486,596.18,6167,1773,3143,3403,4
U467,Nov,2025,13155,545.17,4332,3431,2195,3197,0
U305,Sep,2024,22082,916.54,10909,3618,3335,4220,6
U640,Sep,2024,16477,681.83,7347,3161,3184,2785,0
U523,Jun,2024,14185,587.83,4965,3091,3099,3030,0
U323,Jun,2023,19086,791.5,8490,3534,3954,3108,2
U676,Apr,2024,14317,598.01,5941,1704,3983,2689,3
U229,Apr,2023,15621,642.1,5027,3231,3992,3371,2
U337,May,2023,16491,688.81,5535,3991,3665,3300,6
U395,Mar,2024,14511,604.94,4473,2096,3869,4073,6
U609,Jan,2024,19842,828.24,9163,4177,2674,3828,5
U426,Jan,2024,20641,861.44,8469,3466,3574,5132,7
U532,Dec,2024,21546,893.53,7828,3538,5966,4214,1
U370,Jul,2023,19848,817.96,6455,4103,4432,4858,5
U209,Jan,2024,17404,722.9,6906,3781,3974,2743,4
U663,Jan,2024,17393,729.78,7045,3052,3432,3864,2
U240,Mar,2023,13293,552.84,5854,2447,2878,2114,2
U225,Oct,2025,14465,593.22,7145,2195,2105,3020,5
U461,Apr,2025,23294,956.44,9014,4658,4110,5512,4
U595,Apr,2023,22041,925.56,8402,3104,6274,4261,0
U643,Feb,2025,15175,623.27,5675,1973,3339,4188,4
U426,Jan,2023,19849,814.72,9237,2412,3878,4322,3
U672,Mar,2024,24473,1012.03,8107,4208,6091,6067,5
U324,Nov,2024,23391,981.7,8625,3701,5306,5759,7
U663,Apr,2025,21425,885.25,9533,3841,3739,4312,4
U238,Mar,2024,21629,895.65,6556,4388,4521,6164,0
U528,Aug,2025,23544,980.23,8425,3141,5349,6629,4
U451,Oct,2025,24222,993.69,10374,2866,5326,5656,2
U589,Jan,2024,20444,856.56,6893,2955,4611,5985,1
U376,Feb,2024,20210,839.11,7286,3497,3796,5631,2
U290,Jul,2025,14759,612.01,5862,1790,3838,3269,7
U602,Apr,2024,17255,722.31,6632,3174,4293,3156,6
U654,Aug,2023,20414,856.43,6557,3770,4577,5510,1
U237,Nov,2024,12002,497.16,5852,1913,1713,2524,6
U516,Mar,2024,20130,828.8,6217,4788,5263,3862,4
U376,Jun,2023,13259,554.43,5965,1824,2810,2660,3
U661,Sep,2024,20190,835.93,6345,3203,6253,4389,7
U484,Jan,2024,16323,684.51,6422,2530,3278,4093,4
U653,Jan,2025,17773,745.58,5955,2367,3878,5573,0
U661,Aug,2024,24786,1019.07,8135,3729,6464,6458,4
U281,Mar,2024,14568,611.22,4737,3442,3311,3078,1
U314,May,2023,13885,574.4,5422,2069,2676,3718,2
U240,Jan,2025,19060,793.78,7683,4537,3922,2918,3
U501,May,2025,19844,814.29,6482,3120,4319,5923,6
U424,Nov,2025,18111,758.65,8980,3266,3060,2805,4
U518,Jun,2024,21491,894.92,7555,4752,4483,4701,4
U549,Aug,2025,14338,597.09,5617,2306,3172,3243,2
U315,Mar,2023,21268,891.18,7300,3717,4888,5363,3
U386,Mar,2025,15758,654.09,6284,2962,2681,3831,5
U523,Dec,2023,23373,967.89,10545,4752,3310,4766,6
U256,Nov,2025,16810,703.77,6794,2776,3141,4099,4
U240,Nov,2025,21139,882.39,7549,2884,6014,4692,4
U554,Oct,2023,18791,788.26,6570,3359,4727,4135,5
U240,Sep,2025,19171,804.03,8661,2537,4006,3967,6
U547,Apr,2025,23930,990.28,7744,6277,4151,5758,1
U661,Apr,2025,14731,610.56,5509,3130,3021,3071,1
U437,Dec,2024,24199,998.35,7992,3406,5179,7622,7
U489,Jul,2023,12869,536.13,4524,2157,2496,3692,7
U462,Feb,2025,17166,710.06,5673,2414,4361,4718,0
U416,Aug,2023,12093,505.32,5772,2313,1702,2306,2
U347,Jun,2023,14987,616.29,6689,3163,2055,3080,3
U536,Mar,2023,24847,1021.62,10241,3249,4885,6472,4
U368,Sep,2025,21967,905.14,7576,4145,4802,5444,6
U292,May,2025,22452,922.42,9026,5187,3551,4688,4
U553,Aug,2023,20627,858.5,8336,2815,5529,3947,7
U259,Jul,2024,16947,697.32,7085,2548,3460,3854,0
U259,Aug,2023,18651,767.67,5819,3347,5281,4204,6
U504,Jul,2024,18979,778.41,9386,1976,4394,3223,6
U369,Mar,2023,18794,785.25,7387,2364,3811,5232,4
U469,Feb,2023,24492,1024.07,11886,4923,3627,4056,2
U563,Jul,2023,18524,762.49,5593,4063,4889,3979,0
U245,Mar,2025,15144,632.1,5293,2574,3804,3473,2
U545,Mar,2024,15587,645.82,5000,2919,3109,4559,0
U381,Feb,2024,12076,498.01,5481,2261,1854,2480,4
U370,Apr,2023,21007,874.34,7647,3651,5796,3913,0
U556,Aug,2025,20959,863.06,9810,2737,3399,5013,1
U391,Dec,2025,18553,774.72,8654,2181,4062,3656,6
U355,Jan,2024,23877,980.09,10352,4676,4079,4770,3
U622,Jan,2025,20297,851.64,8791,2716,4022,4768,4
U388,Dec,2024,24108,990.16,10608,2888,4433,6179,5
U207,May,2024,18694,777.29,8127,3015,3195,4357,3
U333,Nov,2024,14873,623.21,5612,1925,3989,3347,4
U435,May,2025,15346,629.37,6699,3398,2474,2775,3
U245,Nov,2024,19024,789.47,9121,3223,3483,3197,1
U514,Dec,2024,15148,626.37,5551,2212,3655,3730,3
U449,Jan,2023,23340,970.48,11412,2797,4466,4665,0
U699,Jun,2024,21657,892.82,6555,4741,5396,4965,7
U231,Jan,2024,22779,935.42,8424,3894,5307,5154,3
U223,May,2023,12244,509.67,3996,2926,2972,2350,4
U626,Sep,2023,14625,605.72,4757,3050,3263,3555,5
U594,Dec,2025,15849,659.67,7339,2439,2722,3349,5
U360,May,2024,21597,890.02,10445,4378,3483,3291,7
U563,Jun,2025,21173,875.27,9645,3206,3366,4956,2
U637,Aug,2025,19737,820.3,9776,2790,4221,2950,7
U358,Nov,2023,24000,998.23,8238,5251,5069,5442,6
U239,Jan,2025,20333,841.22,6672,4943,4214,4504,3
U615,Feb,2024,12892,532.18,5210,2498,3073,2111,5
U282,Sep,2023,17487,721.75,8145,3173,3425,2744,7
U556,Mar,2024,19251,792.65,5928,3658,4049,5616,3
U458,Jun,2024,19310,797.99,9637,2862,3345,3466,6
U406,May,2023,14399,593.23,6054,1997,3255,3093,5
U277,Nov,2024,16640,692.79,8249,2819,2881,2691,6
U677,Feb,2023,14960,621.87,5580,2291,2995,4094,3
U212,Jul,2024,22391,926.6,8768,2728,5738,5157,4
U495,Apr,2023,19325,798.62,8705,4107,2789,3724,3
U650,Jan,2025,13469,555.43,6176,1904,2901,2488,7
U424,Apr,2024,22892,950.83,7934,3579,5618,5761,6
U213,Jun,2023,23197,972.39,11272,3024,5085,3816,4
U246,Jul,2024,15374,640.88,7279,2153,2585,3357,4
U355,Jul,2024,24911,1039.9,7564,5115,5539,6693,2
U313,Jul,2024,20847,872.12,6790,3006,5459,5592,5
U433,Mar,2023,22960,949.43,9166,2904,6478,4412,0
U217,Jun,2025,20234,830.87,7935,3180,4594,4525,4
U560,Aug,2025,22503,936.63,9939,3256,5166,4142,6
U423,Apr,2025,19923,820.6,6334,3037,5459,5093,5
U554,Aug,2023,17122,711.75,7344,2747,3015,4016,1
U388,Feb,2025,21852,912.09,9249,3236,4179,5188,3
U648,Oct,2023,17387,726.49,6028,2330,4981,4048,7
U544,Sep,2024,24883,1027.71,10164,5551,3695,5473,6
U565,Sep,2024,19631,814.93,6761,4854,3362,4654,1
U363,Aug,2025,19226,800.2,6332,3118,4832,4944,6
U696,Oct,2023,17108,715.45,7093,2329,3797,3889,3
U526,Oct,2024,14224,594.01,7047,2220,2081,2876,2
U667,Jan,2023,14110,592.45,4901,3003,2935,3271,6
U614,Feb,2023,12957,531.34,4807,3190,2444,2516,4
U655,Jun,2024,19146,793.36,6726,3421,4052,4947,0
U274,Oct,2023,12560,518.18,4437,2628,3039,2456,4
U433,May,2024,21522,884.98,8196,5005,3531,4790,3
U424,Dec,2024,19413,813.63,8548,3150,3810,3905,6
U682,Sep,2024,13312,559.08,4096,2068,3427,3721,0
U519,May,2023,13821,569.16,6791,1936,2965,2129,4
U612,Feb,2024,23194,951.85,7172,3642,6662,5718,0
U260,Oct,2023,23595,973.88,11237,2512,5068,4778,7
U535,Apr,2024,17646,738.22,8450,3221,3091,2884,3
U422,Sep,2024,16945,699.72,6860,2497,3372,4216,2
U237,Jan,2025,17374,713.32,5688,2341,5080,4265,2
U677,Nov,2025,14651,601.46,6051,3220,3033,2347,6
U478,Jan,2025,22006,911.65,9368,3649,4346,4643,4
U396,Dec,2023,21933,919.69,10342,2871,4160,4560,1
U604,Jul,2023,16701,689.52,6850,2487,4240,3124,3
U552,Nov,2024,24000,994.25,9171,3679,6685,4465,4
U684,Mar,2024,14877,611.47,6957,1892,2511,3517,4
U442,Oct,2024,17582,729.54,8724,3261,3270,2327,2
U524,Feb,2024,23462,978.28,10065,3135,4315,5947,6
U419,Sep,2023,17390,717.71,8258,2852,3267,3013,0
U392,Mar,2024,16083,664.18,6750,2010,3438,3885,3
U217,Feb,2024,12745,533.28,5581,2793,2461,1910,7
U212,Dec,2025,20749,850.92,9080,3741,3451,4477,0
U606,Aug,2024,23493,978.17,10359,4999,4588,3547,5
U601,Oct,2024,12941,535.68,4713,2300,3099,2829,5
U594,Jun,2024,16023,661.72,6651,3393,3303,2676,3
U574,Jun,2023,14296,595.54,5987,3080,2262,2967,6
U393,Oct,2025,12939,541.3,4697,2807,2328,3107,1
U222,Nov,2024,13610,565.61,5035,1874,3523,3178,5
U674,Jul,2024,18300,750.87,8279,2036,4301,3684,2
U320,Jul,2025,13725,569.06,5717,1871,2733,3404,1
U410,Nov,2024,21176,878.02,6984,3173,4676,6343,4
U506,Jun,2023,21779,904.78,10182,4001,3610,3986,5
U470,Apr,2024,24213,1008.98,11540,3946,3618,5109,2
U392,Nov,2023,21528,883.06,8465,3986,4751,4326,4
U375,Sep,2023,23329,968.2,7973,3847,6556,4953,1
U485,Jun,2024,20853,867.24,10207,2458,4619,3569,3
U404,Apr,2025,19187,793.25,9141,2424,3553,4069,4
U364,Dec,2023,12032,501.35,4197,2194,2925,2716,0
U451,Mar,2025,17985,741.49,5739,4261,4542,3443,3
U427,Apr,2024,15414,636.87,5982,2366,3827,3239,3
U636,Mar,2023,13156,552.06,5726,2524,2423,2483,1
U581,Feb,2024,15126,625.43,5068,3000,4064,2994,1
U660,May,2025,20252,837.35,8154,4562,4517,3019,2
U207,Feb,2024,24120,1003.29,9288,3657,4655,6520,2
U229,Jun,2024,13543,568.41,6475,2050,2705,2313,0
U595,Mar,2023,12271,515.17,4735,1652,3270,2614,3
U233,Jun,2024,17295,719.12,7034,2740,3462,4059,7
U334,Nov,2024,16076,659.13,7894,2465,2455,3262,6
U567,Oct,2024,23580,988.02,8487,5230,4671,5192,0
U279,Sep,2023,17902,744.19,6405,2754,4801,3942,0
U616,Jan,2025,22944,949.1,10552,3018,4010,5364,6
U635,Jun,2025,14709,615.27,5229,3093,3181,3206,6
U659,Sep,2024,21346,883.72,9955,3149,4317,3925,6
U258,Nov,2023,17221,706.65,5495,3475,3953,4298,1
U671,Apr,2024,24597,1028.67,7926,6122,4852,5697,0
U226,Nov,2025,24045,998.97,11547,3747,4212,4539,0
U682,Dec,2023,21937,906.83,8953,4291,3616,5077,4
U630,Feb,2025,23624,974.51,10483,4354,4169,4618,6
U426,Apr,2025,20529,853.88,7083,4850,3648,4948,6
U485,Jan,2023,18722,771.5,6239,4089,4052,4342,2
U204,Mar,2023,20201,834.78,9433,2293,4527,3948,2
U665,Oct,2024,16144,672.18,6001,2722,3663,3758,3
U299,Sep,2024,17606,737.37,6884,4265,3763,2694,2
U597,Oct,2025,18766,779.41,5734,3118,5493,4421,5
U689,May,2023,12730,531.59,4801,2516,2419,2994,3
U239,Nov,2023,16890,705.38,7669,3398,2724,3099,7
U471,Jun,2024,13648,568.64,6336,2320,2829,2163,6
U575,Mar,2025,16228,669.34,7136,2495,3381,3216,4
U485,May,2025,23846,998.36,10454,2893,6002,4497,2
U357,Nov,2024,14130,585.49,5669,2304,2641,3516,4
U275,Aug,2023,24663,1012.27,10054,3453,6451,4705,2
U572,Jun,2024,22588,931.63,10131,4885,3553,4019,2
U488,Apr,2024,16366,683.53,5719,3651,3349,3647,4
U330,Feb,2024,13506,554.68,4677,3089,2902,2838,0
U375,Sep,2024,14158,582.56,6937,2073,2803,2345,0
U662,Dec,2023,14916,621.91,4557,2299,4185,3875,0
U284,Jan,2024,24363,1020.63,7988,4148,5365,6862,5
U222,Jan,2023,15229,634.04,6305,2248,2989,3687,0
U659,Apr,2024,23795,980.88,10649,3909,4178,5059,2
U227,Jul,2025,21858,897.35,8908,3783,4126,5041,6
U395,Jan,2023,24616,1024.4,9132,4438,6310,4736,1
U537,Sep,2025,18265,749.73,9052,2756,3747,2710,4
U582,Apr,2024,16136,671.46,7112,3586,2326,3112,6
U436,Mar,2024,23161,954.83,10799,3210,3959,5193,1
U640,Jan,2024,14689,615.54,4524,3283,3192,3690,6
U292,Oct,2023,19190,795.91,6662,3105,4512,4911,5
U677,Apr,2025,22518,928.28,8440,4129,5240,4709,1
U221,Sep,2023,14810,619.85,4983,2358,4147,3322,7
U503,Oct,2023,22708,936.8,7143,4850,4999,5716,3
U664,Jun,2024,23663,977.44,8164,3921,4833,6745,0
U557,Jun,2025,18152,759.38,7382,2233,4377,4160,7
U643,Jan,2024,12012,496.2,5275,2445,2315,1977,5
U284,Oct,2023,23162,959.14,10534,2849,5338,4441,6
U462,Feb,2024,17938,741.69,5535,3393,5364,3646,2
U347,Nov,2025,19999,822.29,7711,3630,4294,4364,0
U641,Jun,2024,19219,788.73,6235,3719,3728,5537,7
U653,Feb,2025,17328,723.0,6692,3670,3044,3922,0
U587,Mar,2025,15621,650.54,6042,3059,2742,3778,1
U457,Apr,2024,15683,647.43,6267,2439,3320,3657,3
U258,Nov,2023,19872,820.63,9510,2179,4122,4061,0
U580,May,2024,23665,992.63,10910,4509,3315,4931,6
U622,Sep,2023,17310,726.81,7397,2681,3693,3539,6
U215,Dec,2023,23314,966.91,11122,4607,3161,4424,4
U362,Apr,2024,23656,988.88,10306,3724,4309,5317,4
U645,Nov,2023,12652,528.05,5867,2330,2379,2076,0
U363,Sep,2023,17799,735.05,7346,4054,3196,3203,1
U520,Nov,2024,20812,854.51,8429,4089,4339,3955,1
U697,Oct,2024,15790,649.64,7023,2478,3603,2686,2
U481,Mar,2024,13645,570.88,4147,2977,3448,3073,5
U480,Aug,2023,22435,936.24,9828,3891,3680,5036,5
U212,Dec,2025,16512,687.96,8039,2685,2602,3186,7
U474,Jan,2023,16759,689.31,7420,2142,3919,3278,5
U471,Nov,2025,23683,986.16,7279,5572,5703,5129,3
U692,Sep,2024,17874,746.64,6713,2555,4103,4503,1
U408,Sep,2025,23903,1000.59,11041,2610,5298,4954,2
U227,Oct,2024,15688,643.42,7714,2591,2689,2694,4
U272,Feb,2024,19689,820.73,7364,2753,4407,5165,6
U260,Apr,2025,13379,548.79,6264,2519,2329,2267,5
U630,Aug,2024,16243,677.44,7679,3196,3016,2352,4
U673,Jul,2025,22237,925.85,7219,5841,4551,4626,4
U345,Jan,2024,23240,956.29,10903,4106,4353,3878,0
U293,May,2023,21580,901.31,7873,4062,5227,4418,3
U509,Jul,2023,18507,760.05,7747,2910,4195,3655,2
U208,Apr,2024,19819,828.96,8082,3499,4220,4018,3
U279,Jan,2024,20593,849.71,8908,2781,3764,5140,0
U227,Sep,2025,14653,610.87,6565,2181,2677,3230,2
U374,May,2023,17611,738.32,6836,3702,3300,3773,2
U250,Nov,2025,18127,749.37,8658,2305,3624,3540,1
U700,Feb,2024,24516,1017.48,11323,3335,5912,3946,3
U399,Aug,2024,15923,660.22,7278,3024,2990,2631,3
U587,Nov,2025,20459,842.04,8012,2932,4162,5353,1
U549,Feb,2024,17912,744.97,5508,3090,4866,4448,7
U648,Mar,2023,17130,715.06,6825,2097,4000,4208,4
U628,Oct,2025,17439,730.99,8365,3121,3329,2624,0
U381,Jan,2023,19880,831.99,6721,4257,3711,5191,3
U224,Nov,2023,24413,1013.38,12121,4165,3376,4751,1
U516,Feb,2023,18449,769.67,8514,2412,4295,3228,6
U578,Jul,2025,13725,573.72,6065,2585,2310,2765,7
U587,Oct,2024,21304,883.98,9276,3840,4790,3398,2
U604,Feb,2023,19522,802.66,8148,3107,3971,4296,5
U246,Jun,2023,22867,947.56,10156,3655,5111,3945,6
U215,Mar,2023,16784,702.28,6451,3240,4050,3043,1
U353,Apr,2024,21472,893.16,10071,3405,4792,3204,5
U422,Nov,2024,13232,552.1,5812,2436,2053,2931,4
U406,Aug,2025,24568,1011.84,11160,3166,4447,5795,0
U655,Mar,2024,24730,1037.78,11338,4126,5417,3849,5
U473,Oct,2025,22055,913.17,7022,4360,5125,5548,7
U582,Jun,2025,24676,1027.85,7677,4967,6659,5373,4
U436,Jan,2025,20808,853.52,9575,3301,4341,3591,5
U540,Jul,2025,20338,836.45,7156,4960,3496,4726,2
U428,Aug,2025,19446,812.49,8097,4127,4169,3053,2
U209,Nov,2023,16616,697.34,6459,3310,3285,3562,7
U366,Aug,2024,16725,691.08,5091,3993,3972,3669,2
U632,Mar,2023,15677,643.34,4829,2262,4824,3762,2
U644,Oct,2025,18287,756.37,8511,3409,3245,3122,1
U519,Jan,2024,20480,840.04,8633,3521,3430,4896,2
U414,Sep,2023,13409,552.35,5427,2103,2609,3270,6
U317,Jun,2023,20205,843.61,9877,2354,4574,3400,2
U586,Nov,2025,12256,513.98,4101,1753,2754,3648,6
U544,Sep,2023,13721,563.76,4824,1859,2904,4134,1
U272,Jul,2023,13423,557.83,6058,1711,3080,2574,2
U595,Jan,2023,16953,699.38,7714,1903,3913,3423,7
U264,Dec,2023,14990,616.67,5710,3215,3486,2579,4
U405,Dec,2023,13195,543.88,6468,1679,2681,2367,7
U409,Jan,2025,16559,688.49,8075,2322,2868,3294,4
U272,Jun,2025,16365,672.03,4950,4161,3958,3296,3
U477,May,2023,13244,548.75,4429,1965,4101,2749,4
U474,Sep,2025,23415,963.18,10865,4607,4228,3715,0
U678,Feb,2025,18766,774.52,6887,3895,4067,3917,0
U520,Aug,2024,17302,712.68,5520,3162,4196,4424,0
U538,Nov,2023,23662,991.03,10813,2872,4622,5355,1
U566,May,2025,24359,1015.97,9522,3238,6817,4782,7
U695,Feb,2025,24161,1011.58,9627,3882,5391,5261,4
U295,Oct,2023,13306,550.65,4487,2011,3723,3085,7
U366,Nov,2024,22313,921.83,9643,3212,3882,5576,6
U232,Nov,2023,14402,595.96,5908,1788,3541,3165,0
U211,Dec,2024,12496,512.57,4265,2625,3252,2354,3
U501,Jun,2023,15399,642.52,5667,2229,4440,3063,1
U417,Oct,2023,23798,984.04,9980,4854,4903,4061,3
U489,Aug,2023,12909,533.31,6260,1619,2839,2191,4
U302,Apr,2023,12372,514.65,5988,2295,1922,2167,2
U625,Feb,2024,24649,1021.36,8814,3768,5197,6870,3
U592,Dec,2024,18236,765.56,8153,3471,3554,3058,2
U467,Nov,2025,13344,551.86,6072,1938,2585,2749,1
U414,May,2023,20515,853.71,9473,3496,3426,4120,3
U379,Dec,2024,14431,596.17,5976,1756,3486,3213,3
U288,Feb,2024,16670,699.98,5036,3479,4785,3370,5
U241,Feb,2024,14784,612.72,6687,1860,3457,2780,1
U601,Jun,2023,22585,940.31,7257,4556,4561,6211,1
U276,Nov,2025,24112,991.65,7797,3724,5479,7112,0
U577,Oct,2024,21407,893.38,9015,3561,5146,3685,4
U246,Sep,2023,13695,565.18,6802,1531,2978,2384,3
U360,Apr,2024,13907,576.43,4846,2210,3057,3794,7
U663,Jun,2024,16814,704.22,7215,3062,3287,3250,3
U280,Jul,2025,12780,536.38,4610,3229,2214,2727,6
U510,Nov,2024,13019,539.31,6245,1963,2684,2127,1
U286,Jun,2024,23457,981.32,9821,4601,3700,5335,7
U292,Aug,2023,13403,550.24,4577,2717,2708,3401,1
U348,Apr,2023,13426,561.85,4731,2605,3414,2676,4
U361,Dec,2025,20855,868.18,8060,2724,4918,5153,1
U402,Jan,2023,17868,741.32,5796,2762,5376,3934,2
U624,Jul,2023,22839,956.72,7211,5885,5142,4601,2
U616,Mar,2025,12010,502.56,5236,1910,2277,2587,5
U442,Jun,2024,18330,756.97,6991,3660,4101,3578,2
U553,Feb,2025,21230,887.23,9452,3599,3834,4345,2
U202,Sep,2023,14825,609.3,4773,2772,4012,3268,4
U425,Jan,2025,19464,814.04,8213,3122,3705,4424,3
U489,Jun,2024,15003,625.26,5831,2853,3337,2982,2
U433,Jun,2025,24872,1021.94,7750,3907,5840,7375,7
U661,May,2023,21267,886.47,8697,3487,5202,3881,5
U614,May,2023,19195,798.14,6076,3796,4919,4404,1
U617,Jan,2025,18720,778.65,8714,3972,3061,2973,2
U277,Oct,2024,15088,623.0,6433,2339,3255,3061,5
U316,Dec,2025,13789,569.02,5672,2669,2797,2651,4
U354,May,2024,15036,627.94,4912,2303,3997,3824,6
U606,Feb,2024,19377,799.43,6927,2653,3941,5856,6
U303,Jul,2025,19598,812.26,7811,4411,4141,3235,6
U394,Mar,2024,16838,702.06,7184,3341,2818,3495,1
U366,Apr,2023,17872,734.17,6016,3124,4276,4456,5
U559,Mar,2025,15653,651.08,4723,3289,3953,3688,2
U290,Mar,2024,23367,971.82,8621,3349,5395,6002,3
U374,Apr,2023,16299,679.41,6463,3358,2781,3697,1
U322,May,2025,21268,879.86,7164,3019,5617,5468,1
U698,Jan,2023,12973,537.72,5168,2742,2163,2900,6
U343,Apr,2023,19083,788.7,7016,3733,4845,3489,3
U682,Dec,2023,17494,731.39,6840,2724,3723,4207,6
U306,Dec,2024,22057,907.22,8149,5180,4656,4072,1
U575,Nov,2025,23317,978.45,9925,5319,4220,3853,2
U628,Aug,2025,21491,894.77,6631,3727,5409,5724,6
U505,Oct,2024,15406,645.31,5148,3705,3303,3250,6
U560,Jul,2025,17150,710.46,6629,3682,3582,3257,7
U659,Sep,2023,21350,882.44,7926,4690,4702,4032,6
U517,May,2025,15129,633.92,5723,3681,2728,2997,1
U651,Oct,2024,12104,497.46,5576,1940,2289,2299,2
U323,Apr,2023,19433,799.03,9274,3401,3618,3140,3
U590,Aug,2024,19689,813.14,6885,4670,4547,3587,0
U209,Sep,2023,15567,653.19,7274,2453,2600,3240,3
U462,Jul,2023,16348,680.62,6404,2946,3080,3918,2
U273,Jul,2025,16390,681.07,5814,2789,4340,3447,4
U559,May,2023,18811,784.52,9350,3369,3337,2755,6
U423,Apr,2024,13181,545.92,6128,2378,2582,2093,3
U616,Oct,2025,16644,695.02,8302,2421,2506,3415,4
U241,Jan,2024,23330,965.7,7783,4413,4957,6177,4
U570,Oct,2023,17873,747.56,5876,2573,5514,3910,2
U404,Oct,2024,16394,676.54,6568,1977,3403,4446,2
U464,Jul,2024,15534,641.21,6644,2718,3658,2514,7
U528,Jan,2023,17844,740.93,5963,3368,4677,3836,6
U378,Jan,2025,17939,743.23,8468,3402,2526,3543,0
U548,May,2024,24388,1015.71,9911,4466,4277,5734,5
U518,Sep,2023,23319,964.57,8912,5580,3917,4910,1
U284,Jun,2025,18475,761.73,7767,2561,4143,4004,3
U518,Mar,2025,13774,571.21,5881,3141,2546,2206,2
U311,Mar,2025,24006,997.71,7407,4308,5208,7083,3
U451,Jul,2024,20283,834.5,10141,3331,3192,3619,5
U583,Jun,2024,12446,517.21,4639,2344,2955,2508,5
U207,Sep,2024,12108,500.29,3781,2264,3077,2986,6
U659,Jun,2025,24604,1018.42,11575,2968,4263,5798,4
U284,May,2024,15239,629.06,7598,1734,2477,3430,6
U408,Oct,2023,17931,751.87,8306,3294,2964,3367,1
U588,Jul,2024,16053,669.14,7550,2342,2794,3367,0
U590,Jan,2024,16537,682.36,7031,3728,3422,2356,3
U514,Dec,2025,18361,764.64,8895,2509,3333,3624,1
U222,Jul,2024,13245,554.28,4068,3640,2560,2977,7
U610,Mar,2023,14720,609.43,6673,1940,3640,2467,0
U583,Sep,2025,20469,856.22,8886,2554,3894,5135,3
U203,Jun,2023,23248,956.76,7204,4211,4903,6930,1
U327,Sep,2025,24856,1039.55,10161,5541,5057,4097,2
U497,May,2025,19741,820.05,7955,3587,3533,4666,3
U388,Jul,2024,17105,705.12,7497,2182,3468,3958,1
U562,Apr,2023,14922,617.88,4707,2456,3755,4004,5
U214,Jul,2025,14513,609.37,6691,2051,2490,3281,0
U659,Jan,2024,21030,878.71,6895,4495,5234,4406,1
U666,Jul,2025,14801,615.35,5679,2430,2957,3735,2
U212,Aug,2025,18981,780.41,9039,3473,3475,2994,6
U287,May,2025,20221,837.51,8333,3842,3561,4485,3
U212,Feb,2025,18502,763.45,6955,4327,3681,3539,7
U597,May,2025,18038,740.84,5585,3738,5026,3689,3
U225,Jun,2025,18229,757.27,7919,2744,3963,3603,3
U501,Dec,2024,21449,898.48,10666,4305,3585,2893,2
U443,Feb,2025,12364,515.28,5963,1735,2706,1960,0
U322,Jun,2023,13800,569.25,6119,2194,3172,2315,3
U347,Jun,2024,17958,746.58,5765,4411,3456,4326,0
U255,Jan,2023,21096,884.83,7339,2995,4561,6201,1
U438,Jan,2025,19436,810.93,6557,3571,3859,5449,5
U556,Nov,2023,16793,700.09,6231,2293,3550,4719,7
U373,Oct,2025,22370,938.83,7764,3328,4895,6383,5
U592,Mar,2025,23042,963.13,8039,3014,7029,4960,0
U421,Oct,2024,20160,829.31,8534,2347,4102,5177,0
U319,Oct,2024,23028,952.15,8376,4044,4703,5905,5
U509,Dec,2025,24638,1033.94,10728,5033,5094,3783,3
U383,Mar,2024,12179,505.3,5962,1973,1985,2259,4
U488,Apr,2023,15873,652.57,6788,2970,3116,2999,4
U507,Feb,2024,15960,661.68,7187,2665,2566,3542,2
U500,Sep,2024,13186,549.82,5937,2638,2126,2485,7
U282,Oct,2023,24151,1014.28,8842,5757,3915,5637,6
U654,Dec,2024,12773,527.83,3870,3293,3249,2361,5
U602,Nov,2025,24797,1029.42,7712,6192,6448,4445,5
U411,Jul,2023,16460,689.34,5866,2505,3279,4810,2
U350,Jul,2025,12352,510.82,5409,2213,2763,1967,7
U237,Jun,2023,18943,778.73,9117,3109,3512,3205,4
U552,Mar,2025,17202,721.61,8459,2671,2854,3218,1
U512,Jun,2025,17344,719.58,5292,3569,3597,4886,3
U561,Dec,2024,16507,685.09,8220,1805,3560,2922,3
U259,Aug,2025,16830,700.48,6134,2357,4955,3384,1
U331,Aug,2024,23220,952.1,10880,4694,3791,3855,1
U612,Nov,2023,12117,508.08,4072,2622,2743,2680,7
U402,Sep,2025,12481,516.23,3901,2166,3455,2959,4
U443,Jan,2025,16287,674.23,6118,2601,3219,4349,2
U235,Jan,2023,22829,939.96,10770,3883,3681,4495,1
U645,Mar,2023,18802,777.99,6470,3470,3797,5065,2
U293,Mar,2025,20298,848.54,6714,3915,5489,4180,7
U638,Oct,2023,16477,688.74,7941,1810,3105,3621,6
U647,Aug,2024,18533,777.2,9037,2162,2971,4363,0
U407,Oct,2023,12243,506.9,3703,2379,2943,3218,3
U553,Jan,2023,22824,951.96,10167,4302,4727,3628,4
U591,Feb,2025,19012,789.14,6879,2543,3845,5745,3
U532,Feb,2024,24755,1034.86,9281,4130,5608,5736,4
U505,Mar,2023,12865,536.63,5066,2643,2228,2928,7
U550,Jun,2024,23173,958.62,8929,5105,5211,3928,0
U413,Jan,2024,21753,899.2,8766,3091,4620,5276,3
U359,Feb,2024,17329,714.86,7217,3501,2760,3851,0
U642,Jan,2025,12603,523.99,4954,2991,2300,2358,7
U645,May,2023,17756,745.11,7818,3789,3335,2814,4
U224,Jul,2025,23254,958.07,10318,4629,4773,3534,1
U604,Aug,2023,16018,658.26,6216,3356,3487,2959,6
U493,Oct,2023,17192,706.92,5647,2851,4600,4094,3
U204,Jan,2025,14015,585.59,6000,2619,2472,2924,0
U420,Jul,2024,21850,903.5,9932,3916,4516,3486,5
U564,May,2024,15380,634.03,6576,2477,3662,2665,3
U582,Oct,2023,23959,990.77,10005,4166,5116,4672,3
U220,Jan,2025,15770,656.75,5454,3495,3467,3354,3
U644,Mar,2024,17829,740.74,7649,3974,2944,3262,2
U352,Jul,2024,13613,568.26,4995,2232,2928,3458,0
U250,Oct,2023,13879,573.75,6716,1785,2271,3107,0
U377,Jan,2023,17372,720.1,7482,3168,3645,3077,3
U635,Jul,2025,16108,662.07,5728,2347,3971,4062,7
U296,May,2023,22538,925.7,8893,4318,4914,4413,7
U305,Jan,2024,21291,882.77,9992,2460,5301,3538,1
U620,Jan,2024,21266,878.32,7806,4012,4574,4874,3
U450,Jan,2024,20978,872.95,8497,4044,3686,4751,2
U317,Nov,2024,12148,498.59,5295,1466,3193,2194,4
U554,Sep,2025,13754,565.59,6201,1823,3434,2296,2
U428,Nov,2025,22361,936.15,7485,3973,4955,5948,7
U266,Mar,2023,19378,805.47,8003,3113,3828,4434,1
U535,May,2023,18681,779.22,9012,3241,3336,3092,7
U618,Nov,2023,15756,659.26,7778,2439,2591,2948,7
U620,Oct,2025,21371,886.12,9215,3360,3601,5195,7
U462,Dec,2024,23501,981.43,11673,3431,4622,3775,3
U495,Sep,2023,22615,939.08,9365,2684,5820,4746,7
U626,Jun,2024,24369,1004.56,9467,5276,5418,4208,0
U443,Dec,2023,24779,1024.31,10167,3042,5267,6303,6
U571,Sep,2023,21116,876.11,6823,5229,4799,4265,5
U386,Aug,2023,17392,718.58,6614,3321,3000,4457,3
U446,Aug,2023,21795,900.91,8536,4051,4209,4999,1
U325,Jan,2023,15052,622.21,7070,2721,2771,2490,0
U468,Sep,2024,17692,727.55,7992,3607,3475,2618,2
U331,Jun,2023,16218,666.31,6816,3652,2770,2980,7
U437,Sep,2024,16803,689.7,6207,3270,3964,3362,4
U218,Mar,2025,14377,591.05,4850,2192,3073,4262,4
U240,Dec,2023,23672,978.69,8748,5607,4768,4549,6
U221,Mar,2024,17086,710.67,7448,2005,4134,3499,3
U599,Jun,2025,15182,625.32,5353,3552,3028,3249,2
U425,Sep,2025,23009,963.8,8867,4752,5377,4013,6
U555,Jul,2025,15160,633.82,5720,3596,2851,2993,5
U482,Mar,2024,18576,771.29,8417,3855,3712,2592,5
U208,Mar,2023,24997,1042.98,11917,2755,4942,5383,6
U300,Feb,2023,20903,864.68,9194,3769,3923,4017,1
U440,Sep,2024,14586,598.56,5372,2072,3542,3600,4
U678,Mar,2023,14648,613.81,5663,1938,3264,3783,2
U287,Nov,2024,19313,794.3,6347,3755,5445,3766,3
U498,May,2023,13717,575.4,4576,2006,3625,3510,7
U628,Sep,2025,24544,1020.34,8169,5658,5479,5238,0
U214,Aug,2023,17308,714.92,5644,4593,3593,3478,3
U534,Feb,2024,19407,805.3,6519,4045,3573,5270,3
U202,Mar,2024,12870,534.13,4382,2096,3658,2734,2
U575,Feb,2025,15574,638.9,5020,3890,3079,3585,4
U493,Aug,2024,17827,737.24,7630,3779,3335,3083,2
U525,Jun,2023,19986,834.21,9954,3476,3263,3293,0
U622,Jun,2023,20462,849.38,9736,3464,3250,4012,6
U693,Dec,2025,21735,896.44,6718,5609,5349,4059,2
U241,Sep,2024,20741,857.33,7977,2969,4382,5413,1
U518,Aug,2025,24855,1040.51,11728,5071,4721,3335,3
U516,Apr,2023,24206,1005.17,7913,6345,5008,4940,4
U581,Dec,2025,24646,1023.51,11572,4894,3694,4486,7
U311,Apr,2024,17769,745.61,7437,2584,4351,3397,5
U214,Sep,2025,17733,732.74,8622,3385,2553,3173,0
U431,Jan,2024,21904,908.57,10408,3443,4564,3489,5
U673,Feb,2024,15240,637.21,6635,2744,2580,3281,3
U284,Feb,2023,21554,900.07,9301,4510,3920,3823,2
U330,Jun,2023,16893,697.1,5788,2286,4084,4735,5
U431,Apr,2023,21476,883.76,6944,3961,4404,6167,1
U526,Nov,2024,12886,537.36,4936,2886,2625,2439,2
U345,Oct,2025,17854,736.61,6022,4292,4173,3367,3
U579,Mar,2024,17318,726.02,5550,4351,3164,4253,5
U545,Mar,2023,14258,586.42,5139,2132,3967,3020,7
U228,Mar,2023,16382,676.88,7733,2950,2700,2999,6
U266,Jun,2025,13785,565.94,4182,2201,3075,4327,0
U363,Aug,2023,23735,989.83,8509,5435,4554,5237,5
U429,Nov,2023,19727,826.39,7591,3022,5112,4002,7
U461,Jul,2023,12295,511.91,4943,2555,2733,2064,6
U649,Apr,2025,22245,932.91,7481,4296,5753,4715,6
U624,Nov,2024,14597,600.35,7194,2940,2329,2134,5
U660,Dec,2023,12680,520.99,5272,2340,2880,2188,4
U640,Apr,2025,16890,706.65,6830,3284,2985,3791,5
U364,Nov,2023,16298,682.16,4918,3113,4370,3897,3
U501,Oct,2025,12324,515.53,4894,2577,2004,2849,6
U607,Nov,2023,19952,833.97,9328,3176,3214,4234,0
U503,Nov,2025,22483,929.95,7732,3003,4914,6834,3
U487,Nov,2023,24614,1014.53,9113,4986,5690,4825,1
U595,Feb,2024,12986,544.49,3949,3308,2781,2948,2
U210,Jan,2023,15118,624.48,7489,1887,3077,2665,5
U395,Sep,2025,12760,528.24,3998,2139,3634,2989,4
U318,Dec,2023,19758,823.9,9476,3308,3338,3636,0
U470,Dec,2024,23885,986.29,8660,5535,4229,5461,4
U280,Feb,2023,21228,887.74,8862,3090,5392,3884,4
U658,Aug,2025,12906,530.05,5625,2813,2435,2033,4
U293,Sep,2025,17499,731.3,5742,4532,4039,3186,5
U466,Apr,2024,12364,514.37,4806,1814,2530,3214,0
U532,Aug,2025,19769,821.86,7217,3172,3877,5503,0
U550,Sep,2023,15413,639.0,4798,3610,4092,2913,6
U561,Oct,2023,20027,826.66,9345,4169,3414,3099,4
U457,Oct,2023,19939,826.75,6161,4711,3782,5285,6
U333,May,2025,21261,881.27,9156,3498,4571,4036,6
U476,Jul,2023,24561,1021.34,8911,3658,5486,6506,2
U464,Oct,2023,22447,926.65,7596,4339,6096,4416,5
U371,Apr,2023,23878,980.85,10349,4347,4694,4488,5
U660,Jan,2024,24411,1004.39,10128,3801,5235,5247,3
U201,Mar,2025,15081,628.87,5475,2901,3007,3698,7
U513,May,2025,17448,715.76,7024,2356,4375,3693,6
U264,Mar,2025,15258,638.65,5328,2884,3856,3190,5
U574,Dec,2024,14107,588.18,6668,1622,3138,2679,4
U668,Nov,2025,19928,832.35,7229,2664,4906,5129,7
U484,Jul,2024,14933,624.74,5212,3610,2596,3515,1
U321,Dec,2024,14829,609.81,6678,1964,2684,3503,4
U307,Sep,2025,20633,862.92,6262,4527,5793,4051,0
U621,Dec,2023,17006,705.83,6013,2526,3592,4875,5
U375,Jun,2023,13559,567.93,5085,2139,3681,2654,7
U685,Oct,2025,13741,575.56,6546,1958,2708,2529,5
U404,Jan,2025,17830,731.46,8738,2079,3135,3878,3
U365,Jul,2024,19523,807.92,8654,2273,5018,3578,6
U505,Mar,2025,12625,524.27,5031,2851,2808,1935,1
U697,May,2024,24055,1002.57,10298,2783,5861,5113,5
U320,Oct,2025,13690,565.21,5240,1793,3023,3634,3
U244,Apr,2023,22973,947.69,8264,5310,4659,4740,3
U512,Oct,2023,20282,839.29,9940,2651,3974,3717,1
U356,May,2025,18310,759.88,5915,4270,3554,4571,4
U567,May,2024,15006,629.52,5541,2169,3259,4037,4
U407,Jun,2023,16302,680.81,7821,2098,2827,3556,4
U590,Oct,2024,13088,542.23,5819,2286,2532,2451,2
U308,Dec,2025,18007,739.27,5506,4971,4489,3041,6
U451,Oct,2025,16611,683.85,5060,2479,5131,3941,7
U645,Nov,2023,21372,886.0,8619,3572,4148,5033,6
U604,Jun,2025,19928,833.27,7908,2507,4275,5238,4
U570,Aug,2023,22093,914.22,8585,3239,4165,6104,1
U534,Aug,2024,16490,684.97,5944,4023,3666,2857,2
U330,Nov,2023,20378,853.67,10134,2246,4603,3395,6
U657,Sep,2023,13597,569.9,4818,3260,3159,2360,4
U493,Aug,2024,23600,972.69,9392,3346,6116,4746,2
U220,Nov,2023,15747,646.31,5999,3629,3025,3094,7
U482,Feb,2023,14670,605.95,4900,3005,2740,4025,1
U485,Dec,2025,20431,851.89,6957,5061,4057,4356,4
U201,Oct,2024,14580,611.65,7051,1734,2872,2923,7
U319,Dec,2023,24428,1003.43,11521,4548,3890,4469,0
U235,Nov,2024,19432,797.27,6603,4312,4985,3532,7
U398,Jan,2024,20330,851.5,9659,3292,3225,4154,5
U685,Oct,2023,14506,605.6,4958,3457,2867,3224,1
U445,Feb,2025,24357,1022.81,10359,4614,5310,4074,7
U259,Feb,2024,24672,1021.34,7802,6333,4994,5543,7
U525,Dec,2023,16725,692.68,7962,2420,3050,3293,3
U361,Mar,2024,22437,923.78,6962,4920,6197,4358,3
U697,Oct,2025,16300,670.19,6699,3591,3286,2724,7
U379,Jul,2025,21941,912.28,10003,2900,4717,4321,7
U406,Feb,2025,20759,858.68,6712,4174,5441,4432,1
U212,Jan,2023,19002,780.61,7237,4613,3944,3208,3
U690,Jun,2023,21073,882.68,6498,4295,4991,5289,6
U476,Sep,2025,18131,746.97,7915,2559,3874,3783,1
U381,Mar,2023,20831,869.66,7530,3594,4529,5178,0
U442,Jun,2025,24153,997.09,9948,5355,3618,5232,1
U416,Mar,2023,24612,1029.1,11974,4941,3602,4095,4
U451,Jan,2025,16537,679.97,5972,4120,3117,3328,4
U499,Dec,2024,14335,598.57,4439,3362,2813,3721,2
U326,May,2025,16321,670.76,7101,2783,3049,3388,3
U682,Oct,2025,14985,621.08,6853,1923,3520,2689,7
U417,Nov,2023,12559,524.14,6173,1434,2660,2292,5
U506,Apr,2023,12713,523.44,4215,1801,3036,3661,3
U485,Jul,2023,16593,685.05,6279,2099,3716,4499,6
U385,Jun,2023,15988,669.33,7495,3190,2135,3168,1
U239,Oct,2023,18203,762.43,8398,3547,2971,3287,5
U423,Jul,2023,12256,503.05,5208,2210,2033,2805,5
U384,May,2024,20768,854.98,7349,5364,4746,3309,7
U695,Apr,2025,12037,494.93,4294,3024,2297,2422,7
U627,Jul,2025,22264,916.82,7231,4976,4185,5872,3
U378,Jul,2025,24697,1036.54,11962,3730,4886,4119,5
U607,Jun,2024,20652,858.12,6909,3166,6019,4558,5
U628,Aug,2025,21632,897.04,8968,3838,4677,4149,4
U494,Apr,2024,24670,1035.76,10284,3331,4882,6173,0
U540,Oct,2024,13832,574.82,5172,2422,3638,2600,7
U351,May,2024,24856,1035.53,9209,6079,4592,4976,1
U584,Apr,2025,19600,810.12,8500,2979,4653,3468,3
U326,Dec,2024,17167,710.41,6483,2463,4217,4004,7
U501,Jan,2025,23591,981.25,8280,4845,4258,6208,4
U508,Dec,2025,12432,510.58,4722,2470,2940,2300,6
U536,Aug,2023,16151,666.32,7454,2076,3928,2693,7
U634,Jan,2023,18411,758.47,9082,2232,3652,3445,6
U434,May,2024,13751,564.01,5874,3134,2298,2445,2
U580,Jun,2024,22239,923.74,10150,3006,4910,4173,5
U575,Jun,2025,16997,706.41,6910,3708,3137,3242,5
U208,May,2024,17720,733.32,7530,2996,2945,4249,3
U698,Mar,2024,19616,809.53,9761,2828,3779,3248,0
U541,May,2025,23032,959.33,8929,3652,5624,4827,0
U329,Dec,2024,12256,504.15,3839,2986,2735,2696,3
U464,Aug,2024,12671,526.08,6226,2424,1999,2022,3
U357,Feb,2025,12489,521.64,5727,1705,3033,2024,4
U552,Jun,2025,18889,777.55,7171,2566,4364,4788,6
U558,Sep,2023,23906,998.15,11868,2737,3726,5575,3
U205,Aug,2025,14096,588.66,5202,3189,3090,2615,6
U695,Nov,2023,13682,561.78,5122,2458,2892,3210,7
U286,Aug,2024,24603,1009.19,10381,3219,6592,4411,7
U375,Aug,2025,14460,606.94,5131,2500,3273,3556,2
U490,Jul,2025,16529,680.89,7268,2804,3297,3160,6
U393,Aug,2025,17121,716.04,5659,4245,3565,3652,4
U511,Jun,2024,24104,1001.81,7751,5369,5396,5588,7
U319,Feb,2023,13975,576.67,5687,1949,3580,2759,5
U418,Feb,2024,15216,625.83,6255,2076,3071,3814,5
U627,Aug,2024,21581,895.54,6934,4137,5139,5371,7
U658,Nov,2025,16515,683.84,8139,1801,3590,2985,7
U614,Jan,2023,17692,737.74,7336,3636,2773,3947,7
U314,Jun,2024,24048,1007.71,7940,4514,6927,4667,6
U666,Jun,2025,21776,910.35,7889,3730,4620,5537,5
U345,Nov,2024,16939,699.15,7792,2760,3346,3041,5
U226,Apr,2024,17563,735.52,7106,3574,3411,3472,1
U336,Dec,2025,14963,625.95,5051,3111,3685,3116,7
U503,Nov,2025,16529,693.05,5298,4048,3849,3334,2
U432,Nov,2023,18786,778.84,7254,3757,4642,3133,7
U569,Oct,2024,18200,760.19,6688,4116,3359,4037,4
U276,Mar,2025,12976,539.69,5595,2504,2233,2644,4
U675,Nov,2025,19345,799.15,9383,2377,3559,4026,5
U528,Mar,2023,23556,989.22,8233,3225,5135,6963,7
U545,Jan,2023,12045,494.31,5673,2425,1657,2290,0
U502,Mar,2025,13193,543.05,6386,2648,2033,2126,4
U652,Apr,2023,23534,985.9,11305,4223,3708,4298,7
U489,Nov,2025,16512,677.99,8097,2901,3297,2217,2
U201,Nov,2024,16943,709.69,7936,2288,2895,3824,3
U347,May,2023,18282,762.64,7654,3278,3210,4140,7
U487,Mar,2024,12246,502.54,4677,3015,2714,1840,2
U664,Jun,2024,15219,630.51,6062,3399,2830,2928,5
U342,Nov,2024,24517,1023.69,11633,3361,3987,5536,5
U253,Dec,2025,20983,872.54,7559,3493,5599,4332,1
U504,May,2024,12636,529.9,4193,2505,3144,2794,6
U269,Mar,2024,15775,660.46,5176,2977,4069,3553,4
U561,Jun,2024,14421,596.06,6711,2114,2960,2636,6
U290,Jun,2025,21280,874.28,9624,3792,4653,3211,7
U646,Aug,2024,16183,678.78,6465,1965,4220,3533,6
U420,Feb,2024,23351,969.47,8289,5311,5276,4475,4
U650,Jan,2023,12712,522.14,5536,2497,1998,2681,4
U698,Apr,2025,17845,746.22,5490,4522,4149,3684,7
U392,Jul,2024,17323,725.29,7165,3741,3277,3140,5
U654,Nov,2023,18032,750.84,6846,3504,4025,3657,4
U263,Oct,2025,24888,1031.55,12333,4469,4657,3429,0
U273,Mar,2025,15644,651.76,6281,2794,2641,3928,0
U361,Mar,2025,19773,824.67,8115,4550,3091,4017,3
U369,May,2025,24082,1008.87,10655,3197,5032,5198,4
U289,May,2025,22778,955.67,9040,5263,4278,4197,1
U376,Oct,2025,24501,1017.14,8450,4040,5647,6364,3
U469,Mar,2024,14108,589.69,5748,1843,3485,3032,5
U273,Sep,2024,24985,1048.48,12214,3675,5367,3729,4
U445,Apr,2024,15614,642.54,5964,3116,3393,3141,0
U277,Mar,2024,21434,879.19,9343,2976,3676,5439,1
U359,Nov,2023,22251,931.63,11027,3492,4358,3374,7
U689,Feb,2024,18957,780.94,8833,3660,3197,3267,3
U659,Oct,2025,23678,971.8,10224,3382,6027,4045,1
U524,Nov,2024,17279,711.21,7727,3019,3761,2772,4
U298,Sep,2024,16332,675.89,7958,2243,2959,3172,2
U581,Apr,2025,24002,989.34,11807,3731,4575,3889,1
U302,Mar,2024,15900,656.75,7851,2683,2248,3118,1
U694,Jul,2024,22797,956.91,9691,3539,4964,4603,5
U332,Aug,2024,24934,1039.86,9398,6197,5215,4124,0
U302,Nov,2023,19939,831.7,6512,4199,4530,4698,7
U219,Feb,2024,23226,954.47,8758,5279,4053,5136,4
U654,Jul,2025,18963,791.37,9265,3346,3787,2565,1
U682,Dec,2025,16568,691.54,7918,3205,2717,2728,4
U282,May,2024,19838,826.45,8029,2772,4025,5012,0
U597,Nov,2024,24399,1005.93,9940,3535,6329,4595,5
U689,May,2024,24243,1004.22,8770,4602,4560,6311,4
U479,Mar,2025,23555,985.69,9207,5315,4942,4091,6
U539,May,2025,24213,1008.96,10723,3231,5806,4453,0
U565,Dec,2023,13845,577.79,5267,3381,2506,2691,0
U531,Feb,2023,12382,514.93,4180,1849,3590,2763,7
U329,Apr,2023,16112,667.84,6576,2241,3386,3909,3
U544,Jun,2025,24780,1034.79,8550,3788,6246,6196,5
U510,Jan,2023,19069,783.12,9436,3055,3803,2775,5
U655,Oct,2024,15810,658.85,5977,3771,2531,3531,7
U289,Apr,2024,22088,927.63,10644,2872,3990,4582,6
U413,Jun,2025,13509,564.41,4662,2747,2994,3106,4
U343,Sep,2023,19573,808.18,6612,3047,5207,4707,2
U265,Nov,2024,24404,1007.34,10332,4590,5434,4048,6
U276,Nov,2025,13578,565.76,6189,1659,2628,3102,3
U399,Feb,2023,12879,539.58,5323,2253,2319,2984,5
U343,Nov,2024,14162,588.83,4899,3066,3563,2634,0
U605,Jul,2023,21764,903.8,6694,4759,5167,5144,5
U603,Jun,2025,21840,898.94,9252,2870,4889,4829,6
U516,Feb,2023,19714,822.38,6430,3085,5406,4793,2
U293,Aug,2025,24931,1039.68,9190,5261,4634,5846,1
U673,Jul,2023,13359,560.64,5813,2730,2794,2022,1
U617,Nov,2024,16431,678.6,5251,4266,3865,3049,7
U505,May,2025,20148,841.31,6557,4929,5195,3467,5
U424,Dec,2025,23161,959.65,7233,6288,5065,4575,5
U697,May,2025,15960,663.27,7967,2251,3111,2631,3
U491,Jul,2023,15811,661.16,5967,2620,3082,4142,5
U628,Sep,2023,16242,669.53,7814,1733,3019,3676,2
U302,Nov,2024,16217,670.46,5817,3015,4307,3078,5
U674,Sep,2025,12080,504.62,5443,2192,2009,2436,4
U467,Sep,2025,14732,612.42,5065,3509,2863,3295,6
U555,Jun,2023,19833,814.99,7926,3018,4833,4056,7
U656,Oct,2023,14709,609.4,6838,2382,3277,2212,2
U310,Jun,2024,14422,599.76,6681,2573,2982,2186,3
U662,Mar,2024,15641,655.51,7176,2626,3212,2627,4
U530,Jan,2023,24791,1021.1,11521,3381,4319,5570,4
U650,Jul,2025,12667,529.56,4335,2993,2707,2632,6
U630,Apr,2024,14496,596.23,5746,2053,2789,3908,1
U465,Jan,2023,15499,639.21,6152,3561,2559,3227,2
U203,Aug,2023,23690,977.05,11326,4828,4089,3447,6
U285,Dec,2025,21636,906.06,7775,3785,4343,5733,4
U482,Jun,2023,21537,887.3,10473,3045,4625,3394,3
U528,Jun,2023,20080,839.08,7834,4269,4729,3248,6
U504,Feb,2024,18823,780.44,8168,3103,3613,3939,1
U650,Jan,2023,13189,553.93,4665,1753,3600,3171,4
U654,Feb,2023,18604,778.37,7107,4414,3784,3299,6
U612,Apr,2024,20650,861.92,9126,3297,3806,4421,2
U317,Feb,2025,21404,896.2,8616,3078,4176,5534,1
U421,Jan,2025,24751,1030.48,12032,3957,4693,4069,2
U354,Jul,2024,21103,883.03,9442,2842,4719,4100,2
U353,Nov,2024,13025,537.43,5377,1844,2863,2941,2
U212,Nov,2025,19785,813.12,9444,3196,3354,3791,6
U333,Dec,2025,22603,940.64,9789,3564,5175,4075,1
U682,Aug,2025,12071,500.16,5184,2166,1971,2750,6
U504,Jun,2025,17546,726.87,6128,4559,3218,3641,6
U493,Apr,2025,14685,609.82,5565,3390,2722,3008,6
U663,Jun,2024,21385,884.51,9337,2428,4033,5587,4
U500,Mar,2023,19372,806.38,9266,2123,3342,4641,5
U428,Dec,2025,13848,568.19,5028,2840,3426,2554,0
U471,Aug,2025,22576,947.51,7745,4823,5715,4293,4
U243,Oct,2023,14022,587.87,5871,3061,2279,2811,1
U632,Feb,2023,18338,769.01,5747,4102,3469,5020,0
U543,May,2023,15741,651.13,6971,2153,3089,3528,0
U526,Jan,2023,24940,1035.81,10989,4097,5102,4752,0
U502,Jun,2023,13298,557.91,4933,3026,2474,2865,5
U698,Feb,2023,16102,674.71,7705,3229,2865,2303,6
U564,Apr,2024,12904,539.26,5167,1914,2332,3491,7
U579,Jun,2023,15026,622.19,6448,2641,3051,2886,3
U627,Oct,2023,22220,923.56,7597,3389,4648,6586,1
U693,Nov,2024,18709,781.9,7174,3453,4153,3929,7
U221,Aug,2023,16711,689.71,7895,1922,2857,4037,5
U607,Dec,2025,20021,833.4,6858,5111,4291,3761,5
U307,Aug,2025,17969,751.61,6794,3661,3366,4148,3
U536,Nov,2023,14620,609.76,5316,3450,2399,3455,0
U503,Jun,2024,14646,607.51,4836,3920,2774,3116,6
U317,Apr,2025,16865,701.32,6036,2561,3841,4427,3
U324,Aug,2024,19345,812.27,6704,4283,4843,3515,7
U599,Aug,2025,14289,594.45,6926,2778,2317,2268,7
U481,Oct,2023,19370,809.39,8681,3369,3094,4226,3
U492,Jan,2024,15872,662.28,5765,3314,3749,3044,5
U403,Apr,2024,21677,903.96,9812,3340,3771,4754,1
U251,Apr,2024,23343,973.79,7106,5438,5021,5778,2
U471,Jul,2025,19690,816.24,7980,3268,4689,3753,6
U524,Nov,2025,13440,557.41,4704,2579,3346,2811,7
U477,Jul,2025,12765,529.34,4121,1906,3467,3271,7
U341,Nov,2023,24671,1012.33,11761,2602,5927,4381,3
U670,Aug,2025,22630,933.29,7691,3152,4920,6867,6
U475,Nov,2023,16092,662.26,7474,2055,2968,3595,3
U490,May,2024,24975,1046.11,9556,4491,5760,5168,0
U534,Jul,2024,21341,880.85,6463,3038,6395,5445,6
U581,Aug,2023,23757,977.33,10607,3040,4672,5438,0
U652,Sep,2025,24334,1000.61,10202,5035,4687,4410,7
U696,Mar,2023,22164,924.24,8174,4930,5021,4039,5
U573,Mar,2024,14666,601.4,5225,3379,3116,2946,0
U252,Apr,2024,20655,856.59,6500,5439,3711,5005,6
U694,May,2023,17968,738.82,8773,2057,4185,2953,4
U227,Oct,2025,24410,1021.55,9734,3414,5928,5334,6
U357,Jan,2025,19641,824.11,6228,3577,4009,5827,3
U439,Jul,2023,14181,595.02,6718,2858,2750,1855,0
U356,Sep,2023,21834,904.84,7767,4995,3828,5244,1
U491,Aug,2025,15888,661.65,5413,2774,4044,3657,4
U336,May,2024,12840,534.14,4573,1798,3637,2832,5
U344,Apr,2023,22846,944.68,9433,4336,5420,3657,2
U306,Dec,2025,17899,741.81,5634,3082,5381,3802,3
U620,Jul,2025,16118,661.87,6388,2979,3819,2932,3
U358,May,2024,12565,525.16,6020,2541,2383,1621,1
U346,Jul,2024,18005,742.54,6079,3751,4356,3819,2
U202,Dec,2024,21156,877.14,7748,5158,4876,3374,7
U633,Jan,2024,22474,932.24,8522,3887,4646,5419,2
U277,Jan,2024,21187,880.55,8840,4033,3627,4687,5
U332,Oct,2023,19226,803.99,9302,3758,2606,3560,5
U290,Mar,2025,21379,891.33,8100,4217,4442,4620,4
U545,Nov,2023,17890,745.35,5614,3964,3414,4898,7
U550,Feb,2023,16311,677.34,6028,3529,4045,2709,3
U659,Feb,2023,23446,963.54,7925,5842,5548,4131,0
U463,Jul,2023,19736,817.11,8493,2446,4763,4034,5
U551,Dec,2023,20848,874.73,6376,3869,4689,5914,1
U308,Oct,2024,14982,629.18,5369,2687,2930,3996,1
U274,Feb,2024,21305,889.07,8714,4809,3708,4074,1
U239,Nov,2025,18083,745.52,6427,4559,3715,3382,6
U597,Apr,2023,24598,1011.02,10090,3250,5256,6002,7
U359,Feb,2025,12556,520.0,4054,1902,3722,2878,7
U271,Jun,2024,15019,628.64,7337,2972,2395,2315,5
U647,Aug,2024,22496,938.58,8057,3741,5333,5365,5
U512,Oct,2024,14580,610.67,7065,1866,3271,2378,1
