user_id,num_people,num_children,bathrooms,has_garden,has_pool,washing_frequency,dishwasher_usage,shower_minutes_daily,vacation_days,climate
U101,7,6,3,1,0,3,10,35,17,Arid
U102,4,1,4,1,1,1,10,48,26,Tropical
U103,5,3,3,0,0,5,1,55,1,Temperate
U104,7,1,1,0,0,1,4,35,18,Arid
U105,3,0,5,0,0,1,9,39,23,Tropical
U106,5,3,3,0,1,7,12,35,9,Continental
U107,5,4,3,0,0,2,11,30,24,Arid
U108,7,2,2,0,0,2,1,77,28,Continental
U109,2,1,1,0,0,5,9,14,29,Continental
U110,3,1,5,1,0,5,14,15,2,Tropical
U111,7,3,3,0,0,5,13,98,24,Temperate
U112,3,2,3,0,1,4,8,21,27,Continental
U113,3,2,5,1,0,4,9,30,11,Arid
U114,5,2,1,0,0,2,5,35,25,Temperate
U115,4,0,2,0,0,2,7,36,15,Temperate
U116,3,2,3,0,0,5,8,39,11,Tropical
U117,6,1,2,1,0,4,14,66,7,Arid
U118,5,1,4,1,0,3,12,30,4,Arid
U119,2,0,1,0,0,4,7,10,10,Tropical
U120,4,1,4,1,0,2,4,44,9,Tropical
U121,6,5,4,1,0,4,4,48,2,Temperate
U122,6,2,4,1,0,2,5,66,26,Continental
U123,2,1,1,1,1,5,13,20,22,Continental
U124,4,0,1,1,0,7,0,44,8,Continental
U125,5,0,5,0,0,5,12,40,11,Continental
U126,1,0,2,0,0,5,10,7,5,Arid
U127,4,2,2,0,0,3,7,36,18,Arid
U128,2,0,5,1,0,7,1,14,15,Tropical
U129,6,0,5,1,0,3,5,42,20,Tropical
U130,5,2,4,1,0,2,13,40,22,Continental
U131,4,0,5,1,0,1,13,48,23,Tropical
U132,1,0,3,0,0,6,8,6,28,Arid
U133,1,0,2,1,0,3,12,8,13,Continental
U134,3,0,5,1,0,2,2,21,27,Continental
U135,3,1,3,1,0,7,1,33,3,Arid
U136,7,5,3,1,0,4,9,42,17,Temperate
U137,2,0,3,1,0,7,4,10,9,Continental
U138,4,2,3,0,0,5,10,56,17,Tropical
U139,4,3,4,1,0,5,8,20,11,Temperate
U140,7,3,3,0,0,5,5,70,18,Arid
U141,6,0,4,1,0,2,13,42,7,Temperate
U142,6,3,4,1,1,5,7,66,0,Temperate
U143,7,3,3,0,1,3,7,84,13,Continental
U144,6,0,2,1,0,4,6,54,22,Temperate
U145,3,0,3,0,0,5,4,27,5,Tropical
U146,4,2,3,0,0,2,1,24,13,Continental
U147,7,3,3,0,0,4,13,84,1,Arid
U148,4,3,2,1,0,5,14,56,8,Tropical
U149,1,0,1,1,0,1,9,5,28,Continental
U150,3,0,1,1,0,5,9,42,11,Temperate
U151,5,3,4,0,1,6,4,65,4,Tropical
U152,3,1,4,1,0,7,11,15,1,Continental
U153,7,6,2,1,0,3,6,35,18,Continental
U154,5,1,5,0,0,4,11,25,6,Arid
U155,1,0,1,0,0,3,11,11,6,Continental
U156,7,6,4,0,0,1,6,56,9,Arid
U157,2,0,1,1,0,1,10,22,16,Temperate
U158,4,3,2,1,0,6,12,36,25,Continental
U159,1,0,2,1,0,3,14,11,13,Continental
U160,4,2,5,0,0,4,1,56,26,Temperate
U161,6,5,5,1,0,1,6,66,10,Continental
U162,2,1,2,0,1,1,5,16,27,Continental
U163,2,0,4,0,0,5,6,12,19,Tropical
U164,1,0,1,1,1,6,10,12,5,Arid
U165,2,0,3,0,0,7,7,12,7,Continental
U166,5,2,5,1,0,2,3,65,18,Continental
U167,2,1,3,0,0,7,0,18,29,Arid
U168,4,1,4,1,0,7,7,52,18,Tropical
U169,4,1,5,0,1,1,7,52,23,Arid
U170,7,6,3,1,0,4,2,84,23,Continental
U171,4,0,4,0,0,4,2,48,23,Temperate
U172,7,4,1,0,0,5,4,56,16,Temperate
U173,4,1,4,1,0,4,13,32,23,Tropical
U174,5,4,5,0,0,5,2,30,23,Tropical
U175,7,5,2,1,0,1,14,56,17,Continental
U176,3,2,1,1,0,1,13,24,11,Tropical
U177,6,1,3,0,0,7,4,60,8,Continental
U178,1,0,5,0,1,1,14,7,22,Temperate
U179,4,1,2,1,0,1,7,24,23,Tropical
U180,2,0,4,1,0,2,0,24,15,Continental
U181,4,0,2,1,0,6,1,24,17,Arid
U182,2,1,5,1,0,7,1,24,15,Tropical
U183,6,5,5,1,0,7,11,66,15,Continental
U184,6,4,2,0,0,6,3,42,3,Continental
U185,6,1,4,1,0,2,8,60,22,Arid
U186,2,0,2,1,0,1,1,20,21,Temperate
U187,4,1,5,0,0,4,11,56,6,Arid
U188,6,4,5,0,0,5,13,54,0,Continental
U189,5,0,3,0,0,7,10,60,23,Arid
U190,7,4,3,0,0,6,12,63,28,Arid
U191,2,0,1,1,1,3,14,22,22,Continental
U192,2,1,5,0,0,5,11,20,28,Temperate
U193,4,1,3,0,0,3,8,44,19,Arid
U194,2,0,2,0,0,3,6,26,0,Arid
U195,2,0,4,1,0,7,9,14,7,Tropical
U196,6,4,2,1,0,1,7,84,25,Tropical
U197,4,1,4,0,0,3,0,44,22,Continental
U198,6,4,3,0,0,1,12,84,7,Continental
U199,7,4,1,1,0,2,4,49,9,Continental
U200,7,3,2,1,0,4,8,42,0,Tropical
U201,6,0,2,0,0,3,11,66,20,Continental
U202,7,2,2,0,0,7,3,56,24,Arid
U203,4,0,4,0,0,4,1,20,20,Arid
U204,1,0,3,0,0,1,5,10,28,Temperate
U205,6,3,2,1,0,3,1,60,13,Continental
U206,5,2,2,1,0,5,2,50,13,Arid
U207,5,4,1,0,0,7,13,30,9,Arid
U208,2,1,1,1,0,2,7,10,27,Temperate
U209,7,6,3,0,1,6,14,49,18,Arid
U210,5,4,3,1,0,2,2,30,24,Temperate
U211,2,1,5,1,0,3,1,20,28,Temperate
U212,1,0,1,0,1,7,5,10,15,Tropical
U213,4,1,5,0,0,2,13,36,8,Arid
U214,4,3,4,1,0,6,2,56,19,Tropical
U215,4,1,5,0,0,5,0,56,15,Arid
U216,5,3,2,0,0,4,11,45,19,Tropical
U217,1,0,5,1,0,5,13,13,26,Temperate
U218,5,3,3,1,0,2,14,45,7,Temperate
U219,7,1,4,0,0,6,14,98,6,Temperate
U220,5,2,2,1,0,4,13,50,10,Temperate
U221,1,0,5,0,0,7,2,8,20,Arid
U222,1,0,4,1,1,6,5,14,5,Continental
U223,7,0,4,1,0,5,2,35,14,Arid
U224,1,0,2,1,0,1,8,8,18,Tropical
U225,1,0,5,0,0,1,6,6,13,Arid
U226,4,0,4,1,1,4,13,56,14,Arid
U227,7,3,4,1,0,4,4,49,5,Tropical
U228,3,0,1,0,0,4,1,33,28,Temperate
U229,3,1,4,0,1,1,14,33,23,Tropical
U230,1,0,1,0,0,5,8,5,9,Tropical
U231,3,1,5,0,1,4,4,36,13,Continental
U232,3,0,5,1,0,1,6,33,15,Continental
U233,1,0,5,0,0,4,8,5,12,Temperate
U234,3,1,3,0,1,4,3,36,10,Tropical
U235,5,4,5,1,0,6,8,30,24,Tropical
U236,2,0,4,0,0,4,0,24,2,Tropical
U237,7,0,2,1,0,1,11,49,7,Arid
U238,2,1,1,0,1,5,5,28,27,Continental
U239,1,0,3,1,0,1,1,11,2,Continental
U240,4,0,5,1,0,1,7,40,1,Temperate
U241,7,0,5,1,0,4,4,63,20,Continental
U242,1,0,2,0,0,6,14,14,13,Continental
U243,4,0,2,1,0,3,2,24,19,Temperate
U244,2,0,3,0,0,7,1,12,28,Tropical
U245,1,0,1,0,0,3,7,5,20,Arid
U246,7,1,5,0,0,3,6,91,21,Temperate
U247,7,3,3,1,0,1,8,84,14,Continental
U248,6,4,4,0,0,4,7,72,2,Temperate
U249,5,0,4,1,0,7,10,25,0,Continental
U250,3,1,3,0,1,3,3,27,14,Tropical
U251,4,1,5,0,0,2,1,40,19,Tropical
U252,6,1,3,1,0,2,13,36,21,Tropical
U253,3,0,5,0,0,2,12,42,1,Continental
U254,3,2,2,1,0,5,1,27,17,Temperate
U255,1,0,3,0,0,4,1,10,0,Continental
U256,3,2,5,1,0,1,13,39,8,Tropical
U257,5,1,3,1,0,1,10,70,2,Tropical
U258,7,2,3,0,1,4,11,35,1,Tropical
U259,6,5,5,0,0,6,5,84,3,Continental
U260,3,0,5,1,0,7,6,21,15,Arid
U261,1,0,1,1,0,6,11,13,21,Tropical
U262,5,0,3,0,1,5,5,25,0,Temperate
U263,2,1,4,0,0,4,1,10,8,Tropical
U264,7,6,3,1,0,6,3,35,24,Continental
U265,7,4,3,1,0,7,2,77,7,Temperate
U266,6,2,5,0,0,5,10,54,5,Continental
U267,7,4,3,0,0,3,12,70,19,Arid
U268,3,0,3,0,0,3,3,36,17,Arid
U269,1,0,4,1,0,5,4,6,15,Continental
U270,7,6,5,0,0,4,6,42,7,Tropical
U271,7,4,3,1,0,3,13,49,22,Temperate
U272,2,1,2,0,0,4,8,14,27,Tropical
U273,2,0,1,0,0,6,14,14,29,Continental
U274,4,3,4,1,0,3,10,32,3,Continental
U275,5,0,3,1,0,7,1,35,2,Tropical
U276,3,2,2,1,0,7,7,18,14,Temperate
U277,7,2,3,0,0,6,2,91,5,Temperate
U278,7,0,3,1,0,7,8,70,0,Temperate
U279,1,0,5,1,0,4,9,7,17,Temperate
U280,4,0,5,0,1,4,11,52,22,Temperate
U281,5,2,5,0,0,7,3,40,10,Arid
U282,4,3,2,0,0,2,14,32,2,Arid
U283,6,2,3,0,0,5,2,72,29,Continental
U284,5,0,1,1,0,1,9,55,12,Arid
U285,7,4,4,0,0,5,5,77,16,Temperate
U286,7,3,5,1,0,7,9,98,17,Temperate
U287,5,4,5,1,1,4,12,55,25,Temperate
U288,7,1,3,1,0,4,8,98,25,Continental
U289,3,2,3,1,1,5,6,27,13,Continental
U290,5,3,2,0,0,4,3,55,24,Tropical
U291,4,2,2,0,0,6,2,32,6,Arid
U292,5,3,5,0,0,3,9,60,6,Arid
U293,7,6,3,1,0,4,3,91,13,Tropical
U294,3,2,1,0,0,7,2,21,25,Tropical
U295,3,2,4,1,0,7,11,33,23,Arid
U296,6,2,3,0,0,5,2,84,14,Temperate
U297,4,3,3,0,1,5,11,52,11,Arid
U298,2,0,2,0,0,5,13,10,11,Temperate
U299,2,0,4,1,0,7,12,12,7,Continental
U300,5,1,5,1,1,2,8,55,15,Arid
U301,6,4,3,0,0,7,3,36,8,Arid
U302,1,0,5,1,0,6,8,11,1,Continental
U303,5,4,3,0,0,7,11,25,13,Continental
U304,6,5,5,1,0,6,14,42,23,Continental
U305,4,1,4,1,0,7,9,36,23,Continental
U306,4,3,2,0,0,7,4,40,28,Continental
U307,4,3,4,1,0,2,6,52,15,Tropical
U308,4,3,1,0,0,6,13,52,4,Tropical
U309,4,1,2,1,0,2,4,28,4,Continental
U310,6,5,4,0,0,6,0,72,19,Continental
U311,6,3,1,1,0,2,1,48,29,Continental
U312,3,0,3,0,0,2,10,33,20,Continental
U313,2,0,3,1,0,6,14,20,17,Temperate
U314,7,0,5,1,0,2,4,84,17,Temperate
U315,4,0,2,1,0,7,5,40,4,Continental
U316,1,0,3,1,0,6,6,8,10,Continental
U317,7,1,2,1,1,2,1,42,12,Arid
U318,6,1,3,0,0,7,9,66,2,Continental
U319,1,0,5,0,0,7,8,8,16,Continental
U320,1,0,4,0,0,5,5,13,24,Tropical
U321,1,0,5,1,0,1,1,13,17,Temperate
U322,3,2,1,0,0,6,1,33,13,Continental
U323,6,0,3,1,0,2,2,54,11,Temperate
U324,1,0,1,1,0,5,0,7,13,Temperate
U325,4,3,1,0,1,1,8,28,25,Arid
U326,5,3,2,0,0,2,13,65,17,Temperate
U327,1,0,3,0,0,1,9,13,29,Temperate
U328,3,1,1,0,0,6,10,24,19,Continental
U329,7,0,4,0,0,7,3,35,1,Tropical
U330,6,0,1,0,1,7,4,84,6,Continental
U331,3,0,4,1,1,1,6,27,14,Continental
U332,1,0,2,1,0,7,0,12,27,Tropical
U333,6,1,1,0,1,3,2,84,9,Tropical
U334,5,1,5,0,0,4,13,40,14,Arid
U335,1,0,2,0,1,7,2,14,16,Tropical
U336,3,1,4,1,0,3,1,42,10,Continental
U337,2,0,2,1,0,6,7,16,1,Tropical
U338,4,3,1,0,0,6,4,52,26,Tropical
U339,7,3,3,0,0,1,0,91,20,Tropical
U340,3,2,3,1,0,7,11,33,17,Temperate
U341,6,1,4,1,0,7,1,84,24,Arid
U342,1,0,4,0,0,7,0,12,3,Temperate
U343,4,1,3,1,0,5,14,32,8,Temperate
U344,1,0,4,0,0,2,5,12,26,Arid
U345,6,4,2,0,1,4,8,60,27,Temperate
U346,1,0,5,1,0,7,10,7,16,Tropical
U347,2,0,5,1,1,2,6,22,16,Arid
U348,4,3,2,0,0,5,4,28,16,Temperate
U349,4,2,5,1,0,6,11,44,29,Continental
U350,6,3,1,0,0,4,12,54,15,Temperate
U351,7,1,2,1,0,3,2,56,19,Continental
U352,2,0,4,0,0,6,11,14,24,Tropical
U353,3,1,2,1,0,6,11,36,7,Continental
U354,1,0,3,1,0,1,7,8,22,Temperate
U355,5,0,4,0,0,5,9,60,14,Temperate
U356,1,0,3,1,0,1,3,14,0,Temperate
U357,1,0,4,1,0,1,8,7,18,Arid
U358,3,1,5,1,0,2,4,42,24,Arid
U359,1,0,2,0,0,6,13,13,14,Temperate
U360,2,0,1,1,0,5,5,20,8,Temperate
U361,2,0,4,1,0,1,4,18,4,Tropical
U362,4,0,4,0,0,3,9,36,15,Arid
U363,6,2,3,1,0,4,11,42,27,Arid
U364,7,5,5,0,0,7,10,42,12,Arid
U365,5,3,3,0,0,5,6,50,15,Continental
U366,1,0,3,1,0,2,6,5,21,Temperate
U367,1,0,5,1,0,5,0,11,10,Tropical
U368,3,1,1,1,0,6,1,27,12,Tropical
U369,6,0,3,0,0,2,6,48,5,Temperate
U370,2,1,3,1,0,4,7,26,25,Temperate
U371,5,3,4,0,0,3,3,70,19,Tropical
U372,4,1,5,0,0,1,5,20,16,Continental
U373,2,1,2,0,0,5,10,16,4,Tropical
U374,6,4,1,1,0,2,11,42,28,Continental
U375,7,3,1,1,1,4,9,70,16,Continental
U376,4,3,5,1,0,1,2,36,0,Arid
U377,7,2,4,1,0,7,6,77,26,Temperate
U378,3,1,4,0,0,4,10,15,4,Arid
U379,3,0,5,1,0,3,2,27,4,Continental
U380,1,0,4,0,0,1,10,6,6,Tropical
U381,7,4,1,0,0,1,6,42,15,Arid
U382,6,2,1,0,0,7,11,36,17,Tropical
U383,5,1,2,1,0,1,10,65,5,Continental
U384,4,3,5,1,0,2,11,56,1,Tropical
U385,2,1,3,1,1,1,10,14,12,Arid
U386,6,0,3,0,0,4,7,48,9,Continental
U387,6,3,2,0,1,2,2,54,20,Temperate
U388,3,0,2,1,1,1,1,24,19,Arid
U389,7,6,4,0,0,4,11,56,10,Arid
U390,1,0,2,1,0,4,5,9,25,Temperate
U391,1,0,2,1,0,5,3,14,20,Continental
U392,4,1,3,0,0,4,7,52,1,Temperate
U393,3,0,4,1,0,7,12,39,7,Arid
U394,6,4,2,1,0,6,14,60,23,Continental
U395,5,4,2,0,0,3,13,35,21,Tropical
U396,3,1,4,1,0,1,1,30,18,Arid
U397,4,3,5,0,0,7,3,56,19,Tropical
U398,4,1,4,1,0,1,1,32,16,Temperate
U399,3,1,3,1,0,1,13,21,15,Continental
U400,4,2,5,1,0,4,1,40,24,Temperate
U401,3,2,1,1,0,4,1,30,9,Tropical
U402,2,1,4,0,0,1,0,12,4,Arid
U403,3,2,3,1,0,6,3,39,13,Continental
U404,7,5,5,0,0,2,1,84,23,Temperate
U405,3,1,4,1,0,2,8,30,18,Tropical
U406,4,2,2,1,0,3,8,20,3,Tropical
U407,7,0,4,0,0,5,10,42,19,Arid
U408,4,1,1,0,0,7,10,32,15,Tropical
U409,1,0,4,1,1,3,6,11,23,Continental
U410,1,0,5,1,0,1,5,13,14,Tropical
U411,7,3,5,0,0,7,11,98,27,Arid
U412,2,0,4,0,0,1,2,18,8,Temperate
U413,1,0,5,0,0,1,13,14,2,Continental
U414,3,0,2,1,0,5,11,18,22,Temperate
U415,4,1,4,0,0,4,13,20,8,Temperate
U416,1,0,2,1,1,5,14,14,17,Tropical
U417,1,0,2,0,0,3,6,5,3,Tropical
U418,2,1,3,1,0,4,0,18,18,Arid
U419,7,4,4,0,0,4,8,77,23,Tropical
U420,7,4,5,1,0,3,3,91,3,Tropical
U421,6,3,2,0,0,4,5,78,8,Temperate
U422,2,0,3,1,0,7,5,24,0,Continental
U423,3,1,4,0,0,2,10,15,0,Tropical
U424,7,6,4,1,0,3,2,63,19,Continental
U425,4,2,1,1,0,3,3,40,18,Tropical
U426,2,0,1,0,0,2,12,20,2,Tropical
U427,1,0,2,1,0,5,10,8,9,Arid
U428,4,2,1,1,0,5,9,20,11,Tropical
U429,4,3,2,0,0,5,2,28,17,Arid
U430,1,0,5,0,1,4,12,14,13,Temperate
U431,2,1,2,0,0,2,5,16,9,Continental
U432,1,0,1,1,0,7,0,8,9,Tropical
U433,6,4,5,1,0,3,7,48,17,Arid
U434,4,1,1,0,0,3,7,36,23,Temperate
U435,5,2,2,1,0,3,8,65,0,Tropical
U436,5,4,3,1,1,4,5,40,29,Arid
U437,3,0,4,1,0,4,0,39,14,Arid
U438,7,0,1,1,0,6,2,91,7,Temperate
U439,1,0,2,1,0,7,14,5,25,Tropical
U440,1,0,5,1,0,5,0,9,2,Tropical
U441,3,2,1,0,0,6,14,39,17,Continental
U442,3,2,1,1,0,6,12,24,8,Tropical
U443,3,1,4,0,1,4,14,27,15,Arid
U444,4,2,2,0,1,5,4,32,20,Continental
U445,6,4,3,0,0,5,2,36,14,Continental
U446,1,0,5,1,0,3,13,14,29,Tropical
U447,4,1,2,1,0,4,1,24,4,Continental
U448,3,2,5,0,1,5,2,18,12,Arid
U449,1,0,1,0,1,6,8,5,21,Arid
U450,4,3,4,0,0,2,10,28,19,Temperate
U451,6,0,4,1,0,2,7,84,6,Arid
U452,4,3,3,0,0,4,12,20,15,Temperate
U453,6,4,4,1,0,3,2,48,6,Continental
U454,3,2,1,0,0,3,10,15,26,Temperate
U455,6,1,3,0,0,5,1,48,24,Tropical
U456,1,0,2,0,0,7,4,7,21,Temperate
U457,3,1,4,0,0,4,11,39,15,Tropical
U458,1,0,3,1,1,7,11,5,12,Continental
U459,5,0,1,0,0,2,12,60,16,Temperate
U460,2,1,5,0,0,6,11,26,8,Arid
U461,6,4,5,0,0,5,0,66,11,Tropical
U462,2,0,1,0,0,6,3,10,12,Continental
U463,2,0,1,0,0,7,7,16,25,Arid
U464,6,3,5,0,0,5,0,84,8,Tropical
U465,3,2,3,1,0,1,4,15,4,Continental
U466,5,1,5,1,0,6,11,40,6,Continental
U467,1,0,1,0,0,4,3,7,0,Arid
U468,4,1,4,0,0,6,5,24,3,Continental
U469,1,0,2,1,0,6,6,5,27,Temperate
U470,4,2,4,0,0,5,8,40,25,Continental
U471,1,0,4,0,0,2,0,11,3,Tropical
U472,6,0,1,0,0,7,10,60,15,Tropical
U473,5,1,5,0,0,1,9,65,4,Tropical
U474,4,0,3,1,0,6,3,52,21,Temperate
U475,7,5,4,0,1,7,5,42,3,Arid
U476,3,2,5,1,0,7,9,18,5,Temperate
U477,1,0,3,0,0,2,6,13,25,Temperate
U478,1,0,4,0,0,3,6,5,22,Temperate
U479,4,2,3,1,0,1,7,36,2,Continental
U480,3,2,5,0,0,1,13,15,24,Arid
U481,3,1,2,1,0,7,9,33,7,Continental
U482,6,0,5,0,0,5,7,78,16,Temperate
U483,7,4,1,1,1,6,7,70,28,Tropical
U484,6,0,3,0,0,3,7,36,17,Temperate
U485,6,3,2,1,0,5,11,60,17,Arid
U486,6,3,3,0,1,4,14,78,25,Tropical
U487,6,5,3,1,0,2,7,42,24,Arid
U488,6,1,4,0,0,2,5,78,11,Temperate
U489,5,1,1,1,0,5,8,60,24,Arid
U490,3,1,3,0,0,7,2,33,24,Continental
U491,6,5,5,1,0,2,5,72,0,Tropical
U492,3,0,5,0,0,6,4,42,22,Arid
U493,3,1,4,0,0,2,14,30,11,Tropical
U494,2,1,1,0,0,6,14,14,10,Tropical
U495,5,0,1,0,0,4,7,55,12,Temperate
U496,6,1,5,0,0,3,3,48,2,Temperate
U497,1,0,2,1,0,1,3,14,26,Tropical
U498,4,0,4,1,1,5,12,36,24,Arid
U499,7,0,4,0,0,5,14,84,7,Tropical
U500,1,0,5,1,0,6,9,11,2,Temperate
U501,5,3,5,1,0,4,10,55,16,Arid
U502,4,2,2,0,0,4,9,48,24,Tropical
U503,5,2,2,1,0,7,12,70,12,Temperate
U504,3,2,1,1,0,1,4,21,9,Tropical
U505,4,2,4,1,1,3,10,28,16,Tropical
U506,3,1,4,0,1,5,12,18,2,Tropical
U507,1,0,5,1,1,6,12,5,12,Arid
U508,1,0,1,0,1,4,14,14,21,Temperate
U509,4,3,4,0,0,5,5,40,5,Temperate
U510,4,2,1,0,0,6,14,40,13,Continental
U511,6,4,1,1,1,2,10,84,26,Tropical
U512,5,1,5,1,0,5,3,60,9,Tropical
U513,6,3,1,1,1,3,1,60,19,Continental
U514,5,4,2,1,0,6,11,50,15,Tropical
U515,6,3,2,0,0,3,11,30,17,Arid
U516,3,1,3,0,0,5,13,33,12,Continental
U517,4,3,5,0,1,2,1,44,9,Temperate
U518,1,0,3,0,0,3,11,14,5,Tropical
U519,5,2,2,1,0,4,2,65,9,Temperate
U520,5,1,3,1,0,6,1,55,4,Tropical
U521,1,0,5,0,0,5,0,12,28,Continental
U522,6,4,5,0,0,2,13,48,5,Temperate
U523,5,4,1,0,0,4,7,65,6,Tropical
U524,7,5,4,0,0,5,11,35,10,Arid
U525,3,2,1,1,0,7,4,36,15,Continental
U526,4,0,5,1,0,2,9,28,24,Tropical
U527,1,0,2,1,0,4,0,5,11,Tropical
U528,4,1,2,0,0,3,12,24,11,Tropical
U529,7,5,1,0,0,5,8,70,29,Continental
U530,5,3,5,0,1,5,7,45,22,Tropical
U531,5,3,2,1,0,3,3,35,19,Tropical
U532,7,0,5,1,0,7,7,91,25,Temperate
U533,1,0,2,0,0,1,12,12,4,Temperate
U534,3,0,5,1,0,4,11,21,15,Continental
U535,2,1,3,0,0,3,12,12,28,Continental
U536,1,0,5,1,0,5,9,12,5,Arid
U537,2,0,5,1,0,4,6,18,28,Tropical
U538,7,6,1,1,0,7,10,91,8,Temperate
U539,6,3,3,1,0,4,14,30,4,Temperate
U540,2,0,4,0,0,1,10,28,20,Tropical
U541,3,1,1,0,0,5,6,21,22,Tropical
U542,6,2,4,0,0,2,0,54,15,Continental
U543,2,1,2,0,0,1,5,12,17,Arid
U544,7,4,4,1,1,1,12,49,18,Arid
U545,6,1,5,1,0,2,3,48,11,Continental
U546,7,6,4,0,0,2,13,56,1,Continental
U547,2,1,1,1,0,7,9,26,25,Temperate
U548,7,3,1,0,1,7,9,35,9,Continental
U549,3,1,4,0,0,1,9,39,11,Arid
U550,2,1,1,0,0,4,10,26,13,Temperate
U551,2,1,1,0,0,3,11,20,17,Arid
U552,2,1,4,0,1,3,1,10,18,Tropical
U553,1,0,3,0,0,1,9,10,5,Arid
U554,1,0,3,0,1,4,6,12,4,Temperate
U555,1,0,2,1,0,2,8,9,26,Arid
U556,3,1,1,0,0,6,12,27,15,Temperate
U557,6,2,4,0,0,1,4,30,13,Temperate
U558,7,6,1,0,0,5,7,35,12,Continental
U559,5,3,5,1,1,4,4,60,20,Arid
U560,2,1,1,0,0,5,13,18,1,Continental
U561,7,2,1,1,0,5,6,84,1,Continental
U562,2,0,3,1,0,1,6,28,11,Arid
U563,3,2,4,1,0,4,8,18,0,Temperate
U564,2,1,1,1,0,5,2,16,18,Tropical
U565,1,0,3,0,0,7,13,14,27,Arid
U566,5,2,2,0,0,7,0,65,27,Continental
U567,4,1,3,0,0,4,1,28,26,Continental
U568,2,1,3,1,0,3,11,20,15,Temperate
U569,7,4,3,0,0,6,5,77,29,Continental
U570,1,0,1,0,0,5,13,7,6,Tropical
U571,4,3,1,1,0,5,9,20,26,Continental
U572,5,1,2,0,0,4,9,30,20,Temperate
U573,4,1,5,1,0,7,11,56,6,Arid
U574,1,0,5,1,0,6,12,11,15,Temperate
U575,6,4,5,0,0,3,13,66,24,Continental
U576,6,3,2,0,1,5,8,30,5,Temperate
U577,4,3,5,0,0,1,2,56,17,Continental
U578,3,2,5,1,1,7,9,33,0,Temperate
U579,7,4,3,1,0,4,1,98,0,Arid
U580,7,3,1,1,1,4,10,70,25,Continental
U581,4,1,1,1,0,7,0,40,24,Tropical
U582,2,0,3,1,0,5,1,22,13,Tropical
U583,2,0,3,0,0,3,2,22,5,Tropical
U584,7,6,3,0,0,5,6,35,5,Tropical
U585,7,0,1,1,1,7,1,98,3,Continental
U586,6,1,5,0,0,2,12,54,11,Continental
U587,3,2,3,0,0,5,4,36,29,Arid
U588,1,0,2,1,1,6,1,12,17,Temperate
U589,2,1,3,0,0,7,6,14,9,Continental
U590,7,0,4,1,0,6,9,49,2,Tropical
U591,6,2,3,1,0,7,7,66,2,Continental
U592,5,3,1,0,1,2,7,40,7,Tropical
U593,6,2,3,1,0,6,12,60,21,Arid
U594,2,0,4,0,0,6,14,26,22,Temperate
U595,2,0,2,0,0,1,7,28,24,Continental
U596,6,0,5,0,0,4,9,36,0,Temperate
U597,1,0,3,0,0,6,14,6,17,Tropical
U598,4,3,4,0,1,4,8,40,14,Tropical
U599,2,1,4,0,1,7,0,14,24,Temperate
U600,6,4,2,0,0,3,11,30,20,Arid
U601,7,0,1,0,0,5,0,42,19,Temperate
U602,6,0,3,1,0,1,13,66,16,Temperate
U603,3,1,4,1,0,7,14,24,24,Continental
U604,4,3,2,0,0,2,13,24,10,Continental
U605,5,3,5,0,1,3,13,60,12,Tropical
U606,1,0,4,0,0,1,9,8,24,Continental
U607,5,2,2,0,0,1,1,40,19,Arid
U608,4,2,1,1,0,7,10,24,24,Arid
U609,4,1,1,1,0,2,14,20,9,Arid
U610,4,2,4,0,0,2,5,20,12,Tropical
U611,5,3,4,0,0,4,13,35,16,Arid
U612,7,2,3,0,1,5,0,70,20,Arid
U613,4,2,2,1,1,7,4,44,0,Continental
U614,6,0,4,0,0,3,14,78,19,Tropical
U615,5,1,3,1,1,5,4,45,15,Temperate
U616,4,3,3,1,0,3,14,52,15,Arid
U617,6,4,4,0,0,1,14,72,27,Continental
U618,7,0,1,1,0,6,3,35,20,Temperate
U619,3,0,2,1,0,6,10,21,29,Arid
U620,7,1,2,1,1,7,4,84,26,Temperate
U621,4,1,1,0,0,2,11,52,2,Temperate
U622,5,2,4,0,0,2,0,40,1,Tropical
U623,2,0,2,1,0,1,10,20,5,Tropical
U624,4,2,4,1,0,1,10,32,10,Arid
U625,2,0,4,1,0,3,5,26,28,Arid
U626,6,5,3,1,0,1,6,36,2,Tropical
U627,3,1,1,1,0,7,7,30,25,Arid
U628,1,0,4,1,0,3,14,7,0,Arid
U629,7,5,5,0,0,5,1,98,10,Tropical
U630,3,0,1,1,0,2,14,24,12,Temperate
U631,4,1,2,1,0,2,14,24,4,Arid
U632,2,0,3,1,0,6,6,24,17,Continental
U633,7,2,2,1,1,6,5,98,14,Tropical
U634,2,0,2,0,0,7,8,24,17,Arid
U635,5,2,1,1,0,2,14,25,14,Arid
U636,2,0,2,1,0,7,7,28,19,Tropical
U637,5,2,4,0,0,5,13,50,19,Continental
U638,6,1,2,0,0,5,10,30,19,Continental
U639,7,2,3,0,0,4,13,70,6,Tropical
U640,7,5,3,0,0,3,14,77,16,Continental
U641,1,0,5,0,0,6,3,6,28,Arid
U642,4,1,3,0,0,3,13,52,7,Continental
U643,5,2,2,1,0,6,12,60,27,Arid
U644,1,0,3,1,0,4,8,13,12,Temperate
U645,2,0,1,1,0,2,0,28,25,Continental
U646,2,0,3,1,0,7,10,16,15,Temperate
U647,1,0,4,0,0,3,5,8,24,Tropical
U648,7,4,1,0,0,6,7,84,9,Continental
U649,2,1,5,1,0,3,10,10,28,Arid
U650,6,0,4,0,0,2,10,72,13,Continental
U651,6,4,2,1,0,7,3,66,5,Tropical
U652,1,0,2,1,0,1,1,11,19,Tropical
U653,5,1,2,1,0,6,10,65,21,Arid
U654,5,4,4,1,0,1,1,70,25,Continental
U655,1,0,4,0,0,4,9,11,6,Temperate
U656,5,3,4,0,0,7,0,30,5,Tropical
U657,7,5,1,1,0,5,4,35,26,Tropical
U658,7,1,1,0,0,3,12,35,16,Arid
U659,5,3,2,1,0,6,5,55,20,Continental
U660,6,5,3,0,0,3,3,54,23,Temperate
U661,5,1,2,1,0,4,3,40,7,Continental
U662,7,2,5,1,0,4,4,63,11,Continental
U663,3,0,1,1,0,3,13,42,25,Temperate
U664,4,3,4,0,0,6,14,56,24,Arid
U665,2,0,1,0,0,7,4,20,3,Tropical
U666,3,1,4,1,0,2,13,42,9,Arid
U667,5,0,5,0,0,7,13,50,5,Arid
U668,6,5,5,1,0,2,13,30,6,Continental
U669,1,0,1,1,1,5,13,6,20,Temperate
U670,5,3,4,1,0,7,8,35,26,Tropical
U671,6,3,5,1,0,3,7,48,7,Continental
U672,4,3,2,0,0,3,8,40,2,Tropical
U673,5,0,2,1,0,6,12,65,7,Continental
U674,7,6,4,1,0,3,13,42,14,Temperate
U675,1,0,1,0,0,6,2,12,29,Tropical
U676,6,3,5,1,0,3,13,78,20,Tropical
U677,6,0,1,0,0,4,2,36,0,Arid
U678,6,3,2,0,0,1,0,78,12,Continental
U679,4,0,5,0,0,3,13,44,21,Continental
U680,5,3,1,1,0,1,9,65,17,Continental
U681,4,1,3,0,0,2,12,40,14,Arid
U682,2,1,4,1,1,5,5,12,6,Arid
U683,2,1,4,1,1,7,3,24,14,Tropical
U684,5,3,3,0,1,7,10,70,24,Continental
U685,7,6,2,0,0,2,14,91,2,Continental
U686,4,2,5,1,1,3,14,48,29,Tropical
U687,1,0,4,0,0,7,13,6,25,Tropical
U688,6,3,3,1,0,6,7,72,13,Tropical
U689,6,5,3,0,0,2,1,42,19,Temperate
U690,5,1,2,0,0,4,10,35,3,Temperate
U691,7,5,2,1,0,1,1,91,3,Tropical
U692,2,0,1,0,0,6,6,26,2,Arid
U693,2,1,4,0,0,7,12,26,4,Arid
U694,6,0,1,0,0,6,14,48,24,Continental
U695,5,4,3,0,0,3,4,55,10,Temperate
U696,4,1,5,1,0,4,12,48,7,Temperate
U697,2,1,5,1,0,1,0,18,25,Tropical
U698,4,0,2,0,0,4,6,20,1,Tropical
U699,7,4,5,1,0,2,6,91,27,Tropical
U700,2,1,5,1,0,3,9,20,15,Tropical
U701,2,1,5,0,0,6,5,14,24,Tropical
U702,3,2,3,0,0,6,3,21,27,Arid
U703,2,1,5,1,0,2,11,28,9,Arid
U704,1,0,5,1,0,6,12,5,17,Tropical
U705,5,1,5,1,0,5,7,60,6,Arid
U706,5,1,1,1,0,3,11,30,4,Tropical
U707,4,2,3,0,0,2,10,20,28,Tropical
U708,7,0,2,1,0,3,1,77,6,Temperate
U709,2,0,1,1,1,1,1,26,20,Arid
U710,1,0,4,1,0,3,1,10,27,Arid
U711,4,3,3,0,0,3,2,48,5,Temperate
U712,3,1,3,0,0,1,5,36,23,Arid
U713,4,0,4,0,1,2,0,52,0,Temperate
U714,4,2,4,1,0,3,10,44,28,Continental
U715,2,0,4,0,0,4,1,26,10,Arid
U716,3,1,2,0,0,3,9,39,12,Tropical
U717,4,2,5,0,0,2,14,20,11,Temperate
U718,1,0,3,0,0,6,1,10,0,Tropical
U719,1,0,5,1,0,7,13,12,20,Tropical
U720,5,1,5,1,0,1,11,70,14,Arid
U721,3,2,4,1,0,6,0,39,0,Temperate
U722,3,2,2,0,0,2,2,24,2,Continental
U723,5,4,1,1,0,5,9,30,25,Tropical
U724,4,1,2,0,0,7,6,52,14,Tropical
U725,3,1,5,0,1,6,14,39,8,Continental
U726,1,0,2,0,0,3,12,12,13,Temperate
U727,1,0,4,0,0,7,0,7,28,Arid
U728,2,1,1,0,0,3,6,18,22,Tropical
U729,3,1,4,1,0,1,4,18,27,Arid
U730,4,0,1,1,0,3,8,28,21,Temperate
U731,5,4,5,1,0,7,1,25,23,Continental
U732,5,1,1,0,0,4,0,40,7,Arid
U733,4,0,1,0,1,4,8,36,21,Temperate
U734,7,1,1,0,0,6,7,42,3,Arid
U735,6,4,2,1,1,2,9,42,19,Arid
U736,2,0,2,1,0,1,5,20,19,Tropical
U737,5,1,5,1,1,5,14,50,5,Arid
U738,3,0,1,0,0,6,4,33,0,Tropical
U739,2,1,3,1,0,2,7,26,27,Temperate
U740,3,0,5,0,1,1,7,24,17,Temperate
U741,7,2,1,1,0,7,13,63,5,Tropical
U742,1,0,1,1,0,1,4,6,29,Continental
U743,2,0,2,1,0,7,11,20,13,Arid
U744,5,0,5,1,0,6,6,40,10,Temperate
U745,2,0,1,0,0,2,12,18,16,Temperate
U746,2,1,1,1,1,2,12,22,8,Continental
U747,2,1,5,1,0,3,0,20,27,Temperate
U748,6,0,3,0,0,5,3,72,21,Tropical
U749,2,0,5,0,0,4,1,20,6,Continental
U750,3,0,5,0,0,3,9,42,13,Temperate
U751,1,0,3,0,0,1,2,12,27,Continental
U752,7,0,5,0,0,5,11,56,16,Continental
U753,4,1,1,1,0,5,0,44,7,Temperate
U754,2,0,5,0,0,2,10,14,27,Temperate
U755,5,3,3,0,0,5,10,25,15,Temperate
U756,2,0,4,1,0,6,1,26,11,Continental
U757,5,1,5,1,0,5,12,65,11,Tropical
U758,3,0,2,1,0,1,0,30,27,Tropical
U759,5,0,1,0,0,6,7,30,27,Arid
U760,4,0,1,1,0,6,3,48,4,Temperate
U761,1,0,2,1,1,3,2,14,4,Tropical
U762,5,4,2,0,0,5,0,50,13,Arid
U763,5,4,5,0,0,2,1,55,5,Arid
U764,1,0,2,1,0,7,2,5,6,Temperate
U765,4,1,4,1,0,3,2,28,22,Arid
U766,2,1,3,1,1,2,5,10,20,Tropical
U767,5,1,2,1,0,5,9,70,16,Arid
U768,1,0,2,1,0,3,7,5,26,Arid
U769,3,2,4,1,0,5,5,15,8,Tropical
U770,1,0,1,0,0,1,1,8,21,Arid
U771,3,0,1,0,0,3,1,33,12,Arid
U772,4,2,5,0,0,2,13,44,8,Continental
U773,2,1,4,1,1,1,6,18,26,Arid
U774,1,0,3,1,1,4,0,10,15,Arid
U775,7,0,3,1,0,2,0,42,3,Continental
U776,7,0,4,0,0,7,6,63,1,Continental
U777,6,1,3,1,0,5,8,66,12,Continental
U778,5,1,1,0,1,2,4,65,12,Temperate
U779,4,0,3,0,1,4,10,40,18,Temperate
U780,1,0,3,1,0,2,0,14,11,Tropical
U781,7,1,4,1,0,1,4,56,3,Arid
U782,5,4,4,1,0,6,10,35,9,Tropical
U783,7,4,3,0,0,2,0,91,15,Temperate
U784,1,0,2,0,0,3,9,11,27,Arid
U785,3,1,4,0,0,7,14,30,23,Arid
U786,1,0,5,0,0,4,11,11,18,Continental
U787,6,5,5,1,0,2,8,72,7,Temperate
U788,1,0,1,1,0,4,3,9,5,Arid
U789,1,0,3,1,0,6,8,7,3,Continental
U790,6,0,2,0,0,1,1,42,29,Arid
U791,4,1,1,1,0,3,6,24,6,Temperate
U792,1,0,3,0,0,5,14,12,13,Tropical
U793,6,1,4,1,0,2,11,30,26,Tropical
U794,5,1,5,0,0,1,12,60,12,Arid
U795,3,2,2,0,0,4,1,21,20,Continental
U796,3,0,5,1,0,6,11,39,4,Continental
U797,1,0,4,1,0,7,3,6,8,Continental
U798,4,2,3,0,0,4,5,56,28,Temperate
U799,4,1,4,0,0,7,13,52,2,Tropical
U800,5,3,4,1,0,6,1,50,9,Tropical
U801,1,0,5,0,0,7,1,5,14,Arid
U802,3,2,2,0,0,6,1,27,19,Tropical
U803,4,3,4,0,0,1,2,56,20,Continental
U804,1,0,5,0,0,2,4,13,16,Temperate
U805,7,5,2,1,0,5,8,70,22,Continental
U806,4,3,3,1,0,2,5,44,23,Continental
U807,6,2,3,1,0,3,14,48,5,Tropical
U808,7,1,1,1,1,2,14,35,24,Temperate
U809,4,2,5,0,0,6,11,36,2,Temperate
U810,3,2,2,0,0,6,13,18,17,Continental
U811,2,0,4,0,0,3,8,24,4,Arid
U812,7,0,3,0,1,4,9,56,12,Tropical
U813,5,4,2,0,0,6,14,25,24,Arid
U814,5,3,5,1,0,3,13,70,26,Continental
U815,3,1,1,1,0,6,12,33,0,Tropical
U816,4,2,3,0,0,5,4,24,16,Arid
U817,1,0,2,1,0,6,10,7,25,Arid
U818,4,3,2,1,0,1,5,52,2,Arid
U819,3,1,2,1,0,3,9,39,25,Tropical
U820,5,3,5,1,0,7,11,30,18,Arid
U821,4,1,5,1,0,2,7,28,20,Temperate
U822,5,4,5,1,0,3,2,65,19,Continental
U823,7,6,4,1,0,4,1,35,21,Tropical
U824,1,0,2,1,0,6,2,6,11,Temperate
U825,7,5,3,0,0,3,13,42,7,Arid
U826,5,3,5,0,0,5,8,70,7,Continental
U827,5,3,5,1,0,3,14,35,14,Arid
U828,2,1,2,0,0,5,5,28,10,Temperate
U829,2,0,5,0,0,6,9,14,19,Arid
U830,7,4,4,1,0,2,11,98,0,Tropical
U831,6,0,4,0,0,6,3,36,28,Temperate
U832,7,1,5,1,0,4,9,84,15,Tropical
U833,2,1,2,1,0,1,2,24,29,Continental
U834,5,1,2,1,1,2,12,60,13,Tropical
U835,3,0,2,0,0,2,1,18,6,Tropical
U836,7,6,1,0,0,1,14,91,5,Arid
U837,5,1,5,1,0,3,13,55,20,Arid
U838,3,0,2,1,0,6,3,27,3,Temperate
U839,3,1,4,1,0,3,8,33,21,Continental
U840,2,0,3,0,0,3,3,24,7,Temperate
U841,7,3,3,0,0,6,12,91,21,Continental
U842,4,0,2,1,1,4,11,24,18,Continental
U843,1,0,3,0,0,2,4,10,24,Tropical
U844,2,1,3,1,0,5,14,26,2,Arid
U845,2,1,1,0,1,1,7,20,3,Continental
U846,4,2,4,0,0,2,1,24,12,Arid
U847,1,0,4,0,0,3,11,5,20,Continental
U848,5,3,1,0,0,1,10,35,26,Arid
U849,6,0,1,1,0,5,13,54,1,Temperate
U850,7,2,3,1,0,2,2,77,10,Arid
U851,6,1,5,0,0,2,5,84,15,Tropical
U852,5,2,3,1,0,4,11,70,9,Continental
U853,2,0,1,0,1,2,6,14,14,Tropical
U854,1,0,4,1,1,2,3,13,26,Continental
U855,2,0,3,0,1,5,13,28,9,Tropical
U856,3,2,5,1,0,5,14,24,1,Continental
U857,2,0,3,1,0,1,0,28,5,Arid
U858,2,1,2,1,0,3,6,12,13,Continental
U859,5,3,3,1,0,5,11,35,1,Tropical
U860,5,1,1,1,1,1,8,45,9,Tropical
U861,5,3,4,1,0,2,0,35,16,Continental
U862,6,3,4,1,1,1,13,54,7,Continental
U863,3,0,1,1,0,1,0,24,25,Temperate
U864,5,3,2,1,1,1,0,70,15,Temperate
U865,1,0,1,0,1,6,9,7,13,Arid
U866,6,4,3,1,0,1,6,60,9,Arid
U867,4,0,1,0,0,5,10,48,12,Arid
U868,1,0,1,1,0,7,8,8,0,Arid
U869,7,6,2,0,0,7,2,91,9,Arid
U870,7,0,3,1,0,7,7,70,29,Continental
U871,1,0,5,0,0,7,8,9,21,Temperate
U872,5,1,5,0,1,6,2,35,11,Continental
U873,4,1,4,0,0,3,11,36,29,Temperate
U874,4,3,1,1,0,1,11,36,16,Temperate
U875,6,3,4,0,0,4,2,48,23,Tropical
U876,4,1,2,0,0,7,14,40,13,Tropical
U877,7,3,5,1,0,2,0,49,4,Temperate
U878,3,1,1,1,0,7,1,42,18,Continental
U879,5,2,2,0,0,7,6,25,4,Temperate
U880,4,0,2,0,0,2,2,44,14,Arid
U881,6,2,1,0,0,6,6,66,12,Continental
U882,7,2,2,1,0,2,4,56,16,Continental
U883,3,1,1,0,0,2,9,39,0,Temperate
U884,2,0,1,0,0,6,7,12,27,Arid
U885,2,1,3,0,0,2,4,10,13,Temperate
U886,3,1,4,0,1,1,2,21,3,Arid
U887,7,0,2,1,0,7,8,77,24,Continental
U888,6,3,2,0,0,3,14,78,29,Temperate
U889,3,0,3,0,0,6,6,18,8,Arid
U890,5,4,3,0,0,4,4,50,16,Tropical
U891,5,3,3,0,1,6,6,35,2,Continental
U892,2,1,5,0,0,5,10,18,12,Continental
U893,4,2,5,1,0,4,9,52,11,Tropical
U894,6,4,5,1,0,5,8,42,15,Arid
U895,2,1,1,1,0,6,4,10,3,Continental
U896,4,1,2,1,0,5,6,36,17,Arid
U897,4,1,4,1,0,4,10,20,22,Tropical
U898,5,2,1,0,0,1,8,60,2,Temperate
U899,7,0,2,1,0,6,0,77,16,Continental
U900,1,0,2,1,0,6,3,6,0,Continental
U901,7,3,3,1,0,2,0,91,18,Arid
U902,1,0,3,1,0,6,7,9,21,Continental
U903,3,2,1,0,0,7,2,33,3,Temperate
U904,5,0,3,1,0,7,1,40,16,Tropical
U905,4,2,2,1,0,6,13,20,6,Continental
U906,6,4,3,1,0,1,3,72,1,Tropical
U907,1,0,5,0,0,2,10,5,11,Arid
U908,7,6,3,0,0,3,2,49,4,Temperate
U909,4,0,2,0,0,5,10,40,15,Continental
U910,1,0,1,1,1,4,4,12,7,Tropical
U911,1,0,4,0,0,3,14,12,22,Temperate
U912,1,0,3,0,0,2,12,6,26,Tropical
U913,6,4,2,1,0,7,7,78,27,Arid
U914,5,4,4,0,1,7,9,40,7,Temperate
U915,6,1,4,1,0,7,7,48,12,Temperate
U916,2,1,5,0,1,1,10,12,25,Arid
U917,4,3,4,1,1,7,6,20,13,Arid
U918,5,1,2,1,0,4,7,70,10,Continental
U919,5,2,2,1,1,5,12,55,5,Arid
U920,5,2,3,1,0,6,12,70,15,Arid
U921,7,4,3,0,0,6,4,49,22,Tropical
U922,5,0,3,0,0,3,9,40,24,Temperate
U923,6,2,4,0,0,5,9,78,21,Tropical
U924,5,0,4,1,0,2,10,50,24,Arid
U925,3,0,5,1,0,5,11,15,14,Continental
U926,4,3,3,0,0,1,10,52,15,Tropical
U927,5,1,1,1,0,3,12,65,12,Tropical
U928,4,1,5,0,0,3,5,36,11,Temperate
U929,3,1,1,1,0,1,7,36,17,Temperate
U930,3,1,4,1,0,5,14,33,28,Temperate
U931,4,0,5,0,0,7,12,48,17,Continental
U932,1,0,5,0,0,1,0,13,13,Continental
U933,2,0,2,0,0,7,5,12,1,Arid
U934,7,4,4,1,0,4,5,98,21,Arid
U935,1,0,4,1,0,1,14,9,1,Temperate
U936,1,0,5,0,0,7,10,12,2,Tropical
U937,6,3,4,0,1,5,12,42,28,Temperate
U938,7,4,5,0,0,7,4,70,23,Arid
U939,7,0,2,1,1,1,3,70,7,Tropical
U940,1,0,5,1,0,2,0,11,10,Arid
U941,5,3,4,0,0,6,10,35,11,Continental
U942,6,5,4,1,0,1,9,72,3,Temperate
U943,6,1,5,1,0,6,10,72,8,Temperate
U944,3,1,5,0,0,1,7,39,23,Tropical
U945,7,2,5,0,0,5,5,84,16,Temperate
U946,1,0,3,1,0,4,2,7,23,Arid
U947,3,0,4,1,0,4,11,30,15,Arid
U948,4,2,4,0,0,6,2,52,16,Continental
U949,2,1,3,0,0,5,11,10,14,Arid
U950,6,3,5,0,0,7,5,42,19,Tropical
U951,4,3,2,1,0,5,11,24,25,Arid
U952,4,0,5,0,0,5,14,48,21,Continental
U953,5,4,5,0,0,2,6,50,6,Continental
U954,2,1,3,1,0,3,7,28,9,Temperate
U955,4,1,4,1,1,1,4,48,28,Tropical
U956,4,1,5,0,0,5,9,24,3,Arid
U957,2,0,4,0,0,5,5,20,23,Continental
U958,2,1,1,1,0,5,11,22,23,Arid
U959,4,3,4,0,0,4,0,48,13,Continental
U960,2,1,2,0,0,5,5,26,13,Temperate
U961,4,1,2,1,0,1,8,36,13,Continental
U962,4,3,5,0,0,7,9,28,24,Temperate
U963,5,4,4,1,0,7,3,30,13,Tropical
U964,1,0,5,1,0,5,13,12,21,Arid
U965,4,3,3,0,0,1,13,20,19,Arid
U966,3,1,2,0,0,2,9,42,17,Temperate
U967,6,5,5,1,0,7,12,60,14,Tropical
U968,7,0,3,1,0,3,0,42,22,Temperate
U969,1,0,5,1,0,4,13,7,25,Continental
U970,1,0,4,1,0,1,10,12,18,Temperate
U971,1,0,4,0,0,7,8,5,26,Tropical
U972,5,4,4,1,1,7,3,50,12,Continental
U973,4,2,4,0,0,6,1,28,11,Arid
U974,5,3,1,0,0,2,0,50,18,Arid
U975,4,1,3,0,0,3,2,28,18,Arid
U976,5,0,3,0,0,3,6,60,19,Tropical
U977,5,2,4,1,0,3,10,45,1,Tropical
U978,6,1,1,0,0,1,9,48,28,Tropical
U979,3,1,4,0,0,2,1,39,28,Tropical
U980,5,2,1,0,0,5,14,45,20,Tropical
U981,6,0,4,1,0,6,8,48,2,Continental
U982,2,0,2,1,0,2,11,24,9,Temperate
U983,3,1,2,0,0,2,12,36,4,Arid
U984,5,0,5,0,0,7,10,60,11,Tropical
U985,7,4,4,0,0,2,1,56,28,Arid
U986,1,0,3,1,0,1,4,5,6,Tropical
U987,2,1,5,1,0,6,7,12,8,Arid
U988,2,0,2,1,0,1,12,16,1,Temperate
U989,6,5,4,1,0,6,12,84,24,Arid
U990,2,0,5,0,0,6,11,12,9,Arid
U991,3,2,4,1,0,7,9,42,5,Tropical
U992,5,2,2,1,0,1,7,35,11,Continental
U993,5,0,5,0,0,6,2,65,5,Continental
U994,7,3,2,0,0,2,1,91,26,Arid
U995,1,0,1,1,0,1,8,13,2,Continental
U996,6,4,2,1,0,6,2,66,29,Temperate
U997,1,0,4,0,0,3,7,8,9,Temperate
U998,2,1,3,1,0,1,1,10,28,Continental
U999,7,1,2,1,0,7,2,49,8,Continental
U1000,1,0,3,0,1,4,0,12,19,Temperate
U1001,3,1,1,0,0,1,13,24,4,Continental
U1002,5,2,5,0,1,1,10,70,2,Continental
U1003,2,1,5,1,1,1,5,28,4,Tropical
U1004,7,3,3,0,0,6,12,42,7,Tropical
U1005,1,0,5,0,1,1,6,12,7,Continental
U1006,6,5,2,1,0,4,3,66,13,Continental
U1007,3,0,3,1,0,5,0,42,23,Tropical
U1008,3,0,4,0,0,1,2,39,21,Tropical
U1009,1,0,2,0,0,3,8,6,16,Continental
U1010,5,2,2,0,0,4,4,45,10,Tropical
U1011,1,0,2,1,0,5,5,10,25,Temperate
U1012,2,1,4,1,0,6,3,12,15,Arid
U1013,1,0,1,0,0,1,0,6,27,Temperate
U1014,3,1,5,1,0,5,13,42,5,Tropical
U1015,7,0,3,1,1,3,4,56,27,Temperate
U1016,1,0,1,1,0,4,4,12,10,Arid
U1017,5,4,3,1,0,4,4,45,9,Tropical
U1018,7,2,5,0,0,6,14,91,22,Temperate
U1019,6,0,4,0,0,6,5,48,29,Temperate
U1020,4,0,2,1,0,6,10,28,8,Arid
U1021,1,0,2,1,0,5,1,14,27,Tropical
U1022,5,4,4,1,0,1,0,60,23,Continental
U1023,7,5,1,0,0,2,14,35,26,Tropical
U1024,5,3,1,1,1,4,1,65,27,Arid
U1025,6,5,3,1,0,2,12,48,23,Arid
U1026,3,0,4,0,0,7,9,39,14,Arid
U1027,5,0,1,0,0,4,5,60,6,Arid
U1028,7,2,4,1,0,6,4,49,17,Continental
U1029,5,3,5,1,0,1,14,35,0,Tropical
U1030,5,4,2,0,0,1,4,65,14,Tropical
U1031,5,1,2,1,0,4,11,35,1,Temperate
U1032,2,0,2,0,0,5,11,16,21,Continental
U1033,2,0,4,0,0,7,14,26,28,Continental
U1034,3,1,4,1,0,6,5,24,1,Temperate
U1035,1,0,3,1,0,1,13,7,9,Temperate
U1036,5,2,2,1,0,7,9,55,19,Tropical
U1037,6,2,3,1,0,7,6,60,14,Tropical
U1038,1,0,2,0,0,1,8,5,9,Tropical
U1039,6,2,3,1,0,3,6,84,18,Continental
U1040,1,0,3,0,0,7,1,12,21,Continental
U1041,3,2,5,0,0,1,5,15,27,Temperate
U1042,5,1,3,0,0,3,8,40,27,Arid
U1043,5,3,4,0,0,1,6,50,12,Arid
U1044,4,0,3,0,1,1,1,40,29,Arid
U1045,6,5,2,0,0,7,2,66,23,Arid
U1046,1,0,3,0,0,5,7,9,10,Arid
U1047,1,0,1,0,0,5,10,9,21,Tropical
U1048,2,0,2,1,0,6,8,16,1,Temperate
U1049,4,2,1,0,0,1,3,40,20,Arid
U1050,7,5,2,0,0,6,8,77,26,Arid
U1051,7,6,4,1,0,6,1,98,12,Arid
U1052,2,1,4,1,0,6,12,28,21,Tropical
U1053,2,0,4,1,0,6,10,10,24,Arid
U1054,2,1,1,0,0,4,4,26,21,Temperate
U1055,6,0,5,1,0,7,10,72,25,Tropical
U1056,6,0,2,0,0,7,1,66,20,Tropical
U1057,3,1,4,0,0,4,10,39,0,Continental
U1058,3,1,2,0,0,1,0,21,25,Continental
U1059,2,1,1,1,0,4,12,28,4,Tropical
U1060,4,2,5,0,0,1,13,32,20,Arid
U1061,1,0,1,0,0,5,4,11,21,Arid
U1062,6,5,2,0,0,7,1,60,6,Arid
U1063,4,3,5,1,0,2,13,24,12,Arid
U1064,5,0,5,1,1,3,12,30,12,Continental
U1065,6,2,1,0,0,7,6,84,19,Temperate
U1066,6,5,4,1,0,4,7,66,22,Tropical
U1067,3,2,2,1,0,4,1,39,20,Arid
U1068,1,0,3,1,0,5,6,13,5,Continental
U1069,1,0,3,0,0,4,3,11,19,Temperate
U1070,7,2,1,1,0,1,0,84,11,Tropical
U1071,7,1,2,0,0,1,10,98,7,Tropical
U1072,7,2,2,1,0,2,14,49,8,Tropical
U1073,7,0,1,0,0,2,2,35,17,Arid
U1074,5,3,2,0,0,7,10,55,27,Tropical
U1075,5,3,4,0,0,2,11,60,10,Arid
U1076,6,4,1,1,0,1,0,36,19,Temperate
U1077,2,0,4,0,0,6,4,26,10,Continental
U1078,3,1,2,1,1,6,14,24,23,Continental
U1079,3,2,1,0,0,2,12,42,23,Continental
U1080,7,0,2,1,0,2,7,91,14,Tropical
U1081,6,2,1,1,0,1,0,42,8,Continental
U1082,4,3,2,1,0,5,13,48,2,Temperate
U1083,2,0,4,1,0,7,8,12,16,Arid
U1084,6,0,4,1,0,4,2,42,24,Continental
U1085,2,1,2,0,0,7,4,10,16,Arid
U1086,2,0,1,1,0,3,8,18,2,Arid
U1087,2,0,3,0,0,6,4,16,18,Continental
U1088,6,3,4,1,0,6,8,30,8,Continental
U1089,7,5,4,1,0,1,9,98,16,Continental
U1090,3,1,3,0,0,7,7,39,22,Tropical
U1091,3,0,2,0,0,1,6,30,17,Continental
U1092,7,4,1,0,0,3,10,70,22,Tropical
U1093,2,1,2,1,0,7,0,12,14,Temperate
U1094,4,3,5,1,0,3,3,44,0,Arid
U1095,1,0,4,1,0,2,8,13,28,Temperate
U1096,6,0,5,1,0,7,9,60,25,Continental
U1097,1,0,4,1,0,3,7,12,9,Arid
U1098,7,5,4,0,0,4,3,63,7,Continental
U1099,4,0,5,0,1,4,11,24,9,Continental
U1100,6,0,5,1,0,6,0,48,28,Arid
U1101,7,3,2,1,0,4,9,35,25,Temperate
U1102,2,0,5,1,0,7,3,10,1,Continental
U1103,3,1,2,0,0,4,14,30,18,Arid
U1104,1,0,2,0,0,4,2,6,13,Temperate
U1105,5,2,2,0,0,2,5,50,7,Tropical
U1106,5,4,4,0,0,6,10,25,18,Temperate
U1107,4,2,4,0,0,1,4,56,0,Temperate
U1108,2,0,5,1,0,6,4,14,15,Arid
U1109,1,0,4,0,0,6,1,13,24,Temperate
U1110,2,0,5,1,0,6,11,12,23,Tropical
U1111,1,0,4,0,0,3,2,12,14,Tropical
U1112,4,1,1,1,0,1,10,40,19,Continental
U1113,4,1,1,0,1,3,5,40,23,Tropical
U1114,5,0,5,0,0,2,1,55,29,Continental
U1115,2,1,4,0,0,2,14,18,4,Tropical
U1116,6,2,4,1,0,5,3,48,2,Temperate
U1117,5,3,2,1,0,5,1,50,16,Continental
U1118,2,1,3,0,0,2,8,24,28,Tropical
U1119,5,1,5,0,0,2,2,40,9,Temperate
U1120,6,0,3,1,0,3,9,54,4,Temperate
U1121,3,0,3,0,0,2,9,33,10,Continental
U1122,3,1,5,0,0,7,5,30,5,Arid
U1123,3,1,4,1,0,1,14,24,3,Temperate
U1124,3,0,5,1,0,3,0,24,6,Temperate
U1125,7,6,3,0,0,2,12,98,18,Arid
U1126,1,0,4,0,0,3,10,8,6,Continental
U1127,7,6,1,1,0,3,13,35,13,Tropical
U1128,7,6,5,0,0,4,14,63,16,Tropical
U1129,7,4,5,0,0,5,14,84,22,Temperate
U1130,3,1,4,1,1,3,9,33,16,Arid
U1131,6,0,1,1,0,6,2,54,12,Temperate
U1132,4,3,1,0,0,7,7,28,26,Continental
U1133,4,1,4,1,0,7,4,20,0,Temperate
U1134,1,0,2,1,0,3,7,11,1,Tropical
U1135,3,2,5,0,0,6,14,21,17,Arid
U1136,3,2,5,1,0,7,1,24,3,Continental
U1137,3,1,3,0,1,4,6,27,12,Temperate
U1138,5,1,4,0,0,2,8,60,0,Tropical
U1139,2,0,3,1,0,3,6,22,3,Temperate
U1140,5,4,3,0,0,4,2,65,1,Tropical
U1141,2,0,1,0,0,1,6,14,3,Arid
U1142,3,0,5,0,0,4,14,42,15,Continental
U1143,3,2,3,0,0,5,7,15,3,Temperate
U1144,5,3,1,1,0,5,13,25,24,Continental
U1145,5,0,4,1,1,2,0,70,8,Arid
U1146,2,0,3,1,0,6,12,10,16,Tropical
U1147,4,0,5,0,0,2,12,24,20,Arid
U1148,2,0,3,0,1,7,2,12,22,Arid
U1149,5,4,4,0,0,6,4,55,19,Continental
U1150,6,0,3,0,1,6,11,78,27,Arid
U1151,5,3,5,0,1,6,5,60,20,Temperate
U1152,6,2,1,1,1,6,2,48,1,Tropical
U1153,1,0,5,1,0,5,14,6,2,Arid
U1154,5,0,1,1,0,7,3,35,22,Temperate
U1155,1,0,2,0,0,5,4,14,25,Tropical
U1156,4,1,5,1,1,3,14,36,28,Continental
U1157,2,1,5,0,0,7,2,26,14,Tropical
U1158,6,0,4,0,0,5,3,72,6,Continental
U1159,2,1,3,1,0,2,4,14,3,Tropical
U1160,1,0,1,1,0,5,1,13,11,Arid
U1161,6,4,1,0,0,7,9,84,0,Continental
U1162,2,0,4,0,0,7,8,14,16,Continental
U1163,5,3,4,0,0,2,9,70,3,Continental
U1164,3,1,3,1,0,1,7,36,3,Arid
U1165,1,0,3,0,1,7,11,5,21,Arid
U1166,2,1,5,1,0,5,5,16,22,Tropical
U1167,1,0,2,0,0,2,9,8,24,Tropical
U1168,7,5,3,0,0,6,10,70,8,Arid
U1169,1,0,4,0,0,7,2,6,25,Arid
U1170,6,0,3,1,0,4,10,66,27,Continental
U1171,7,2,1,0,1,6,1,63,27,Tropical
U1172,6,1,2,1,0,3,6,84,20,Tropical
U1173,3,0,5,1,0,7,7,30,9,Continental
U1174,7,5,1,1,0,2,9,70,26,Continental
U1175,5,4,1,1,0,6,0,50,18,Continental
U1176,1,0,2,1,0,5,13,14,18,Temperate
U1177,2,0,5,1,0,5,14,24,14,Temperate
U1178,4,1,4,1,0,7,5,56,21,Arid
U1179,1,0,5,0,0,1,6,8,16,Tropical
U1180,1,0,3,0,0,4,14,14,6,Continental
U1181,3,0,1,0,0,7,12,36,2,Continental
U1182,5,4,3,0,0,2,8,65,4,Tropical
U1183,4,2,4,0,0,6,11,32,15,Temperate
U1184,7,3,3,1,1,4,2,35,22,Tropical
U1185,7,6,5,0,0,1,1,49,6,Arid
U1186,7,6,3,0,0,7,4,35,15,Temperate
U1187,6,3,4,1,1,3,12,66,8,Tropical
U1188,6,3,4,0,0,4,14,30,0,Tropical
U1189,2,1,4,0,0,1,9,16,2,Arid
U1190,4,1,5,0,0,7,0,20,24,Tropical
U1191,7,3,4,0,0,7,12,42,7,Temperate
U1192,6,4,1,0,0,2,5,30,17,Continental
U1193,2,0,4,1,0,7,8,18,23,Continental
U1194,5,3,3,1,0,3,9,55,23,Continental
U1195,2,1,3,0,0,7,14,14,17,Temperate
U1196,6,1,3,0,1,5,8,72,23,Tropical
U1197,3,2,5,0,0,1,6,27,18,Tropical
U1198,3,2,3,1,0,5,13,27,6,Tropical
U1199,7,0,5,0,0,7,10,63,28,Tropical
U1200,3,0,5,0,0,3,6,36,24,Continental
U1201,7,6,4,1,0,1,14,42,19,Temperate
U1202,7,5,1,0,1,1,7,42,26,Arid
U1203,6,5,4,0,0,7,9,72,5,Temperate
U1204,3,1,4,0,0,3,13,39,24,Tropical
U1205,7,0,5,1,0,2,1,98,26,Tropical
U1206,4,1,5,1,0,1,13,56,10,Temperate
U1207,5,0,3,1,0,3,5,30,4,Temperate
U1208,2,0,3,0,0,4,4,16,11,Continental
U1209,2,1,4,1,0,5,4,24,0,Tropical
U1210,6,5,2,1,0,1,12,36,18,Temperate
U1211,3,1,2,1,0,4,2,24,10,Tropical
U1212,3,2,3,0,0,1,2,42,14,Temperate
U1213,7,2,2,1,0,2,5,35,24,Tropical
U1214,1,0,3,0,0,7,11,6,15,Temperate
U1215,7,3,5,0,0,3,9,77,2,Tropical
U1216,5,1,4,1,0,1,12,25,10,Arid
U1217,4,0,1,0,0,3,9,20,10,Continental
U1218,2,0,4,1,0,6,6,12,9,Arid
U1219,7,4,3,0,1,1,13,56,1,Continental
U1220,1,0,3,1,0,2,0,11,19,Continental
U1221,1,0,4,1,1,2,13,8,4,Temperate
U1222,7,4,3,1,0,7,2,63,22,Arid
U1223,6,0,2,0,0,7,11,48,22,Continental
U1224,2,0,2,0,1,4,0,16,24,Tropical
U1225,6,5,3,1,0,2,9,78,28,Temperate
U1226,4,2,3,0,0,3,2,40,7,Temperate
U1227,1,0,2,1,0,6,4,7,12,Tropical
U1228,1,0,3,1,1,2,8,10,14,Tropical
U1229,5,4,3,0,1,1,2,55,1,Continental
U1230,4,3,4,0,0,2,9,44,11,Tropical
U1231,1,0,1,0,0,6,13,12,23,Temperate
U1232,4,3,2,1,0,3,9,32,7,Tropical
U1233,2,0,4,0,0,1,8,10,20,Arid
U1234,3,0,1,0,0,4,0,30,28,Temperate
U1235,1,0,3,0,0,4,5,12,18,Tropical
U1236,5,4,3,1,0,4,8,45,24,Temperate
U1237,2,1,4,0,0,7,11,14,27,Continental
U1238,7,0,3,0,0,1,4,56,22,Arid
U1239,4,1,5,1,1,4,10,48,0,Continental
U1240,7,0,4,1,0,7,13,70,7,Arid
U1241,6,5,1,1,0,2,9,54,9,Tropical
U1242,2,1,4,0,1,1,1,26,12,Temperate
U1243,7,2,2,0,0,1,4,98,4,Tropical
U1244,1,0,4,1,0,1,0,7,21,Continental
U1245,4,3,3,0,0,5,8,44,8,Temperate
U1246,3,0,3,1,0,7,9,39,9,Tropical
U1247,2,1,5,1,0,3,12,16,13,Tropical
U1248,1,0,5,0,0,5,9,14,23,Temperate
U1249,5,4,5,1,0,5,8,70,29,Temperate
U1250,6,4,1,1,1,5,5,42,10,Continental
U1251,4,0,5,0,0,3,10,20,13,Arid
U1252,2,1,1,1,0,5,8,26,29,Arid
U1253,2,1,5,0,0,4,13,10,2,Temperate
U1254,3,1,1,0,0,1,2,18,28,Arid
U1255,3,2,4,0,0,1,14,39,20,Continental
U1256,5,0,4,1,1,7,3,45,15,Arid
U1257,6,0,3,1,0,2,12,48,19,Temperate
U1258,5,4,1,1,0,6,5,65,29,Continental
U1259,1,0,2,0,0,4,3,13,16,Temperate
U1260,1,0,3,1,0,3,0,6,4,Continental
U1261,5,0,4,0,0,6,6,35,25,Continental
U1262,6,0,1,1,0,1,4,42,6,Temperate
U1263,5,0,5,0,0,5,13,45,16,Tropical
U1264,6,4,2,0,0,7,14,42,19,Temperate
U1265,6,2,4,0,0,7,7,84,21,Continental
U1266,7,2,3,1,0,2,8,70,10,Temperate
U1267,4,2,1,0,0,2,4,24,11,Temperate
U1268,6,0,2,1,0,1,7,60,24,Continental
U1269,3,2,1,0,0,4,12,30,26,Arid
U1270,6,4,5,0,0,7,0,36,23,Continental
U1271,6,2,3,0,1,6,0,60,1,Temperate
U1272,6,5,1,1,0,2,6,60,26,Continental
U1273,7,2,4,1,0,1,14,70,18,Continental
U1274,7,2,3,0,1,4,5,63,25,Arid
U1275,1,0,4,0,0,1,4,11,28,Tropical
U1276,7,4,1,0,0,1,13,63,4,Temperate
U1277,3,2,3,1,0,4,14,15,10,Temperate
U1278,3,1,4,0,0,4,4,39,22,Arid
U1279,7,4,5,1,0,4,13,49,18,Continental
U1280,5,0,5,1,0,1,8,30,27,Tropical
U1281,4,3,1,0,0,2,0,56,6,Temperate
U1282,7,3,3,0,0,3,7,70,20,Tropical
U1283,6,2,2,1,0,3,1,72,25,Tropical
U1284,2,1,3,1,0,1,6,12,21,Continental
U1285,4,3,5,0,0,1,5,32,5,Continental
U1286,4,3,4,0,0,2,9,24,10,Continental
U1287,3,0,2,0,0,4,1,39,26,Temperate
U1288,4,0,1,0,0,1,11,56,13,Tropical
U1289,7,4,2,0,0,7,12,42,27,Tropical
U1290,6,3,1,0,0,5,2,84,3,Temperate
U1291,6,4,2,1,0,4,3,36,27,Arid
U1292,1,0,1,0,1,7,6,9,7,Continental
U1293,6,0,1,0,0,1,7,54,8,Temperate
U1294,6,4,2,0,0,5,12,66,1,Continental
U1295,3,1,2,1,0,7,10,15,24,Tropical
U1296,6,3,1,1,0,6,1,36,10,Temperate
U1297,1,0,5,0,0,2,7,10,27,Arid
U1298,2,1,2,0,0,5,10,12,19,Continental
U1299,7,4,3,1,1,1,8,56,21,Tropical
U1300,3,0,4,0,0,3,6,42,29,Tropical
U1301,2,0,1,0,0,7,0,20,6,Arid
U1302,3,1,1,0,0,1,5,33,3,Arid
U1303,5,4,4,0,1,3,7,70,23,Continental
U1304,4,2,5,0,0,2,4,36,28,Tropical
U1305,5,0,4,1,0,2,11,60,13,Arid
U1306,6,3,2,1,0,4,14,60,25,Temperate
U1307,2,1,4,0,0,7,1,18,23,Arid
U1308,6,1,1,1,0,4,14,48,0,Temperate
U1309,4,1,4,0,1,3,4,40,23,Tropical
U1310,3,1,3,0,0,3,7,30,25,Continental
U1311,4,0,2,1,0,2,1,40,29,Tropical
U1312,1,0,4,1,0,5,0,5,11,Tropical
U1313,4,2,1,0,0,3,14,40,18,Tropical
U1314,1,0,2,0,0,3,3,5,4,Tropical
U1315,4,3,1,1,1,7,3,36,29,Continental
U1316,7,1,5,1,0,5,8,77,25,Arid
U1317,1,0,3,1,1,4,2,5,7,Continental
U1318,2,0,5,0,0,4,3,10,10,Continental
U1319,6,2,3,0,0,3,2,60,21,Continental
U1320,6,3,4,0,0,7,1,66,3,Continental
U1321,5,3,2,0,0,4,3,50,14,Arid
U1322,6,0,4,1,0,4,13,54,19,Tropical
U1323,3,0,3,0,0,6,7,30,11,Arid
U1324,7,3,3,0,0,7,0,49,19,Arid
U1325,4,1,3,1,0,4,7,52,21,Tropical
U1326,5,2,1,0,1,2,7,45,22,Arid
U1327,3,2,2,0,0,1,14,18,28,Continental
U1328,3,0,4,1,1,3,2,42,20,Continental
U1329,1,0,4,1,0,3,13,14,9,Tropical
U1330,6,1,5,1,0,2,9,66,29,Tropical
U1331,2,0,3,0,0,1,9,14,23,Tropical
U1332,2,0,3,1,0,1,11,10,15,Continental
U1333,5,0,3,1,0,2,11,35,22,Tropical
U1334,7,1,4,0,0,5,5,91,7,Arid
U1335,2,1,5,0,0,5,12,18,19,Arid
U1336,4,2,1,1,0,1,12,44,7,Temperate
U1337,2,0,2,0,0,5,3,14,28,Temperate
U1338,5,4,1,1,0,5,12,40,5,Tropical
U1339,2,1,4,0,0,5,0,10,2,Temperate
U1340,4,1,3,0,0,1,13,28,28,Continental
U1341,1,0,2,0,0,5,0,11,7,Continental
U1342,7,1,4,1,0,3,4,56,28,Arid
U1343,5,2,4,0,0,6,11,30,22,Arid
U1344,1,0,4,1,0,1,7,9,9,Temperate
U1345,1,0,2,1,0,2,0,9,4,Temperate
U1346,1,0,2,1,0,5,1,6,10,Continental
U1347,3,1,5,1,0,4,6,30,3,Arid
U1348,7,0,5,1,0,1,7,98,16,Temperate
U1349,6,0,1,0,0,7,11,48,25,Continental
U1350,7,6,2,1,0,2,13,35,2,Arid
U1351,3,2,2,1,0,6,2,21,17,Continental
U1352,6,3,2,0,0,3,10,78,7,Continental
U1353,7,5,5,0,0,7,11,98,29,Arid
U1354,1,0,4,1,0,2,12,11,23,Continental
U1355,5,2,3,0,0,5,7,50,11,Temperate
U1356,6,4,5,1,0,4,0,30,20,Continental
U1357,4,1,2,0,0,5,8,52,15,Temperate
U1358,4,0,5,0,0,2,11,52,13,Tropical
U1359,2,1,1,1,1,1,1,10,20,Tropical
U1360,6,2,2,0,1,7,13,60,15,Tropical
U1361,5,1,1,0,0,4,12,55,26,Continental
U1362,3,0,2,1,0,7,1,18,3,Tropical
U1363,1,0,5,0,0,7,3,14,0,Tropical
U1364,2,0,4,1,0,4,11,24,0,Continental
U1365,4,1,3,1,0,2,9,48,28,Arid
U1366,3,2,1,1,1,6,2,30,21,Continental
U1367,3,2,5,0,0,6,3,39,14,Temperate
U1368,1,0,4,0,0,5,5,7,19,Continental
U1369,6,0,5,1,0,2,6,36,19,Arid
U1370,4,2,1,1,0,4,4,24,2,Tropical
U1371,5,4,3,1,1,2,1,50,13,Continental
U1372,3,2,5,1,1,4,2,33,8,Tropical
U1373,1,0,2,0,0,7,9,10,18,Temperate
U1374,5,1,4,0,0,5,10,35,7,Arid
U1375,6,4,5,0,0,1,2,54,1,Tropical
U1376,4,0,4,0,0,7,13,48,3,Tropical
U1377,6,5,2,0,0,1,4,60,0,Tropical
U1378,3,0,3,1,0,2,11,18,10,Tropical
U1379,5,0,3,0,0,4,10,55,4,Continental
U1380,5,0,2,0,0,1,11,60,1,Arid
U1381,5,3,4,0,0,7,4,40,26,Arid
U1382,3,0,5,1,0,4,3,15,12,Tropical
U1383,3,1,2,1,1,5,7,18,16,Arid
U1384,6,2,1,1,1,7,5,48,16,Tropical
U1385,2,1,4,1,1,2,5,22,17,Temperate
U1386,6,3,3,0,0,4,0,36,20,Temperate
U1387,4,2,2,1,0,2,5,40,27,Temperate
U1388,1,0,3,0,0,4,2,6,8,Arid
U1389,5,4,4,0,0,7,12,55,5,Tropical
U1390,2,0,3,1,0,6,5,12,27,Continental
U1391,1,0,2,1,0,6,9,7,19,Continental
U1392,2,0,4,0,0,4,12,26,2,Temperate
U1393,7,4,1,0,1,5,10,56,7,Temperate
U1394,6,5,2,1,0,2,12,54,2,Arid
U1395,3,1,5,0,0,3,5,39,0,Continental
U1396,5,3,2,0,0,4,1,55,19,Arid
U1397,6,3,4,0,0,4,0,72,26,Temperate
U1398,1,0,2,0,1,6,10,7,12,Tropical
U1399,7,1,1,1,0,1,14,56,20,Tropical
U1400,7,2,1,0,1,7,2,77,4,Tropical
U1401,7,2,5,0,0,6,4,56,15,Temperate
U1402,1,0,3,1,0,2,14,6,20,Arid
U1403,1,0,4,1,0,6,14,14,23,Tropical
U1404,1,0,4,0,0,3,3,10,15,Continental
U1405,1,0,3,0,0,5,6,13,23,Continental
U1406,7,3,1,0,0,7,3,42,11,Temperate
U1407,7,3,1,1,0,3,7,35,12,Continental
U1408,2,0,2,1,0,5,6,24,3,Continental
U1409,6,0,5,1,0,3,9,30,8,Temperate
U1410,5,2,5,1,1,7,8,25,15,Arid
U1411,3,1,5,1,0,6,0,21,0,Tropical
U1412,7,2,2,1,0,3,14,63,4,Temperate
U1413,3,0,5,0,0,6,4,39,20,Continental
U1414,6,5,3,0,1,7,12,84,4,Tropical
U1415,6,3,2,1,1,6,3,36,23,Tropical
U1416,3,0,3,0,0,2,5,15,24,Tropical
U1417,7,6,2,0,0,6,0,35,18,Temperate
U1418,3,1,5,1,0,1,5,36,8,Tropical
U1419,2,1,3,0,1,3,0,28,28,Arid
U1420,4,3,3,1,1,7,13,56,26,Continental
U1421,7,4,3,1,1,4,13,98,7,Temperate
U1422,7,6,2,0,0,4,0,42,18,Temperate
U1423,5,3,4,1,0,4,7,65,17,Tropical
U1424,1,0,5,0,1,7,1,13,14,Continental
U1425,4,0,3,0,0,1,9,24,3,Tropical
U1426,6,0,4,1,0,6,12,42,14,Tropical
U1427,7,0,5,1,0,3,13,42,12,Temperate
U1428,3,2,5,1,1,5,5,30,27,Arid
U1429,4,3,3,0,0,5,13,44,17,Continental
U1430,5,2,3,1,0,7,5,50,19,Continental
U1431,6,4,2,0,0,2,5,42,4,Continental
U1432,1,0,4,1,0,1,7,7,17,Continental
U1433,1,0,4,0,0,3,3,6,27,Arid
U1434,5,1,3,1,0,6,2,30,7,Temperate
U1435,5,3,5,0,0,4,5,45,0,Arid
U1436,3,1,3,0,0,1,3,36,18,Tropical
U1437,7,3,5,0,1,1,1,70,22,Temperate
U1438,1,0,5,1,0,3,5,13,25,Arid
U1439,6,2,3,1,0,7,9,54,16,Continental
U1440,4,2,1,1,1,6,4,56,28,Continental
U1441,6,2,4,0,0,7,10,48,26,Temperate
U1442,2,1,5,0,0,7,8,26,1,Arid
U1443,2,0,5,0,0,2,10,28,18,Temperate
U1444,5,0,1,1,0,7,5,45,29,Continental
U1445,3,0,2,0,0,6,13,15,15,Arid
U1446,2,1,1,1,0,2,2,18,29,Continental
U1447,1,0,1,1,0,2,10,9,17,Temperate
U1448,6,4,5,1,0,4,4,54,1,Temperate
U1449,6,1,4,1,0,4,14,36,27,Temperate
U1450,5,3,1,1,0,3,9,50,26,Temperate
U1451,7,3,2,1,0,6,7,63,5,Temperate
U1452,7,5,3,0,0,7,8,42,6,Tropical
U1453,4,0,1,1,0,2,7,56,5,Temperate
U1454,5,3,1,0,0,3,14,60,26,Temperate
U1455,4,0,2,0,0,2,2,40,5,Continental
U1456,7,4,4,0,0,1,8,98,8,Temperate
U1457,5,1,1,0,1,5,2,35,7,Arid
U1458,5,4,1,0,1,5,7,65,29,Temperate
U1459,5,2,4,0,0,2,9,40,23,Tropical
U1460,7,2,2,1,0,3,8,49,21,Temperate
U1461,4,2,1,0,0,4,6,44,20,Continental
U1462,4,0,4,1,1,6,3,48,8,Arid
U1463,5,3,1,0,0,2,9,55,11,Arid
U1464,2,1,3,1,0,2,14,10,17,Temperate
U1465,3,2,5,1,0,6,8,15,22,Temperate
U1466,7,5,3,1,0,7,2,63,5,Temperate
U1467,3,1,1,1,1,4,14,36,22,Temperate
U1468,3,2,2,0,0,2,2,42,27,Continental
U1469,4,3,5,1,0,1,1,28,3,Continental
U1470,4,2,3,0,0,4,9,48,24,Arid
U1471,2,1,4,0,0,1,14,14,6,Temperate
U1472,3,2,2,1,0,5,2,24,17,Continental
U1473,3,1,3,0,0,6,0,42,28,Continental
U1474,5,2,4,1,0,4,14,55,19,Arid
U1475,4,0,1,1,0,7,3,28,4,Arid
U1476,3,2,4,0,0,4,7,24,17,Tropical
U1477,6,4,3,0,0,3,4,72,9,Continental
U1478,2,1,3,0,0,3,1,16,7,Arid
U1479,6,1,1,1,0,6,2,78,0,Continental
U1480,6,4,4,1,0,7,0,48,14,Continental
U1481,7,1,4,0,0,4,1,56,2,Temperate
U1482,7,4,1,0,0,5,0,63,14,Temperate
U1483,2,0,4,1,0,7,1,10,13,Temperate
U1484,6,1,1,1,0,2,2,66,0,Temperate
U1485,3,0,2,0,0,6,0,39,20,Continental
U1486,4,2,3,0,0,7,10,52,7,Tropical
U1487,2,0,2,1,0,6,8,10,6,Tropical
U1488,5,3,5,0,1,7,9,50,8,Tropical
U1489,6,1,5,0,0,3,4,42,17,Continental
U1490,2,1,5,1,1,5,7,16,11,Tropical
U1491,1,0,1,1,0,6,4,12,7,Continental
U1492,1,0,4,0,0,5,7,8,7,Arid
U1493,7,0,2,0,0,6,6,84,29,Tropical
U1494,4,0,2,0,0,3,11,32,5,Continental
U1495,3,0,2,0,0,2,3,39,2,Arid
U1496,4,0,2,1,0,3,14,40,1,Temperate
U1497,4,2,5,0,0,6,6,20,13,Arid
U1498,4,2,2,1,0,5,5,56,7,Arid
U1499,4,1,4,1,0,1,2,24,5,Tropical
U1500,5,3,5,0,0,3,8,55,3,Temperate
U1501,5,0,2,0,0,5,11,70,4,Temperate
U1502,7,4,1,1,0,7,9,77,20,Tropical
U1503,2,1,3,1,0,7,14,14,12,Arid
U1504,1,0,3,1,0,3,12,5,8,Continental
U1505,4,3,3,0,0,6,8,48,12,Tropical
U1506,7,5,5,1,0,7,13,98,28,Arid
U1507,2,1,2,1,0,5,4,28,8,Continental
U1508,1,0,5,1,0,2,7,11,23,Tropical
U1509,6,4,4,0,0,5,6,84,23,Tropical
U1510,3,0,1,1,1,7,8,36,15,Temperate
U1511,5,0,1,1,0,7,6,25,11,Temperate
U1512,6,0,3,0,0,4,3,42,1,Temperate
U1513,1,0,3,0,0,1,3,6,29,Continental
U1514,6,4,3,0,0,6,10,30,18,Tropical
U1515,3,1,2,0,0,5,7,27,29,Temperate
U1516,7,4,4,0,0,7,5,49,15,Temperate
U1517,1,0,4,1,0,6,8,14,23,Tropical
U1518,6,5,4,0,1,3,13,72,12,Continental
U1519,5,4,4,0,0,3,9,50,4,Temperate
U1520,5,2,3,1,0,5,13,70,22,Arid
U1521,2,0,1,0,0,4,6,26,29,Continental
U1522,6,2,3,0,0,7,6,78,23,Temperate
U1523,4,2,4,1,0,5,3,40,5,Arid
U1524,6,1,3,1,0,2,2,36,20,Temperate
U1525,7,1,4,1,0,4,7,91,23,Continental
U1526,1,0,5,1,0,7,6,6,16,Tropical
U1527,1,0,1,0,0,7,3,7,16,Tropical
U1528,7,4,5,1,0,6,12,70,16,Continental
U1529,6,2,2,0,0,5,3,36,2,Temperate
U1530,7,1,3,1,1,7,0,63,25,Continental
U1531,3,0,2,0,0,6,10,18,12,Arid
U1532,7,4,3,1,0,7,6,56,11,Temperate
U1533,5,3,5,1,0,1,0,35,5,Continental
U1534,7,4,4,1,0,4,9,63,21,Tropical
U1535,1,0,4,0,0,5,9,10,20,Continental
U1536,5,3,3,0,1,1,3,55,28,Temperate
U1537,1,0,4,1,0,5,10,14,12,Continental
U1538,2,0,5,1,1,2,13,24,13,Tropical
U1539,4,2,4,0,0,3,2,52,6,Arid
U1540,1,0,5,1,0,6,10,8,4,Continental
U1541,5,3,2,1,0,5,2,40,13,Continental
U1542,2,0,5,0,0,4,11,22,17,Arid
U1543,1,0,1,1,0,5,0,14,3,Continental
U1544,3,0,1,1,0,5,3,42,0,Tropical
U1545,7,3,1,0,0,5,13,91,6,Arid
U1546,4,2,3,0,1,7,0,24,19,Tropical
U1547,1,0,3,1,0,5,13,10,12,Tropical
U1548,2,1,3,1,0,7,12,28,3,Tropical
U1549,3,0,5,0,0,4,12,42,12,Temperate
U1550,6,2,3,1,0,4,7,72,3,Arid
U1551,2,0,2,1,0,5,14,18,2,Temperate
U1552,7,6,1,1,1,7,14,63,7,Temperate
U1553,2,1,5,0,0,3,0,24,19,Continental
U1554,3,2,1,1,0,5,11,15,7,Arid
U1555,2,1,3,0,0,6,13,20,24,Continental
U1556,3,2,5,0,0,6,5,42,16,Temperate
U1557,1,0,4,0,0,4,6,13,14,Continental
U1558,3,0,2,0,0,6,14,30,3,Tropical
U1559,3,0,3,1,0,6,9,33,5,Temperate
U1560,4,2,3,0,0,2,13,32,23,Tropical
U1561,3,1,2,1,0,5,11,42,29,Arid
U1562,3,1,2,0,0,5,1,15,21,Continental
U1563,6,0,4,0,0,5,3,78,27,Temperate
U1564,1,0,3,1,0,5,10,10,5,Arid
U1565,7,1,3,1,0,1,13,49,9,Tropical
U1566,4,2,1,0,0,5,2,32,3,Continental
U1567,6,4,5,1,0,7,12,84,8,Continental
U1568,5,4,5,0,0,4,12,50,15,Temperate
U1569,1,0,1,0,0,7,8,10,6,Continental
U1570,1,0,5,1,0,4,13,13,13,Continental
U1571,5,3,2,1,0,1,6,40,26,Tropical
U1572,7,4,5,0,0,5,1,63,5,Tropical
U1573,3,0,5,1,0,3,10,27,0,Tropical
U1574,6,4,1,1,0,7,11,42,17,Arid
U1575,2,1,4,0,1,5,5,12,11,Arid
U1576,4,1,5,1,0,4,8,48,21,Continental
U1577,2,0,5,1,0,7,11,28,26,Arid
U1578,5,2,4,1,0,2,2,65,14,Temperate
U1579,1,0,1,0,0,6,13,14,0,Tropical
U1580,7,4,4,1,0,2,14,91,14,Arid
U1581,1,0,1,0,1,3,10,9,14,Continental
U1582,4,1,2,1,0,5,5,52,26,Tropical
U1583,1,0,1,1,1,1,13,8,15,Arid
U1584,1,0,2,0,0,5,2,6,20,Tropical
U1585,4,2,2,1,0,3,2,28,0,Arid
U1586,6,5,1,1,0,3,3,30,28,Continental
U1587,6,4,3,1,0,6,8,54,2,Arid
U1588,4,2,1,0,0,3,10,20,11,Arid
U1589,7,3,5,0,0,2,12,35,27,Arid
U1590,5,4,5,1,0,6,7,55,27,Tropical
U1591,1,0,3,0,0,5,0,6,6,Arid
U1592,7,5,2,1,0,7,12,84,4,Arid
U1593,1,0,3,0,0,5,11,10,27,Arid
U1594,5,2,5,0,0,1,10,40,25,Tropical
U1595,6,3,3,0,0,3,0,78,0,Continental
U1596,7,4,1,0,0,3,6,98,0,Continental
U1597,3,0,3,1,0,4,2,36,14,Continental
U1598,3,0,2,0,1,6,13,42,7,Arid
U1599,3,1,1,0,0,4,10,21,10,Tropical
U1600,6,1,4,0,0,6,6,42,13,Continental
U1601,6,3,5,1,0,2,8,48,28,Continental
U1602,5,0,5,0,1,6,2,65,24,Continental
U1603,1,0,3,1,0,5,2,13,22,Temperate
U1604,5,2,1,1,0,1,1,45,12,Tropical
U1605,5,2,4,1,0,7,9,65,18,Temperate
U1606,6,1,1,1,0,6,0,60,11,Arid
U1607,3,1,5,1,0,6,8,36,21,Continental
U1608,2,0,1,1,0,6,5,24,18,Arid
U1609,1,0,4,0,0,1,5,14,25,Tropical
U1610,6,1,3,0,1,3,7,66,3,Arid
U1611,3,1,2,0,0,1,10,24,27,Arid
U1612,7,2,1,1,0,3,4,56,3,Continental
U1613,2,0,2,1,0,7,8,20,2,Tropical
U1614,2,1,5,1,0,5,14,26,25,Arid
U1615,6,2,3,0,0,1,10,66,5,Temperate
U1616,4,2,3,1,0,3,4,36,4,Continental
U1617,1,0,1,0,0,5,1,9,10,Temperate
U1618,2,1,3,0,0,5,5,24,24,Continental
U1619,6,0,1,0,0,3,14,60,8,Arid
U1620,6,2,1,0,1,3,8,30,2,Continental
U1621,3,1,2,1,0,2,2,15,28,Arid
U1622,7,0,3,0,0,5,9,91,8,Temperate
U1623,4,2,1,0,0,3,3,48,28,Arid
U1624,1,0,2,1,0,5,9,10,11,Continental
U1625,5,4,4,1,0,1,10,25,2,Continental
U1626,7,5,2,1,0,7,7,42,19,Continental
U1627,7,2,2,0,0,4,5,98,16,Temperate
U1628,3,1,1,1,0,4,12,21,20,Tropical
U1629,2,1,5,1,0,6,6,28,11,Temperate
U1630,2,0,5,0,0,3,6,14,24,Arid
U1631,3,2,5,1,0,3,3,18,17,Arid
U1632,6,3,2,0,0,5,14,36,3,Temperate
U1633,2,0,1,0,1,6,11,20,9,Temperate
U1634,4,0,3,1,0,3,5,44,17,Arid
U1635,1,0,2,1,0,5,11,8,29,Arid
U1636,7,2,2,0,1,3,8,35,7,Arid
U1637,7,6,1,1,0,5,2,70,8,Tropical
U1638,4,0,4,1,0,3,7,44,18,Tropical
U1639,2,1,2,1,0,2,6,16,12,Temperate
U1640,7,3,4,0,0,7,3,70,24,Temperate
U1641,5,4,4,1,0,5,9,65,5,Tropical
U1642,1,0,5,0,1,7,12,8,21,Continental
U1643,1,0,1,1,0,2,2,14,6,Tropical
U1644,7,0,4,0,0,2,13,56,27,Temperate
U1645,3,0,1,0,0,2,6,42,20,Tropical
U1646,7,0,5,1,1,2,9,63,5,Continental
U1647,3,0,1,0,0,1,8,21,10,Temperate
U1648,7,2,2,0,0,7,11,98,16,Arid
U1649,5,2,4,0,0,6,9,30,18,Temperate
U1650,6,2,1,1,0,7,2,78,27,Tropical
U1651,1,0,3,0,1,4,14,5,24,Tropical
U1652,7,4,1,1,0,1,9,63,11,Continental
U1653,5,4,4,0,0,3,8,45,20,Tropical
U1654,3,2,5,0,0,3,12,36,20,Continental
U1655,3,1,5,0,0,6,7,30,23,Temperate
U1656,1,0,4,0,0,4,11,10,26,Tropical
U1657,4,0,2,0,0,4,2,40,26,Temperate
U1658,7,6,2,0,0,4,14,56,12,Arid
U1659,2,0,5,1,0,2,7,10,17,Arid
U1660,3,1,5,1,1,1,11,21,28,Continental
U1661,6,5,4,0,0,3,3,84,6,Tropical
U1662,6,4,2,0,1,1,5,60,24,Temperate
U1663,3,1,5,1,0,1,11,27,22,Temperate
U1664,4,2,2,0,0,1,9,56,27,Tropical
U1665,4,2,5,0,0,4,1,20,4,Temperate
U1666,5,1,1,1,0,6,7,45,28,Tropical
U1667,6,1,3,1,0,6,12,36,15,Tropical
U1668,5,4,1,1,0,4,8,25,21,Arid
U1669,6,3,5,0,0,3,6,48,3,Tropical
U1670,7,1,3,0,1,3,7,70,29,Temperate
U1671,7,0,3,1,0,3,6,77,27,Tropical
U1672,2,1,5,0,0,6,10,26,22,Arid
U1673,7,2,5,1,0,6,9,63,0,Arid
U1674,2,1,2,1,0,1,3,24,3,Continental
U1675,7,5,5,0,0,4,0,84,2,Temperate
U1676,1,0,4,1,0,2,2,13,28,Tropical
U1677,7,0,5,1,0,1,6,49,3,Temperate
U1678,5,2,4,1,0,5,10,35,0,Temperate
U1679,3,2,5,0,0,6,10,39,11,Tropical
U1680,5,1,2,0,0,1,6,55,12,Arid
U1681,3,1,4,0,0,4,10,24,1,Temperate
U1682,4,0,1,0,0,5,12,20,27,Continental
U1683,5,2,4,1,1,7,2,55,26,Temperate
U1684,4,0,2,0,1,1,0,56,28,Arid
U1685,2,1,4,0,0,4,9,20,8,Continental
U1686,2,0,5,0,0,4,8,14,6,Continental
U1687,1,0,5,1,0,6,11,9,12,Continental
U1688,7,4,2,0,1,2,5,49,21,Continental
U1689,5,0,3,0,0,1,12,60,1,Tropical
U1690,4,2,5,0,0,4,12,36,0,Tropical
U1691,3,0,1,1,1,3,11,42,17,Tropical
U1692,2,0,2,0,0,4,6,28,6,Continental
U1693,7,4,4,1,0,2,0,70,17,Arid
U1694,2,1,4,1,1,4,0,12,18,Temperate
U1695,3,0,1,0,0,6,3,36,7,Continental
U1696,7,6,5,1,1,7,6,91,22,Arid
U1697,7,0,2,0,0,1,13,49,11,Temperate
U1698,4,3,1,1,1,6,10,40,10,Continental
U1699,4,2,5,1,0,1,14,40,26,Temperate
U1700,5,1,2,0,1,5,10,30,29,Tropical
U1701,5,0,4,0,0,1,7,70,26,Tropical
U1702,6,1,2,0,0,5,9,72,8,Tropical
U1703,6,5,3,1,0,6,8,54,27,Arid
U1704,1,0,2,0,0,3,0,12,3,Tropical
U1705,2,1,3,1,0,2,3,24,6,Arid
U1706,5,3,2,0,0,3,3,35,16,Tropical
U1707,4,1,3,1,0,5,2,36,10,Tropical
U1708,3,2,4,0,0,4,6,33,26,Tropical
U1709,4,1,5,1,0,4,0,36,1,Arid
U1710,2,0,3,0,1,3,8,20,22,Temperate
U1711,6,2,3,1,0,4,12,36,17,Arid
U1712,4,3,4,0,0,5,7,48,21,Continental
U1713,1,0,3,0,0,6,1,9,28,Continental
U1714,2,0,1,0,0,2,1,20,25,Arid
U1715,6,5,4,1,0,7,7,30,11,Arid
U1716,3,0,1,0,0,1,10,42,8,Temperate
U1717,6,4,4,1,1,5,13,36,10,Arid
U1718,7,1,3,0,0,7,14,56,4,Tropical
U1719,1,0,1,1,0,5,0,13,25,Temperate
U1720,2,0,3,1,0,1,12,20,6,Arid
U1721,3,0,4,1,0,1,6,36,28,Arid
U1722,1,0,3,0,0,2,8,6,0,Continental
U1723,6,2,1,0,0,2,11,84,23,Temperate
U1724,1,0,1,0,0,2,14,9,24,Continental
U1725,2,0,3,0,0,4,2,10,28,Arid
U1726,5,1,2,1,0,5,6,40,4,Temperate
U1727,1,0,4,1,1,6,5,14,5,Tropical
U1728,7,0,4,1,0,1,14,35,12,Arid
U1729,1,0,3,0,0,5,6,13,10,Arid
U1730,6,1,2,1,0,7,6,36,7,Continental
U1731,6,1,1,0,0,5,9,66,19,Tropical
U1732,3,1,5,1,1,2,0,21,1,Arid
U1733,6,3,5,0,0,2,13,36,14,Continental
U1734,4,1,3,0,0,5,2,32,9,Continental
U1735,2,1,2,0,1,2,9,22,7,Arid
U1736,2,1,2,1,0,4,0,22,1,Temperate
U1737,5,4,4,1,0,1,4,65,20,Arid
U1738,5,3,1,0,0,7,2,35,14,Tropical
U1739,2,1,2,0,0,5,0,22,28,Arid
U1740,7,6,5,0,0,1,1,70,5,Temperate
U1741,5,2,1,1,0,4,9,70,4,Continental
U1742,3,2,1,0,0,7,4,33,21,Tropical
U1743,6,5,3,1,0,2,10,66,21,Tropical
U1744,2,1,2,1,0,3,2,28,2,Tropical
U1745,5,2,3,1,0,4,5,45,10,Tropical
U1746,2,1,2,0,0,3,8,26,10,Temperate
U1747,4,0,4,1,0,1,5,44,15,Temperate
U1748,1,0,3,1,1,5,1,11,2,Temperate
U1749,6,4,3,0,1,7,1,42,8,Temperate
U1750,2,0,5,1,1,2,14,10,2,Continental
U1751,1,0,3,1,1,7,12,9,18,Arid
U1752,5,0,2,0,0,4,12,60,10,Temperate
U1753,1,0,5,0,0,2,7,9,13,Arid
U1754,6,0,3,0,0,3,10,84,1,Tropical
U1755,2,0,3,1,0,3,7,14,6,Continental
U1756,4,1,4,0,0,6,5,52,9,Continental
U1757,7,4,3,1,0,7,9,42,9,Arid
U1758,5,4,1,1,0,5,6,35,19,Arid
U1759,2,0,5,1,1,3,0,16,0,Arid
U1760,6,2,1,0,0,5,14,84,5,Continental
U1761,5,4,5,1,0,6,11,25,20,Temperate
U1762,3,2,4,0,1,4,8,24,13,Continental
U1763,1,0,3,0,0,6,4,8,26,Temperate
U1764,7,0,3,1,0,5,8,91,1,Tropical
U1765,6,0,3,0,0,3,1,72,5,Temperate
U1766,3,1,5,1,0,1,13,18,0,Arid
U1767,2,0,3,0,0,5,7,22,2,Temperate
U1768,4,0,1,0,0,2,6,40,3,Temperate
U1769,5,1,3,0,0,1,10,55,12,Continental
U1770,1,0,4,1,0,7,13,8,2,Arid
U1771,5,1,1,1,1,5,3,45,14,Tropical
U1772,7,3,3,1,1,2,2,70,12,Temperate
U1773,2,1,3,0,0,7,3,26,21,Tropical
U1774,5,3,2,0,0,6,3,30,10,Arid
U1775,1,0,5,1,1,1,9,13,3,Temperate
U1776,2,1,1,0,1,5,9,28,29,Continental
U1777,5,1,2,0,1,4,7,25,16,Tropical
U1778,4,1,4,1,1,6,12,32,4,Continental
U1779,6,1,5,0,0,2,12,54,20,Tropical
U1780,2,1,1,1,0,4,3,26,24,Arid
U1781,6,5,3,1,0,3,13,60,23,Temperate
U1782,2,1,1,0,0,6,4,16,7,Tropical
U1783,4,0,3,0,0,6,1,24,20,Continental
U1784,6,5,5,0,0,5,12,54,23,Tropical
U1785,3,1,3,1,0,5,3,36,29,Tropical
U1786,1,0,4,1,0,2,6,12,9,Tropical
U1787,3,2,3,0,0,6,2,30,6,Tropical
U1788,5,3,4,0,0,5,13,25,16,Tropical
U1789,4,0,5,1,0,3,13,48,27,Tropical
U1790,3,2,5,1,0,7,0,24,6,Continental
U1791,2,0,1,0,0,7,12,12,26,Tropical
U1792,5,1,4,0,1,7,7,25,23,Tropical
U1793,5,3,4,0,0,5,7,55,18,Tropical
U1794,3,2,2,1,0,6,5,18,8,Temperate
U1795,3,2,2,1,0,7,6,24,23,Arid
U1796,4,1,2,0,0,1,14,32,1,Arid
U1797,1,0,3,1,0,4,9,14,21,Arid
U1798,3,1,2,0,0,6,10,15,19,Continental
U1799,7,1,4,0,0,3,1,42,18,Continental
U1800,3,1,3,0,0,6,4,15,26,Continental
U1801,6,2,5,1,0,3,11,60,5,Tropical
U1802,2,0,1,0,1,6,6,14,9,Arid
U1803,7,3,2,1,0,7,14,35,12,Tropical
U1804,7,0,5,0,0,4,8,84,24,Temperate
U1805,6,0,4,0,0,4,0,48,1,Arid
U1806,6,0,1,0,0,3,14,84,9,Temperate
U1807,5,1,5,1,0,6,2,55,9,Temperate
U1808,1,0,1,0,0,4,5,14,25,Tropical
U1809,2,0,2,1,0,2,13,12,4,Arid
U1810,4,1,4,0,0,6,6,40,21,Temperate
U1811,7,1,1,0,0,4,5,70,3,Arid
U1812,4,3,5,0,0,1,0,44,22,Temperate
U1813,3,1,2,0,0,1,3,15,1,Temperate
U1814,3,1,2,0,0,2,5,15,6,Tropical
U1815,4,0,5,0,0,4,7,24,17,Arid
U1816,3,2,5,1,0,1,9,18,16,Tropical
U1817,1,0,1,1,0,7,14,9,10,Tropical
U1818,6,1,3,0,0,6,13,30,20,Tropical
U1819,3,0,2,0,0,5,3,18,17,Tropical
U1820,5,4,1,0,0,4,6,50,7,Tropical
U1821,3,0,5,0,0,2,10,21,27,Temperate
U1822,2,1,1,0,1,4,2,16,27,Arid
U1823,1,0,5,1,0,3,7,5,11,Arid
U1824,2,0,4,0,0,3,0,18,23,Tropical
U1825,2,1,5,0,0,1,3,16,0,Arid
U1826,5,2,5,0,0,3,7,60,19,Temperate
U1827,1,0,5,0,0,2,9,7,29,Tropical
U1828,1,0,3,1,0,1,3,14,24,Continental
U1829,1,0,5,0,0,2,1,5,20,Continental
U1830,1,0,2,0,1,6,1,14,11,Temperate
U1831,1,0,2,1,1,2,3,9,26,Temperate
U1832,5,0,1,0,0,3,14,25,25,Continental
U1833,3,0,3,1,0,6,12,27,28,Tropical
U1834,2,0,1,1,0,3,3,26,5,Temperate
U1835,1,0,2,0,0,2,14,9,2,Continental
U1836,7,2,2,1,0,3,1,42,4,Tropical
U1837,3,0,4,0,1,3,6,18,13,Temperate
U1838,3,2,5,1,0,3,14,42,11,Arid
U1839,2,1,2,0,1,4,5,26,12,Arid
U1840,5,3,1,0,0,6,10,45,12,Arid
U1841,4,3,1,1,1,6,2,48,28,Tropical
U1842,4,3,5,1,0,7,7,56,16,Temperate
U1843,3,1,5,1,0,6,7,24,23,Continental
U1844,6,2,4,1,0,7,0,36,26,Temperate
U1845,6,4,3,0,0,2,2,48,14,Arid
U1846,2,0,1,0,0,7,4,16,5,Arid
U1847,4,0,5,0,0,7,1,52,11,Tropical
U1848,3,1,1,0,0,5,11,42,1,Continental
U1849,5,3,5,0,0,2,11,50,3,Tropical
U1850,4,2,2,1,1,6,4,56,19,Continental
U1851,3,0,1,0,1,1,10,30,24,Temperate
U1852,3,0,2,0,0,3,9,27,24,Tropical
U1853,1,0,1,0,0,3,2,10,20,Tropical
U1854,5,1,3,1,0,5,14,25,11,Tropical
U1855,1,0,4,1,0,1,8,9,2,Arid
U1856,2,0,2,1,0,4,10,20,16,Arid
U1857,1,0,5,0,0,7,0,12,5,Continental
U1858,7,1,3,1,0,2,3,56,23,Temperate
U1859,1,0,1,0,1,4,9,9,16,Tropical
U1860,7,4,2,1,0,1,5,56,26,Arid
U1861,4,0,1,1,0,5,14,44,16,Tropical
U1862,6,3,1,0,0,1,8,84,10,Continental
U1863,3,2,1,0,0,5,2,30,22,Continental
U1864,7,0,4,1,0,4,14,56,6,Temperate
U1865,5,1,4,0,0,4,2,50,1,Continental
U1866,1,0,5,1,0,1,14,8,18,Tropical
U1867,7,6,2,0,0,1,11,84,1,Temperate
U1868,5,4,3,0,0,7,4,35,21,Temperate
U1869,6,4,3,0,0,3,6,72,28,Arid
U1870,6,2,3,0,0,5,13,36,12,Tropical
U1871,1,0,1,0,0,3,4,10,23,Continental
U1872,2,0,4,0,0,2,10,24,23,Arid
U1873,1,0,2,1,0,2,7,5,15,Tropical
U1874,4,0,1,0,0,1,4,40,16,Tropical
U1875,7,0,4,1,1,4,6,91,10,Temperate
U1876,3,2,4,1,0,2,5,42,8,Temperate
U1877,2,0,2,1,0,2,13,28,26,Tropical
U1878,1,0,2,0,0,3,9,6,23,Arid
U1879,5,3,2,0,0,3,12,25,8,Temperate
U1880,2,0,1,0,0,7,1,12,28,Temperate
U1881,7,0,5,1,0,7,2,63,13,Tropical
U1882,2,1,2,1,0,2,10,20,12,Tropical
U1883,7,0,5,0,0,1,10,35,24,Temperate
U1884,1,0,1,0,0,3,3,11,10,Arid
U1885,7,4,5,1,0,2,4,56,11,Temperate
U1886,2,1,3,0,0,4,8,26,21,Tropical
U1887,5,2,5,1,0,3,5,50,2,Temperate
U1888,6,2,2,1,0,2,0,78,0,Tropical
U1889,2,1,1,1,0,7,2,10,26,Temperate
U1890,7,4,2,0,0,5,6,56,7,Tropical
U1891,6,1,3,0,0,3,7,36,25,Tropical
U1892,7,0,2,1,0,5,6,70,18,Arid
U1893,5,4,2,1,0,3,4,40,12,Tropical
U1894,7,5,2,0,0,3,14,91,6,Temperate
U1895,1,0,4,0,0,7,9,7,12,Tropical
U1896,3,2,3,1,0,6,7,15,25,Continental
U1897,2,1,2,1,0,6,8,10,5,Temperate
U1898,3,0,2,1,0,5,6,39,2,Arid
U1899,7,2,2,1,0,1,10,91,5,Temperate
U1900,5,1,1,0,0,2,8,45,27,Arid
U1901,2,1,4,0,0,1,0,12,2,Continental
U1902,7,5,1,1,0,1,13,91,12,Arid
U1903,6,2,4,1,0,6,8,72,12,Tropical
U1904,4,3,2,0,0,2,2,56,29,Continental
U1905,7,0,3,0,0,6,5,98,24,Continental
U1906,3,2,5,1,0,6,7,30,12,Arid
U1907,2,0,5,0,0,7,2,22,0,Temperate
U1908,3,0,2,0,0,6,3,30,28,Arid
U1909,2,1,1,1,0,4,6,18,7,Arid
U1910,7,4,3,1,1,1,11,56,4,Continental
U1911,1,0,4,1,0,7,6,11,19,Tropical
U1912,6,4,2,0,0,7,3,48,16,Temperate
U1913,7,3,3,1,0,1,8,98,8,Arid
U1914,3,2,3,1,0,7,12,42,12,Tropical
U1915,4,1,4,1,0,1,2,56,24,Tropical
U1916,4,3,3,1,1,4,11,52,12,Temperate
U1917,5,0,1,0,0,3,7,45,4,Tropical
U1918,2,0,1,0,0,7,7,24,13,Arid
U1919,3,1,1,0,0,5,12,30,10,Continental
U1920,5,2,3,0,1,5,3,40,24,Tropical
U1921,3,1,1,1,0,4,6,21,25,Continental
U1922,2,1,4,1,0,1,3,20,13,Temperate
U1923,7,5,3,1,0,5,12,35,24,Temperate
U1924,7,0,5,1,0,4,11,42,6,Tropical
U1925,4,3,3,0,0,6,0,44,23,Continental
U1926,7,4,4,0,0,2,0,56,16,Arid
U1927,7,6,5,0,0,5,13,63,3,Continental
U1928,1,0,3,0,0,2,0,14,9,Tropical
U1929,4,0,1,0,0,1,1,20,9,Continental
U1930,5,4,2,1,0,5,5,30,14,Continental
U1931,6,1,2,1,0,4,11,48,19,Temperate
U1932,1,0,1,0,1,3,9,12,11,Tropical
U1933,5,0,2,0,0,5,10,70,8,Continental
U1934,2,1,2,1,1,5,4,16,2,Tropical
U1935,1,0,1,0,1,5,10,7,14,Arid
U1936,5,3,1,1,0,5,1,35,11,Tropical
U1937,2,1,3,1,0,4,7,18,25,Arid
U1938,4,2,3,1,0,4,8,28,14,Tropical
U1939,6,3,1,0,0,3,6,72,25,Tropical
U1940,2,1,4,1,0,4,11,18,0,Continental
U1941,7,3,2,0,0,4,13,77,14,Continental
U1942,3,0,3,1,0,1,14,36,10,Arid
U1943,2,1,2,0,0,7,14,18,4,Arid
U1944,2,1,5,0,0,1,11,24,6,Temperate
U1945,6,5,1,1,1,7,8,42,11,Continental
U1946,3,1,4,1,0,2,3,33,19,Arid
U1947,7,0,5,1,1,3,12,84,24,Continental
U1948,5,3,5,1,0,7,6,55,5,Tropical
U1949,5,4,5,1,1,1,4,30,21,Temperate
U1950,2,1,1,0,0,3,4,24,2,Continental
U1951,3,2,3,1,0,3,2,30,9,Continental
U1952,3,2,1,1,0,5,8,42,25,Continental
U1953,7,4,3,1,0,6,12,49,20,Continental
U1954,6,0,5,1,1,6,9,48,25,Arid
U1955,4,0,5,0,0,6,4,44,21,Arid
U1956,5,1,4,1,1,3,5,35,29,Temperate
U1957,6,4,3,0,0,5,2,30,3,Tropical
U1958,1,0,5,0,0,2,9,10,12,Tropical
U1959,5,3,2,1,0,2,6,35,18,Temperate
U1960,6,4,4,0,0,6,8,84,4,Tropical
U1961,5,1,1,1,0,2,8,50,22,Arid
U1962,4,1,4,0,1,5,13,56,26,Continental
U1963,1,0,2,0,1,6,14,7,21,Tropical
U1964,4,0,3,1,1,7,12,40,17,Continental
U1965,7,4,1,1,1,7,9,56,0,Continental
U1966,1,0,1,1,0,5,13,8,20,Arid
U1967,2,1,3,1,0,2,9,28,20,Continental
U1968,6,1,4,1,0,6,4,84,27,Tropical
U1969,1,0,5,0,1,7,6,6,15,Arid
U1970,7,5,4,0,0,5,12,56,15,Temperate
U1971,7,0,2,0,0,4,11,56,15,Arid
U1972,4,3,5,1,0,7,11,44,27,Tropical
U1973,5,1,4,1,0,4,12,45,21,Arid
U1974,1,0,3,0,0,5,2,12,18,Tropical
U1975,6,2,2,1,1,5,5,66,15,Tropical
U1976,1,0,2,1,0,1,11,14,0,Arid
U1977,3,0,2,0,0,7,7,39,19,Tropical
U1978,5,2,5,0,0,1,12,60,19,Temperate
U1979,6,5,1,1,0,3,7,78,9,Tropical
U1980,6,0,5,1,0,7,1,30,1,Temperate
U1981,2,1,4,1,0,6,5,28,13,Temperate
U1982,4,1,1,0,1,3,6,28,7,Tropical
U1983,2,1,4,1,0,3,11,18,5,Continental
U1984,6,4,1,0,0,2,6,78,27,Temperate
U1985,5,2,5,0,0,4,2,60,2,Temperate
U1986,1,0,2,1,0,2,13,14,15,Arid
U1987,1,0,3,0,0,6,13,11,16,Temperate
U1988,5,0,2,1,0,5,8,30,11,Temperate
U1989,6,3,5,0,0,1,1,60,26,Temperate
U1990,7,1,1,1,0,6,10,56,18,Temperate
U1991,1,0,2,1,1,5,2,9,23,Continental
U1992,7,3,5,0,0,6,14,63,19,Temperate
U1993,1,0,4,1,0,5,10,8,2,Tropical
U1994,1,0,3,0,0,7,1,8,12,Continental
U1995,4,1,2,1,1,1,10,32,15,Temperate
U1996,4,1,1,0,0,5,8,24,10,Tropical
U1997,3,0,4,0,1,3,3,15,19,Tropical
U1998,2,1,5,0,0,6,1,12,26,Continental
U1999,5,3,3,0,0,1,2,55,15,Continental
U2000,5,0,1,1,0,5,12,25,19,Tropical
U2001,5,3,5,0,0,3,3,50,1,Continental
U2002,3,1,5,0,0,3,14,24,3,Continental
U2003,4,3,2,0,0,7,13,24,26,Arid
U2004,6,2,2,0,1,4,9,42,27,Continental
U2005,7,5,1,1,1,3,12,77,24,Arid
U2006,7,4,5,1,0,2,5,70,3,Continental
U2007,6,1,2,0,0,1,4,60,27,Continental
U2008,3,2,3,1,0,1,2,36,16,Tropical
U2009,6,5,3,1,0,1,9,72,0,Arid
U2010,5,0,5,0,0,5,7,50,0,Continental
U2011,2,1,2,1,1,6,7,10,29,Temperate
U2012,1,0,1,1,1,5,6,14,4,Continental
U2013,7,4,1,1,0,2,2,77,21,Tropical
U2014,4,1,1,1,0,6,13,48,11,Tropical
U2015,4,2,3,0,0,7,14,36,5,Tropical
U2016,3,0,2,1,0,3,0,24,5,Arid
U2017,4,0,2,1,0,5,4,44,24,Arid
U2018,5,0,3,0,0,6,0,50,16,Arid
U2019,7,6,1,1,0,3,5,70,25,Temperate
U2020,6,1,1,0,0,6,10,42,21,Arid
U2021,5,3,5,1,0,3,6,70,12,Tropical
U2022,3,0,4,1,0,6,14,24,7,Arid
U2023,5,3,2,0,1,5,14,45,23,Arid
U2024,6,2,2,0,0,5,11,78,11,Continental
U2025,2,0,2,1,0,2,4,24,14,Arid
U2026,3,0,4,0,0,7,3,21,18,Continental
U2027,2,0,5,0,0,7,1,20,28,Arid
U2028,1,0,4,0,0,4,4,14,20,Continental
U2029,2,1,1,0,1,1,8,10,25,Tropical
U2030,1,0,1,0,0,5,3,7,19,Arid
U2031,1,0,2,0,1,5,13,14,27,Tropical
U2032,2,0,3,0,0,3,1,22,16,Arid
U2033,3,2,2,1,0,4,12,33,8,Temperate
U2034,6,0,3,1,1,7,14,36,20,Temperate
U2035,5,2,4,0,0,5,5,35,17,Tropical
U2036,5,0,1,0,1,6,7,55,27,Tropical
U2037,6,0,3,1,0,7,1,60,1,Temperate
U2038,7,4,4,0,1,4,8,77,10,Temperate
U2039,7,5,1,0,0,1,6,98,22,Continental
U2040,1,0,3,0,0,6,13,13,19,Arid
U2041,1,0,2,1,0,3,12,12,16,Temperate
U2042,3,2,2,1,0,2,1,30,20,Tropical
U2043,4,3,2,1,1,6,10,32,17,Tropical
U2044,2,1,4,1,0,7,4,28,14,Temperate
U2045,1,0,2,1,0,1,4,13,6,Tropical
U2046,5,2,5,0,0,6,6,55,15,Arid
U2047,3,0,1,1,0,4,12,27,24,Continental
U2048,2,0,4,0,0,4,14,12,28,Arid
U2049,3,0,2,1,0,1,4,39,0,Continental
U2050,2,1,1,1,1,7,10,22,27,Continental
U2051,2,1,3,1,0,4,13,26,17,Temperate
U2052,6,3,2,0,0,6,5,78,26,Tropical
U2053,1,0,1,0,0,2,13,14,21,Continental
U2054,3,0,5,1,0,6,8,27,7,Temperate
U2055,3,2,3,1,0,2,2,33,6,Tropical
U2056,6,3,5,1,0,4,2,54,24,Tropical
U2057,5,3,1,0,0,6,7,35,29,Continental
U2058,5,1,5,1,1,4,9,70,1,Tropical
U2059,7,3,1,1,0,7,11,84,11,Arid
U2060,1,0,1,1,0,2,5,12,15,Tropical
U2061,1,0,5,1,0,7,11,13,8,Arid
U2062,4,1,1,1,0,4,9,40,19,Tropical
U2063,6,0,2,1,0,5,2,36,10,Continental
U2064,5,4,1,1,1,3,1,35,14,Continental
U2065,2,1,4,1,0,6,12,28,2,Temperate
U2066,3,1,1,0,0,5,1,30,22,Arid
U2067,1,0,4,0,0,7,1,5,20,Arid
U2068,3,2,1,1,0,4,14,18,12,Continental
U2069,3,2,1,1,1,4,4,36,20,Continental
U2070,4,3,5,1,0,3,14,48,27,Continental
U2071,5,3,2,0,0,4,11,50,12,Arid
U2072,1,0,2,0,0,3,4,7,1,Temperate
U2073,3,1,3,1,0,6,0,18,5,Arid
U2074,1,0,5,1,0,2,1,10,5,Continental
U2075,2,0,5,0,0,3,1,10,11,Temperate
U2076,4,0,2,0,0,3,14,56,3,Tropical
U2077,2,0,5,1,0,5,3,20,4,Tropical
U2078,1,0,2,0,0,4,6,13,22,Continental
U2079,7,1,5,1,0,6,2,77,29,Temperate
U2080,1,0,1,0,1,2,4,13,7,Continental
U2081,5,3,2,1,0,1,10,30,5,Arid
U2082,3,2,2,1,1,7,8,27,20,Arid
U2083,3,1,4,1,0,3,4,39,27,Temperate
U2084,2,0,5,0,1,1,8,22,2,Continental
U2085,4,1,5,1,0,4,0,52,22,Continental
U2086,7,0,2,0,0,7,8,70,7,Tropical
U2087,6,1,1,0,0,3,13,66,18,Temperate
U2088,3,2,1,1,0,1,4,42,20,Continental
U2089,5,4,1,1,0,5,7,45,10,Arid
U2090,2,0,5,1,0,1,4,20,17,Continental
U2091,2,0,4,0,1,7,13,10,9,Continental
U2092,6,4,2,0,0,5,11,30,25,Arid
U2093,5,4,3,0,0,7,5,30,27,Arid
U2094,4,3,4,1,0,2,7,32,19,Continental
U2095,5,3,3,1,0,4,1,65,11,Arid
U2096,4,2,4,1,0,6,2,44,19,Tropical
U2097,5,3,1,1,0,1,10,50,27,Tropical
U2098,5,2,5,0,0,3,8,25,28,Tropical
U2099,1,0,3,0,0,7,4,9,7,Arid
U2100,2,0,4,0,1,7,4,16,18,Arid
U2101,5,0,5,0,0,4,8,45,20,Arid
U2102,6,0,3,0,1,1,9,78,15,Temperate
U2103,5,3,2,1,0,3,2,35,26,Arid
U2104,3,1,4,0,0,3,13,24,20,Tropical
U2105,2,1,2,1,0,7,3,24,17,Tropical
U2106,3,1,1,0,0,6,6,21,8,Tropical
U2107,2,1,2,1,0,7,1,14,3,Temperate
U2108,3,0,2,1,0,6,7,39,8,Continental
U2109,5,0,4,1,0,7,4,45,24,Tropical
U2110,5,1,1,0,0,7,14,70,1,Temperate
U2111,1,0,2,1,1,3,0,5,8,Continental
U2112,6,1,5,1,0,6,2,66,8,Temperate
U2113,3,0,3,0,0,3,14,33,17,Temperate
U2114,4,1,2,0,0,1,8,40,10,Continental
U2115,1,0,1,0,0,7,4,10,12,Arid
U2116,3,0,2,1,0,2,7,21,5,Arid
U2117,3,0,3,1,0,6,0,21,8,Tropical
U2118,1,0,1,1,0,5,13,14,15,Continental
U2119,5,2,4,0,1,5,6,65,3,Tropical
U2120,3,1,1,0,0,5,6,15,1,Temperate
U2121,5,0,4,1,0,2,7,55,6,Arid
U2122,1,0,1,0,0,3,2,14,14,Tropical
U2123,5,1,3,1,0,3,0,55,24,Tropical
U2124,2,1,3,1,0,4,10,24,5,Arid
U2125,4,2,1,0,0,5,14,40,10,Temperate
U2126,7,1,2,1,0,5,8,84,26,Tropical
U2127,3,2,3,0,0,3,0,15,29,Tropical
U2128,6,4,4,1,0,5,10,30,19,Continental
U2129,4,1,4,0,0,3,5,52,16,Continental
U2130,7,4,5,1,0,7,8,56,3,Arid
U2131,5,4,4,0,0,7,13,35,18,Arid
U2132,3,1,5,0,0,3,1,30,6,Temperate
U2133,5,1,1,1,0,6,3,70,10,Temperate
U2134,2,1,1,0,1,3,1,26,12,Tropical
U2135,1,0,1,1,1,1,3,14,26,Continental
U2136,3,1,2,0,0,1,1,24,25,Temperate
U2137,7,5,2,1,0,1,11,91,20,Tropical
U2138,7,4,5,0,0,1,0,63,27,Tropical
U2139,2,0,4,1,0,2,10,22,2,Arid
U2140,2,1,4,0,0,4,2,14,13,Continental
U2141,3,2,1,0,0,4,7,21,1,Tropical
U2142,5,4,3,0,0,3,4,35,28,Arid
U2143,6,3,2,1,0,7,3,72,17,Tropical
U2144,7,4,2,0,0,5,4,70,4,Continental
U2145,7,2,1,1,0,1,5,91,12,Tropical
U2146,2,1,2,1,0,4,5,26,12,Tropical
U2147,4,0,1,0,0,4,4,48,23,Temperate
U2148,2,0,5,1,0,1,11,10,23,Temperate
U2149,6,2,4,0,0,7,10,60,13,Arid
U2150,5,4,3,0,0,2,11,40,11,Tropical
U2151,5,1,4,1,0,2,5,40,20,Arid
U2152,4,2,4,1,0,4,8,28,12,Continental
U2153,7,6,5,1,0,2,4,91,17,Arid
U2154,2,1,2,0,0,6,12,12,12,Tropical
U2155,5,3,3,0,0,1,5,25,3,Temperate
U2156,6,5,2,0,0,7,3,84,22,Temperate
U2157,3,0,4,1,0,4,12,21,29,Arid
U2158,1,0,1,1,0,1,2,8,21,Temperate
U2159,1,0,4,1,0,2,12,8,9,Tropical
U2160,1,0,2,0,0,1,11,10,22,Tropical
U2161,7,3,4,0,0,2,5,35,4,Continental
U2162,2,0,1,0,0,7,10,10,17,Temperate
U2163,4,3,5,0,0,2,10,24,7,Temperate
U2164,5,2,2,0,0,1,4,40,13,Continental
U2165,3,1,4,1,0,7,3,33,27,Arid
U2166,6,5,2,1,0,2,4,60,1,Continental
U2167,3,0,5,1,0,6,6,39,27,Temperate
U2168,6,3,4,0,1,3,0,66,7,Arid
U2169,7,2,4,0,0,1,13,63,15,Tropical
U2170,2,0,2,1,1,3,14,20,6,Tropical
U2171,1,0,2,0,0,1,0,14,2,Continental
U2172,2,0,1,1,0,2,10,26,28,Tropical
U2173,7,1,5,0,0,2,12,35,3,Temperate
U2174,4,2,1,0,0,7,0,52,28,Continental
U2175,4,2,4,1,0,4,1,40,6,Temperate
U2176,7,6,2,0,0,6,8,56,3,Temperate
U2177,6,5,4,1,0,4,12,54,8,Arid
U2178,5,1,4,1,0,3,4,25,22,Arid
U2179,5,1,3,0,0,2,13,55,16,Arid
U2180,6,5,3,0,0,4,8,72,16,Tropical
U2181,4,3,4,1,0,2,12,36,19,Arid
U2182,4,3,2,1,0,1,4,24,13,Temperate
U2183,4,2,4,0,0,4,14,48,13,Continental
U2184,2,0,3,1,0,3,13,28,28,Continental
U2185,4,2,2,0,0,7,6,44,24,Temperate
U2186,3,0,4,0,0,4,13,42,12,Tropical
U2187,1,0,5,0,0,2,13,13,3,Continental
U2188,4,1,5,0,0,5,14,32,12,Temperate
U2189,6,0,4,0,0,5,5,78,20,Temperate
U2190,1,0,2,1,0,7,1,8,16,Temperate
U2191,2,0,4,0,1,7,2,14,14,Continental
U2192,6,2,4,0,1,6,4,42,29,Continental
U2193,1,0,3,0,0,7,3,14,17,Arid
U2194,6,4,5,1,0,2,13,36,10,Arid
U2195,2,1,3,1,0,1,10,28,3,Temperate
U2196,3,1,3,0,0,4,5,21,27,Temperate
U2197,2,1,4,0,0,7,7,24,19,Temperate
U2198,2,0,3,0,0,5,7,24,10,Temperate
U2199,6,4,5,0,0,1,2,36,9,Continental
U2200,7,1,3,0,0,2,3,42,21,Arid
U2201,5,3,5,0,0,1,0,30,12,Tropical
U2202,4,2,3,0,0,2,1,56,21,Temperate
U2203,4,1,5,1,0,6,12,44,7,Arid
U2204,3,0,3,0,1,4,8,30,27,Temperate
U2205,3,2,3,1,0,1,14,15,12,Continental
U2206,4,2,2,1,0,4,11,24,8,Tropical
U2207,5,0,5,1,0,1,9,25,29,Arid
U2208,4,2,5,0,0,2,9,44,0,Arid
U2209,7,3,5,0,0,2,1,70,0,Tropical
U2210,5,1,1,0,1,1,11,30,14,Continental
U2211,3,1,3,1,0,6,5,18,21,Tropical
U2212,1,0,5,0,0,2,13,6,3,Arid
U2213,6,4,1,1,0,3,6,72,26,Tropical
U2214,7,5,2,1,0,3,5,77,19,Continental
U2215,7,3,5,0,1,4,7,35,0,Continental
U2216,3,0,5,1,1,7,8,24,24,Temperate
U2217,3,0,1,0,0,3,7,24,11,Tropical
U2218,2,1,3,0,0,3,4,22,10,Tropical
U2219,7,3,2,0,0,6,7,42,18,Arid
U2220,2,0,5,0,0,6,9,16,14,Continental
U2221,2,1,3,1,0,7,14,10,20,Tropical
U2222,6,3,2,0,0,5,14,48,9,Arid
U2223,2,1,4,0,1,7,9,10,0,Temperate
U2224,5,2,4,1,0,5,8,30,23,Tropical
U2225,4,0,2,1,1,6,13,24,2,Tropical
U2226,1,0,1,0,0,5,7,14,13,Arid
U2227,3,1,2,1,0,6,1,21,14,Arid
U2228,5,3,2,1,1,5,1,60,0,Continental
U2229,1,0,1,0,0,2,11,10,9,Continental
U2230,7,1,1,0,1,6,2,70,21,Continental
U2231,7,6,3,0,0,7,6,91,0,Tropical
U2232,7,2,3,1,0,4,8,84,14,Arid
U2233,5,4,1,1,1,4,7,30,2,Continental
U2234,5,2,4,1,0,6,8,50,20,Tropical
U2235,3,0,4,0,1,3,5,15,19,Continental
U2236,4,0,2,0,1,4,0,52,22,Temperate
U2237,2,0,5,0,0,7,13,16,21,Tropical
U2238,7,3,2,0,0,3,11,56,11,Continental
U2239,6,4,2,1,0,4,3,78,18,Continental
U2240,4,0,5,1,0,1,12,28,15,Temperate
U2241,6,1,1,0,0,1,5,54,26,Temperate
U2242,3,0,4,0,0,6,14,15,7,Continental
U2243,3,1,2,0,0,7,11,30,23,Continental
U2244,3,2,5,0,0,7,5,21,13,Arid
U2245,1,0,3,0,0,4,14,5,17,Continental
U2246,6,2,2,0,0,2,7,84,22,Continental
U2247,4,1,4,0,0,3,14,40,29,Arid
U2248,4,2,1,0,1,4,0,56,0,Arid
U2249,5,0,2,0,0,6,12,30,1,Continental
U2250,5,0,2,0,0,3,10,60,23,Arid
U2251,7,4,5,1,0,5,1,42,11,Tropical
U2252,5,0,3,0,0,6,1,40,16,Temperate
U2253,3,2,3,1,1,4,12,21,1,Tropical
U2254,4,3,1,0,0,2,5,52,27,Temperate
U2255,6,3,4,0,0,5,13,36,16,Temperate
U2256,3,0,1,0,0,6,13,21,20,Continental
U2257,1,0,2,0,0,4,10,11,6,Temperate
U2258,5,2,2,1,0,1,6,40,5,Tropical
U2259,3,2,3,0,0,7,1,30,5,Continental
U2260,3,0,4,1,0,4,4,21,21,Arid
U2261,1,0,5,1,0,1,5,5,7,Tropical
U2262,2,0,4,1,1,1,3,20,4,Continental
U2263,4,2,2,1,0,6,0,32,14,Temperate
U2264,6,1,5,1,0,4,2,36,25,Tropical
U2265,7,5,4,0,0,7,13,77,6,Temperate
U2266,2,0,4,1,0,4,9,28,2,Continental
U2267,5,1,5,0,1,1,8,45,24,Continental
U2268,3,0,2,0,0,3,12,30,9,Arid
U2269,1,0,4,0,0,5,5,10,2,Arid
U2270,1,0,5,1,0,2,1,13,29,Tropical
U2271,4,3,2,1,0,4,8,24,13,Arid
U2272,2,0,5,0,0,5,3,20,21,Temperate
U2273,7,3,5,1,0,5,10,91,2,Temperate
U2274,4,0,4,0,0,3,12,32,0,Arid
U2275,3,2,2,0,0,5,7,30,0,Arid
U2276,4,1,4,0,0,4,9,44,18,Arid
U2277,6,3,1,0,0,6,6,30,3,Tropical
U2278,1,0,1,0,1,6,11,9,29,Tropical
U2279,1,0,2,1,0,5,10,8,1,Temperate
U2280,5,0,5,1,0,4,2,70,24,Tropical
U2281,5,1,4,0,0,4,14,30,10,Tropical
U2282,7,0,4,0,0,1,7,42,23,Continental
U2283,3,1,2,1,0,3,3,18,11,Temperate
U2284,6,1,2,1,0,7,1,66,12,Temperate
U2285,2,0,1,0,0,2,10,16,15,Arid
U2286,4,3,3,0,0,7,4,40,15,Continental
U2287,7,3,2,1,0,1,0,77,18,Arid
U2288,3,2,3,1,0,2,12,39,22,Tropical
U2289,5,1,2,0,0,7,7,30,19,Temperate
U2290,4,2,5,0,0,4,13,56,20,Tropical
U2291,5,2,5,1,0,6,7,65,19,Tropical
U2292,4,0,1,0,0,1,2,36,8,Continental
U2293,2,0,1,1,0,7,0,20,15,Continental
U2294,3,0,3,0,0,5,3,30,26,Temperate
U2295,4,1,2,1,0,5,8,28,6,Temperate
U2296,6,0,4,0,0,2,8,84,12,Continental
U2297,7,0,1,0,0,4,14,77,3,Continental
U2298,1,0,4,1,0,6,0,11,12,Continental
U2299,6,5,4,0,0,2,10,72,7,Continental
U2300,6,1,2,1,0,7,14,54,1,Temperate
U2301,7,4,3,0,1,7,6,42,6,Temperate
U2302,1,0,2,0,1,6,5,7,10,Tropical
U2303,6,0,1,0,0,7,13,78,16,Tropical
U2304,4,0,4,1,0,3,6,40,23,Tropical
U2305,4,3,2,0,0,6,6,48,28,Temperate
U2306,4,0,2,0,0,5,7,48,13,Arid
U2307,1,0,2,0,0,7,7,9,27,Tropical
U2308,6,2,1,1,0,7,9,30,29,Arid
U2309,1,0,3,1,0,1,13,10,12,Arid
U2310,4,3,2,0,0,1,10,44,14,Arid
U2311,7,2,1,0,0,1,1,91,21,Continental
U2312,6,4,4,1,0,6,11,36,27,Temperate
U2313,6,2,5,0,0,5,11,36,20,Temperate
U2314,5,3,1,1,0,6,11,70,24,Tropical
U2315,5,1,5,1,0,4,3,25,8,Tropical
U2316,2,0,2,1,0,5,3,18,2,Temperate
U2317,3,2,2,0,1,5,12,18,24,Continental
U2318,5,4,1,1,1,6,14,35,12,Temperate
U2319,1,0,5,1,0,6,10,6,12,Arid
U2320,5,3,2,1,0,1,9,40,8,Temperate
U2321,2,0,4,0,0,5,11,14,17,Continental
U2322,6,1,3,0,0,1,12,78,4,Temperate
U2323,2,1,3,0,0,4,7,28,10,Temperate
U2324,6,4,2,1,1,3,13,36,1,Temperate
U2325,7,4,5,1,0,1,12,77,16,Arid
U2326,7,5,2,0,0,6,12,49,22,Tropical
U2327,6,3,5,0,0,7,2,84,19,Continental
U2328,3,2,4,0,0,2,11,36,20,Arid
U2329,5,1,5,1,0,3,12,40,3,Temperate
U2330,1,0,2,1,0,4,14,8,21,Temperate
U2331,1,0,4,0,0,7,12,13,26,Tropical
U2332,4,3,1,0,0,6,11,28,17,Tropical
U2333,6,1,3,0,0,3,2,66,23,Tropical
U2334,1,0,2,1,0,6,12,5,19,Arid
U2335,3,0,2,1,1,1,1,33,7,Continental
U2336,6,4,2,1,0,7,0,84,18,Tropical
U2337,3,0,4,0,1,6,7,18,11,Temperate
U2338,1,0,1,1,0,7,13,10,27,Continental
U2339,1,0,5,0,0,4,8,13,10,Temperate
U2340,4,3,1,1,0,2,8,40,15,Temperate
U2341,1,0,4,0,0,1,10,7,4,Continental
U2342,6,2,2,1,1,1,7,30,27,Arid
U2343,7,6,3,1,1,7,4,56,2,Continental
U2344,6,5,2,1,0,4,0,48,11,Tropical
U2345,6,3,5,1,0,4,8,72,14,Continental
U2346,4,1,3,0,0,3,5,56,15,Tropical
U2347,4,0,2,0,1,2,11,56,12,Tropical
U2348,1,0,3,1,0,6,14,11,6,Continental
U2349,2,0,1,0,0,3,6,28,14,Continental
U2350,2,1,4,0,0,6,7,22,2,Tropical
U2351,4,1,2,0,0,6,12,44,11,Temperate
U2352,1,0,5,1,1,6,4,6,7,Continental
U2353,2,0,1,0,0,3,5,26,24,Arid
U2354,1,0,2,0,0,1,11,10,28,Tropical
U2355,1,0,1,0,0,4,12,6,11,Temperate
U2356,1,0,5,0,0,1,6,5,17,Continental
U2357,5,2,2,1,0,2,6,25,2,Continental
U2358,6,4,5,1,0,3,1,30,11,Temperate
U2359,1,0,3,1,1,2,13,8,28,Arid
U2360,5,0,5,0,0,4,10,40,22,Tropical
U2361,4,2,3,1,0,4,11,52,20,Continental
U2362,2,0,2,1,0,5,13,10,25,Arid
U2363,6,2,3,0,0,2,0,42,22,Tropical
U2364,7,6,2,1,1,1,7,49,1,Arid
U2365,2,0,2,1,0,7,4,24,13,Tropical
U2366,6,3,4,1,0,2,9,36,13,Tropical
U2367,7,1,2,1,0,3,14,70,3,Arid
U2368,2,0,3,0,0,4,1,16,16,Tropical
U2369,6,1,4,0,0,4,2,84,14,Continental
U2370,2,1,4,1,1,2,5,20,15,Continental
U2371,2,0,2,0,0,2,9,18,4,Arid
U2372,7,1,5,0,0,6,5,91,23,Arid
U2373,2,0,5,1,0,2,7,26,16,Tropical
U2374,2,0,4,1,0,6,4,10,22,Tropical
U2375,7,6,2,0,0,3,4,49,6,Arid
U2376,4,0,5,1,1,3,6,20,22,Temperate
U2377,1,0,2,1,0,1,9,10,14,Arid
U2378,3,2,2,1,0,2,12,21,16,Temperate
U2379,5,4,4,0,0,1,13,25,11,Temperate
U2380,3,0,4,0,0,7,14,30,10,Arid
U2381,3,2,1,0,0,5,4,27,18,Arid
U2382,6,5,5,0,1,3,14,72,10,Arid
U2383,1,0,5,0,0,4,8,6,1,Temperate
U2384,6,4,5,0,1,6,5,72,14,Continental
U2385,1,0,3,0,0,5,6,9,4,Continental
U2386,7,5,2,1,0,4,11,84,17,Arid
U2387,7,0,4,0,0,5,7,98,28,Arid
U2388,1,0,5,1,0,1,12,8,29,Tropical
U2389,2,0,1,1,0,1,4,16,20,Tropical
U2390,4,0,5,0,0,6,13,56,20,Tropical
U2391,2,0,2,1,0,3,10,16,15,Arid
U2392,4,3,2,1,0,7,3,40,3,Continental
U2393,6,5,4,0,1,6,14,48,26,Continental
U2394,4,1,3,1,0,7,11,52,22,Arid
U2395,6,4,4,0,1,4,14,78,9,Arid
U2396,7,0,5,1,0,5,7,49,21,Temperate
U2397,3,1,1,0,0,6,11,33,1,Temperate
U2398,7,6,4,1,0,7,9,63,14,Continental
U2399,7,6,3,0,0,2,8,91,3,Tropical
U2400,3,1,4,1,1,2,0,18,28,Continental
U2401,4,0,2,0,0,3,2,28,15,Temperate
U2402,4,0,5,1,1,7,11,56,29,Continental
U2403,6,3,5,1,1,6,3,54,26,Temperate
U2404,2,0,5,0,0,4,12,18,6,Temperate
U2405,6,2,5,1,1,2,6,84,24,Tropical
U2406,2,1,5,0,0,3,5,22,24,Tropical
U2407,7,6,5,1,1,6,9,84,11,Temperate
U2408,3,1,1,0,0,3,9,36,2,Arid
U2409,7,2,3,1,0,4,10,35,16,Tropical
U2410,1,0,5,1,1,2,0,5,8,Temperate
U2411,4,2,3,0,0,2,3,28,7,Arid
U2412,2,1,5,0,0,2,5,10,22,Arid
U2413,6,0,4,0,0,7,2,30,5,Continental
U2414,3,0,5,1,0,1,14,42,29,Continental
U2415,2,0,2,0,0,7,1,24,14,Tropical
U2416,6,1,1,1,0,2,1,30,9,Arid
U2417,4,1,4,1,0,5,9,52,22,Tropical
U2418,7,5,4,0,0,1,11,42,26,Temperate
U2419,4,1,2,1,0,6,11,52,24,Tropical
U2420,5,4,5,0,0,7,3,55,5,Arid
U2421,1,0,1,0,0,1,12,13,14,Continental
U2422,5,0,4,1,0,1,0,35,29,Tropical
U2423,3,2,1,0,1,7,14,15,13,Continental
U2424,2,0,4,0,0,7,9,10,25,Tropical
U2425,3,1,5,1,0,1,1,42,18,Temperate
U2426,7,0,4,0,1,3,12,70,12,Arid
U2427,6,5,4,1,0,5,9,66,13,Tropical
U2428,4,3,3,1,0,4,14,52,2,Temperate
U2429,5,2,5,0,0,2,1,50,3,Temperate
U2430,5,3,2,0,1,7,3,45,25,Temperate
U2431,7,6,2,1,0,1,3,42,28,Continental
U2432,5,4,5,0,0,4,0,30,13,Continental
U2433,7,5,2,0,0,7,6,84,13,Temperate
U2434,3,0,5,1,0,3,6,15,25,Temperate
U2435,4,3,2,0,0,4,9,48,7,Tropical
U2436,2,0,3,1,0,1,10,28,9,Tropical
U2437,6,2,2,0,0,6,9,66,8,Arid
U2438,2,0,4,0,0,5,9,22,13,Tropical
U2439,3,2,5,0,0,4,0,27,7,Arid
U2440,6,1,1,1,0,7,10,42,10,Arid
U2441,5,1,1,1,0,1,7,55,9,Arid
U2442,1,0,5,1,1,7,9,11,17,Continental
U2443,3,2,3,0,0,1,13,33,3,Tropical
U2444,3,1,2,0,0,2,13,18,3,Temperate
U2445,4,2,3,0,1,6,6,28,11,Arid
U2446,2,1,1,0,0,2,6,14,17,Temperate
U2447,3,0,5,1,0,6,10,24,28,Arid
U2448,3,0,5,1,0,5,5,39,7,Tropical
U2449,5,2,3,0,0,2,11,70,2,Arid
U2450,5,1,3,1,1,5,3,25,17,Tropical
U2451,6,5,2,0,0,7,10,66,6,Temperate
U2452,7,0,4,1,0,3,7,77,0,Tropical
U2453,7,0,4,0,0,3,1,56,21,Temperate
U2454,1,0,2,0,0,6,6,5,12,Tropical
U2455,7,3,4,0,0,6,2,49,28,Arid
U2456,4,3,1,0,0,2,13,36,2,Arid
U2457,1,0,4,1,0,3,2,6,28,Tropical
U2458,6,3,2,0,0,4,13,66,2,Temperate
U2459,5,0,4,0,1,4,6,70,14,Temperate
U2460,7,2,5,1,0,7,11,98,20,Temperate
U2461,2,0,3,1,0,4,2,22,29,Tropical
U2462,5,4,1,1,0,7,14,70,18,Tropical
U2463,4,1,5,0,0,3,14,36,27,Tropical
U2464,5,0,5,1,0,4,4,70,3,Tropical
U2465,4,0,2,1,0,5,7,40,12,Temperate
U2466,4,2,3,0,0,1,13,20,12,Temperate
U2467,4,0,3,0,0,6,12,32,14,Continental
U2468,6,2,1,0,1,2,3,48,18,Tropical
U2469,4,3,2,0,0,7,6,48,15,Continental
U2470,4,0,1,0,0,5,6,24,6,Tropical
U2471,2,0,4,0,0,4,1,10,2,Continental
U2472,1,0,5,1,0,1,13,11,29,Temperate
U2473,3,2,1,1,0,2,7,30,25,Temperate
U2474,1,0,5,1,1,5,9,9,19,Continental
U2475,4,3,2,1,0,2,11,48,1,Arid
U2476,2,1,4,0,0,7,9,12,17,Tropical
U2477,5,2,2,1,0,7,14,30,24,Continental
U2478,2,1,4,1,1,6,13,26,10,Continental
U2479,4,0,4,0,0,3,8,20,0,Arid
U2480,2,0,5,1,0,7,5,20,15,Temperate
U2481,7,6,2,1,0,4,13,49,16,Continental
U2482,2,1,2,1,0,5,4,18,15,Temperate
U2483,4,2,1,1,0,5,0,48,9,Tropical
U2484,6,4,2,0,0,1,0,66,16,Arid
U2485,7,5,1,0,0,1,8,56,29,Temperate
U2486,2,0,3,0,0,1,13,24,2,Continental
U2487,3,0,3,1,1,2,3,42,17,Arid
U2488,3,1,3,1,0,4,0,18,18,Arid
U2489,2,0,2,1,1,2,10,22,13,Arid
U2490,6,0,2,0,0,4,9,54,20,Arid
U2491,5,4,1,0,0,5,11,50,24,Arid
U2492,4,0,4,1,0,7,2,28,1,Tropical
U2493,3,0,1,1,0,7,5,42,11,Tropical
U2494,5,3,3,0,0,2,13,55,10,Arid
U2495,2,1,1,0,0,2,10,22,29,Continental
U2496,5,4,4,1,0,2,12,30,16,Continental
U2497,7,2,2,1,0,3,12,35,26,Tropical
U2498,1,0,1,0,0,6,10,14,5,Temperate
U2499,3,0,3,0,0,4,7,18,18,Arid
U2500,2,0,3,1,0,7,12,24,12,Continental
U2501,4,0,2,1,0,4,9,56,6,Tropical
U2502,6,3,1,0,0,2,1,42,21,Tropical
U2503,7,6,4,0,1,3,7,56,10,Temperate
U2504,2,0,2,1,1,2,13,24,6,Temperate
U2505,4,2,1,0,0,4,12,28,12,Continental
U2506,6,0,5,0,0,6,0,60,12,Temperate
U2507,6,0,3,1,0,7,10,36,20,Temperate
U2508,2,0,4,0,0,6,1,14,0,Arid
U2509,7,1,4,1,0,5,7,35,29,Tropical
U2510,5,3,4,0,0,3,6,65,18,Tropical
U2511,5,3,3,1,0,6,4,40,18,Temperate
U2512,6,1,1,0,0,3,14,60,22,Tropical
U2513,5,0,2,0,0,2,12,55,14,Tropical
U2514,1,0,1,0,0,5,9,6,13,Continental
U2515,6,2,2,1,0,4,1,72,28,Tropical
U2516,6,2,4,1,0,6,8,78,2,Temperate
U2517,4,3,1,0,1,6,4,56,26,Continental
U2518,5,2,4,1,0,1,7,30,20,Tropical
U2519,7,5,5,1,0,7,12,63,19,Tropical
U2520,6,1,4,1,0,4,3,36,3,Continental
U2521,7,0,4,0,0,6,13,63,28,Continental
U2522,1,0,2,1,0,6,8,11,6,Tropical
U2523,4,1,5,0,0,4,9,40,0,Arid
U2524,2,1,4,0,0,5,6,16,22,Arid
U2525,7,4,4,1,1,3,1,42,23,Tropical
U2526,6,3,5,1,0,4,2,66,18,Tropical
U2527,1,0,5,0,1,3,13,14,2,Continental
U2528,3,2,1,0,0,5,1,39,19,Continental
U2529,1,0,2,1,1,5,4,5,14,Tropical
U2530,1,0,5,1,0,2,1,7,12,Tropical
U2531,4,0,5,0,0,1,4,44,21,Tropical
U2532,2,0,3,1,0,5,12,26,13,Tropical
U2533,3,1,5,0,0,5,8,27,6,Arid
U2534,5,0,2,0,0,3,1,55,0,Continental
U2535,5,0,4,1,0,5,8,70,12,Temperate
U2536,7,0,4,0,1,4,6,77,3,Tropical
U2537,1,0,4,0,1,2,6,8,11,Tropical
U2538,4,3,4,1,0,2,13,36,6,Tropical
U2539,4,2,3,1,0,4,4,24,26,Temperate
U2540,5,4,5,0,0,6,7,60,1,Continental
U2541,7,0,4,1,0,5,6,35,16,Continental
U2542,7,4,1,1,0,7,5,42,0,Tropical
U2543,7,2,4,0,0,1,1,49,25,Tropical
U2544,3,1,5,1,1,5,5,33,13,Continental
U2545,2,1,4,0,0,2,13,20,29,Temperate
U2546,3,0,3,0,0,1,1,33,21,Tropical
U2547,6,5,2,1,0,7,0,54,27,Temperate
U2548,6,2,2,1,0,6,8,48,20,Temperate
U2549,2,0,5,0,0,3,12,22,0,Continental
U2550,5,3,2,0,0,3,4,35,25,Tropical
U2551,2,1,2,0,0,7,9,28,2,Arid
U2552,4,2,1,0,0,5,9,44,10,Continental
U2553,6,2,5,0,0,5,3,36,6,Continental
U2554,1,0,5,0,0,1,11,12,27,Arid
U2555,1,0,2,1,0,1,10,10,24,Tropical
U2556,5,1,2,0,0,6,7,35,28,Temperate
U2557,4,0,2,0,0,5,14,28,8,Temperate
U2558,3,2,3,1,0,2,4,27,21,Temperate
U2559,4,3,4,1,0,3,13,28,2,Tropical
U2560,1,0,3,0,1,6,6,10,0,Continental
U2561,1,0,5,0,0,1,2,6,18,Continental
U2562,6,3,1,1,1,2,14,72,25,Continental
U2563,4,2,4,0,0,5,7,52,1,Continental
U2564,4,1,1,0,0,4,7,44,26,Continental
U2565,1,0,5,1,1,1,2,7,20,Arid
U2566,3,1,5,0,0,6,8,42,23,Temperate
U2567,5,2,1,0,0,4,13,40,4,Temperate
U2568,7,0,1,0,0,2,7,98,16,Tropical
U2569,5,4,1,0,1,7,0,30,18,Arid
U2570,4,3,5,0,0,3,7,52,27,Continental
U2571,5,2,2,1,0,7,11,45,4,Continental
U2572,1,0,1,0,0,7,10,6,22,Continental
U2573,1,0,4,0,1,7,14,14,20,Arid
U2574,4,1,5,0,0,2,3,40,13,Tropical
U2575,4,3,3,1,0,3,5,44,9,Arid
U2576,7,6,3,1,0,2,13,42,20,Tropical
U2577,7,2,4,0,0,7,12,35,6,Temperate
U2578,6,2,2,1,0,1,9,66,28,Tropical
U2579,4,1,1,0,0,7,8,20,7,Temperate
U2580,3,0,5,0,0,1,4,21,29,Tropical
U2581,5,0,1,0,0,6,6,40,7,Temperate
U2582,4,3,5,0,0,7,12,24,6,Temperate
U2583,2,1,3,0,0,4,14,22,12,Continental
U2584,6,4,1,1,0,2,0,54,13,Tropical
U2585,2,0,4,0,0,7,8,10,18,Continental
U2586,1,0,2,1,0,2,13,12,10,Temperate
U2587,7,4,4,0,1,7,5,98,1,Continental
U2588,5,2,2,0,0,4,10,55,16,Arid
U2589,4,3,1,0,0,7,3,32,5,Continental
U2590,2,0,1,1,0,5,5,12,28,Tropical
U2591,5,0,2,0,0,6,4,55,8,Continental
U2592,1,0,3,1,1,2,2,6,18,Arid
U2593,7,4,5,0,1,6,6,70,4,Continental
U2594,3,0,4,0,0,2,2,15,8,Temperate
U2595,6,3,4,0,0,2,12,66,29,Temperate
U2596,5,4,4,0,0,5,13,55,29,Temperate
U2597,5,2,1,0,0,7,14,40,24,Tropical
U2598,3,0,4,0,0,1,12,24,6,Continental
U2599,5,1,5,1,0,6,1,70,29,Temperate
U2600,1,0,5,0,0,4,13,9,3,Continental
U2601,1,0,2,1,0,6,3,6,26,Arid
U2602,3,0,1,0,0,7,6,39,17,Arid
U2603,6,2,5,1,0,5,4,84,17,Tropical
U2604,4,1,3,1,0,3,13,32,19,Continental
U2605,2,0,1,0,0,3,8,26,16,Arid
U2606,4,2,1,0,0,5,9,28,29,Tropical
U2607,5,1,5,1,0,7,14,65,3,Tropical
U2608,2,1,3,1,0,5,6,10,27,Temperate
U2609,3,2,2,0,0,1,11,33,29,Arid
U2610,3,2,5,0,0,6,13,24,26,Continental
U2611,6,3,3,1,1,7,8,66,21,Arid
U2612,2,0,1,0,0,6,13,28,15,Arid
U2613,1,0,3,1,0,3,8,10,21,Continental
U2614,2,0,1,0,0,7,11,16,22,Continental
U2615,5,3,5,0,1,4,1,40,4,Temperate
U2616,1,0,5,1,0,6,14,12,8,Tropical
U2617,7,5,4,1,0,2,0,77,1,Continental
U2618,7,6,4,0,0,2,10,56,1,Continental
U2619,7,6,4,0,0,1,3,70,3,Arid
U2620,3,2,5,1,0,7,3,30,19,Continental
U2621,2,1,2,1,0,1,12,10,19,Continental
U2622,7,6,5,0,0,7,1,42,16,Arid
U2623,4,2,3,1,0,3,2,32,19,Arid
U2624,6,5,5,1,0,4,2,60,27,Arid
U2625,4,0,5,1,1,4,4,40,20,Temperate
U2626,7,3,1,1,0,5,0,35,24,Tropical
U2627,6,4,1,0,0,1,8,72,18,Continental
U2628,5,1,1,1,0,7,7,30,2,Arid
U2629,4,2,5,1,1,6,7,36,29,Arid
U2630,2,1,2,0,0,2,2,16,4,Tropical
U2631,2,0,3,0,0,6,1,18,9,Temperate
U2632,4,0,3,0,0,2,0,36,5,Continental
U2633,7,1,2,1,0,3,11,98,2,Temperate
U2634,2,1,2,0,0,2,5,24,16,Temperate
U2635,5,4,3,1,0,6,12,70,9,Temperate
U2636,1,0,4,1,0,6,9,11,23,Arid
U2637,7,1,1,1,1,4,0,91,11,Tropical
U2638,5,0,1,1,0,7,13,25,0,Tropical
U2639,6,1,3,1,0,4,10,60,17,Tropical
U2640,5,1,2,0,1,1,4,50,18,Temperate
U2641,7,4,4,1,1,6,8,42,21,Continental
U2642,6,3,3,0,0,7,10,72,19,Temperate
U2643,7,5,1,1,1,3,8,70,3,Tropical
U2644,2,0,5,0,0,2,12,28,14,Arid
U2645,1,0,2,1,0,1,11,13,8,Temperate
U2646,7,4,5,1,1,5,14,98,5,Arid
U2647,7,1,3,1,0,5,3,63,11,Tropical
U2648,2,1,1,0,0,7,6,22,17,Temperate
U2649,3,0,4,0,0,2,13,30,22,Arid
U2650,2,0,5,1,0,2,10,18,14,Temperate
U2651,6,2,4,0,0,7,6,60,28,Tropical
U2652,2,0,1,1,0,2,3,16,18,Continental
U2653,2,1,5,0,1,4,4,14,8,Tropical
U2654,1,0,4,1,0,2,10,5,21,Continental
U2655,2,0,4,0,0,5,8,10,23,Continental
U2656,7,2,5,1,1,2,6,70,12,Tropical
U2657,1,0,1,1,0,6,6,13,15,Arid
U2658,4,2,4,0,0,7,9,48,12,Temperate
U2659,3,1,3,0,0,3,6,18,0,Temperate
U2660,1,0,5,0,0,5,14,13,17,Temperate
U2661,6,1,2,1,0,3,8,72,21,Continental
U2662,4,0,2,1,0,5,4,52,2,Continental
U2663,1,0,1,1,0,1,5,8,16,Tropical
U2664,1,0,3,1,0,6,2,13,21,Arid
U2665,3,2,4,0,0,5,0,18,4,Tropical
U2666,7,1,2,0,0,6,10,35,28,Tropical
U2667,6,3,1,0,0,5,11,78,24,Arid
U2668,5,1,3,0,0,3,1,70,5,Continental
U2669,5,1,3,1,0,3,7,60,20,Tropical
U2670,1,0,1,1,1,7,12,11,16,Tropical
U2671,2,0,1,0,0,5,0,24,16,Continental
U2672,6,2,4,1,1,5,9,30,26,Temperate
U2673,4,0,1,1,0,4,6,52,0,Arid
U2674,2,0,4,0,1,6,4,28,6,Arid
U2675,2,1,4,0,0,6,12,26,21,Temperate
U2676,6,3,5,0,0,6,5,78,29,Arid
U2677,7,2,3,1,0,6,7,70,15,Temperate
U2678,1,0,3,1,0,1,3,8,4,Tropical
U2679,1,0,3,1,0,1,5,6,15,Arid
U2680,1,0,5,0,0,2,13,8,3,Arid
U2681,1,0,4,0,0,5,10,11,10,Tropical
U2682,5,0,4,1,0,5,2,25,13,Continental
U2683,1,0,1,1,0,5,6,13,28,Continental
U2684,5,3,5,1,0,5,1,35,12,Tropical
U2685,5,3,1,1,0,6,11,40,26,Arid
U2686,7,2,5,0,0,6,7,63,23,Arid
U2687,1,0,1,1,0,1,12,7,26,Arid
U2688,3,2,2,1,0,3,6,24,7,Temperate
U2689,4,2,3,0,0,4,11,36,20,Continental
U2690,2,1,3,1,0,6,11,10,19,Arid
U2691,5,4,4,0,0,6,7,65,14,Continental
U2692,6,1,2,0,0,7,1,84,17,Continental
U2693,6,5,3,0,0,6,2,84,6,Arid
U2694,4,2,4,0,1,3,11,32,20,Tropical
U2695,6,5,2,0,0,3,3,78,18,Tropical
U2696,3,2,3,0,0,1,11,24,24,Continental
U2697,6,2,1,1,0,6,8,30,8,Temperate
U2698,2,1,5,0,0,7,11,18,10,Continental
U2699,2,0,2,0,0,4,11,26,26,Continental
U2700,5,0,4,0,0,5,4,35,9,Tropical
U2701,1,0,2,1,1,6,5,9,13,Arid
U2702,7,5,4,0,1,1,0,49,15,Arid
U2703,3,0,2,0,0,1,3,21,26,Temperate
U2704,5,2,4,1,0,4,13,25,7,Tropical
U2705,3,2,3,1,0,7,3,18,0,Tropical
U2706,1,0,1,1,0,2,9,6,11,Continental
U2707,6,3,3,0,1,1,7,78,2,Tropical
U2708,6,1,1,0,0,3,7,66,1,Continental
U2709,7,4,3,1,0,3,9,84,15,Temperate
U2710,1,0,3,0,0,5,5,6,3,Tropical
U2711,5,3,2,0,0,1,7,65,1,Tropical
U2712,7,0,5,0,1,7,8,49,11,Continental
U2713,1,0,4,1,0,5,4,14,26,Tropical
U2714,4,2,4,0,0,1,0,24,23,Arid
U2715,2,1,4,1,0,4,0,10,16,Temperate
U2716,7,0,1,1,0,6,1,91,19,Arid
U2717,7,1,4,0,0,7,1,84,20,Continental
U2718,5,4,4,1,0,1,4,40,29,Continental
U2719,3,2,2,1,0,7,6,33,9,Continental
U2720,4,2,3,1,1,2,6,28,19,Temperate
U2721,5,2,4,0,0,7,14,35,7,Tropical
U2722,1,0,5,1,0,7,3,8,17,Arid
U2723,1,0,4,0,0,3,12,6,24,Tropical
U2724,1,0,1,1,0,4,3,14,17,Continental
U2725,1,0,1,0,0,6,13,8,17,Tropical
U2726,3,0,1,0,1,6,13,42,28,Temperate
U2727,4,2,4,1,0,3,10,28,1,Continental
U2728,6,5,2,1,0,7,14,72,11,Tropical
U2729,2,1,5,1,0,6,9,12,9,Arid
U2730,3,1,4,0,0,5,2,39,7,Continental
U2731,3,1,2,0,1,4,10,21,18,Continental
U2732,6,0,2,1,0,2,1,48,9,Temperate
U2733,6,4,4,1,1,3,2,84,10,Temperate
U2734,2,1,4,1,1,1,7,28,13,Arid
U2735,2,0,2,0,0,1,14,14,25,Tropical
U2736,6,0,2,0,0,1,0,42,14,Tropical
U2737,1,0,2,1,1,4,3,12,29,Continental
U2738,3,0,4,1,0,2,6,36,23,Continental
U2739,5,3,2,0,0,6,4,50,22,Tropical
U2740,2,0,1,1,0,2,1,16,9,Tropical
U2741,2,0,4,1,0,2,0,10,3,Tropical
U2742,6,0,1,0,0,3,5,48,6,Continental
U2743,4,3,3,0,0,4,12,48,10,Temperate
U2744,5,2,4,0,0,1,12,50,23,Temperate
U2745,5,0,3,1,1,3,4,30,21,Arid
U2746,2,1,2,0,0,6,2,14,21,Tropical
U2747,1,0,2,0,0,2,10,11,2,Tropical
U2748,4,3,5,1,0,7,10,32,4,Tropical
U2749,5,0,2,0,0,1,14,40,25,Arid
U2750,2,0,3,0,0,4,10,18,1,Tropical
U2751,5,1,2,0,0,5,8,60,11,Temperate
U2752,7,5,4,1,0,2,2,77,20,Tropical
U2753,4,3,2,1,0,2,1,52,4,Arid
U2754,4,1,5,0,0,2,4,36,6,Continental
U2755,7,0,2,1,1,2,8,35,3,Continental
U2756,3,1,3,1,0,1,7,24,29,Temperate
U2757,7,1,3,0,1,4,5,70,10,Temperate
U2758,6,2,2,0,1,3,2,60,21,Temperate
U2759,6,5,3,0,0,1,5,78,8,Continental
U2760,2,1,3,0,0,4,4,28,3,Tropical
U2761,4,2,5,1,0,3,0,36,26,Arid
U2762,3,2,4,1,1,2,4,27,29,Arid
U2763,3,0,5,0,0,4,13,30,21,Tropical
U2764,5,0,1,0,0,2,6,50,28,Continental
U2765,5,3,5,0,0,7,8,35,27,Continental
U2766,7,6,2,1,0,4,11,70,8,Arid
U2767,3,2,4,0,0,6,14,36,25,Temperate
U2768,7,3,2,1,0,5,0,70,11,Temperate
U2769,7,4,1,0,0,2,2,63,15,Arid
U2770,5,2,4,1,0,2,7,35,0,Arid
U2771,4,0,3,1,0,2,5,20,7,Tropical
U2772,7,2,5,0,0,6,12,63,0,Tropical
U2773,1,0,2,0,0,1,4,10,19,Tropical
U2774,4,1,1,1,0,3,12,40,18,Tropical
U2775,3,2,3,0,0,2,9,30,3,Tropical
U2776,3,0,5,1,1,2,1,21,13,Tropical
U2777,7,2,3,0,0,1,2,56,22,Temperate
U2778,4,0,5,1,0,1,11,28,28,Arid
U2779,5,0,4,0,0,5,1,30,13,Continental
U2780,5,1,3,1,0,4,0,60,8,Tropical
U2781,6,1,3,1,0,2,6,66,8,Temperate
U2782,3,0,3,1,0,4,13,36,25,Arid
U2783,2,1,4,1,0,7,2,20,16,Arid
U2784,6,0,1,1,0,1,6,66,14,Arid
U2785,5,4,5,0,0,1,11,25,9,Tropical
U2786,4,2,3,1,0,5,6,56,16,Tropical
U2787,5,3,4,1,0,3,7,45,8,Continental
U2788,4,2,1,0,0,6,0,32,3,Tropical
U2789,6,0,5,1,0,6,4,84,27,Arid
U2790,3,0,4,1,1,6,9,21,28,Arid
U2791,5,4,5,1,0,1,8,30,13,Temperate
U2792,7,2,3,0,0,2,11,91,2,Temperate
U2793,4,3,1,0,0,5,10,48,28,Continental
U2794,3,1,4,0,0,3,6,42,24,Temperate
U2795,2,1,1,0,0,7,0,12,20,Continental
U2796,4,2,3,1,0,6,7,40,11,Temperate
U2797,6,4,1,0,0,5,2,42,21,Arid
U2798,2,1,1,0,0,1,12,14,0,Tropical
U2799,2,0,2,1,0,6,3,18,0,Tropical
U2800,1,0,1,0,0,3,3,11,12,Continental
U2801,5,1,5,0,0,7,14,55,13,Tropical
U2802,4,0,4,0,0,4,9,56,15,Tropical
U2803,2,0,2,0,0,7,13,10,6,Temperate
U2804,1,0,4,1,1,3,11,11,9,Arid
U2805,6,1,4,1,0,7,7,66,14,Tropical
U2806,3,1,3,1,0,2,0,30,7,Arid
U2807,7,6,3,0,0,6,7,70,10,Temperate
U2808,7,1,2,1,0,6,8,42,23,Temperate
U2809,4,1,3,0,0,4,8,28,13,Tropical
U2810,2,1,3,0,1,7,4,14,12,Tropical
U2811,7,6,3,0,0,4,3,49,22,Temperate
U2812,5,2,4,0,0,7,3,30,12,Temperate
U2813,7,3,2,0,0,6,8,91,26,Continental
U2814,7,2,4,0,0,2,14,70,8,Continental
U2815,7,6,5,1,0,7,7,42,16,Arid
U2816,1,0,4,0,0,4,9,7,17,Temperate
U2817,2,0,5,0,0,1,14,28,28,Arid
U2818,5,2,1,0,0,6,9,50,18,Temperate
U2819,2,1,1,1,0,3,11,16,12,Arid
U2820,4,1,5,0,1,3,6,44,11,Continental
U2821,4,0,5,1,0,2,11,40,28,Temperate
U2822,4,2,4,1,0,1,2,40,20,Temperate
U2823,6,2,5,0,0,4,3,42,19,Arid
U2824,7,5,2,0,0,7,14,84,19,Arid
U2825,6,2,1,0,1,6,8,78,7,Tropical
U2826,1,0,1,1,1,3,13,10,23,Tropical
U2827,4,1,5,0,0,3,12,24,10,Continental
U2828,5,1,3,0,0,3,7,25,6,Temperate
U2829,2,0,3,0,0,3,11,14,0,Temperate
U2830,7,0,5,1,0,5,11,49,9,Arid
U2831,3,0,2,0,0,2,0,36,14,Continental
U2832,5,2,3,0,0,4,2,45,3,Temperate
U2833,7,0,5,1,0,6,13,35,0,Continental
U2834,6,0,2,1,1,6,11,48,10,Tropical
U2835,6,3,2,1,0,6,9,66,29,Arid
U2836,5,3,4,0,0,4,1,45,4,Temperate
U2837,6,0,2,1,1,2,1,84,18,Arid
U2838,4,1,3,1,0,1,12,40,18,Tropical
U2839,1,0,3,0,0,7,12,14,3,Continental
U2840,2,0,5,1,0,7,7,16,1,Continental
U2841,1,0,5,0,0,2,5,6,6,Tropical
U2842,7,0,2,1,1,3,11,91,27,Tropical
U2843,2,1,1,0,0,7,11,12,12,Temperate
U2844,2,1,4,1,0,3,11,12,19,Temperate
U2845,1,0,1,0,0,2,12,6,20,Temperate
U2846,5,2,2,1,1,2,5,25,11,Temperate
U2847,2,0,2,0,1,4,3,14,29,Temperate
U2848,1,0,1,1,0,4,0,10,1,Continental
U2849,2,1,4,1,0,5,10,22,21,Temperate
U2850,3,0,1,0,0,6,6,15,8,Tropical
U2851,5,1,5,1,0,5,7,45,15,Tropical
U2852,4,2,3,1,0,6,1,36,7,Temperate
U2853,2,0,5,0,0,3,1,10,23,Tropical
U2854,3,1,3,0,0,5,0,24,17,Arid
U2855,4,1,2,1,0,5,3,56,3,Continental
U2856,4,3,4,0,0,1,5,20,23,Continental
U2857,7,3,1,0,1,2,13,35,10,Temperate
U2858,2,1,4,0,0,4,4,22,16,Arid
U2859,1,0,1,0,0,5,3,11,7,Temperate
U2860,2,1,5,0,1,4,13,14,18,Temperate
U2861,3,2,5,0,0,6,3,33,7,Tropical
U2862,4,0,1,1,0,5,9,28,5,Continental
U2863,2,0,4,1,0,6,14,12,22,Arid
U2864,1,0,1,0,0,5,6,14,1,Tropical
U2865,7,3,2,1,0,7,6,56,14,Continental
U2866,2,1,5,1,0,3,1,28,0,Continental
U2867,5,1,2,1,0,1,12,35,5,Temperate
U2868,7,6,5,0,0,6,6,77,27,Arid
U2869,1,0,5,0,0,2,1,5,18,Temperate
U2870,3,1,3,1,0,2,3,30,3,Tropical
U2871,4,3,2,1,0,3,14,24,12,Temperate
U2872,2,0,2,1,0,3,0,24,14,Temperate
U2873,1,0,3,1,0,7,4,9,8,Continental
U2874,7,1,4,0,0,2,0,49,2,Continental
U2875,5,0,2,1,0,6,3,70,1,Tropical
U2876,1,0,1,0,0,2,12,11,15,Continental
U2877,6,4,3,0,0,1,8,36,17,Continental
U2878,5,3,2,1,1,5,12,45,17,Continental
U2879,7,5,4,0,0,1,11,84,5,Temperate
U2880,3,2,2,0,0,7,7,15,17,Arid
U2881,4,0,5,1,0,7,5,20,10,Tropical
U2882,7,2,1,0,0,2,14,49,6,Temperate
U2883,3,1,3,1,0,5,7,21,22,Tropical
U2884,2,1,5,1,0,2,4,22,22,Temperate
U2885,1,0,4,1,0,1,6,10,13,Tropical
U2886,6,3,5,0,0,1,7,66,28,Continental
U2887,5,3,5,0,1,6,6,40,17,Tropical
U2888,5,0,4,0,0,6,13,30,6,Arid
U2889,1,0,5,0,1,1,3,6,9,Tropical
U2890,6,2,3,0,0,5,4,84,7,Arid
U2891,1,0,2,1,0,7,12,5,23,Tropical
U2892,2,1,5,0,0,6,13,26,13,Continental
U2893,3,1,3,1,0,6,9,33,17,Tropical
U2894,7,1,2,0,1,4,5,98,4,Temperate
U2895,5,0,2,1,0,4,13,35,13,Continental
U2896,2,0,5,1,0,6,13,12,21,Continental
U2897,3,1,3,0,0,2,11,21,24,Temperate
U2898,2,1,5,0,0,5,10,22,21,Continental
U2899,6,4,4,1,0,3,5,54,25,Continental
U2900,5,4,2,1,1,6,12,35,21,Temperate
U2901,7,4,5,1,0,4,8,91,9,Continental
U2902,1,0,2,0,0,5,9,6,25,Continental
U2903,1,0,3,0,0,5,13,11,14,Continental
U2904,3,0,1,1,0,4,13,42,5,Continental
U2905,7,1,5,1,0,5,1,70,8,Tropical
U2906,4,3,5,0,0,5,5,40,9,Continental
U2907,6,4,2,1,1,4,12,66,22,Continental
U2908,3,1,3,0,0,1,2,30,16,Continental
U2909,4,2,4,0,0,6,13,24,0,Tropical
U2910,2,0,3,0,0,2,1,18,13,Arid
U2911,6,4,5,0,0,3,5,42,3,Continental
U2912,2,0,4,1,0,2,3,26,27,Arid
U2913,7,3,3,0,0,1,4,84,1,Arid
U2914,5,2,1,0,0,7,4,70,2,Temperate
U2915,6,2,2,1,0,1,2,36,27,Temperate
U2916,4,3,3,1,0,5,11,20,6,Arid
U2917,5,4,3,1,0,2,3,40,29,Tropical
U2918,1,0,1,1,1,1,2,8,22,Continental
U2919,4,0,5,0,0,2,6,56,13,Continental
U2920,3,2,2,1,1,1,14,18,11,Continental
U2921,1,0,3,1,0,3,0,11,18,Temperate
U2922,1,0,4,1,0,1,14,7,28,Temperate
U2923,3,1,3,0,1,2,5,33,17,Continental
U2924,6,0,2,0,1,5,3,66,14,Arid
U2925,1,0,3,1,0,2,0,5,28,Temperate
U2926,7,4,1,0,0,4,0,70,28,Continental
U2927,4,0,3,1,0,2,4,32,0,Arid
U2928,5,1,3,1,0,3,13,60,24,Continental
U2929,1,0,4,1,0,6,4,12,25,Temperate
U2930,4,3,1,1,0,3,9,28,2,Tropical
U2931,2,1,1,1,0,3,6,16,24,Tropical
U2932,4,0,3,0,0,1,12,20,14,Temperate
U2933,5,4,4,1,0,3,11,70,3,Arid
U2934,4,2,3,1,0,2,3,24,14,Continental
U2935,3,1,3,0,1,6,13,33,9,Temperate
U2936,5,4,2,0,0,7,8,55,5,Arid
U2937,6,3,2,0,1,5,3,78,12,Continental
U2938,2,1,4,1,0,7,6,28,6,Continental
U2939,3,1,5,0,0,3,4,39,25,Temperate
U2940,6,0,2,1,0,2,14,78,29,Continental
U2941,4,1,5,0,0,1,4,40,21,Tropical
U2942,5,1,1,0,0,1,5,60,0,Tropical
U2943,2,0,2,1,0,5,7,26,21,Continental
U2944,3,0,2,0,1,5,14,33,10,Temperate
U2945,6,0,4,1,0,2,4,48,13,Continental
U2946,6,4,5,1,0,5,14,48,5,Temperate
U2947,2,0,2,1,0,5,2,20,4,Temperate
U2948,7,0,2,0,0,1,5,56,18,Tropical
U2949,4,1,4,1,0,2,13,44,25,Tropical
U2950,2,0,4,1,1,6,11,24,18,Arid
U2951,6,4,5,1,0,5,13,72,26,Temperate
U2952,1,0,1,0,0,2,1,12,25,Continental
U2953,3,2,1,1,0,3,11,18,12,Temperate
U2954,2,0,3,1,0,1,11,28,6,Tropical
U2955,7,5,2,1,0,6,7,42,7,Temperate
U2956,6,0,5,0,0,1,7,36,13,Arid
U2957,4,1,2,0,0,1,14,24,18,Continental
U2958,6,4,5,0,0,4,2,48,18,Temperate
U2959,4,1,5,0,0,2,11,36,22,Continental
U2960,2,0,5,0,0,3,7,16,25,Continental
U2961,4,0,2,0,0,5,8,36,11,Tropical
U2962,5,3,4,1,0,3,4,40,22,Temperate
U2963,5,2,2,0,0,2,4,55,26,Continental
U2964,5,0,5,1,0,1,5,70,8,Tropical
U2965,7,6,3,0,1,4,6,35,13,Arid
U2966,7,5,1,0,0,2,2,35,5,Arid
U2967,1,0,5,0,0,6,4,6,14,Temperate
U2968,7,0,3,0,0,6,0,35,12,Continental
U2969,2,0,4,1,0,2,10,28,6,Temperate
U2970,6,4,5,1,1,5,9,84,10,Continental
U2971,6,4,3,0,0,3,4,42,9,Tropical
U2972,1,0,5,0,0,3,3,10,0,Arid
U2973,7,5,2,0,0,5,0,98,6,Arid
U2974,4,3,3,1,0,4,6,40,17,Arid
U2975,1,0,2,1,0,1,14,5,22,Arid
U2976,4,2,2,1,0,7,0,40,2,Temperate
U2977,4,3,3,1,0,7,12,36,8,Continental
U2978,3,2,1,1,0,1,7,33,28,Temperate
U2979,6,4,3,0,1,6,13,60,4,Tropical
U2980,5,0,1,0,0,4,9,55,22,Arid
U2981,7,6,5,1,0,5,11,42,23,Continental
U2982,4,3,5,1,1,7,1,20,12,Temperate
U2983,3,0,3,1,0,2,9,33,15,Continental
U2984,6,1,5,1,0,3,12,78,15,Temperate
U2985,5,4,4,0,0,2,11,30,11,Continental
U2986,4,1,2,1,0,3,4,44,17,Continental
U2987,4,3,2,1,0,2,12,28,10,Arid
U2988,1,0,1,0,0,5,5,10,16,Temperate
U2989,1,0,5,1,0,5,8,7,6,Tropical
U2990,6,1,1,1,1,4,14,84,14,Continental
U2991,5,0,2,0,0,2,13,45,5,Tropical
U2992,4,1,2,0,0,2,6,24,5,Arid
U2993,6,0,5,0,0,4,5,72,17,Tropical
U2994,6,5,4,1,0,4,4,72,18,Continental
U2995,2,0,4,0,0,5,5,22,19,Continental
U2996,7,1,5,1,0,5,14,70,18,Continental
U2997,1,0,5,1,0,6,13,5,1,Temperate
U2998,5,2,1,0,1,2,10,60,2,Tropical
U2999,4,1,5,1,0,5,3,20,13,Temperate
U3000,6,1,4,1,0,7,0,72,21,Continental
U3001,4,1,5,0,1,5,14,24,24,Continental
U3002,2,0,1,0,0,2,11,24,3,Arid
U3003,5,3,1,1,0,4,8,70,21,Arid
U3004,6,2,1,1,0,2,10,48,16,Continental
U3005,4,3,1,0,0,7,4,44,27,Temperate
U3006,1,0,3,0,1,1,7,9,5,Temperate
U3007,7,1,5,0,0,2,6,84,27,Continental
U3008,2,0,2,1,0,1,7,20,18,Tropical
U3009,5,1,5,0,0,2,0,45,8,Temperate
U3010,2,1,3,1,0,7,8,10,3,Continental
U3011,1,0,1,1,0,1,0,7,6,Arid
U3012,5,2,3,0,0,1,2,70,3,Continental
U3013,2,1,4,1,0,7,7,26,10,Temperate
U3014,3,2,4,0,0,2,11,39,21,Continental
U3015,1,0,5,1,0,6,10,9,29,Tropical
U3016,1,0,5,0,0,5,0,7,22,Tropical
U3017,1,0,2,1,0,3,13,10,1,Temperate
U3018,3,2,2,1,1,5,0,27,9,Continental
U3019,3,2,4,0,1,1,5,15,5,Tropical
U3020,4,1,1,0,0,2,4,24,7,Tropical
U3021,6,2,3,0,1,2,10,54,14,Arid
U3022,7,5,2,0,0,2,5,91,12,Temperate
U3023,2,0,2,1,0,2,2,16,28,Arid
U3024,4,1,1,1,0,6,9,52,27,Arid
U3025,2,1,1,0,0,3,11,14,21,Tropical
U3026,7,2,5,1,0,4,9,35,1,Continental
U3027,6,4,3,1,0,1,5,60,19,Arid
U3028,3,0,1,1,1,3,1,42,0,Temperate
U3029,6,0,2,0,0,5,7,66,14,Temperate
U3030,3,1,2,0,0,4,14,24,6,Continental
U3031,7,0,4,0,0,4,11,98,23,Temperate
U3032,6,2,1,1,0,2,5,54,25,Arid
U3033,4,2,5,0,0,3,12,32,17,Continental
U3034,5,1,3,0,0,5,12,35,9,Temperate
U3035,4,3,5,0,0,2,3,20,14,Temperate
U3036,2,0,2,1,0,2,3,20,4,Arid
U3037,4,1,5,0,0,7,13,56,26,Arid
U3038,7,0,2,0,0,7,10,63,23,Arid
U3039,1,0,2,0,0,7,6,5,10,Arid
U3040,2,0,2,0,0,6,13,18,7,Continental
U3041,6,1,2,1,0,1,2,60,20,Continental
U3042,2,1,2,0,1,4,10,28,7,Continental
U3043,5,2,4,0,0,5,2,45,29,Tropical
U3044,3,0,5,1,1,4,5,15,5,Arid
U3045,6,5,4,0,1,3,8,54,14,Arid
U3046,2,0,4,0,0,1,0,28,14,Continental
U3047,6,1,1,1,0,2,4,30,4,Temperate
U3048,6,4,1,0,1,1,0,42,12,Temperate
U3049,6,4,1,0,1,2,0,36,13,Arid
U3050,3,0,3,0,0,7,2,15,10,Arid
U3051,7,4,1,0,0,1,2,56,19,Continental
U3052,4,3,5,1,0,2,3,24,20,Arid
U3053,6,4,4,1,0,4,2,54,11,Temperate
U3054,1,0,5,1,0,7,5,14,19,Temperate
U3055,7,4,1,0,0,7,11,35,0,Arid
U3056,5,1,3,0,0,7,14,70,2,Continental
U3057,3,0,3,1,0,4,3,15,7,Continental
U3058,2,0,4,1,0,4,7,28,22,Temperate
U3059,3,0,5,0,0,4,0,24,11,Continental
U3060,2,0,2,0,0,7,7,22,14,Temperate
U3061,3,1,5,0,1,1,10,18,22,Arid
U3062,2,0,1,0,0,2,0,12,26,Temperate
U3063,6,2,2,0,0,4,10,30,2,Arid
U3064,4,2,3,0,0,1,0,36,24,Continental
U3065,2,1,4,1,0,2,6,20,21,Tropical
U3066,2,0,4,1,0,7,0,20,7,Tropical
U3067,1,0,3,0,0,1,8,6,23,Tropical
U3068,2,0,1,0,0,7,13,22,18,Temperate
U3069,1,0,3,1,0,6,14,10,19,Tropical
U3070,5,4,1,0,0,4,7,60,29,Temperate
U3071,6,0,2,1,0,3,12,60,5,Continental
U3072,1,0,3,0,1,1,14,13,17,Arid
U3073,4,0,1,1,0,4,0,56,27,Tropical
U3074,7,5,2,0,0,5,1,42,27,Temperate
U3075,6,0,3,0,0,2,1,66,10,Continental
U3076,1,0,4,0,0,6,1,9,11,Continental
U3077,6,2,3,0,0,4,5,30,22,Tropical
U3078,6,0,5,0,0,5,3,42,1,Continental
U3079,6,2,3,1,0,1,7,48,26,Continental
U3080,5,4,5,0,0,1,0,30,4,Continental
U3081,4,2,2,0,1,5,14,44,27,Temperate
U3082,3,2,3,1,0,6,9,15,3,Continental
U3083,3,0,2,1,0,5,13,21,8,Continental
U3084,1,0,2,1,0,2,3,13,12,Continental
U3085,6,4,1,1,1,1,9,36,12,Continental
U3086,1,0,2,0,1,5,10,9,14,Continental
U3087,5,2,2,1,0,3,4,40,1,Temperate
U3088,5,1,3,1,0,3,8,35,22,Continental
U3089,2,1,3,1,0,5,4,18,12,Continental
U3090,5,0,4,0,0,2,12,50,6,Arid
U3091,2,1,1,0,0,1,10,10,22,Continental
U3092,4,3,2,0,0,3,2,24,16,Continental
U3093,1,0,1,1,0,5,10,5,7,Temperate
U3094,7,0,5,1,1,7,3,49,17,Continental
U3095,4,3,2,1,1,5,9,48,14,Temperate
U3096,5,0,1,0,0,4,6,60,14,Tropical
U3097,4,0,4,1,0,5,0,32,4,Continental
U3098,4,0,4,1,1,2,10,40,1,Arid
U3099,4,1,2,0,0,3,5,52,15,Temperate
U3100,5,0,5,1,0,4,7,55,28,Tropical
